transition,transition_label,transition_row,experiment_phase,phase_label,phase_index,condition,condition_label,condition_index,image_type,trace_label,trace_index,step,y,y_raw,y_baseline_zscore,baseline_mean,baseline_std,baseline_n,plot_window_start,plot_window_end,stim_start,stim_end,experiment_series,seed
un_un,un -> un,0,naive,Naive,0,familiar_1,Familiar 1,0,full,Nonoccluded,0,1006.0,-0.8112131979722359,0.03447587043046951,-0.8112131979722359,0.04158892905847593,0.008768420737959769,44,1005.0,1125.0,1050.0,1080.0,training_familiar,42
un_un,un -> un,0,naive,Naive,0,familiar_1,Familiar 1,0,full,Nonoccluded,0,1007.0,-1.0078041754642075,0.03275207802653313,-1.0078041754642075,0.04158892905847593,0.008768420737959769,44,1005.0,1125.0,1050.0,1080.0,training_familiar,42
un_un,un -> un,0,naive,Naive,0,familiar_1,Familiar 1,0,full,Nonoccluded,0,1008.0,-1.194565752780148,0.031114473938941956,-1.194565752780148,0.04158892905847593,0.008768420737959769,44,1005.0,1125.0,1050.0,1080.0,training_familiar,42
un_un,un -> un,0,naive,Naive,0,familiar_1,Familiar 1,0,full,Nonoccluded,0,1009.0,-1.3327836205476236,0.029902521520853043,-1.3327836205476236,0.04158892905847593,0.008768420737959769,44,1005.0,1125.0,1050.0,1080.0,training_familiar,42
un_un,un -> un,0,naive,Naive,0,familiar_1,Familiar 1,0,full,Nonoccluded,0,1010.0,-1.5032962680946986,0.028407394886016846,-1.5032962680946986,0.04158892905847593,0.008768420737959769,44,1005.0,1125.0,1050.0,1080.0,training_familiar,42
un_un,un -> un,0,naive,Naive,0,familiar_1,Familiar 1,0,full,Nonoccluded,0,1011.0,-1.6652831770511571,0.026987025514245033,-1.6652831770511571,0.04158892905847593,0.008768420737959769,44,1005.0,1125.0,1050.0,1080.0,training_familiar,42
un_un,un -> un,0,naive,Naive,0,familiar_1,Familiar 1,0,full,Nonoccluded,0,1012.0,-1.4241588903807776,0.029101304709911346,-1.4241588903807776,0.04158892905847593,0.008768420737959769,44,1005.0,1125.0,1050.0,1080.0,training_familiar,42
un_un,un -> un,0,naive,Naive,0,familiar_1,Familiar 1,0,full,Nonoccluded,0,1013.0,-1.5901026682229322,0.02764623984694481,-1.5901026682229322,0.04158892905847593,0.008768420737959769,44,1005.0,1125.0,1050.0,1080.0,training_familiar,42
un_un,un -> un,0,naive,Naive,0,familiar_1,Familiar 1,0,full,Nonoccluded,0,1014.0,-1.7477492784156317,0.026263928040862083,-1.7477492784156317,0.04158892905847593,0.008768420737959769,44,1005.0,1125.0,1050.0,1080.0,training_familiar,42
un_un,un -> un,0,naive,Naive,0,familiar_1,Familiar 1,0,full,Nonoccluded,0,1015.0,-1.897513589962675,0.024950731545686722,-1.897513589962675,0.04158892905847593,0.008768420737959769,44,1005.0,1125.0,1050.0,1080.0,training_familiar,42
un_un,un -> un,0,naive,Naive,0,familiar_1,Familiar 1,0,full,Nonoccluded,0,1016.0,-1.1876019864296414,0.031175535172224045,-1.1876019864296414,0.04158892905847593,0.008768420737959769,44,1005.0,1125.0,1050.0,1080.0,training_familiar,42
un_un,un -> un,0,naive,Naive,0,familiar_1,Familiar 1,0,full,Nonoccluded,0,1017.0,-1.3653736731973105,0.029616758227348328,-1.3653736731973105,0.04158892905847593,0.008768420737959769,44,1005.0,1125.0,1050.0,1080.0,training_familiar,42
un_un,un -> un,0,naive,Naive,0,familiar_1,Familiar 1,0,full,Nonoccluded,0,1018.0,-0.6581046556382966,0.03581839054822922,-0.6581046556382966,0.04158892905847593,0.008768420737959769,44,1005.0,1125.0,1050.0,1080.0,training_familiar,42
un_un,un -> un,0,naive,Naive,0,familiar_1,Familiar 1,0,full,Nonoccluded,0,1019.0,-0.47314403040336356,0.03744020313024521,-0.47314403040336356,0.04158892905847593,0.008768420737959769,44,1005.0,1125.0,1050.0,1080.0,training_familiar,42
un_un,un -> un,0,naive,Naive,0,familiar_1,Familiar 1,0,full,Nonoccluded,0,1020.0,-0.686638636214999,0.03556819260120392,-0.686638636214999,0.04158892905847593,0.008768420737959769,44,1005.0,1125.0,1050.0,1080.0,training_familiar,42
un_un,un -> un,0,naive,Naive,0,familiar_1,Familiar 1,0,full,Nonoccluded,0,1021.0,-0.8894583842801376,0.03378978371620178,-0.8894583842801376,0.04158892905847593,0.008768420737959769,44,1005.0,1125.0,1050.0,1080.0,training_familiar,42
un_un,un -> un,0,naive,Naive,0,familiar_1,Familiar 1,0,full,Nonoccluded,0,1022.0,-0.5420573194573528,0.036835942417383194,-0.5420573194573528,0.04158892905847593,0.008768420737959769,44,1005.0,1125.0,1050.0,1080.0,training_familiar,42
un_un,un -> un,0,naive,Naive,0,familiar_1,Familiar 1,0,full,Nonoccluded,0,1023.0,0.40044221082918174,0.045100174844264984,0.40044221082918174,0.04158892905847593,0.008768420737959769,44,1005.0,1125.0,1050.0,1080.0,training_familiar,42
un_un,un -> un,0,naive,Naive,0,familiar_1,Familiar 1,0,full,Nonoccluded,0,1024.0,0.6696401497960629,0.04746061563491821,0.6696401497960629,0.04158892905847593,0.008768420737959769,44,1005.0,1125.0,1050.0,1080.0,training_familiar,42
un_un,un -> un,0,naive,Naive,0,familiar_1,Familiar 1,0,full,Nonoccluded,0,1025.0,0.584403581689373,0.04671322554349899,0.584403581689373,0.04158892905847593,0.008768420737959769,44,1005.0,1125.0,1050.0,1080.0,training_familiar,42
un_un,un -> un,0,naive,Naive,0,familiar_1,Familiar 1,0,full,Nonoccluded,0,1026.0,0.7278212259417396,0.04797077178955078,0.7278212259417396,0.04158892905847593,0.008768420737959769,44,1005.0,1125.0,1050.0,1080.0,training_familiar,42
un_un,un -> un,0,naive,Naive,0,familiar_1,Familiar 1,0,full,Nonoccluded,0,1027.0,0.454278314827544,0.04557223245501518,0.454278314827544,0.04158892905847593,0.008768420737959769,44,1005.0,1125.0,1050.0,1080.0,training_familiar,42
un_un,un -> un,0,naive,Naive,0,familiar_1,Familiar 1,0,full,Nonoccluded,0,1028.0,0.9490434838886546,0.049910541623830795,0.9490434838886546,0.04158892905847593,0.008768420737959769,44,1005.0,1125.0,1050.0,1080.0,training_familiar,42
un_un,un -> un,0,naive,Naive,0,familiar_1,Familiar 1,0,full,Nonoccluded,0,1029.0,0.8645967176028171,0.049170076847076416,0.8645967176028171,0.04158892905847593,0.008768420737959769,44,1005.0,1125.0,1050.0,1080.0,training_familiar,42
un_un,un -> un,0,naive,Naive,0,familiar_1,Familiar 1,0,full,Nonoccluded,0,1030.0,0.5842149469349575,0.046711571514606476,0.5842149469349575,0.04158892905847593,0.008768420737959769,44,1005.0,1125.0,1050.0,1080.0,training_familiar,42
un_un,un -> un,0,naive,Naive,0,familiar_1,Familiar 1,0,full,Nonoccluded,0,1031.0,0.7314766615881163,0.04800282418727875,0.7314766615881163,0.04158892905847593,0.008768420737959769,44,1005.0,1125.0,1050.0,1080.0,training_familiar,42
un_un,un -> un,0,naive,Naive,0,familiar_1,Familiar 1,0,full,Nonoccluded,0,1032.0,1.03109917720636,0.05063004046678543,1.03109917720636,0.04158892905847593,0.008768420737959769,44,1005.0,1125.0,1050.0,1080.0,training_familiar,42
un_un,un -> un,0,naive,Naive,0,familiar_1,Familiar 1,0,full,Nonoccluded,0,1033.0,1.0510464527797014,0.050804946571588516,1.0510464527797014,0.04158892905847593,0.008768420737959769,44,1005.0,1125.0,1050.0,1080.0,training_familiar,42
un_un,un -> un,0,naive,Naive,0,familiar_1,Familiar 1,0,full,Nonoccluded,0,1034.0,0.7944747216201968,0.04855521768331528,0.7944747216201968,0.04158892905847593,0.008768420737959769,44,1005.0,1125.0,1050.0,1080.0,training_familiar,42
un_un,un -> un,0,naive,Naive,0,familiar_1,Familiar 1,0,full,Nonoccluded,0,1035.0,0.5175992631779934,0.04612745717167854,0.5175992631779934,0.04158892905847593,0.008768420737959769,44,1005.0,1125.0,1050.0,1080.0,training_familiar,42
un_un,un -> un,0,naive,Naive,0,familiar_1,Familiar 1,0,full,Nonoccluded,0,1036.0,0.25456764138585786,0.04382108524441719,0.25456764138585786,0.04158892905847593,0.008768420737959769,44,1005.0,1125.0,1050.0,1080.0,training_familiar,42
un_un,un -> un,0,naive,Naive,0,familiar_1,Familiar 1,0,full,Nonoccluded,0,1037.0,0.004687345771498722,0.04163002967834473,0.004687345771498722,0.04158892905847593,0.008768420737959769,44,1005.0,1125.0,1050.0,1080.0,training_familiar,42
un_un,un -> un,0,naive,Naive,0,familiar_1,Familiar 1,0,full,Nonoccluded,0,1038.0,0.6927066964660683,0.047662872821092606,0.6927066964660683,0.04158892905847593,0.008768420737959769,44,1005.0,1125.0,1050.0,1080.0,training_familiar,42
un_un,un -> un,0,naive,Naive,0,familiar_1,Familiar 1,0,full,Nonoccluded,0,1039.0,0.9073063450620164,0.049544572830200195,0.9073063450620164,0.04158892905847593,0.008768420737959769,44,1005.0,1125.0,1050.0,1080.0,training_familiar,42
un_un,un -> un,0,naive,Naive,0,familiar_1,Familiar 1,0,full,Nonoccluded,0,1040.0,1.5509510691925343,0.05518832057714462,1.5509510691925343,0.04158892905847593,0.008768420737959769,44,1005.0,1125.0,1050.0,1080.0,training_familiar,42
un_un,un -> un,0,naive,Naive,0,familiar_1,Familiar 1,0,full,Nonoccluded,0,1041.0,1.236251793371714,0.05242890492081642,1.236251793371714,0.04158892905847593,0.008768420737959769,44,1005.0,1125.0,1050.0,1080.0,training_familiar,42
un_un,un -> un,0,naive,Naive,0,familiar_1,Familiar 1,0,full,Nonoccluded,0,1042.0,0.9372873751286722,0.049807459115982056,0.9372873751286722,0.04158892905847593,0.008768420737959769,44,1005.0,1125.0,1050.0,1080.0,training_familiar,42
un_un,un -> un,0,naive,Naive,0,familiar_1,Familiar 1,0,full,Nonoccluded,0,1043.0,0.6532709866139097,0.047317083925008774,0.6532709866139097,0.04158892905847593,0.008768420737959769,44,1005.0,1125.0,1050.0,1080.0,training_familiar,42
un_un,un -> un,0,naive,Naive,0,familiar_1,Familiar 1,0,full,Nonoccluded,0,1044.0,0.38345573616467327,0.04495123028755188,0.38345573616467327,0.04158892905847593,0.008768420737959769,44,1005.0,1125.0,1050.0,1080.0,training_familiar,42
un_un,un -> un,0,naive,Naive,0,familiar_1,Familiar 1,0,full,Nonoccluded,0,1045.0,0.9112638512272881,0.04957927390933037,0.9112638512272881,0.04158892905847593,0.008768420737959769,44,1005.0,1125.0,1050.0,1080.0,training_familiar,42
un_un,un -> un,0,naive,Naive,0,familiar_1,Familiar 1,0,full,Nonoccluded,0,1046.0,0.9534249933983108,0.04994896054267883,0.9534249933983108,0.04158892905847593,0.008768420737959769,44,1005.0,1125.0,1050.0,1080.0,training_familiar,42
un_un,un -> un,0,naive,Naive,0,familiar_1,Familiar 1,0,full,Nonoccluded,0,1047.0,0.9212432245301404,0.04966677725315094,0.9212432245301404,0.04158892905847593,0.008768420737959769,44,1005.0,1125.0,1050.0,1080.0,training_familiar,42
un_un,un -> un,0,naive,Naive,0,familiar_1,Familiar 1,0,full,Nonoccluded,0,1048.0,0.7422806746619608,0.048097558319568634,0.7422806746619608,0.04158892905847593,0.008768420737959769,44,1005.0,1125.0,1050.0,1080.0,training_familiar,42
un_un,un -> un,0,naive,Naive,0,familiar_1,Familiar 1,0,full,Nonoccluded,0,1049.0,0.46801466365583894,0.04569267854094505,0.46801466365583894,0.04158892905847593,0.008768420737959769,44,1005.0,1125.0,1050.0,1080.0,training_familiar,42
un_un,un -> un,0,naive,Naive,0,familiar_1,Familiar 1,0,full,Nonoccluded,0,1050.0,0.20746205941328577,0.043408043682575226,0.20746205941328577,0.04158892905847593,0.008768420737959769,44,1005.0,1125.0,1050.0,1080.0,training_familiar,42
un_un,un -> un,0,naive,Naive,0,familiar_1,Familiar 1,0,full,Nonoccluded,0,1051.0,-0.04006285088918212,0.041237641125917435,-0.04006285088918212,0.04158892905847593,0.008768420737959769,44,1005.0,1125.0,1050.0,1080.0,training_familiar,42
un_un,un -> un,0,naive,Naive,0,familiar_1,Familiar 1,0,full,Nonoccluded,0,1052.0,-0.27521136697795895,0.03917576000094414,-0.27521136697795895,0.04158892905847593,0.008768420737959769,44,1005.0,1125.0,1050.0,1080.0,training_familiar,42
un_un,un -> un,0,naive,Naive,0,familiar_1,Familiar 1,0,full,Nonoccluded,0,1053.0,-0.498602499747602,0.037216972559690475,-0.498602499747602,0.04158892905847593,0.008768420737959769,44,1005.0,1125.0,1050.0,1080.0,training_familiar,42
un_un,un -> un,0,naive,Naive,0,familiar_1,Familiar 1,0,full,Nonoccluded,0,1054.0,-0.710824245819983,0.03535612300038338,-0.710824245819983,0.04158892905847593,0.008768420737959769,44,1005.0,1125.0,1050.0,1080.0,training_familiar,42
un_un,un -> un,0,naive,Naive,0,familiar_1,Familiar 1,0,full,Nonoccluded,0,1055.0,-0.91243486210344,0.03358831629157066,-0.91243486210344,0.04158892905847593,0.008768420737959769,44,1005.0,1125.0,1050.0,1080.0,training_familiar,42
un_un,un -> un,0,naive,Naive,0,familiar_1,Familiar 1,0,full,Nonoccluded,0,1056.0,-1.1039649900580293,0.031908899545669556,-1.1039649900580293,0.04158892905847593,0.008768420737959769,44,1005.0,1125.0,1050.0,1080.0,training_familiar,42
un_un,un -> un,0,naive,Naive,0,familiar_1,Familiar 1,0,full,Nonoccluded,0,1057.0,-1.2859185054016264,0.030313454568386078,-1.2859185054016264,0.04158892905847593,0.008768420737959769,44,1005.0,1125.0,1050.0,1080.0,training_familiar,42
un_un,un -> un,0,naive,Naive,0,familiar_1,Familiar 1,0,full,Nonoccluded,0,1058.0,-1.4587744299486536,0.028797781094908714,-1.4587744299486536,0.04158892905847593,0.008768420737959769,44,1005.0,1125.0,1050.0,1080.0,training_familiar,42
un_un,un -> un,0,naive,Naive,0,familiar_1,Familiar 1,0,full,Nonoccluded,0,1059.0,-1.622987568889656,0.02735789120197296,-1.622987568889656,0.04158892905847593,0.008768420737959769,44,1005.0,1125.0,1050.0,1080.0,training_familiar,42
un_un,un -> un,0,naive,Naive,0,familiar_1,Familiar 1,0,full,Nonoccluded,0,1060.0,-1.7789899977769768,0.025989996269345284,-1.7789899977769768,0.04158892905847593,0.008768420737959769,44,1005.0,1125.0,1050.0,1080.0,training_familiar,42
un_un,un -> un,0,naive,Naive,0,familiar_1,Familiar 1,0,full,Nonoccluded,0,1061.0,-1.9271923370839104,0.024690495803952217,-1.9271923370839104,0.04158892905847593,0.008768420737959769,44,1005.0,1125.0,1050.0,1080.0,training_familiar,42
un_un,un -> un,0,naive,Naive,0,familiar_1,Familiar 1,0,full,Nonoccluded,0,1062.0,-2.067984601910802,0.023455969989299774,-2.067984601910802,0.04158892905847593,0.008768420737959769,44,1005.0,1125.0,1050.0,1080.0,training_familiar,42
un_un,un -> un,0,naive,Naive,0,familiar_1,Familiar 1,0,full,Nonoccluded,0,1063.0,-2.201737264117676,0.022283170372247696,-2.201737264117676,0.04158892905847593,0.008768420737959769,44,1005.0,1125.0,1050.0,1080.0,training_familiar,42
un_un,un -> un,0,naive,Naive,0,familiar_1,Familiar 1,0,full,Nonoccluded,0,1064.0,-2.328802102030333,0.021169012412428856,-2.328802102030333,0.04158892905847593,0.008768420737959769,44,1005.0,1125.0,1050.0,1080.0,training_familiar,42
un_un,un -> un,0,naive,Naive,0,familiar_1,Familiar 1,0,full,Nonoccluded,0,1065.0,-2.4495136874260313,0.020110562443733215,-2.4495136874260313,0.04158892905847593,0.008768420737959769,44,1005.0,1125.0,1050.0,1080.0,training_familiar,42
un_un,un -> un,0,naive,Naive,0,familiar_1,Familiar 1,0,full,Nonoccluded,0,1066.0,-2.5641898103865333,0.019105033949017525,-2.5641898103865333,0.04158892905847593,0.008768420737959769,44,1005.0,1125.0,1050.0,1080.0,training_familiar,42
un_un,un -> un,0,naive,Naive,0,familiar_1,Familiar 1,0,full,Nonoccluded,0,1067.0,-2.673132116577684,0.018149781972169876,-2.673132116577684,0.04158892905847593,0.008768420737959769,44,1005.0,1125.0,1050.0,1080.0,training_familiar,42
un_un,un -> un,0,naive,Naive,0,familiar_1,Familiar 1,0,full,Nonoccluded,0,1068.0,-2.7766273818085607,0.017242291942238808,-2.7766273818085607,0.04158892905847593,0.008768420737959769,44,1005.0,1125.0,1050.0,1080.0,training_familiar,42
un_un,un -> un,0,naive,Naive,0,familiar_1,Familiar 1,0,full,Nonoccluded,0,1069.0,-2.874947724458,0.016380177810788155,-2.874947724458,0.04158892905847593,0.008768420737959769,44,1005.0,1125.0,1050.0,1080.0,training_familiar,42
un_un,un -> un,0,naive,Naive,0,familiar_1,Familiar 1,0,full,Nonoccluded,0,1070.0,-2.968352092460272,0.015561169013381004,-2.968352092460272,0.04158892905847593,0.008768420737959769,44,1005.0,1125.0,1050.0,1080.0,training_familiar,42
un_un,un -> un,0,naive,Naive,0,familiar_1,Familiar 1,0,full,Nonoccluded,0,1071.0,-3.0570862633050835,0.014783110469579697,-3.0570862633050835,0.04158892905847593,0.008768420737959769,44,1005.0,1125.0,1050.0,1080.0,training_familiar,42
un_un,un -> un,0,naive,Naive,0,familiar_1,Familiar 1,0,full,Nonoccluded,0,1072.0,-3.141383693743675,0.014043955132365227,-3.141383693743675,0.04158892905847593,0.008768420737959769,44,1005.0,1125.0,1050.0,1080.0,training_familiar,42
un_un,un -> un,0,naive,Naive,0,familiar_1,Familiar 1,0,full,Nonoccluded,0,1073.0,-3.221466263281664,0.013341757468879223,-3.221466263281664,0.04158892905847593,0.008768420737959769,44,1005.0,1125.0,1050.0,1080.0,training_familiar,42
un_un,un -> un,0,naive,Naive,0,familiar_1,Familiar 1,0,full,Nonoccluded,0,1074.0,-3.29754469903209,0.012674669735133648,-3.29754469903209,0.04158892905847593,0.008768420737959769,44,1005.0,1125.0,1050.0,1080.0,training_familiar,42
un_un,un -> un,0,naive,Naive,0,familiar_1,Familiar 1,0,full,Nonoccluded,0,1075.0,-3.3698192129949947,0.012040936388075352,-3.3698192129949947,0.04158892905847593,0.008768420737959769,44,1005.0,1125.0,1050.0,1080.0,training_familiar,42
un_un,un -> un,0,naive,Naive,0,familiar_1,Familiar 1,0,full,Nonoccluded,0,1076.0,-3.438480033123733,0.011438889428973198,-3.438480033123733,0.04158892905847593,0.008768420737959769,44,1005.0,1125.0,1050.0,1080.0,training_familiar,42
un_un,un -> un,0,naive,Naive,0,familiar_1,Familiar 1,0,full,Nonoccluded,0,1077.0,-3.5037078281780234,0.010866944678127766,-3.5037078281780234,0.04158892905847593,0.008768420737959769,44,1005.0,1125.0,1050.0,1080.0,training_familiar,42
un_un,un -> un,0,naive,Naive,0,familiar_1,Familiar 1,0,full,Nonoccluded,0,1078.0,-3.5656742387902627,0.010323597118258476,-3.5656742387902627,0.04158892905847593,0.008768420737959769,44,1005.0,1125.0,1050.0,1080.0,training_familiar,42
un_un,un -> un,0,naive,Naive,0,familiar_1,Familiar 1,0,full,Nonoccluded,0,1079.0,-3.6245423023185745,0.009807417169213295,-3.6245423023185745,0.04158892905847593,0.008768420737959769,44,1005.0,1125.0,1050.0,1080.0,training_familiar,42
un_un,un -> un,0,naive,Naive,0,familiar_1,Familiar 1,0,full,Nonoccluded,0,1080.0,-3.680466983913123,0.009317046031355858,-3.680466983913123,0.04158892905847593,0.008768420737959769,44,1005.0,1125.0,1050.0,1080.0,training_familiar,42
un_un,un -> un,0,naive,Naive,0,familiar_1,Familiar 1,0,full,Nonoccluded,0,1081.0,-3.406020941426858,0.011723504401743412,-3.406020941426858,0.04158892905847593,0.008768420737959769,44,1005.0,1125.0,1050.0,1080.0,training_familiar,42
un_un,un -> un,0,naive,Naive,0,familiar_1,Familiar 1,0,full,Nonoccluded,0,1082.0,-3.445413634907655,0.0113780926913023,-3.445413634907655,0.04158892905847593,0.008768420737959769,44,1005.0,1125.0,1050.0,1080.0,training_familiar,42
un_un,un -> un,0,naive,Naive,0,familiar_1,Familiar 1,0,full,Nonoccluded,0,1083.0,-2.523183631233255,0.01946459338068962,-2.523183631233255,0.04158892905847593,0.008768420737959769,44,1005.0,1125.0,1050.0,1080.0,training_familiar,42
un_un,un -> un,0,naive,Naive,0,familiar_1,Familiar 1,0,full,Nonoccluded,0,1084.0,-2.6341762782460485,0.018491363152861595,-2.6341762782460485,0.04158892905847593,0.008768420737959769,44,1005.0,1125.0,1050.0,1080.0,training_familiar,42
un_un,un -> un,0,naive,Naive,0,familiar_1,Familiar 1,0,full,Nonoccluded,0,1085.0,-2.3413705298228433,0.021058807149529457,-2.3413705298228433,0.04158892905847593,0.008768420737959769,44,1005.0,1125.0,1050.0,1080.0,training_familiar,42
un_un,un -> un,0,naive,Naive,0,familiar_1,Familiar 1,0,full,Nonoccluded,0,1086.0,-2.461453757556874,0.02000586688518524,-2.461453757556874,0.04158892905847593,0.008768420737959769,44,1005.0,1125.0,1050.0,1080.0,training_familiar,42
un_un,un -> un,0,naive,Naive,0,familiar_1,Familiar 1,0,full,Nonoccluded,0,1087.0,-2.5725708865134593,0.019031545147299767,-2.5725708865134593,0.04158892905847593,0.008768420737959769,44,1005.0,1125.0,1050.0,1080.0,training_familiar,42
un_un,un -> un,0,naive,Naive,0,familiar_1,Familiar 1,0,full,Nonoccluded,0,1088.0,-2.6345148861272856,0.01848839409649372,-2.6345148861272856,0.04158892905847593,0.008768420737959769,44,1005.0,1125.0,1050.0,1080.0,training_familiar,42
un_un,un -> un,0,naive,Naive,0,familiar_1,Familiar 1,0,full,Nonoccluded,0,1089.0,-2.5169217221221505,0.01951950043439865,-2.5169217221221505,0.04158892905847593,0.008768420737959769,44,1005.0,1125.0,1050.0,1080.0,training_familiar,42
un_un,un -> un,0,naive,Naive,0,familiar_1,Familiar 1,0,full,Nonoccluded,0,1090.0,-2.6282274858331514,0.01854352466762066,-2.6282274858331514,0.04158892905847593,0.008768420737959769,44,1005.0,1125.0,1050.0,1080.0,training_familiar,42
un_un,un -> un,0,naive,Naive,0,familiar_1,Familiar 1,0,full,Nonoccluded,0,1091.0,-2.7339678870093187,0.01761634834110737,-2.7339678870093187,0.04158892905847593,0.008768420737959769,44,1005.0,1125.0,1050.0,1080.0,training_familiar,42
un_un,un -> un,0,naive,Naive,0,familiar_1,Familiar 1,0,full,Nonoccluded,0,1092.0,-2.7307217972770848,0.017644811421632767,-2.7307217972770848,0.04158892905847593,0.008768420737959769,44,1005.0,1125.0,1050.0,1080.0,training_familiar,42
un_un,un -> un,0,naive,Naive,0,familiar_1,Familiar 1,0,full,Nonoccluded,0,1093.0,-2.8313374085317715,0.016762571409344673,-2.8313374085317715,0.04158892905847593,0.008768420737959769,44,1005.0,1125.0,1050.0,1080.0,training_familiar,42
un_un,un -> un,0,naive,Naive,0,familiar_1,Familiar 1,0,full,Nonoccluded,0,1094.0,-2.9269223348156603,0.015924442559480667,-2.9269223348156603,0.04158892905847593,0.008768420737959769,44,1005.0,1125.0,1050.0,1080.0,training_familiar,42
un_un,un -> un,0,naive,Naive,0,familiar_1,Familiar 1,0,full,Nonoccluded,0,1095.0,-3.017727982921376,0.015128220431506634,-3.017727982921376,0.04158892905847593,0.008768420737959769,44,1005.0,1125.0,1050.0,1080.0,training_familiar,42
un_un,un -> un,0,naive,Naive,0,familiar_1,Familiar 1,0,full,Nonoccluded,0,1096.0,-1.9103148372268512,0.024838484823703766,-1.9103148372268512,0.04158892905847593,0.008768420737959769,44,1005.0,1125.0,1050.0,1080.0,training_familiar,42
un_un,un -> un,0,naive,Naive,0,familiar_1,Familiar 1,0,full,Nonoccluded,0,1097.0,-1.3867595011995957,0.02942923828959465,-1.3867595011995957,0.04158892905847593,0.008768420737959769,44,1005.0,1125.0,1050.0,1080.0,training_familiar,42
un_un,un -> un,0,naive,Naive,0,familiar_1,Familiar 1,0,full,Nonoccluded,0,1098.0,-0.8237161983949716,0.03436623886227608,-0.8237161983949716,0.04158892905847593,0.008768420737959769,44,1005.0,1125.0,1050.0,1080.0,training_familiar,42
un_un,un -> un,0,naive,Naive,0,familiar_1,Familiar 1,0,full,Nonoccluded,0,1099.0,-1.019682217049679,0.03264792636036873,-1.019682217049679,0.04158892905847593,0.008768420737959769,44,1005.0,1125.0,1050.0,1080.0,training_familiar,42
un_un,un -> un,0,naive,Naive,0,familiar_1,Familiar 1,0,full,Nonoccluded,0,1100.0,-1.2058498498010413,0.031015530228614807,-1.2058498498010413,0.04158892905847593,0.008768420737959769,44,1005.0,1125.0,1050.0,1080.0,training_familiar,42
un_un,un -> un,0,naive,Naive,0,familiar_1,Familiar 1,0,full,Nonoccluded,0,1101.0,-0.5793640906735289,0.036508820950984955,-0.5793640906735289,0.04158892905847593,0.008768420737959769,44,1005.0,1125.0,1050.0,1080.0,training_familiar,42
un_un,un -> un,0,naive,Naive,0,familiar_1,Familiar 1,0,full,Nonoccluded,0,1102.0,-0.4055490603650307,0.038032904267311096,-0.4055490603650307,0.04158892905847593,0.008768420737959769,44,1005.0,1125.0,1050.0,1080.0,training_familiar,42
un_un,un -> un,0,naive,Naive,0,familiar_1,Familiar 1,0,full,Nonoccluded,0,1103.0,-0.6224233721932777,0.03613125905394554,-0.6224233721932777,0.04158892905847593,0.008768420737959769,44,1005.0,1125.0,1050.0,1080.0,training_familiar,42
un_un,un -> un,0,naive,Naive,0,familiar_1,Familiar 1,0,full,Nonoccluded,0,1104.0,-0.828454159613985,0.03432469442486763,-0.828454159613985,0.04158892905847593,0.008768420737959769,44,1005.0,1125.0,1050.0,1080.0,training_familiar,42
un_un,un -> un,0,naive,Naive,0,familiar_1,Familiar 1,0,full,Nonoccluded,0,1105.0,-0.6555173005608402,0.03584107756614685,-0.6555173005608402,0.04158892905847593,0.008768420737959769,44,1005.0,1125.0,1050.0,1080.0,training_familiar,42
un_un,un -> un,0,naive,Naive,0,familiar_1,Familiar 1,0,full,Nonoccluded,0,1106.0,-0.1756236876789217,0.0400489866733551,-0.1756236876789217,0.04158892905847593,0.008768420737959769,44,1005.0,1125.0,1050.0,1080.0,training_familiar,42
un_un,un -> un,0,naive,Naive,0,familiar_1,Familiar 1,0,full,Nonoccluded,0,1107.0,-0.40399452305330447,0.03804653510451317,-0.40399452305330447,0.04158892905847593,0.008768420737959769,44,1005.0,1125.0,1050.0,1080.0,training_familiar,42
un_un,un -> un,0,naive,Naive,0,familiar_1,Familiar 1,0,full,Nonoccluded,0,1108.0,-0.6209465829897903,0.036144208163022995,-0.6209465829897903,0.04158892905847593,0.008768420737959769,44,1005.0,1125.0,1050.0,1080.0,training_familiar,42
un_un,un -> un,0,naive,Naive,0,familiar_1,Familiar 1,0,full,Nonoccluded,0,1109.0,-0.8270508699882317,0.03433699905872345,-0.8270508699882317,0.04158892905847593,0.008768420737959769,44,1005.0,1125.0,1050.0,1080.0,training_familiar,42
un_un,un -> un,0,naive,Naive,0,familiar_1,Familiar 1,0,full,Nonoccluded,0,1110.0,-0.9301431621007232,0.03343304246664047,-0.9301431621007232,0.04158892905847593,0.008768420737959769,44,1005.0,1125.0,1050.0,1080.0,training_familiar,42
un_un,un -> un,0,naive,Naive,0,familiar_1,Familiar 1,0,full,Nonoccluded,0,1111.0,-1.1207878962981008,0.03176138922572136,-1.1207878962981008,0.04158892905847593,0.008768420737959769,44,1005.0,1125.0,1050.0,1080.0,training_familiar,42
un_un,un -> un,0,naive,Naive,0,familiar_1,Familiar 1,0,full,Nonoccluded,0,1112.0,-1.301900415028262,0.030173318460583687,-1.301900415028262,0.04158892905847593,0.008768420737959769,44,1005.0,1125.0,1050.0,1080.0,training_familiar,42
un_un,un -> un,0,naive,Naive,0,familiar_1,Familiar 1,0,full,Nonoccluded,0,1113.0,-0.23733826664548577,0.039507847279310226,-0.23733826664548577,0.04158892905847593,0.008768420737959769,44,1005.0,1125.0,1050.0,1080.0,training_familiar,42
un_un,un -> un,0,naive,Naive,0,familiar_1,Familiar 1,0,full,Nonoccluded,0,1114.0,0.3419998500574565,0.04458772763609886,0.3419998500574565,0.04158892905847593,0.008768420737959769,44,1005.0,1125.0,1050.0,1080.0,training_familiar,42
un_un,un -> un,0,naive,Naive,0,familiar_1,Familiar 1,0,full,Nonoccluded,0,1115.0,0.08774824140665274,0.04235834255814552,0.08774824140665274,0.04158892905847593,0.008768420737959769,44,1005.0,1125.0,1050.0,1080.0,training_familiar,42
un_un,un -> un,0,naive,Naive,0,familiar_1,Familiar 1,0,full,Nonoccluded,0,1116.0,-0.15379091426752595,0.04024042561650276,-0.15379091426752595,0.04158892905847593,0.008768420737959769,44,1005.0,1125.0,1050.0,1080.0,training_familiar,42
un_un,un -> un,0,naive,Naive,0,familiar_1,Familiar 1,0,full,Nonoccluded,0,1117.0,0.19853122343903157,0.04332973435521126,0.19853122343903157,0.04158892905847593,0.008768420737959769,44,1005.0,1125.0,1050.0,1080.0,training_familiar,42
un_un,un -> un,0,naive,Naive,0,familiar_1,Familiar 1,0,full,Nonoccluded,0,1118.0,0.1954212991094782,0.04330246523022652,0.1954212991094782,0.04158892905847593,0.008768420737959769,44,1005.0,1125.0,1050.0,1080.0,training_familiar,42
un_un,un -> un,0,naive,Naive,0,familiar_1,Familiar 1,0,full,Nonoccluded,0,1119.0,0.0639377770452473,0.042149562388658524,0.0639377770452473,0.04158892905847593,0.008768420737959769,44,1005.0,1125.0,1050.0,1080.0,training_familiar,42
un_un,un -> un,0,naive,Naive,0,familiar_1,Familiar 1,0,full,Nonoccluded,0,1120.0,-0.1764109403814712,0.04004208371043205,-0.1764109403814712,0.04158892905847593,0.008768420737959769,44,1005.0,1125.0,1050.0,1080.0,training_familiar,42
un_un,un -> un,0,naive,Naive,0,familiar_1,Familiar 1,0,full,Nonoccluded,0,1121.0,-0.4047422644221588,0.038039978593587875,-0.4047422644221588,0.04158892905847593,0.008768420737959769,44,1005.0,1125.0,1050.0,1080.0,training_familiar,42
un_un,un -> un,0,naive,Naive,0,familiar_1,Familiar 1,0,full,Nonoccluded,0,1122.0,-0.43522589564753894,0.037772685289382935,-0.43522589564753894,0.04158892905847593,0.008768420737959769,44,1005.0,1125.0,1050.0,1080.0,training_familiar,42
un_un,un -> un,0,naive,Naive,0,familiar_1,Familiar 1,0,full,Nonoccluded,0,1123.0,-0.6506166206234908,0.03588404878973961,-0.6506166206234908,0.04158892905847593,0.008768420737959769,44,1005.0,1125.0,1050.0,1080.0,training_familiar,42
un_un,un -> un,0,naive,Naive,0,familiar_1,Familiar 1,0,full,Nonoccluded,0,1124.0,-0.2808593634311123,0.039126235991716385,-0.2808593634311123,0.04158892905847593,0.008768420737959769,44,1005.0,1125.0,1050.0,1080.0,training_familiar,42
un_un,un -> un,0,naive,Naive,0,familiar_1,Familiar 1,0,occlusion,Occluded,1,1006.0,2.2422503029178755,0.051890067756175995,2.2422503029178755,0.04244800377637148,0.004210976788593767,44,1005.0,1125.0,1050.0,1080.0,training_familiar,42
un_un,un -> un,0,naive,Naive,0,familiar_1,Familiar 1,0,occlusion,Occluded,1,1007.0,1.7292941984152423,0.04973002150654793,1.7292941984152423,0.04244800377637148,0.004210976788593767,44,1005.0,1125.0,1050.0,1080.0,training_familiar,42
un_un,un -> un,0,naive,Naive,0,familiar_1,Familiar 1,0,occlusion,Occluded,1,1008.0,1.265504942677586,0.04777701571583748,1.265504942677586,0.04244800377637148,0.004210976788593767,44,1005.0,1125.0,1050.0,1080.0,training_familiar,42
un_un,un -> un,0,naive,Naive,0,familiar_1,Familiar 1,0,occlusion,Occluded,1,1009.0,0.6982137951842171,0.04538816586136818,0.6982137951842171,0.04244800377637148,0.004210976788593767,44,1005.0,1125.0,1050.0,1080.0,training_familiar,42
un_un,un -> un,0,naive,Naive,0,familiar_1,Familiar 1,0,occlusion,Occluded,1,1010.0,0.15928667426843762,0.043118756264448166,0.15928667426843762,0.04244800377637148,0.004210976788593767,44,1005.0,1125.0,1050.0,1080.0,training_familiar,42
un_un,un -> un,0,naive,Naive,0,familiar_1,Familiar 1,0,occlusion,Occluded,1,1011.0,0.9412640083298028,0.04641164466738701,0.9412640083298028,0.04244800377637148,0.004210976788593767,44,1005.0,1125.0,1050.0,1080.0,training_familiar,42
un_un,un -> un,0,naive,Naive,0,familiar_1,Familiar 1,0,occlusion,Occluded,1,1012.0,0.3901842882905643,0.044091060757637024,0.3901842882905643,0.04244800377637148,0.004210976788593767,44,1005.0,1125.0,1050.0,1080.0,training_familiar,42
un_un,un -> un,0,naive,Naive,0,familiar_1,Familiar 1,0,occlusion,Occluded,1,1013.0,-0.1333408707165434,0.04188650846481323,-0.1333408707165434,0.04244800377637148,0.004210976788593767,44,1005.0,1125.0,1050.0,1080.0,training_familiar,42
un_un,un -> un,0,naive,Naive,0,familiar_1,Familiar 1,0,occlusion,Occluded,1,1014.0,-0.6306897717732958,0.03979218378663063,-0.6306897717732958,0.04244800377637148,0.004210976788593767,44,1005.0,1125.0,1050.0,1080.0,training_familiar,42
un_un,un -> un,0,naive,Naive,0,familiar_1,Familiar 1,0,occlusion,Occluded,1,1015.0,-0.8750245138500355,0.038763295859098434,-0.8750245138500355,0.04244800377637148,0.004210976788593767,44,1005.0,1125.0,1050.0,1080.0,training_familiar,42
un_un,un -> un,0,naive,Naive,0,familiar_1,Familiar 1,0,occlusion,Occluded,1,1016.0,0.9975169980992864,0.046648524701595306,0.9975169980992864,0.04244800377637148,0.004210976788593767,44,1005.0,1125.0,1050.0,1080.0,training_familiar,42
un_un,un -> un,0,naive,Naive,0,familiar_1,Familiar 1,0,occlusion,Occluded,1,1017.0,0.5572225904012913,0.04479445517063141,0.5572225904012913,0.04244800377637148,0.004210976788593767,44,1005.0,1125.0,1050.0,1080.0,training_familiar,42
un_un,un -> un,0,naive,Naive,0,familiar_1,Familiar 1,0,occlusion,Occluded,1,1018.0,0.025345339356287615,0.04255473241209984,0.025345339356287615,0.04244800377637148,0.004210976788593767,44,1005.0,1125.0,1050.0,1080.0,training_familiar,42
un_un,un -> un,0,naive,Naive,0,familiar_1,Familiar 1,0,occlusion,Occluded,1,1019.0,-0.47993809336955584,0.04042699560523033,-0.47993809336955584,0.04244800377637148,0.004210976788593767,44,1005.0,1125.0,1050.0,1080.0,training_familiar,42
un_un,un -> un,0,naive,Naive,0,familiar_1,Familiar 1,0,occlusion,Occluded,1,1020.0,-0.134085755950725,0.04188337177038193,-0.134085755950725,0.04244800377637148,0.004210976788593767,44,1005.0,1125.0,1050.0,1080.0,training_familiar,42
un_un,un -> un,0,naive,Naive,0,familiar_1,Familiar 1,0,occlusion,Occluded,1,1021.0,-0.631397501211948,0.03978920355439186,-0.631397501211948,0.04244800377637148,0.004210976788593767,44,1005.0,1125.0,1050.0,1080.0,training_familiar,42
un_un,un -> un,0,naive,Naive,0,familiar_1,Familiar 1,0,occlusion,Occluded,1,1022.0,-0.27231150795211667,0.04130130633711815,-0.27231150795211667,0.04244800377637148,0.004210976788593767,44,1005.0,1125.0,1050.0,1080.0,training_familiar,42
un_un,un -> un,0,naive,Naive,0,familiar_1,Familiar 1,0,occlusion,Occluded,1,1023.0,-0.7627122752448996,0.03923624008893967,-0.7627122752448996,0.04244800377637148,0.004210976788593767,44,1005.0,1125.0,1050.0,1080.0,training_familiar,42
un_un,un -> un,0,naive,Naive,0,familiar_1,Familiar 1,0,occlusion,Occluded,1,1024.0,-1.1017606787728864,0.03780851513147354,-1.1017606787728864,0.04244800377637148,0.004210976788593767,44,1005.0,1125.0,1050.0,1080.0,training_familiar,42
un_un,un -> un,0,naive,Naive,0,familiar_1,Familiar 1,0,occlusion,Occluded,1,1025.0,-0.32194191949941087,0.04109231382608414,-0.32194191949941087,0.04244800377637148,0.004210976788593767,44,1005.0,1125.0,1050.0,1080.0,training_familiar,42
un_un,un -> un,0,naive,Naive,0,familiar_1,Familiar 1,0,occlusion,Occluded,1,1026.0,-0.8098612104479189,0.03903769701719284,-0.8098612104479189,0.04244800377637148,0.004210976788593767,44,1005.0,1125.0,1050.0,1080.0,training_familiar,42
un_un,un -> un,0,naive,Naive,0,familiar_1,Familiar 1,0,occlusion,Occluded,1,1027.0,-1.2733841829842825,0.03708581253886223,-1.2733841829842825,0.04244800377637148,0.004210976788593767,44,1005.0,1125.0,1050.0,1080.0,training_familiar,42
un_un,un -> un,0,naive,Naive,0,familiar_1,Familiar 1,0,occlusion,Occluded,1,1028.0,-1.222645290203699,0.03729947283864021,-1.222645290203699,0.04244800377637148,0.004210976788593767,44,1005.0,1125.0,1050.0,1080.0,training_familiar,42
un_un,un -> un,0,naive,Naive,0,familiar_1,Familiar 1,0,occlusion,Occluded,1,1029.0,-1.6655291029853632,0.03543449938297272,-1.6655291029853632,0.04244800377637148,0.004210976788593767,44,1005.0,1125.0,1050.0,1080.0,training_familiar,42
un_un,un -> un,0,naive,Naive,0,familiar_1,Familiar 1,0,occlusion,Occluded,1,1030.0,0.31809939097842777,0.04378751292824745,0.31809939097842777,0.04244800377637148,0.004210976788593767,44,1005.0,1125.0,1050.0,1080.0,training_familiar,42
un_un,un -> un,0,naive,Naive,0,familiar_1,Familiar 1,0,occlusion,Occluded,1,1031.0,-0.20182165586234288,0.041598137468099594,-0.20182165586234288,0.04244800377637148,0.004210976788593767,44,1005.0,1125.0,1050.0,1080.0,training_familiar,42
un_un,un -> un,0,naive,Naive,0,familiar_1,Familiar 1,0,occlusion,Occluded,1,1032.0,1.1846114678396227,0.04743637517094612,1.1846114678396227,0.04244800377637148,0.004210976788593767,44,1005.0,1125.0,1050.0,1080.0,training_familiar,42
un_un,un -> un,0,naive,Naive,0,familiar_1,Familiar 1,0,occlusion,Occluded,1,1033.0,1.385286380845899,0.048281412571668625,1.385286380845899,0.04244800377637148,0.004210976788593767,44,1005.0,1125.0,1050.0,1080.0,training_familiar,42
un_un,un -> un,0,naive,Naive,0,familiar_1,Familiar 1,0,occlusion,Occluded,1,1034.0,0.8120060729779347,0.04586734250187874,0.8120060729779347,0.04244800377637148,0.004210976788593767,44,1005.0,1125.0,1050.0,1080.0,training_familiar,42
un_un,un -> un,0,naive,Naive,0,familiar_1,Familiar 1,0,occlusion,Occluded,1,1035.0,0.26738969203718876,0.043573975563049316,0.26738969203718876,0.04244800377637148,0.004210976788593767,44,1005.0,1125.0,1050.0,1080.0,training_familiar,42
un_un,un -> un,0,naive,Naive,0,familiar_1,Familiar 1,0,occlusion,Occluded,1,1036.0,-0.24999591408960983,0.04139527678489685,-0.24999591408960983,0.04244800377637148,0.004210976788593767,44,1005.0,1125.0,1050.0,1080.0,training_familiar,42
un_un,un -> un,0,naive,Naive,0,familiar_1,Familiar 1,0,occlusion,Occluded,1,1037.0,-0.7415122399100685,0.03932551294565201,-0.7415122399100685,0.04244800377637148,0.004210976788593767,44,1005.0,1125.0,1050.0,1080.0,training_familiar,42
un_un,un -> un,0,naive,Naive,0,familiar_1,Familiar 1,0,occlusion,Occluded,1,1038.0,-1.2084526609733244,0.03735923767089844,-1.2084526609733244,0.04244800377637148,0.004210976788593767,44,1005.0,1125.0,1050.0,1080.0,training_familiar,42
un_un,un -> un,0,naive,Naive,0,familiar_1,Familiar 1,0,occlusion,Occluded,1,1039.0,-1.6520459725172376,0.035491276532411575,-1.6520459725172376,0.04244800377637148,0.004210976788593767,44,1005.0,1125.0,1050.0,1080.0,training_familiar,42
un_un,un -> un,0,naive,Naive,0,familiar_1,Familiar 1,0,occlusion,Occluded,1,1040.0,-1.188864479435024,0.03744172304868698,-1.188864479435024,0.04244800377637148,0.004210976788593767,44,1005.0,1125.0,1050.0,1080.0,training_familiar,42
un_un,un -> un,0,naive,Naive,0,familiar_1,Familiar 1,0,occlusion,Occluded,1,1041.0,-1.6334371115896726,0.03556963801383972,-1.6334371115896726,0.04244800377637148,0.004210976788593767,44,1005.0,1125.0,1050.0,1080.0,training_familiar,42
un_un,un -> un,0,naive,Naive,0,familiar_1,Familiar 1,0,occlusion,Occluded,1,1042.0,-1.2709894034962426,0.037095896899700165,-1.2709894034962426,0.04244800377637148,0.004210976788593767,44,1005.0,1125.0,1050.0,1080.0,training_familiar,42
un_un,un -> un,0,naive,Naive,0,familiar_1,Familiar 1,0,occlusion,Occluded,1,1043.0,-0.10079681714191353,0.04202355071902275,-0.10079681714191353,0.04244800377637148,0.004210976788593767,44,1005.0,1125.0,1050.0,1080.0,training_familiar,42
un_un,un -> un,0,naive,Naive,0,familiar_1,Familiar 1,0,occlusion,Occluded,1,1044.0,1.339815649074284,0.04808993637561798,1.339815649074284,0.04244800377637148,0.004210976788593767,44,1005.0,1125.0,1050.0,1080.0,training_familiar,42
un_un,un -> un,0,naive,Naive,0,familiar_1,Familiar 1,0,occlusion,Occluded,1,1045.0,0.7688089220279904,0.04568544030189514,0.7688089220279904,0.04244800377637148,0.004210976788593767,44,1005.0,1125.0,1050.0,1080.0,training_familiar,42
un_un,un -> un,0,naive,Naive,0,familiar_1,Familiar 1,0,occlusion,Occluded,1,1046.0,1.2331218975502494,0.04764065146446228,1.2331218975502494,0.04244800377637148,0.004210976788593767,44,1005.0,1125.0,1050.0,1080.0,training_familiar,42
un_un,un -> un,0,naive,Naive,0,familiar_1,Familiar 1,0,occlusion,Occluded,1,1047.0,0.6674496811477978,0.045258618891239166,0.6674496811477978,0.04244800377637148,0.004210976788593767,44,1005.0,1125.0,1050.0,1080.0,training_familiar,42
un_un,un -> un,0,naive,Naive,0,familiar_1,Familiar 1,0,occlusion,Occluded,1,1048.0,0.13006098709928895,0.04299568757414818,0.13006098709928895,0.04244800377637148,0.004210976788593767,44,1005.0,1125.0,1050.0,1080.0,training_familiar,42
un_un,un -> un,0,naive,Naive,0,familiar_1,Familiar 1,0,occlusion,Occluded,1,1049.0,1.4498056504588421,0.04855310171842575,1.4498056504588421,0.04244800377637148,0.004210976788593767,44,1005.0,1125.0,1050.0,1080.0,training_familiar,42
un_un,un -> un,0,naive,Naive,0,familiar_1,Familiar 1,0,occlusion,Occluded,1,1050.0,1.3593197877417444,0.04817206785082817,1.3593197877417444,0.04244800377637148,0.004210976788593767,44,1005.0,1125.0,1050.0,1080.0,training_familiar,42
un_un,un -> un,0,naive,Naive,0,familiar_1,Familiar 1,0,occlusion,Occluded,1,1051.0,0.7873372787319088,0.04576346278190613,0.7873372787319088,0.04244800377637148,0.004210976788593767,44,1005.0,1125.0,1050.0,1080.0,training_familiar,42
un_un,un -> un,0,naive,Naive,0,familiar_1,Familiar 1,0,occlusion,Occluded,1,1052.0,1.9053578201923833,0.05047142133116722,1.9053578201923833,0.04244800377637148,0.004210976788593767,44,1005.0,1125.0,1050.0,1080.0,training_familiar,42
un_un,un -> un,0,naive,Naive,0,familiar_1,Familiar 1,0,occlusion,Occluded,1,1053.0,1.3060737634247352,0.047947850078344345,1.3060737634247352,0.04244800377637148,0.004210976788593767,44,1005.0,1125.0,1050.0,1080.0,training_familiar,42
un_un,un -> un,0,naive,Naive,0,familiar_1,Familiar 1,0,occlusion,Occluded,1,1054.0,1.3237493061550776,0.048022281378507614,1.3237493061550776,0.04244800377637148,0.004210976788593767,44,1005.0,1125.0,1050.0,1080.0,training_familiar,42
un_un,un -> un,0,naive,Naive,0,familiar_1,Familiar 1,0,occlusion,Occluded,1,1055.0,2.667386915363534,0.053680308163166046,2.667386915363534,0.04244800377637148,0.004210976788593767,44,1005.0,1125.0,1050.0,1080.0,training_familiar,42
un_un,un -> un,0,naive,Naive,0,familiar_1,Familiar 1,0,occlusion,Occluded,1,1056.0,2.0300013596042383,0.050996292382478714,2.0300013596042383,0.04244800377637148,0.004210976788593767,44,1005.0,1125.0,1050.0,1080.0,training_familiar,42
un_un,un -> un,0,naive,Naive,0,familiar_1,Familiar 1,0,occlusion,Occluded,1,1057.0,1.4244848604674576,0.048446476459503174,1.4244848604674576,0.04244800377637148,0.004210976788593767,44,1005.0,1125.0,1050.0,1080.0,training_familiar,42
un_un,un -> un,0,naive,Naive,0,familiar_1,Familiar 1,0,occlusion,Occluded,1,1058.0,0.8492441420544263,0.046024151146411896,0.8492441420544263,0.04244800377637148,0.004210976788593767,44,1005.0,1125.0,1050.0,1080.0,training_familiar,42
un_un,un -> un,0,naive,Naive,0,familiar_1,Familiar 1,0,occlusion,Occluded,1,1059.0,1.5895954845196554,0.04914175346493721,1.5895954845196554,0.04244800377637148,0.004210976788593767,44,1005.0,1125.0,1050.0,1080.0,training_familiar,42
un_un,un -> un,0,naive,Naive,0,familiar_1,Familiar 1,0,occlusion,Occluded,1,1060.0,1.0060991022047443,0.046684663742780685,1.0060991022047443,0.04244800377637148,0.004210976788593767,44,1005.0,1125.0,1050.0,1080.0,training_familiar,42
un_un,un -> un,0,naive,Naive,0,familiar_1,Familiar 1,0,occlusion,Occluded,1,1061.0,0.4517779813364781,0.044350430369377136,0.4517779813364781,0.04244800377637148,0.004210976788593767,44,1005.0,1125.0,1050.0,1080.0,training_familiar,42
un_un,un -> un,0,naive,Naive,0,familiar_1,Familiar 1,0,occlusion,Occluded,1,1062.0,-0.07482757005236396,0.0421329066157341,-0.07482757005236396,0.04244800377637148,0.004210976788593767,44,1005.0,1125.0,1050.0,1080.0,training_familiar,42
un_un,un -> un,0,naive,Naive,0,familiar_1,Familiar 1,0,occlusion,Occluded,1,1063.0,1.1385073182204137,0.04724223166704178,1.1385073182204137,0.04244800377637148,0.004210976788593767,44,1005.0,1125.0,1050.0,1080.0,training_familiar,42
un_un,un -> un,0,naive,Naive,0,familiar_1,Familiar 1,0,occlusion,Occluded,1,1064.0,0.5775653884535548,0.04488011822104454,0.5775653884535548,0.04244800377637148,0.004210976788593767,44,1005.0,1125.0,1050.0,1080.0,training_familiar,42
un_un,un -> un,0,naive,Naive,0,familiar_1,Familiar 1,0,occlusion,Occluded,1,1065.0,0.04467077634048828,0.04263611137866974,0.04467077634048828,0.04244800377637148,0.004210976788593767,44,1005.0,1125.0,1050.0,1080.0,training_familiar,42
un_un,un -> un,0,naive,Naive,0,familiar_1,Familiar 1,0,occlusion,Occluded,1,1066.0,0.435390506184483,0.04428142309188843,0.435390506184483,0.04244800377637148,0.004210976788593767,44,1005.0,1125.0,1050.0,1080.0,training_familiar,42
un_un,un -> un,0,naive,Naive,0,familiar_1,Familiar 1,0,occlusion,Occluded,1,1067.0,0.9924186921555945,0.04662705585360527,0.9924186921555945,0.04244800377637148,0.004210976788593767,44,1005.0,1125.0,1050.0,1080.0,training_familiar,42
un_un,un -> un,0,naive,Naive,0,familiar_1,Familiar 1,0,occlusion,Occluded,1,1068.0,2.212987459953198,0.05176684260368347,2.212987459953198,0.04244800377637148,0.004210976788593767,44,1005.0,1125.0,1050.0,1080.0,training_familiar,42
un_un,un -> un,0,naive,Naive,0,familiar_1,Familiar 1,0,occlusion,Occluded,1,1069.0,2.2304604151317258,0.05184042081236839,2.2304604151317258,0.04244800377637148,0.004210976788593767,44,1005.0,1125.0,1050.0,1080.0,training_familiar,42
un_un,un -> un,0,naive,Naive,0,familiar_1,Familiar 1,0,occlusion,Occluded,1,1070.0,3.563868679966261,0.05745537206530571,3.563868679966261,0.04244800377637148,0.004210976788593767,44,1005.0,1125.0,1050.0,1080.0,training_familiar,42
un_un,un -> un,0,naive,Naive,0,familiar_1,Familiar 1,0,occlusion,Occluded,1,1071.0,2.8816590802099187,0.05458260327577591,2.8816590802099187,0.04244800377637148,0.004210976788593767,44,1005.0,1125.0,1050.0,1080.0,training_familiar,42
un_un,un -> un,0,naive,Naive,0,familiar_1,Familiar 1,0,occlusion,Occluded,1,1072.0,2.233560270073023,0.051853474229574203,2.233560270073023,0.04244800377637148,0.004210976788593767,44,1005.0,1125.0,1050.0,1080.0,training_familiar,42
un_un,un -> un,0,naive,Naive,0,familiar_1,Familiar 1,0,occlusion,Occluded,1,1073.0,1.6178657369466234,0.04926079884171486,1.6178657369466234,0.04244800377637148,0.004210976788593767,44,1005.0,1125.0,1050.0,1080.0,training_familiar,42
un_un,un -> un,0,naive,Naive,0,familiar_1,Familiar 1,0,occlusion,Occluded,1,1074.0,3.519795713835984,0.057269781827926636,3.519795713835984,0.04244800377637148,0.004210976788593767,44,1005.0,1125.0,1050.0,1080.0,training_familiar,42
un_un,un -> un,0,naive,Naive,0,familiar_1,Familiar 1,0,occlusion,Occluded,1,1075.0,2.8397898066192457,0.054406292736530304,2.8397898066192457,0.04244800377637148,0.004210976788593767,44,1005.0,1125.0,1050.0,1080.0,training_familiar,42
un_un,un -> un,0,naive,Naive,0,familiar_1,Familiar 1,0,occlusion,Occluded,1,1076.0,3.1194490943027207,0.055583931505680084,3.1194490943027207,0.04244800377637148,0.004210976788593767,44,1005.0,1125.0,1050.0,1080.0,training_familiar,42
un_un,un -> un,0,naive,Naive,0,familiar_1,Familiar 1,0,occlusion,Occluded,1,1077.0,2.459460429596466,0.05280473455786705,2.459460429596466,0.04244800377637148,0.004210976788593767,44,1005.0,1125.0,1050.0,1080.0,training_familiar,42
un_un,un -> un,0,naive,Naive,0,familiar_1,Familiar 1,0,occlusion,Occluded,1,1078.0,1.832471419290973,0.05016449838876724,1.832471419290973,0.04244800377637148,0.004210976788593767,44,1005.0,1125.0,1050.0,1080.0,training_familiar,42
un_un,un -> un,0,naive,Naive,0,familiar_1,Familiar 1,0,occlusion,Occluded,1,1079.0,3.0157039205524714,0.05514706298708916,3.0157039205524714,0.04244800377637148,0.004210976788593767,44,1005.0,1125.0,1050.0,1080.0,training_familiar,42
un_un,un -> un,0,naive,Naive,0,familiar_1,Familiar 1,0,occlusion,Occluded,1,1080.0,5.58003680419569,0.06594540923833847,5.58003680419569,0.04244800377637148,0.004210976788593767,44,1005.0,1125.0,1050.0,1080.0,training_familiar,42
un_un,un -> un,0,naive,Naive,0,familiar_1,Familiar 1,0,occlusion,Occluded,1,1081.0,4.797019107859506,0.06264813989400864,4.797019107859506,0.04244800377637148,0.004210976788593767,44,1005.0,1125.0,1050.0,1080.0,training_familiar,42
un_un,un -> un,0,naive,Naive,0,familiar_1,Familiar 1,0,occlusion,Occluded,1,1082.0,4.0531521194077715,0.059515733271837234,4.0531521194077715,0.04244800377637148,0.004210976788593767,44,1005.0,1125.0,1050.0,1080.0,training_familiar,42
un_un,un -> un,0,naive,Naive,0,familiar_1,Familiar 1,0,occlusion,Occluded,1,1083.0,4.048920782026428,0.05949791520833969,4.048920782026428,0.04244800377637148,0.004210976788593767,44,1005.0,1125.0,1050.0,1080.0,training_familiar,42
un_un,un -> un,0,naive,Naive,0,familiar_1,Familiar 1,0,occlusion,Occluded,1,1084.0,3.342458179069269,0.05652301758527756,3.342458179069269,0.04244800377637148,0.004210976788593767,44,1005.0,1125.0,1050.0,1080.0,training_familiar,42
un_un,un -> un,0,naive,Naive,0,familiar_1,Familiar 1,0,occlusion,Occluded,1,1085.0,2.671319237057046,0.05369686707854271,2.671319237057046,0.04244800377637148,0.004210976788593767,44,1005.0,1125.0,1050.0,1080.0,training_familiar,42
un_un,un -> un,0,naive,Naive,0,familiar_1,Familiar 1,0,occlusion,Occluded,1,1086.0,2.0337372863785244,0.05101202428340912,2.0337372863785244,0.04244800377637148,0.004210976788593767,44,1005.0,1125.0,1050.0,1080.0,training_familiar,42
un_un,un -> un,0,naive,Naive,0,familiar_1,Familiar 1,0,occlusion,Occluded,1,1087.0,1.6514404215162908,0.049402181059122086,1.6514404215162908,0.04244800377637148,0.004210976788593767,44,1005.0,1125.0,1050.0,1080.0,training_familiar,42
un_un,un -> un,0,naive,Naive,0,familiar_1,Familiar 1,0,occlusion,Occluded,1,1088.0,2.1078241733402487,0.05132400244474411,2.1078241733402487,0.04244800377637148,0.004210976788593767,44,1005.0,1125.0,1050.0,1080.0,training_familiar,42
un_un,un -> un,0,naive,Naive,0,familiar_1,Familiar 1,0,occlusion,Occluded,1,1089.0,2.820470562267633,0.05432493984699249,2.820470562267633,0.04244800377637148,0.004210976788593767,44,1005.0,1125.0,1050.0,1080.0,training_familiar,42
un_un,un -> un,0,naive,Naive,0,familiar_1,Familiar 1,0,occlusion,Occluded,1,1090.0,2.1754309126293125,0.05160869285464287,2.1754309126293125,0.04244800377637148,0.004210976788593767,44,1005.0,1125.0,1050.0,1080.0,training_familiar,42
un_un,un -> un,0,naive,Naive,0,familiar_1,Familiar 1,0,occlusion,Occluded,1,1091.0,3.2655244504405654,0.056199051439762115,3.2655244504405654,0.04244800377637148,0.004210976788593767,44,1005.0,1125.0,1050.0,1080.0,training_familiar,42
un_un,un -> un,0,naive,Naive,0,familiar_1,Familiar 1,0,occlusion,Occluded,1,1092.0,2.598232017927418,0.05338909849524498,2.598232017927418,0.04244800377637148,0.004210976788593767,44,1005.0,1125.0,1050.0,1080.0,training_familiar,42
un_un,un -> un,0,naive,Naive,0,familiar_1,Familiar 1,0,occlusion,Occluded,1,1093.0,1.964303720475939,0.05071964114904404,1.964303720475939,0.04244800377637148,0.004210976788593767,44,1005.0,1125.0,1050.0,1080.0,training_familiar,42
un_un,un -> un,0,naive,Naive,0,familiar_1,Familiar 1,0,occlusion,Occluded,1,1094.0,2.1857248373145106,0.05165204033255577,2.1857248373145106,0.04244800377637148,0.004210976788593767,44,1005.0,1125.0,1050.0,1080.0,training_familiar,42
un_un,un -> un,0,naive,Naive,0,familiar_1,Familiar 1,0,occlusion,Occluded,1,1095.0,2.3519014788336787,0.052351806312799454,2.3519014788336787,0.04244800377637148,0.004210976788593767,44,1005.0,1125.0,1050.0,1080.0,training_familiar,42
un_un,un -> un,0,naive,Naive,0,familiar_1,Familiar 1,0,occlusion,Occluded,1,1096.0,1.7302903276001456,0.049734216183423996,1.7302903276001456,0.04244800377637148,0.004210976788593767,44,1005.0,1125.0,1050.0,1080.0,training_familiar,42
un_un,un -> un,0,naive,Naive,0,familiar_1,Familiar 1,0,occlusion,Occluded,1,1097.0,3.6553117467491356,0.057840436697006226,3.6553117467491356,0.04244800377637148,0.004210976788593767,44,1005.0,1125.0,1050.0,1080.0,training_familiar,42
un_un,un -> un,0,naive,Naive,0,familiar_1,Familiar 1,0,occlusion,Occluded,1,1098.0,2.9685302148190993,0.054948415607213974,2.9685302148190993,0.04244800377637148,0.004210976788593767,44,1005.0,1125.0,1050.0,1080.0,training_familiar,42
un_un,un -> un,0,naive,Naive,0,familiar_1,Familiar 1,0,occlusion,Occluded,1,1099.0,3.275922765217965,0.05624283850193024,3.275922765217965,0.04244800377637148,0.004210976788593767,44,1005.0,1125.0,1050.0,1080.0,training_familiar,42
un_un,un -> un,0,naive,Naive,0,familiar_1,Familiar 1,0,occlusion,Occluded,1,1100.0,2.7442277545034144,0.05400388315320015,2.7442277545034144,0.04244800377637148,0.004210976788593767,44,1005.0,1125.0,1050.0,1080.0,training_familiar,42
un_un,un -> un,0,naive,Naive,0,familiar_1,Familiar 1,0,occlusion,Occluded,1,1101.0,3.1332055852665257,0.05564185976982117,3.1332055852665257,0.04244800377637148,0.004210976788593767,44,1005.0,1125.0,1050.0,1080.0,training_familiar,42
un_un,un -> un,0,naive,Naive,0,familiar_1,Familiar 1,0,occlusion,Occluded,1,1102.0,2.865322915442226,0.05451381206512451,2.865322915442226,0.04244800377637148,0.004210976788593767,44,1005.0,1125.0,1050.0,1080.0,training_familiar,42
un_un,un -> un,0,naive,Naive,0,familiar_1,Familiar 1,0,occlusion,Occluded,1,1103.0,2.2180406481451755,0.051788121461868286,2.2180406481451755,0.04244800377637148,0.004210976788593767,44,1005.0,1125.0,1050.0,1080.0,training_familiar,42
un_un,un -> un,0,naive,Naive,0,familiar_1,Familiar 1,0,occlusion,Occluded,1,1104.0,1.6031219634158984,0.04919871315360069,1.6031219634158984,0.04244800377637148,0.004210976788593767,44,1005.0,1125.0,1050.0,1080.0,training_familiar,42
un_un,un -> un,0,naive,Naive,0,familiar_1,Familiar 1,0,occlusion,Occluded,1,1105.0,2.1662233526324455,0.051569920033216476,2.1662233526324455,0.04244800377637148,0.004210976788593767,44,1005.0,1125.0,1050.0,1080.0,training_familiar,42
un_un,un -> un,0,naive,Naive,0,familiar_1,Familiar 1,0,occlusion,Occluded,1,1106.0,1.5832356508515657,0.04911497235298157,1.5832356508515657,0.04244800377637148,0.004210976788593767,44,1005.0,1125.0,1050.0,1080.0,training_familiar,42
un_un,un -> un,0,naive,Naive,0,familiar_1,Familiar 1,0,occlusion,Occluded,1,1107.0,1.0000577467840484,0.04665922373533249,1.0000577467840484,0.04244800377637148,0.004210976788593767,44,1005.0,1125.0,1050.0,1080.0,training_familiar,42
un_un,un -> un,0,naive,Naive,0,familiar_1,Familiar 1,0,occlusion,Occluded,1,1108.0,0.44603829558900754,0.044326260685920715,0.44603829558900754,0.04244800377637148,0.004210976788593767,44,1005.0,1125.0,1050.0,1080.0,training_familiar,42
un_un,un -> un,0,naive,Naive,0,familiar_1,Familiar 1,0,occlusion,Occluded,1,1109.0,1.8767841287685931,0.0503510981798172,1.8767841287685931,0.04244800377637148,0.004210976788593767,44,1005.0,1125.0,1050.0,1080.0,training_familiar,42
un_un,un -> un,0,naive,Naive,0,familiar_1,Familiar 1,0,occlusion,Occluded,1,1110.0,3.158839545534514,0.0557498037815094,3.158839545534514,0.04244800377637148,0.004210976788593767,44,1005.0,1125.0,1050.0,1080.0,training_familiar,42
un_un,un -> un,0,naive,Naive,0,familiar_1,Familiar 1,0,occlusion,Occluded,1,1111.0,2.4968816236652085,0.05296231433749199,2.4968816236652085,0.04244800377637148,0.004210976788593767,44,1005.0,1125.0,1050.0,1080.0,training_familiar,42
un_un,un -> un,0,naive,Naive,0,familiar_1,Familiar 1,0,occlusion,Occluded,1,1112.0,1.8680215536562788,0.050314199179410934,1.8680215536562788,0.04244800377637148,0.004210976788593767,44,1005.0,1125.0,1050.0,1080.0,training_familiar,42
un_un,un -> un,0,naive,Naive,0,familiar_1,Familiar 1,0,occlusion,Occluded,1,1113.0,1.2706041332830762,0.04779848828911781,1.2706041332830762,0.04244800377637148,0.004210976788593767,44,1005.0,1125.0,1050.0,1080.0,training_familiar,42
un_un,un -> un,0,naive,Naive,0,familiar_1,Familiar 1,0,occlusion,Occluded,1,1114.0,1.5847519611738785,0.04912135750055313,1.5847519611738785,0.04244800377637148,0.004210976788593767,44,1005.0,1125.0,1050.0,1080.0,training_familiar,42
un_un,un -> un,0,naive,Naive,0,familiar_1,Familiar 1,0,occlusion,Occluded,1,1115.0,1.0014979761917058,0.046665288507938385,1.0014979761917058,0.04244800377637148,0.004210976788593767,44,1005.0,1125.0,1050.0,1080.0,training_familiar,42
un_un,un -> un,0,naive,Naive,0,familiar_1,Familiar 1,0,occlusion,Occluded,1,1116.0,1.5929129662633383,0.04915572330355644,1.5929129662633383,0.04244800377637148,0.004210976788593767,44,1005.0,1125.0,1050.0,1080.0,training_familiar,42
un_un,un -> un,0,naive,Naive,0,familiar_1,Familiar 1,0,occlusion,Occluded,1,1117.0,1.0092511521921423,0.046697936952114105,1.0092511521921423,0.04244800377637148,0.004210976788593767,44,1005.0,1125.0,1050.0,1080.0,training_familiar,42
un_un,un -> un,0,naive,Naive,0,familiar_1,Familiar 1,0,occlusion,Occluded,1,1118.0,0.9741300787990196,0.04655004292726517,0.9741300787990196,0.04244800377637148,0.004210976788593767,44,1005.0,1125.0,1050.0,1080.0,training_familiar,42
un_un,un -> un,0,naive,Naive,0,familiar_1,Familiar 1,0,occlusion,Occluded,1,1119.0,1.7203874234298024,0.04969251528382301,1.7203874234298024,0.04244800377637148,0.004210976788593767,44,1005.0,1125.0,1050.0,1080.0,training_familiar,42
un_un,un -> un,0,naive,Naive,0,familiar_1,Familiar 1,0,occlusion,Occluded,1,1120.0,1.1303516211017437,0.04720788821578026,1.1303516211017437,0.04244800377637148,0.004210976788593767,44,1005.0,1125.0,1050.0,1080.0,training_familiar,42
un_un,un -> un,0,naive,Naive,0,familiar_1,Familiar 1,0,occlusion,Occluded,1,1121.0,0.6371615151588723,0.045131076127290726,0.6371615151588723,0.04244800377637148,0.004210976788593767,44,1005.0,1125.0,1050.0,1080.0,training_familiar,42
un_un,un -> un,0,naive,Naive,0,familiar_1,Familiar 1,0,occlusion,Occluded,1,1122.0,0.9643784517961885,0.04650897905230522,0.9643784517961885,0.04244800377637148,0.004210976788593767,44,1005.0,1125.0,1050.0,1080.0,training_familiar,42
un_un,un -> un,0,naive,Naive,0,familiar_1,Familiar 1,0,occlusion,Occluded,1,1123.0,0.41214336344835,0.044183529913425446,0.41214336344835,0.04244800377637148,0.004210976788593767,44,1005.0,1125.0,1050.0,1080.0,training_familiar,42
un_un,un -> un,0,naive,Naive,0,familiar_1,Familiar 1,0,occlusion,Occluded,1,1124.0,1.551325899786328,0.048980601131916046,1.551325899786328,0.04244800377637148,0.004210976788593767,44,1005.0,1125.0,1050.0,1080.0,training_familiar,42
un_un,un -> un,0,naive,Naive,0,familiar_2,Familiar 2,1,full,Nonoccluded,0,1006.0,-0.5791906527552633,0.04132881388068199,-0.5791906527552633,0.04572023641826077,0.007581998287935722,44,1005.0,1125.0,1050.0,1080.0,training_familiar,42
un_un,un -> un,0,naive,Naive,0,familiar_2,Familiar 2,1,full,Nonoccluded,0,1007.0,-0.8517363329075104,0.03926237300038338,-0.8517363329075104,0.04572023641826077,0.007581998287935722,44,1005.0,1125.0,1050.0,1080.0,training_familiar,42
un_un,un -> un,0,naive,Naive,0,familiar_2,Familiar 2,1,full,Nonoccluded,0,1008.0,-0.60592755171948,0.04112609475851059,-0.60592755171948,0.04572023641826077,0.007581998287935722,44,1005.0,1125.0,1050.0,1080.0,training_familiar,42
un_un,un -> un,0,naive,Naive,0,familiar_2,Familiar 2,1,full,Nonoccluded,0,1009.0,-0.6607815056504585,0.040710192173719406,-0.6607815056504585,0.04572023641826077,0.007581998287935722,44,1005.0,1125.0,1050.0,1080.0,training_familiar,42
un_un,un -> un,0,naive,Naive,0,familiar_2,Familiar 2,1,full,Nonoccluded,0,1010.0,-0.8410301743829632,0.03934354707598686,-0.8410301743829632,0.04572023641826077,0.007581998287935722,44,1005.0,1125.0,1050.0,1080.0,training_familiar,42
un_un,un -> un,0,naive,Naive,0,familiar_2,Familiar 2,1,full,Nonoccluded,0,1011.0,-1.100483780187111,0.037376370280981064,-1.100483780187111,0.04572023641826077,0.007581998287935722,44,1005.0,1125.0,1050.0,1080.0,training_familiar,42
un_un,un -> un,0,naive,Naive,0,familiar_2,Familiar 2,1,full,Nonoccluded,0,1012.0,-1.3469647057010514,0.035507552325725555,-1.3469647057010514,0.04572023641826077,0.007581998287935722,44,1005.0,1125.0,1050.0,1080.0,training_familiar,42
un_un,un -> un,0,naive,Naive,0,familiar_2,Familiar 2,1,full,Nonoccluded,0,1013.0,-1.5811215112392591,0.03373217582702637,-1.5811215112392591,0.04572023641826077,0.007581998287935722,44,1005.0,1125.0,1050.0,1080.0,training_familiar,42
un_un,un -> un,0,naive,Naive,0,familiar_2,Familiar 2,1,full,Nonoccluded,0,1014.0,-1.8035708204340566,0.03204556554555893,-1.8035708204340566,0.04572023641826077,0.007581998287935722,44,1005.0,1125.0,1050.0,1080.0,training_familiar,42
un_un,un -> un,0,naive,Naive,0,familiar_2,Familiar 2,1,full,Nonoccluded,0,1015.0,-2.0148975659023995,0.030443286523222923,-2.0148975659023995,0.04572023641826077,0.007581998287935722,44,1005.0,1125.0,1050.0,1080.0,training_familiar,42
un_un,un -> un,0,naive,Naive,0,familiar_2,Familiar 2,1,full,Nonoccluded,0,1016.0,-1.4422195452216555,0.034785330295562744,-1.4422195452216555,0.04572023641826077,0.007581998287935722,44,1005.0,1125.0,1050.0,1080.0,training_familiar,42
un_un,un -> un,0,naive,Naive,0,familiar_2,Familiar 2,1,full,Nonoccluded,0,1017.0,-1.6716138544506187,0.03304606303572655,-1.6716138544506187,0.04572023641826077,0.007581998287935722,44,1005.0,1125.0,1050.0,1080.0,training_familiar,42
un_un,un -> un,0,naive,Naive,0,familiar_2,Familiar 2,1,full,Nonoccluded,0,1018.0,-1.570007054516736,0.033816445618867874,-1.570007054516736,0.04572023641826077,0.007581998287935722,44,1005.0,1125.0,1050.0,1080.0,training_familiar,42
un_un,un -> un,0,naive,Naive,0,familiar_2,Familiar 2,1,full,Nonoccluded,0,1019.0,-1.311355305101393,0.03577754274010658,-1.311355305101393,0.04572023641826077,0.007581998287935722,44,1005.0,1125.0,1050.0,1080.0,training_familiar,42
un_un,un -> un,0,naive,Naive,0,familiar_2,Familiar 2,1,full,Nonoccluded,0,1020.0,-1.5472927035029764,0.03398866578936577,-1.5472927035029764,0.04572023641826077,0.007581998287935722,44,1005.0,1125.0,1050.0,1080.0,training_familiar,42
un_un,un -> un,0,naive,Naive,0,familiar_2,Familiar 2,1,full,Nonoccluded,0,1021.0,0.580394900172513,0.05012078955769539,0.580394900172513,0.04572023641826077,0.007581998287935722,44,1005.0,1125.0,1050.0,1080.0,training_familiar,42
un_un,un -> un,0,naive,Naive,0,familiar_2,Familiar 2,1,full,Nonoccluded,0,1022.0,0.24986989324051997,0.047614749521017075,0.24986989324051997,0.04572023641826077,0.007581998287935722,44,1005.0,1125.0,1050.0,1080.0,training_familiar,42
un_un,un -> un,0,naive,Naive,0,familiar_2,Familiar 2,1,full,Nonoccluded,0,1023.0,-0.06412910901165926,0.04523400962352753,-0.06412910901165926,0.04572023641826077,0.007581998287935722,44,1005.0,1125.0,1050.0,1080.0,training_familiar,42
un_un,un -> un,0,naive,Naive,0,familiar_2,Familiar 2,1,full,Nonoccluded,0,1024.0,0.33216924914592155,0.04823874309659004,0.33216924914592155,0.04572023641826077,0.007581998287935722,44,1005.0,1125.0,1050.0,1080.0,training_familiar,42
un_un,un -> un,0,naive,Naive,0,familiar_2,Familiar 2,1,full,Nonoccluded,0,1025.0,0.38179099187323307,0.048614975064992905,0.38179099187323307,0.04572023641826077,0.007581998287935722,44,1005.0,1125.0,1050.0,1080.0,training_familiar,42
un_un,un -> un,0,naive,Naive,0,familiar_2,Familiar 2,1,full,Nonoccluded,0,1026.0,0.06119632775627542,0.046184226870536804,0.06119632775627542,0.04572023641826077,0.007581998287935722,44,1005.0,1125.0,1050.0,1080.0,training_familiar,42
un_un,un -> un,0,naive,Naive,0,familiar_2,Familiar 2,1,full,Nonoccluded,0,1027.0,0.3993758203997839,0.04874830320477486,0.3993758203997839,0.04572023641826077,0.007581998287935722,44,1005.0,1125.0,1050.0,1080.0,training_familiar,42
un_un,un -> un,0,naive,Naive,0,familiar_2,Familiar 2,1,full,Nonoccluded,0,1028.0,0.07790166918971296,0.04631088674068451,0.07790166918971296,0.04572023641826077,0.007581998287935722,44,1005.0,1125.0,1050.0,1080.0,training_familiar,42
un_un,un -> un,0,naive,Naive,0,familiar_2,Familiar 2,1,full,Nonoccluded,0,1029.0,-0.2274985042263901,0.043995343148708344,-0.2274985042263901,0.04572023641826077,0.007581998287935722,44,1005.0,1125.0,1050.0,1080.0,training_familiar,42
un_un,un -> un,0,naive,Naive,0,familiar_2,Familiar 2,1,full,Nonoccluded,0,1030.0,0.9237844940089678,0.05272436887025833,0.9237844940089678,0.04572023641826077,0.007581998287935722,44,1005.0,1125.0,1050.0,1080.0,training_familiar,42
un_un,un -> un,0,naive,Naive,0,familiar_2,Familiar 2,1,full,Nonoccluded,0,1031.0,0.5760898354184019,0.050088148564100266,0.5760898354184019,0.04572023641826077,0.007581998287935722,44,1005.0,1125.0,1050.0,1080.0,training_familiar,42
un_un,un -> un,0,naive,Naive,0,familiar_2,Familiar 2,1,full,Nonoccluded,0,1032.0,1.187938688092342,0.054727185517549515,1.187938688092342,0.04572023641826077,0.007581998287935722,44,1005.0,1125.0,1050.0,1080.0,training_familiar,42
un_un,un -> un,0,naive,Naive,0,familiar_2,Familiar 2,1,full,Nonoccluded,0,1033.0,0.8270364917643575,0.051990825682878494,0.8270364917643575,0.04572023641826077,0.007581998287935722,44,1005.0,1125.0,1050.0,1080.0,training_familiar,42
un_un,un -> un,0,naive,Naive,0,familiar_2,Familiar 2,1,full,Nonoccluded,0,1034.0,1.2994222754819589,0.05557245388627052,1.2994222754819589,0.04572023641826077,0.007581998287935722,44,1005.0,1125.0,1050.0,1080.0,training_familiar,42
un_un,un -> un,0,naive,Naive,0,familiar_2,Familiar 2,1,full,Nonoccluded,0,1035.0,1.0690197497641305,0.05382554233074188,1.0690197497641305,0.04572023641826077,0.007581998287935722,44,1005.0,1125.0,1050.0,1080.0,training_familiar,42
un_un,un -> un,0,naive,Naive,0,familiar_2,Familiar 2,1,full,Nonoccluded,0,1036.0,1.1689402928803794,0.05458313971757889,1.1689402928803794,0.04572023641826077,0.007581998287935722,44,1005.0,1125.0,1050.0,1080.0,training_familiar,42
un_un,un -> un,0,naive,Naive,0,familiar_2,Familiar 2,1,full,Nonoccluded,0,1037.0,1.001386700970144,0.053312748670578,1.001386700970144,0.04572023641826077,0.007581998287935722,44,1005.0,1125.0,1050.0,1080.0,training_familiar,42
un_un,un -> un,0,naive,Naive,0,familiar_2,Familiar 2,1,full,Nonoccluded,0,1038.0,0.7438586314329857,0.05136017128825188,0.7438586314329857,0.04572023641826077,0.007581998287935722,44,1005.0,1125.0,1050.0,1080.0,training_familiar,42
un_un,un -> un,0,naive,Naive,0,familiar_2,Familiar 2,1,full,Nonoccluded,0,1039.0,0.9781687330455237,0.053136710077524185,0.9781687330455237,0.04572023641826077,0.007581998287935722,44,1005.0,1125.0,1050.0,1080.0,training_familiar,42
un_un,un -> un,0,naive,Naive,0,familiar_2,Familiar 2,1,full,Nonoccluded,0,1040.0,0.9404524940909659,0.05285074561834335,0.9404524940909659,0.04572023641826077,0.007581998287935722,44,1005.0,1125.0,1050.0,1080.0,training_familiar,42
un_un,un -> un,0,naive,Naive,0,familiar_2,Familiar 2,1,full,Nonoccluded,0,1041.0,1.1825227181329072,0.05468612164258957,1.1825227181329072,0.04572023641826077,0.007581998287935722,44,1005.0,1125.0,1050.0,1080.0,training_familiar,42
un_un,un -> un,0,naive,Naive,0,familiar_2,Familiar 2,1,full,Nonoccluded,0,1042.0,0.8218912466028586,0.051951814442873,0.8218912466028586,0.04572023641826077,0.007581998287935722,44,1005.0,1125.0,1050.0,1080.0,training_familiar,42
un_un,un -> un,0,naive,Naive,0,familiar_2,Familiar 2,1,full,Nonoccluded,0,1043.0,0.47929122581591965,0.04935422167181969,0.47929122581591965,0.04572023641826077,0.007581998287935722,44,1005.0,1125.0,1050.0,1080.0,training_familiar,42
un_un,un -> un,0,naive,Naive,0,familiar_2,Familiar 2,1,full,Nonoccluded,0,1044.0,0.4666737796979586,0.049258556216955185,0.4666737796979586,0.04572023641826077,0.007581998287935722,44,1005.0,1125.0,1050.0,1080.0,training_familiar,42
un_un,un -> un,0,naive,Naive,0,familiar_2,Familiar 2,1,full,Nonoccluded,0,1045.0,1.1890048819426526,0.05473526939749718,1.1890048819426526,0.04572023641826077,0.007581998287935722,44,1005.0,1125.0,1050.0,1080.0,training_familiar,42
un_un,un -> un,0,naive,Naive,0,familiar_2,Familiar 2,1,full,Nonoccluded,0,1046.0,0.8280491302553666,0.051998503506183624,0.8280491302553666,0.04572023641826077,0.007581998287935722,44,1005.0,1125.0,1050.0,1080.0,training_familiar,42
un_un,un -> un,0,naive,Naive,0,familiar_2,Familiar 2,1,full,Nonoccluded,0,1047.0,0.4851415346526238,0.04939857870340347,0.4851415346526238,0.04572023641826077,0.007581998287935722,44,1005.0,1125.0,1050.0,1080.0,training_familiar,42
un_un,un -> un,0,naive,Naive,0,familiar_2,Familiar 2,1,full,Nonoccluded,0,1048.0,0.6512584671995835,0.050658077001571655,0.6512584671995835,0.04572023641826077,0.007581998287935722,44,1005.0,1125.0,1050.0,1080.0,training_familiar,42
un_un,un -> un,0,naive,Naive,0,familiar_2,Familiar 2,1,full,Nonoccluded,0,1049.0,0.31719045388298694,0.04812517389655113,0.31719045388298694,0.04572023641826077,0.007581998287935722,44,1005.0,1125.0,1050.0,1080.0,training_familiar,42
un_un,un -> un,0,naive,Naive,0,familiar_2,Familiar 2,1,full,Nonoccluded,0,1050.0,-0.0001741833344583719,0.04571891576051712,-0.0001741833344583719,0.04572023641826077,0.007581998287935722,44,1005.0,1125.0,1050.0,1080.0,training_familiar,42
un_un,un -> un,0,naive,Naive,0,familiar_2,Familiar 2,1,full,Nonoccluded,0,1051.0,-0.3016707115244243,0.043432969599962234,-0.3016707115244243,0.04572023641826077,0.007581998287935722,44,1005.0,1125.0,1050.0,1080.0,training_familiar,42
un_un,un -> un,0,naive,Naive,0,familiar_2,Familiar 2,1,full,Nonoccluded,0,1052.0,-0.5880926344049991,0.04126131907105446,-0.5880926344049991,0.04572023641826077,0.007581998287935722,44,1005.0,1125.0,1050.0,1080.0,training_familiar,42
un_un,un -> un,0,naive,Naive,0,familiar_2,Familiar 2,1,full,Nonoccluded,0,1053.0,-0.8601931663414023,0.03919825330376625,-0.8601931663414023,0.04572023641826077,0.007581998287935722,44,1005.0,1125.0,1050.0,1080.0,training_familiar,42
un_un,un -> un,0,naive,Naive,0,familiar_2,Familiar 2,1,full,Nonoccluded,0,1054.0,-1.1186886716809854,0.03723834082484245,-1.1186886716809854,0.04572023641826077,0.007581998287935722,44,1005.0,1125.0,1050.0,1080.0,training_familiar,42
un_un,un -> un,0,naive,Naive,0,familiar_2,Familiar 2,1,full,Nonoccluded,0,1055.0,-1.364259647420375,0.035376422107219696,-1.364259647420375,0.04572023641826077,0.007581998287935722,44,1005.0,1125.0,1050.0,1080.0,training_familiar,42
un_un,un -> un,0,naive,Naive,0,familiar_2,Familiar 2,1,full,Nonoccluded,0,1056.0,-1.5975517058726165,0.0336076021194458,-1.5975517058726165,0.04572023641826077,0.007581998287935722,44,1005.0,1125.0,1050.0,1080.0,training_familiar,42
un_un,un -> un,0,naive,Naive,0,familiar_2,Familiar 2,1,full,Nonoccluded,0,1057.0,-1.819179505335746,0.03192722052335739,-1.819179505335746,0.04572023641826077,0.007581998287935722,44,1005.0,1125.0,1050.0,1080.0,training_familiar,42
un_un,un -> un,0,naive,Naive,0,familiar_2,Familiar 2,1,full,Nonoccluded,0,1058.0,-2.0297257674256475,0.030330859124660492,-2.0297257674256475,0.04572023641826077,0.007581998287935722,44,1005.0,1125.0,1050.0,1080.0,training_familiar,42
un_un,un -> un,0,naive,Naive,0,familiar_2,Familiar 2,1,full,Nonoccluded,0,1059.0,-2.229744716411054,0.028814315795898438,-2.229744716411054,0.04572023641826077,0.007581998287935722,44,1005.0,1125.0,1050.0,1080.0,training_familiar,42
un_un,un -> un,0,naive,Naive,0,familiar_2,Familiar 2,1,full,Nonoccluded,0,1060.0,-2.4197628162139044,0.027373598888516426,-2.4197628162139044,0.04572023641826077,0.007581998287935722,44,1005.0,1125.0,1050.0,1080.0,training_familiar,42
un_un,un -> un,0,naive,Naive,0,familiar_2,Familiar 2,1,full,Nonoccluded,0,1061.0,-2.6002799987432734,0.026004917919635773,-2.6002799987432734,0.04572023641826077,0.007581998287935722,44,1005.0,1125.0,1050.0,1080.0,training_familiar,42
un_un,un -> un,0,naive,Naive,0,familiar_2,Familiar 2,1,full,Nonoccluded,0,1062.0,-2.771771137896084,0.024704672396183014,-2.771771137896084,0.04572023641826077,0.007581998287935722,44,1005.0,1125.0,1050.0,1080.0,training_familiar,42
un_un,un -> un,0,naive,Naive,0,familiar_2,Familiar 2,1,full,Nonoccluded,0,1063.0,-2.934687769224612,0.023469438776373863,-2.934687769224612,0.04572023641826077,0.007581998287935722,44,1005.0,1125.0,1050.0,1080.0,training_familiar,42
un_un,un -> un,0,naive,Naive,0,familiar_2,Familiar 2,1,full,Nonoccluded,0,1064.0,-3.089458581270052,0.022295966744422913,-3.089458581270052,0.04572023641826077,0.007581998287935722,44,1005.0,1125.0,1050.0,1080.0,training_familiar,42
un_un,un -> un,0,naive,Naive,0,familiar_2,Familiar 2,1,full,Nonoccluded,0,1065.0,-3.2364908895632385,0.021181168034672737,-3.2364908895632385,0.04572023641826077,0.007581998287935722,44,1005.0,1125.0,1050.0,1080.0,training_familiar,42
un_un,un -> un,0,naive,Naive,0,familiar_2,Familiar 2,1,full,Nonoccluded,0,1066.0,-3.376171619291783,0.020122108981013298,-3.376171619291783,0.04572023641826077,0.007581998287935722,44,1005.0,1125.0,1050.0,1080.0,training_familiar,42
un_un,un -> un,0,naive,Naive,0,familiar_2,Familiar 2,1,full,Nonoccluded,0,1067.0,-3.508868287967222,0.019116003066301346,-3.508868287967222,0.04572023641826077,0.007581998287935722,44,1005.0,1125.0,1050.0,1080.0,training_familiar,42
un_un,un -> un,0,naive,Naive,0,familiar_2,Familiar 2,1,full,Nonoccluded,0,1068.0,-3.634929988092157,0.018160203471779823,-3.634929988092157,0.04572023641826077,0.007581998287935722,44,1005.0,1125.0,1050.0,1080.0,training_familiar,42
un_un,un -> un,0,naive,Naive,0,familiar_2,Familiar 2,1,full,Nonoccluded,0,1069.0,-3.7546886154941843,0.01725219376385212,-3.7546886154941843,0.04572023641826077,0.007581998287935722,44,1005.0,1125.0,1050.0,1080.0,training_familiar,42
un_un,un -> un,0,naive,Naive,0,familiar_2,Familiar 2,1,full,Nonoccluded,0,1070.0,-3.8684593606594677,0.01638958416879177,-3.8684593606594677,0.04572023641826077,0.007581998287935722,44,1005.0,1125.0,1050.0,1080.0,training_familiar,42
un_un,un -> un,0,naive,Naive,0,familiar_2,Familiar 2,1,full,Nonoccluded,0,1071.0,-3.9765415685664864,0.01557010505348444,-3.9765415685664864,0.04572023641826077,0.007581998287935722,44,1005.0,1125.0,1050.0,1080.0,training_familiar,42
un_un,un -> un,0,naive,Naive,0,familiar_2,Familiar 2,1,full,Nonoccluded,0,1072.0,-4.079219721353182,0.014791599474847317,-4.079219721353182,0.04572023641826077,0.007581998287935722,44,1005.0,1125.0,1050.0,1080.0,training_familiar,42
un_un,un -> un,0,naive,Naive,0,familiar_2,Familiar 2,1,full,Nonoccluded,0,1073.0,-4.176763929650524,0.014052019454538822,-4.176763929650524,0.04572023641826077,0.007581998287935722,44,1005.0,1125.0,1050.0,1080.0,training_familiar,42
un_un,un -> un,0,naive,Naive,0,familiar_2,Familiar 2,1,full,Nonoccluded,0,1074.0,-4.26943091524966,0.01334941852837801,-4.26943091524966,0.04572023641826077,0.007581998287935722,44,1005.0,1125.0,1050.0,1080.0,training_familiar,42
un_un,un -> un,0,naive,Naive,0,familiar_2,Familiar 2,1,full,Nonoccluded,0,1075.0,-4.357464625268874,0.012681947089731693,-4.357464625268874,0.04572023641826077,0.007581998287935722,44,1005.0,1125.0,1050.0,1080.0,training_familiar,42
un_un,un -> un,0,naive,Naive,0,familiar_2,Familiar 2,1,full,Nonoccluded,0,1076.0,-4.441096600653771,0.012047849595546722,-4.441096600653771,0.04572023641826077,0.007581998287935722,44,1005.0,1125.0,1050.0,1080.0,training_familiar,42
un_un,un -> un,0,naive,Naive,0,familiar_2,Familiar 2,1,full,Nonoccluded,0,1077.0,-4.520546958844415,0.011445457115769386,-4.520546958844415,0.04572023641826077,0.007581998287935722,44,1005.0,1125.0,1050.0,1080.0,training_familiar,42
un_un,un -> un,0,naive,Naive,0,familiar_2,Familiar 2,1,full,Nonoccluded,0,1078.0,-4.5960247622755075,0.01087318453937769,-4.5960247622755075,0.04572023641826077,0.007581998287935722,44,1005.0,1125.0,1050.0,1080.0,training_familiar,42
un_un,un -> un,0,naive,Naive,0,familiar_2,Familiar 2,1,full,Nonoccluded,0,1079.0,-4.667728755376752,0.010329524986445904,-4.667728755376752,0.04572023641826077,0.007581998287935722,44,1005.0,1125.0,1050.0,1080.0,training_familiar,42
un_un,un -> un,0,naive,Naive,0,familiar_2,Familiar 2,1,full,Nonoccluded,0,1080.0,-4.735847487406237,0.009813048876821995,-4.735847487406237,0.04572023641826077,0.007581998287935722,44,1005.0,1125.0,1050.0,1080.0,training_familiar,42
un_un,un -> un,0,naive,Naive,0,familiar_2,Familiar 2,1,full,Nonoccluded,0,1081.0,-4.800560295117587,0.009322396479547024,-4.800560295117587,0.04572023641826077,0.007581998287935722,44,1005.0,1125.0,1050.0,1080.0,training_familiar,42
un_un,un -> un,0,naive,Naive,0,familiar_2,Familiar 2,1,full,Nonoccluded,0,1082.0,-3.8219219644276974,0.01674243062734604,-3.8219219644276974,0.04572023641826077,0.007581998287935722,44,1005.0,1125.0,1050.0,1080.0,training_familiar,42
un_un,un -> un,0,naive,Naive,0,familiar_2,Familiar 2,1,full,Nonoccluded,0,1083.0,-3.5516435430414677,0.0187916811555624,-3.5516435430414677,0.04572023641826077,0.007581998287935722,44,1005.0,1125.0,1050.0,1080.0,training_familiar,42
un_un,un -> un,0,naive,Naive,0,familiar_2,Familiar 2,1,full,Nonoccluded,0,1084.0,-2.573970314319538,0.026204397901892662,-2.573970314319538,0.04572023641826077,0.007581998287935722,44,1005.0,1125.0,1050.0,1080.0,training_familiar,42
un_un,un -> un,0,naive,Naive,0,familiar_2,Familiar 2,1,full,Nonoccluded,0,1085.0,-2.746776999110232,0.02489417791366577,-2.746776999110232,0.04572023641826077,0.007581998287935722,44,1005.0,1125.0,1050.0,1080.0,training_familiar,42
un_un,un -> un,0,naive,Naive,0,familiar_2,Familiar 2,1,full,Nonoccluded,0,1086.0,-2.640690956671116,0.025698522105813026,-2.640690956671116,0.04572023641826077,0.007581998287935722,44,1005.0,1125.0,1050.0,1080.0,training_familiar,42
un_un,un -> un,0,naive,Naive,0,familiar_2,Familiar 2,1,full,Nonoccluded,0,1087.0,-2.6122960525696306,0.025913812220096588,-2.6122960525696306,0.04572023641826077,0.007581998287935722,44,1005.0,1125.0,1050.0,1080.0,training_familiar,42
un_un,un -> un,0,naive,Naive,0,familiar_2,Familiar 2,1,full,Nonoccluded,0,1088.0,-2.783186536431195,0.0246181208640337,-2.783186536431195,0.04572023641826077,0.007581998287935722,44,1005.0,1125.0,1050.0,1080.0,training_familiar,42
un_un,un -> un,0,naive,Naive,0,familiar_2,Familiar 2,1,full,Nonoccluded,0,1089.0,-2.945532483816342,0.023387214168906212,-2.945532483816342,0.04572023641826077,0.007581998287935722,44,1005.0,1125.0,1050.0,1080.0,training_familiar,42
un_un,un -> un,0,naive,Naive,0,familiar_2,Familiar 2,1,full,Nonoccluded,0,1090.0,-3.099761109265553,0.022217852994799614,-3.099761109265553,0.04572023641826077,0.007581998287935722,44,1005.0,1125.0,1050.0,1080.0,training_familiar,42
un_un,un -> un,0,naive,Naive,0,familiar_2,Familiar 2,1,full,Nonoccluded,0,1091.0,-2.4639877509910724,0.02703828550875187,-2.4639877509910724,0.04572023641826077,0.007581998287935722,44,1005.0,1125.0,1050.0,1080.0,training_familiar,42
un_un,un -> un,0,naive,Naive,0,familiar_2,Familiar 2,1,full,Nonoccluded,0,1092.0,-2.6422936867815827,0.025686370208859444,-2.6422936867815827,0.04572023641826077,0.007581998287935722,44,1005.0,1125.0,1050.0,1080.0,training_familiar,42
un_un,un -> un,0,naive,Naive,0,familiar_2,Familiar 2,1,full,Nonoccluded,0,1093.0,-1.923091888054229,0.031139357015490532,-1.923091888054229,0.04572023641826077,0.007581998287935722,44,1005.0,1125.0,1050.0,1080.0,training_familiar,42
un_un,un -> un,0,naive,Naive,0,familiar_2,Familiar 2,1,full,Nonoccluded,0,1094.0,-2.1284425432915457,0.029582388699054718,-2.1284425432915457,0.04572023641826077,0.007581998287935722,44,1005.0,1125.0,1050.0,1080.0,training_familiar,42
un_un,un -> un,0,naive,Naive,0,familiar_2,Familiar 2,1,full,Nonoccluded,0,1095.0,-2.1624099070950114,0.02932484820485115,-2.1624099070950114,0.04572023641826077,0.007581998287935722,44,1005.0,1125.0,1050.0,1080.0,training_familiar,42
un_un,un -> un,0,naive,Naive,0,familiar_2,Familiar 2,1,full,Nonoccluded,0,1096.0,-1.4831923430885905,0.03447467461228371,-1.4831923430885905,0.04572023641826077,0.007581998287935722,44,1005.0,1125.0,1050.0,1080.0,training_familiar,42
un_un,un -> un,0,naive,Naive,0,familiar_2,Familiar 2,1,full,Nonoccluded,0,1097.0,-1.7105377913240998,0.032750941812992096,-1.7105377913240998,0.04572023641826077,0.007581998287935722,44,1005.0,1125.0,1050.0,1080.0,training_familiar,42
un_un,un -> un,0,naive,Naive,0,familiar_2,Familiar 2,1,full,Nonoccluded,0,1098.0,-1.436935252659402,0.0348253957927227,-1.436935252659402,0.04572023641826077,0.007581998287935722,44,1005.0,1125.0,1050.0,1080.0,training_familiar,42
un_un,un -> un,0,naive,Naive,0,familiar_2,Familiar 2,1,full,Nonoccluded,0,1099.0,-1.6665938993498708,0.03308412432670593,-1.6665938993498708,0.04572023641826077,0.007581998287935722,44,1005.0,1125.0,1050.0,1080.0,training_familiar,42
un_un,un -> un,0,naive,Naive,0,familiar_2,Familiar 2,1,full,Nonoccluded,0,1100.0,-1.5333683100846347,0.03409424051642418,-1.5333683100846347,0.04572023641826077,0.007581998287935722,44,1005.0,1125.0,1050.0,1080.0,training_familiar,42
un_un,un -> un,0,naive,Naive,0,familiar_2,Familiar 2,1,full,Nonoccluded,0,1101.0,-0.7475559277257351,0.04005226865410805,-0.7475559277257351,0.04572023641826077,0.007581998287935722,44,1005.0,1125.0,1050.0,1080.0,training_familiar,42
un_un,un -> un,0,naive,Naive,0,familiar_2,Familiar 2,1,full,Nonoccluded,0,1102.0,-0.157600407667458,0.04452531039714813,-0.157600407667458,0.04572023641826077,0.007581998287935722,44,1005.0,1125.0,1050.0,1080.0,training_familiar,42
un_un,un -> un,0,naive,Naive,0,familiar_2,Familiar 2,1,full,Nonoccluded,0,1103.0,-0.0003142134023563042,0.04571785405278206,-0.0003142134023563042,0.04572023641826077,0.007581998287935722,44,1005.0,1125.0,1050.0,1080.0,training_familiar,42
un_un,un -> un,0,naive,Naive,0,familiar_2,Familiar 2,1,full,Nonoccluded,0,1104.0,-0.0070331999935991955,0.04566691070795059,-0.0070331999935991955,0.04572023641826077,0.007581998287935722,44,1005.0,1125.0,1050.0,1080.0,training_familiar,42
un_un,un -> un,0,naive,Naive,0,familiar_2,Familiar 2,1,full,Nonoccluded,0,1105.0,-0.3081867773506081,0.04338356480002403,-0.3081867773506081,0.04572023641826077,0.007581998287935722,44,1005.0,1125.0,1050.0,1080.0,training_familiar,42
un_un,un -> un,0,naive,Naive,0,familiar_2,Familiar 2,1,full,Nonoccluded,0,1106.0,-0.5942824547396593,0.041214387863874435,-0.5942824547396593,0.04572023641826077,0.007581998287935722,44,1005.0,1125.0,1050.0,1080.0,training_familiar,42
un_un,un -> un,0,naive,Naive,0,familiar_2,Familiar 2,1,full,Nonoccluded,0,1107.0,-0.17970304838461057,0.04435772821307182,-0.17970304838461057,0.04572023641826077,0.007581998287935722,44,1005.0,1125.0,1050.0,1080.0,training_familiar,42
un_un,un -> un,0,naive,Naive,0,familiar_2,Familiar 2,1,full,Nonoccluded,0,1108.0,0.0378083584158913,0.04600689932703972,0.0378083584158913,0.04572023641826077,0.007581998287935722,44,1005.0,1125.0,1050.0,1080.0,training_familiar,42
un_un,un -> un,0,naive,Naive,0,familiar_2,Familiar 2,1,full,Nonoccluded,0,1109.0,-0.26558717402819926,0.04370655491948128,-0.26558717402819926,0.04572023641826077,0.007581998287935722,44,1005.0,1125.0,1050.0,1080.0,training_familiar,42
un_un,un -> un,0,naive,Naive,0,familiar_2,Familiar 2,1,full,Nonoccluded,0,1110.0,-0.45323336101428735,0.04228382185101509,-0.45323336101428735,0.04572023641826077,0.007581998287935722,44,1005.0,1125.0,1050.0,1080.0,training_familiar,42
un_un,un -> un,0,naive,Naive,0,familiar_2,Familiar 2,1,full,Nonoccluded,0,1111.0,-0.7320769548869405,0.04016963019967079,-0.7320769548869405,0.04572023641826077,0.007581998287935722,44,1005.0,1125.0,1050.0,1080.0,training_familiar,42
un_un,un -> un,0,naive,Naive,0,familiar_2,Familiar 2,1,full,Nonoccluded,0,1112.0,0.0793692825679976,0.046322014182806015,0.0793692825679976,0.04572023641826077,0.007581998287935722,44,1005.0,1125.0,1050.0,1080.0,training_familiar,42
un_un,un -> un,0,naive,Naive,0,familiar_2,Familiar 2,1,full,Nonoccluded,0,1113.0,0.38387915955241275,0.04863080754876137,0.38387915955241275,0.04572023641826077,0.007581998287935722,44,1005.0,1125.0,1050.0,1080.0,training_familiar,42
un_un,un -> un,0,naive,Naive,0,familiar_2,Familiar 2,1,full,Nonoccluded,0,1114.0,0.5670895870543516,0.05001990869641304,0.5670895870543516,0.04572023641826077,0.007581998287935722,44,1005.0,1125.0,1050.0,1080.0,training_familiar,42
un_un,un -> un,0,naive,Naive,0,familiar_2,Familiar 2,1,full,Nonoccluded,0,1115.0,1.2342739005594103,0.055078499019145966,1.2342739005594103,0.04572023641826077,0.007581998287935722,44,1005.0,1125.0,1050.0,1080.0,training_familiar,42
un_un,un -> un,0,naive,Naive,0,familiar_2,Familiar 2,1,full,Nonoccluded,0,1116.0,1.2801256407920523,0.05542614683508873,1.2801256407920523,0.04572023641826077,0.007581998287935722,44,1005.0,1125.0,1050.0,1080.0,training_familiar,42
un_un,un -> un,0,naive,Naive,0,familiar_2,Familiar 2,1,full,Nonoccluded,0,1117.0,1.7442545638393916,0.058945171535015106,1.7442545638393916,0.04572023641826077,0.007581998287935722,44,1005.0,1125.0,1050.0,1080.0,training_familiar,42
un_un,un -> un,0,naive,Naive,0,familiar_2,Familiar 2,1,full,Nonoccluded,0,1118.0,1.3555365000240187,0.05599791184067726,1.3555365000240187,0.04572023641826077,0.007581998287935722,44,1005.0,1125.0,1050.0,1080.0,training_familiar,42
un_un,un -> un,0,naive,Naive,0,familiar_2,Familiar 2,1,full,Nonoccluded,0,1119.0,0.986254609632879,0.05319801717996597,0.986254609632879,0.04572023641826077,0.007581998287935722,44,1005.0,1125.0,1050.0,1080.0,training_familiar,42
un_un,un -> un,0,naive,Naive,0,familiar_2,Familiar 2,1,full,Nonoccluded,0,1120.0,0.6354365435278319,0.050538115203380585,0.6354365435278319,0.04572023641826077,0.007581998287935722,44,1005.0,1125.0,1050.0,1080.0,training_familiar,42
un_un,un -> un,0,naive,Naive,0,familiar_2,Familiar 2,1,full,Nonoccluded,0,1121.0,0.710971710153406,0.05111082270741463,0.710971710153406,0.04572023641826077,0.007581998287935722,44,1005.0,1125.0,1050.0,1080.0,training_familiar,42
un_un,un -> un,0,naive,Naive,0,familiar_2,Familiar 2,1,full,Nonoccluded,0,1122.0,1.3388724306105932,0.05587156489491463,1.3388724306105932,0.04572023641826077,0.007581998287935722,44,1005.0,1125.0,1050.0,1080.0,training_familiar,42
un_un,un -> un,0,naive,Naive,0,familiar_2,Familiar 2,1,full,Nonoccluded,0,1123.0,1.013742757628029,0.05340643227100372,1.013742757628029,0.04572023641826077,0.007581998287935722,44,1005.0,1125.0,1050.0,1080.0,training_familiar,42
un_un,un -> un,0,naive,Naive,0,familiar_2,Familiar 2,1,full,Nonoccluded,0,1124.0,1.5283871591693685,0.057308465242385864,1.5283871591693685,0.04572023641826077,0.007581998287935722,44,1005.0,1125.0,1050.0,1080.0,training_familiar,42
un_un,un -> un,0,naive,Naive,0,familiar_2,Familiar 2,1,occlusion,Occluded,1,1006.0,-0.09051878121022615,0.04227844253182411,-0.09051878121022615,0.04276855802163482,0.00541451711189562,44,1005.0,1125.0,1050.0,1080.0,training_familiar,42
un_un,un -> un,0,naive,Naive,0,familiar_2,Familiar 2,1,occlusion,Occluded,1,1007.0,1.7695472905486256,0.05234980210661888,1.7695472905486256,0.04276855802163482,0.00541451711189562,44,1005.0,1125.0,1050.0,1080.0,training_familiar,42
un_un,un -> un,0,naive,Naive,0,familiar_2,Familiar 2,1,occlusion,Occluded,1,1008.0,1.2861266100992443,0.04973231256008148,1.2861266100992443,0.04276855802163482,0.00541451711189562,44,1005.0,1125.0,1050.0,1080.0,training_familiar,42
un_un,un -> un,0,naive,Naive,0,familiar_2,Familiar 2,1,occlusion,Occluded,1,1009.0,0.8268767228657048,0.04724569618701935,0.8268767228657048,0.04276855802163482,0.00541451711189562,44,1005.0,1125.0,1050.0,1080.0,training_familiar,42
un_un,un -> un,0,naive,Naive,0,familiar_2,Familiar 2,1,occlusion,Occluded,1,1010.0,0.3905894675976293,0.04488341137766838,0.3905894675976293,0.04276855802163482,0.00541451711189562,44,1005.0,1125.0,1050.0,1080.0,training_familiar,42
un_un,un -> un,0,naive,Naive,0,familiar_2,Familiar 2,1,occlusion,Occluded,1,1011.0,0.1838370254657999,0.04376394674181938,0.1838370254657999,0.04276855802163482,0.00541451711189562,44,1005.0,1125.0,1050.0,1080.0,training_familiar,42
un_un,un -> un,0,naive,Naive,0,familiar_2,Familiar 2,1,occlusion,Occluded,1,1012.0,-0.22029841693701416,0.04157574847340584,-0.22029841693701416,0.04276855802163482,0.00541451711189562,44,1005.0,1125.0,1050.0,1080.0,training_familiar,42
un_un,un -> un,0,naive,Naive,0,familiar_2,Familiar 2,1,occlusion,Occluded,1,1013.0,0.5493071797429167,0.04574279114603996,0.5493071797429167,0.04276855802163482,0.00541451711189562,44,1005.0,1125.0,1050.0,1080.0,training_familiar,42
un_un,un -> un,0,naive,Naive,0,familiar_2,Familiar 2,1,occlusion,Occluded,1,1014.0,0.699973006288449,0.046558573842048645,0.699973006288449,0.04276855802163482,0.00541451711189562,44,1005.0,1125.0,1050.0,1080.0,training_familiar,42
un_un,un -> un,0,naive,Naive,0,familiar_2,Familiar 2,1,occlusion,Occluded,1,1015.0,1.2487836943671837,0.04953011870384216,1.2487836943671837,0.04276855802163482,0.00541451711189562,44,1005.0,1125.0,1050.0,1080.0,training_familiar,42
un_un,un -> un,0,naive,Naive,0,familiar_2,Familiar 2,1,occlusion,Occluded,1,1016.0,0.7914010905240342,0.047053612768650055,0.7914010905240342,0.04276855802163482,0.00541451711189562,44,1005.0,1125.0,1050.0,1080.0,training_familiar,42
un_un,un -> un,0,naive,Naive,0,familiar_2,Familiar 2,1,occlusion,Occluded,1,1017.0,0.3568875480711487,0.04470093175768852,0.3568875480711487,0.04276855802163482,0.00541451711189562,44,1005.0,1125.0,1050.0,1080.0,training_familiar,42
un_un,un -> un,0,naive,Naive,0,familiar_2,Familiar 2,1,occlusion,Occluded,1,1018.0,0.3682577489958306,0.044762495905160904,0.3682577489958306,0.04276855802163482,0.00541451711189562,44,1005.0,1125.0,1050.0,1080.0,training_familiar,42
un_un,un -> un,0,naive,Naive,0,familiar_2,Familiar 2,1,occlusion,Occluded,1,1019.0,0.7024168495466162,0.04657180607318878,0.7024168495466162,0.04276855802163482,0.00541451711189562,44,1005.0,1125.0,1050.0,1080.0,training_familiar,42
un_un,un -> un,0,naive,Naive,0,familiar_2,Familiar 2,1,occlusion,Occluded,1,1020.0,0.27235272554828216,0.0442432165145874,0.27235272554828216,0.04276855802163482,0.00541451711189562,44,1005.0,1125.0,1050.0,1080.0,training_familiar,42
un_un,un -> un,0,naive,Naive,0,familiar_2,Familiar 2,1,occlusion,Occluded,1,1021.0,0.23230589540051289,0.04402638226747513,0.23230589540051289,0.04276855802163482,0.00541451711189562,44,1005.0,1125.0,1050.0,1080.0,training_familiar,42
un_un,un -> un,0,naive,Naive,0,familiar_2,Familiar 2,1,occlusion,Occluded,1,1022.0,1.5373408998866298,0.051092516630887985,1.5373408998866298,0.04276855802163482,0.00541451711189562,44,1005.0,1125.0,1050.0,1080.0,training_familiar,42
un_un,un -> un,0,naive,Naive,0,familiar_2,Familiar 2,1,occlusion,Occluded,1,1023.0,1.0655305389703482,0.04853789135813713,1.0655305389703482,0.04276855802163482,0.00541451711189562,44,1005.0,1125.0,1050.0,1080.0,training_familiar,42
un_un,un -> un,0,naive,Naive,0,familiar_2,Familiar 2,1,occlusion,Occluded,1,1024.0,0.9109086035468708,0.04770068824291229,0.9109086035468708,0.04276855802163482,0.00541451711189562,44,1005.0,1125.0,1050.0,1080.0,training_familiar,42
un_un,un -> un,0,naive,Naive,0,familiar_2,Familiar 2,1,occlusion,Occluded,1,1025.0,0.7178442981327315,0.04665533825755119,0.7178442981327315,0.04276855802163482,0.00541451711189562,44,1005.0,1125.0,1050.0,1080.0,training_familiar,42
un_un,un -> un,0,naive,Naive,0,familiar_2,Familiar 2,1,occlusion,Occluded,1,1026.0,1.3972285957895845,0.05033387616276741,1.3972285957895845,0.04276855802163482,0.00541451711189562,44,1005.0,1125.0,1050.0,1080.0,training_familiar,42
un_un,un -> un,0,naive,Naive,0,familiar_2,Familiar 2,1,occlusion,Occluded,1,1027.0,0.9324236436724745,0.047817181795835495,0.9324236436724745,0.04276855802163482,0.00541451711189562,44,1005.0,1125.0,1050.0,1080.0,training_familiar,42
un_un,un -> un,0,naive,Naive,0,familiar_2,Familiar 2,1,occlusion,Occluded,1,1028.0,0.4908585951517526,0.045426320284605026,0.4908585951517526,0.04276855802163482,0.00541451711189562,44,1005.0,1125.0,1050.0,1080.0,training_familiar,42
un_un,un -> un,0,naive,Naive,0,familiar_2,Familiar 2,1,occlusion,Occluded,1,1029.0,0.6774108013433265,0.046436410397291183,0.6774108013433265,0.04276855802163482,0.00541451711189562,44,1005.0,1125.0,1050.0,1080.0,training_familiar,42
un_un,un -> un,0,naive,Naive,0,familiar_2,Familiar 2,1,occlusion,Occluded,1,1030.0,0.3437346900851179,0.044629715383052826,0.3437346900851179,0.04276855802163482,0.00541451711189562,44,1005.0,1125.0,1050.0,1080.0,training_familiar,42
un_un,un -> un,0,naive,Naive,0,familiar_2,Familiar 2,1,occlusion,Occluded,1,1031.0,-0.06839553234582177,0.042398229241371155,-0.06839553234582177,0.04276855802163482,0.00541451711189562,44,1005.0,1125.0,1050.0,1080.0,training_familiar,42
un_un,un -> un,0,naive,Naive,0,familiar_2,Familiar 2,1,occlusion,Occluded,1,1032.0,-0.4599195876646821,0.04027831554412842,-0.4599195876646821,0.04276855802163482,0.00541451711189562,44,1005.0,1125.0,1050.0,1080.0,training_familiar,42
un_un,un -> un,0,naive,Naive,0,familiar_2,Familiar 2,1,occlusion,Occluded,1,1033.0,-0.8318674402175995,0.03826439753174782,-0.8318674402175995,0.04276855802163482,0.00541451711189562,44,1005.0,1125.0,1050.0,1080.0,training_familiar,42
un_un,un -> un,0,naive,Naive,0,familiar_2,Familiar 2,1,occlusion,Occluded,1,1034.0,-0.0002011595362068179,0.042767468839883804,-0.0002011595362068179,0.04276855802163482,0.00541451711189562,44,1005.0,1125.0,1050.0,1080.0,training_familiar,42
un_un,un -> un,0,naive,Naive,0,familiar_2,Familiar 2,1,occlusion,Occluded,1,1035.0,-0.29563855440860093,0.04116781800985336,-0.29563855440860093,0.04276855802163482,0.00541451711189562,44,1005.0,1125.0,1050.0,1080.0,training_familiar,42
un_un,un -> un,0,naive,Naive,0,familiar_2,Familiar 2,1,occlusion,Occluded,1,1036.0,-0.4070625329606589,0.040564510971307755,-0.4070625329606589,0.04276855802163482,0.00541451711189562,44,1005.0,1125.0,1050.0,1080.0,training_familiar,42
un_un,un -> un,0,naive,Naive,0,familiar_2,Familiar 2,1,occlusion,Occluded,1,1037.0,-0.7816530662440436,0.03853628411889076,-0.7816530662440436,0.04276855802163482,0.00541451711189562,44,1005.0,1125.0,1050.0,1080.0,training_familiar,42
un_un,un -> un,0,naive,Naive,0,familiar_2,Familiar 2,1,occlusion,Occluded,1,1038.0,-0.8313988993226638,0.03826693445444107,-0.8313988993226638,0.04276855802163482,0.00541451711189562,44,1005.0,1125.0,1050.0,1080.0,training_familiar,42
un_un,un -> un,0,naive,Naive,0,familiar_2,Familiar 2,1,occlusion,Occluded,1,1039.0,-1.0881737581451016,0.0368766225874424,-1.0881737581451016,0.04276855802163482,0.00541451711189562,44,1005.0,1125.0,1050.0,1080.0,training_familiar,42
un_un,un -> un,0,naive,Naive,0,familiar_2,Familiar 2,1,occlusion,Occluded,1,1040.0,-1.1557028166442866,0.03651098534464836,-1.1557028166442866,0.04276855802163482,0.00541451711189562,44,1005.0,1125.0,1050.0,1080.0,training_familiar,42
un_un,un -> un,0,naive,Naive,0,familiar_2,Familiar 2,1,occlusion,Occluded,1,1041.0,0.033853713704080024,0.042951859533786774,0.033853713704080024,0.04276855802163482,0.00541451711189562,44,1005.0,1125.0,1050.0,1080.0,training_familiar,42
un_un,un -> un,0,naive,Naive,0,familiar_2,Familiar 2,1,occlusion,Occluded,1,1042.0,-0.24946560366096673,0.04141782224178314,-0.24946560366096673,0.04276855802163482,0.00541451711189562,44,1005.0,1125.0,1050.0,1080.0,training_familiar,42
un_un,un -> un,0,naive,Naive,0,familiar_2,Familiar 2,1,occlusion,Occluded,1,1043.0,-0.6319360178102827,0.039346929639577866,-0.6319360178102827,0.04276855802163482,0.00541451711189562,44,1005.0,1125.0,1050.0,1080.0,training_familiar,42
un_un,un -> un,0,naive,Naive,0,familiar_2,Familiar 2,1,occlusion,Occluded,1,1044.0,-0.9952829456530798,0.03737958148121834,-0.9952829456530798,0.04276855802163482,0.00541451711189562,44,1005.0,1125.0,1050.0,1080.0,training_familiar,42
un_un,un -> un,0,naive,Naive,0,familiar_2,Familiar 2,1,occlusion,Occluded,1,1045.0,-1.3404620454904823,0.035510603338479996,-1.3404620454904823,0.04276855802163482,0.00541451711189562,44,1005.0,1125.0,1050.0,1080.0,training_familiar,42
un_un,un -> un,0,naive,Naive,0,familiar_2,Familiar 2,1,occlusion,Occluded,1,1046.0,-1.6683821903360145,0.03373507410287857,-1.6683821903360145,0.04276855802163482,0.00541451711189562,44,1005.0,1125.0,1050.0,1080.0,training_familiar,42
un_un,un -> un,0,naive,Naive,0,familiar_2,Familiar 2,1,occlusion,Occluded,1,1047.0,-1.9799068439534717,0.03204831853508949,-1.9799068439534717,0.04276855802163482,0.00541451711189562,44,1005.0,1125.0,1050.0,1080.0,training_familiar,42
un_un,un -> un,0,naive,Naive,0,familiar_2,Familiar 2,1,occlusion,Occluded,1,1048.0,-2.2758550928853225,0.030445901677012444,-2.2758550928853225,0.04276855802163482,0.00541451711189562,44,1005.0,1125.0,1050.0,1080.0,training_familiar,42
un_un,un -> un,0,naive,Naive,0,familiar_2,Familiar 2,1,occlusion,Occluded,1,1049.0,-2.4136759499183684,0.029699668288230896,-2.4136759499183684,0.04276855802163482,0.00541451711189562,44,1005.0,1125.0,1050.0,1080.0,training_familiar,42
un_un,un -> un,0,naive,Naive,0,familiar_2,Familiar 2,1,occlusion,Occluded,1,1050.0,-2.6879357779529207,0.02821468375623226,-2.6879357779529207,0.04276855802163482,0.00541451711189562,44,1005.0,1125.0,1050.0,1080.0,training_familiar,42
un_un,un -> un,0,naive,Naive,0,familiar_2,Familiar 2,1,occlusion,Occluded,1,1051.0,-2.9484823565786447,0.02680394984781742,-2.9484823565786447,0.04276855802163482,0.00541451711189562,44,1005.0,1125.0,1050.0,1080.0,training_familiar,42
un_un,un -> un,0,naive,Naive,0,familiar_2,Familiar 2,1,occlusion,Occluded,1,1052.0,-3.1960016406740297,0.025463752448558807,-3.1960016406740297,0.04276855802163482,0.00541451711189562,44,1005.0,1125.0,1050.0,1080.0,training_familiar,42
un_un,un -> un,0,naive,Naive,0,familiar_2,Familiar 2,1,occlusion,Occluded,1,1053.0,-2.884693025002255,0.027149338275194168,-2.884693025002255,0.04276855802163482,0.00541451711189562,44,1005.0,1125.0,1050.0,1080.0,training_familiar,42
un_un,un -> un,0,naive,Naive,0,familiar_2,Familiar 2,1,occlusion,Occluded,1,1054.0,-3.1354019648816664,0.025791870430111885,-3.1354019648816664,0.04276855802163482,0.00541451711189562,44,1005.0,1125.0,1050.0,1080.0,training_familiar,42
un_un,un -> un,0,naive,Naive,0,familiar_2,Familiar 2,1,occlusion,Occluded,1,1055.0,-3.373575199760006,0.024502277374267578,-3.373575199760006,0.04276855802163482,0.00541451711189562,44,1005.0,1125.0,1050.0,1080.0,training_familiar,42
un_un,un -> un,0,naive,Naive,0,familiar_2,Familiar 2,1,occlusion,Occluded,1,1056.0,-2.469612577376771,0.029396798461675644,-2.469612577376771,0.04276855802163482,0.00541451711189562,44,1005.0,1125.0,1050.0,1080.0,training_familiar,42
un_un,un -> un,0,naive,Naive,0,familiar_2,Familiar 2,1,occlusion,Occluded,1,1057.0,-1.9135460416064174,0.03240763023495674,-1.9135460416064174,0.04276855802163482,0.00541451711189562,44,1005.0,1125.0,1050.0,1080.0,training_familiar,42
un_un,un -> un,0,naive,Naive,0,familiar_2,Familiar 2,1,occlusion,Occluded,1,1058.0,-2.212812261853727,0.03078724816441536,-2.212812261853727,0.04276855802163482,0.00541451711189562,44,1005.0,1125.0,1050.0,1080.0,training_familiar,42
un_un,un -> un,0,naive,Naive,0,familiar_2,Familiar 2,1,occlusion,Occluded,1,1059.0,-2.4971151022867777,0.029247885569930077,-2.4971151022867777,0.04276855802163482,0.00541451711189562,44,1005.0,1125.0,1050.0,1080.0,training_familiar,42
un_un,un -> un,0,naive,Naive,0,familiar_2,Familiar 2,1,occlusion,Occluded,1,1060.0,-2.7672027834977024,0.027785491198301315,-2.7672027834977024,0.04276855802163482,0.00541451711189562,44,1005.0,1125.0,1050.0,1080.0,training_familiar,42
un_un,un -> un,0,naive,Naive,0,familiar_2,Familiar 2,1,occlusion,Occluded,1,1061.0,-1.875060326422832,0.032616011798381805,-1.875060326422832,0.04276855802163482,0.00541451711189562,44,1005.0,1125.0,1050.0,1080.0,training_familiar,42
un_un,un -> un,0,naive,Naive,0,familiar_2,Familiar 2,1,occlusion,Occluded,1,1062.0,-1.240928410178189,0.036049529910087585,-1.240928410178189,0.04276855802163482,0.00541451711189562,44,1005.0,1125.0,1050.0,1080.0,training_familiar,42
un_un,un -> un,0,naive,Naive,0,familiar_2,Familiar 2,1,occlusion,Occluded,1,1063.0,-1.573825684001644,0.03424705192446709,-1.573825684001644,0.04276855802163482,0.00541451711189562,44,1005.0,1125.0,1050.0,1080.0,training_familiar,42
un_un,un -> un,0,naive,Naive,0,familiar_2,Familiar 2,1,occlusion,Occluded,1,1064.0,-1.8900777157235118,0.03253469988703728,-1.8900777157235118,0.04276855802163482,0.00541451711189562,44,1005.0,1125.0,1050.0,1080.0,training_familiar,42
un_un,un -> un,0,naive,Naive,0,familiar_2,Familiar 2,1,occlusion,Occluded,1,1065.0,-2.190517352264967,0.03090796433389187,-2.190517352264967,0.04276855802163482,0.00541451711189562,44,1005.0,1125.0,1050.0,1080.0,training_familiar,42
un_un,un -> un,0,naive,Naive,0,familiar_2,Familiar 2,1,occlusion,Occluded,1,1066.0,-1.084479784481504,0.03689662367105484,-1.084479784481504,0.04276855802163482,0.00541451711189562,44,1005.0,1125.0,1050.0,1080.0,training_familiar,42
un_un,un -> un,0,naive,Naive,0,familiar_2,Familiar 2,1,occlusion,Occluded,1,1067.0,-1.4251991455803255,0.03505179286003113,-1.4251991455803255,0.04276855802163482,0.00541451711189562,44,1005.0,1125.0,1050.0,1080.0,training_familiar,42
un_un,un -> un,0,naive,Naive,0,familiar_2,Familiar 2,1,occlusion,Occluded,1,1068.0,-1.7023689497017072,0.03355105221271515,-1.7023689497017072,0.04276855802163482,0.00541451711189562,44,1005.0,1125.0,1050.0,1080.0,training_familiar,42
un_un,un -> un,0,naive,Naive,0,familiar_2,Familiar 2,1,occlusion,Occluded,1,1069.0,-2.0121941965489865,0.03187349811196327,-2.0121941965489865,0.04276855802163482,0.00541451711189562,44,1005.0,1125.0,1050.0,1080.0,training_familiar,42
un_un,un -> un,0,naive,Naive,0,familiar_2,Familiar 2,1,occlusion,Occluded,1,1070.0,-1.1356759614757255,0.03661942109465599,-1.1356759614757255,0.04276855802163482,0.00541451711189562,44,1005.0,1125.0,1050.0,1080.0,training_familiar,42
un_un,un -> un,0,naive,Naive,0,familiar_2,Familiar 2,1,occlusion,Occluded,1,1071.0,-1.4738358921352503,0.03478844836354256,-1.4738358921352503,0.04276855802163482,0.00541451711189562,44,1005.0,1125.0,1050.0,1080.0,training_familiar,42
un_un,un -> un,0,naive,Naive,0,familiar_2,Familiar 2,1,occlusion,Occluded,1,1072.0,-1.3024538154479914,0.03571639955043793,-1.3024538154479914,0.04276855802163482,0.00541451711189562,44,1005.0,1125.0,1050.0,1080.0,training_familiar,42
un_un,un -> un,0,naive,Naive,0,familiar_2,Familiar 2,1,occlusion,Occluded,1,1073.0,-0.6375055310914942,0.039316773414611816,-0.6375055310914942,0.04276855802163482,0.00541451711189562,44,1005.0,1125.0,1050.0,1080.0,training_familiar,42
un_un,un -> un,0,naive,Naive,0,familiar_2,Familiar 2,1,occlusion,Occluded,1,1074.0,0.5661209864836511,0.045833829790353775,0.5661209864836511,0.04276855802163482,0.00541451711189562,44,1005.0,1125.0,1050.0,1080.0,training_familiar,42
un_un,un -> un,0,naive,Naive,0,familiar_2,Familiar 2,1,occlusion,Occluded,1,1075.0,0.14287169003941208,0.04354213923215866,0.14287169003941208,0.04276855802163482,0.00541451711189562,44,1005.0,1125.0,1050.0,1080.0,training_familiar,42
un_un,un -> un,0,naive,Naive,0,familiar_2,Familiar 2,1,occlusion,Occluded,1,1076.0,-0.2592155199930294,0.04136503115296364,-0.2592155199930294,0.04276855802163482,0.00541451711189562,44,1005.0,1125.0,1050.0,1080.0,training_familiar,42
un_un,un -> un,0,naive,Naive,0,familiar_2,Familiar 2,1,occlusion,Occluded,1,1077.0,-0.43551349197296957,0.04041046276688576,-0.43551349197296957,0.04276855802163482,0.00541451711189562,44,1005.0,1125.0,1050.0,1080.0,training_familiar,42
un_un,un -> un,0,naive,Naive,0,familiar_2,Familiar 2,1,occlusion,Occluded,1,1078.0,-0.8086812020981646,0.038389939814805984,-0.8086812020981646,0.04276855802163482,0.00541451711189562,44,1005.0,1125.0,1050.0,1080.0,training_familiar,42
un_un,un -> un,0,naive,Naive,0,familiar_2,Familiar 2,1,occlusion,Occluded,1,1079.0,-0.8157781174157305,0.03835151344537735,-0.8157781174157305,0.04276855802163482,0.00541451711189562,44,1005.0,1125.0,1050.0,1080.0,training_familiar,42
un_un,un -> un,0,naive,Naive,0,familiar_2,Familiar 2,1,occlusion,Occluded,1,1080.0,-1.1699324242640536,0.03643393889069557,-1.1699324242640536,0.04276855802163482,0.00541451711189562,44,1005.0,1125.0,1050.0,1080.0,training_familiar,42
un_un,un -> un,0,naive,Naive,0,familiar_2,Familiar 2,1,occlusion,Occluded,1,1081.0,-1.5063791877746946,0.03461224213242531,-1.5063791877746946,0.04276855802163482,0.00541451711189562,44,1005.0,1125.0,1050.0,1080.0,training_familiar,42
un_un,un -> un,0,naive,Naive,0,familiar_2,Familiar 2,1,occlusion,Occluded,1,1082.0,-0.8332324697852244,0.03825700655579567,-0.8332324697852244,0.04276855802163482,0.00541451711189562,44,1005.0,1125.0,1050.0,1080.0,training_familiar,42
un_un,un -> un,0,naive,Naive,0,familiar_2,Familiar 2,1,occlusion,Occluded,1,1083.0,-1.1865143686235937,0.03634415566921234,-1.1865143686235937,0.04276855802163482,0.00541451711189562,44,1005.0,1125.0,1050.0,1080.0,training_familiar,42
un_un,un -> un,0,naive,Naive,0,familiar_2,Familiar 2,1,occlusion,Occluded,1,1084.0,-0.4814071070328741,0.040161971002817154,-0.4814071070328741,0.04276855802163482,0.00541451711189562,44,1005.0,1125.0,1050.0,1080.0,training_familiar,42
un_un,un -> un,0,naive,Naive,0,familiar_2,Familiar 2,1,occlusion,Occluded,1,1085.0,-0.852280274008861,0.03815387189388275,-0.852280274008861,0.04276855802163482,0.00541451711189562,44,1005.0,1125.0,1050.0,1080.0,training_familiar,42
un_un,un -> un,0,naive,Naive,0,familiar_2,Familiar 2,1,occlusion,Occluded,1,1086.0,-0.5786001019272944,0.03963571786880493,-0.5786001019272944,0.04276855802163482,0.00541451711189562,44,1005.0,1125.0,1050.0,1080.0,training_familiar,42
un_un,un -> un,0,naive,Naive,0,familiar_2,Familiar 2,1,occlusion,Occluded,1,1087.0,-0.3222359904092274,0.04102380573749542,-0.3222359904092274,0.04276855802163482,0.00541451711189562,44,1005.0,1125.0,1050.0,1080.0,training_familiar,42
un_un,un -> un,0,naive,Naive,0,familiar_2,Familiar 2,1,occlusion,Occluded,1,1088.0,-0.7010674724097693,0.03897261619567871,-0.7010674724097693,0.04276855802163482,0.00541451711189562,44,1005.0,1125.0,1050.0,1080.0,training_familiar,42
un_un,un -> un,0,naive,Naive,0,familiar_2,Familiar 2,1,occlusion,Occluded,1,1089.0,-1.0609577931216452,0.037023983895778656,-1.0609577931216452,0.04276855802163482,0.00541451711189562,44,1005.0,1125.0,1050.0,1080.0,training_familiar,42
un_un,un -> un,0,naive,Naive,0,familiar_2,Familiar 2,1,occlusion,Occluded,1,1090.0,-1.4028536665998208,0.035172782838344574,-1.4028536665998208,0.04276855802163482,0.00541451711189562,44,1005.0,1125.0,1050.0,1080.0,training_familiar,42
un_un,un -> un,0,naive,Naive,0,familiar_2,Familiar 2,1,occlusion,Occluded,1,1091.0,-1.7089581070450255,0.03351537510752678,-1.7089581070450255,0.04276855802163482,0.00541451711189562,44,1005.0,1125.0,1050.0,1080.0,training_familiar,42
un_un,un -> un,0,naive,Naive,0,familiar_2,Familiar 2,1,occlusion,Occluded,1,1092.0,-1.28489970033288,0.035811446607112885,-1.28489970033288,0.04276855802163482,0.00541451711189562,44,1005.0,1125.0,1050.0,1080.0,training_familiar,42
un_un,un -> un,0,naive,Naive,0,familiar_2,Familiar 2,1,occlusion,Occluded,1,1093.0,-1.6155980656391327,0.03402087464928627,-1.6155980656391327,0.04276855802163482,0.00541451711189562,44,1005.0,1125.0,1050.0,1080.0,training_familiar,42
un_un,un -> un,0,naive,Naive,0,familiar_2,Familiar 2,1,occlusion,Occluded,1,1094.0,-1.7374978204999894,0.03336084634065628,-1.7374978204999894,0.04276855802163482,0.00541451711189562,44,1005.0,1125.0,1050.0,1080.0,training_familiar,42
un_un,un -> un,0,naive,Naive,0,familiar_2,Familiar 2,1,occlusion,Occluded,1,1095.0,-1.8015695838493178,0.033013928681612015,-1.8015695838493178,0.04276855802163482,0.00541451711189562,44,1005.0,1125.0,1050.0,1080.0,training_familiar,42
un_un,un -> un,0,naive,Naive,0,familiar_2,Familiar 2,1,occlusion,Occluded,1,1096.0,-2.1064349021920568,0.03136323019862175,-2.1064349021920568,0.04276855802163482,0.00541451711189562,44,1005.0,1125.0,1050.0,1080.0,training_familiar,42
un_un,un -> un,0,naive,Naive,0,familiar_2,Familiar 2,1,occlusion,Occluded,1,1097.0,-1.2276565249163522,0.036121390759944916,-1.2276565249163522,0.04276855802163482,0.00541451711189562,44,1005.0,1125.0,1050.0,1080.0,training_familiar,42
un_un,un -> un,0,naive,Naive,0,familiar_2,Familiar 2,1,occlusion,Occluded,1,1098.0,-0.5970727223210246,0.03953569754958153,-0.5970727223210246,0.04276855802163482,0.00541451711189562,44,1005.0,1125.0,1050.0,1080.0,training_familiar,42
un_un,un -> un,0,naive,Naive,0,familiar_2,Familiar 2,1,occlusion,Occluded,1,1099.0,-0.35318033004304644,0.0408562570810318,-0.35318033004304644,0.04276855802163482,0.00541451711189562,44,1005.0,1125.0,1050.0,1080.0,training_familiar,42
un_un,un -> un,0,naive,Naive,0,familiar_2,Familiar 2,1,occlusion,Occluded,1,1100.0,-0.48107548190606203,0.04016376659274101,-0.48107548190606203,0.04276855802163482,0.00541451711189562,44,1005.0,1125.0,1050.0,1080.0,training_familiar,42
un_un,un -> un,0,naive,Naive,0,familiar_2,Familiar 2,1,occlusion,Occluded,1,1101.0,-0.7631873260396664,0.03863626718521118,-0.7631873260396664,0.04276855802163482,0.00541451711189562,44,1005.0,1125.0,1050.0,1080.0,training_familiar,42
un_un,un -> un,0,naive,Naive,0,familiar_2,Familiar 2,1,occlusion,Occluded,1,1102.0,-0.19216807474855085,0.04172806069254875,-0.19216807474855085,0.04276855802163482,0.00541451711189562,44,1005.0,1125.0,1050.0,1080.0,training_familiar,42
un_un,un -> un,0,naive,Naive,0,familiar_2,Familiar 2,1,occlusion,Occluded,1,1103.0,-0.5775033997444344,0.03964165598154068,-0.5775033997444344,0.04276855802163482,0.00541451711189562,44,1005.0,1125.0,1050.0,1080.0,training_familiar,42
un_un,un -> un,0,naive,Naive,0,familiar_2,Familiar 2,1,occlusion,Occluded,1,1104.0,-0.7525092721638911,0.03869408369064331,-0.7525092721638911,0.04276855802163482,0.00541451711189562,44,1005.0,1125.0,1050.0,1080.0,training_familiar,42
un_un,un -> un,0,naive,Naive,0,familiar_2,Familiar 2,1,occlusion,Occluded,1,1105.0,-1.1098270900766998,0.036759380251169205,-1.1098270900766998,0.04276855802163482,0.00541451711189562,44,1005.0,1125.0,1050.0,1080.0,training_familiar,42
un_un,un -> un,0,naive,Naive,0,familiar_2,Familiar 2,1,occlusion,Occluded,1,1106.0,-1.2657803421399727,0.03591496869921684,-1.2657803421399727,0.04276855802163482,0.00541451711189562,44,1005.0,1125.0,1050.0,1080.0,training_familiar,42
un_un,un -> un,0,naive,Naive,0,familiar_2,Familiar 2,1,occlusion,Occluded,1,1107.0,-1.28681376901087,0.035801082849502563,-1.28681376901087,0.04276855802163482,0.00541451711189562,44,1005.0,1125.0,1050.0,1080.0,training_familiar,42
un_un,un -> un,0,naive,Naive,0,familiar_2,Familiar 2,1,occlusion,Occluded,1,1108.0,-1.6174164996851168,0.034011028707027435,-1.6174164996851168,0.04276855802163482,0.00541451711189562,44,1005.0,1125.0,1050.0,1080.0,training_familiar,42
un_un,un -> un,0,naive,Naive,0,familiar_2,Familiar 2,1,occlusion,Occluded,1,1109.0,-1.8925690322882143,0.03252121061086655,-1.8925690322882143,0.04276855802163482,0.00541451711189562,44,1005.0,1125.0,1050.0,1080.0,training_familiar,42
un_un,un -> un,0,naive,Naive,0,familiar_2,Familiar 2,1,occlusion,Occluded,1,1110.0,-1.601355385659595,0.03409799188375473,-1.601355385659595,0.04276855802163482,0.00541451711189562,44,1005.0,1125.0,1050.0,1080.0,training_familiar,42
un_un,un -> un,0,naive,Naive,0,familiar_2,Familiar 2,1,occlusion,Occluded,1,1111.0,-1.9162313795108732,0.032393090426921844,-1.9162313795108732,0.04276855802163482,0.00541451711189562,44,1005.0,1125.0,1050.0,1080.0,training_familiar,42
un_un,un -> un,0,naive,Naive,0,familiar_2,Familiar 2,1,occlusion,Occluded,1,1112.0,-1.8073055977128705,0.03298287093639374,-1.8073055977128705,0.04276855802163482,0.00541451711189562,44,1005.0,1125.0,1050.0,1080.0,training_familiar,42
un_un,un -> un,0,naive,Naive,0,familiar_2,Familiar 2,1,occlusion,Occluded,1,1113.0,-1.8072292276110529,0.03298328444361687,-1.8072292276110529,0.04276855802163482,0.00541451711189562,44,1005.0,1125.0,1050.0,1080.0,training_familiar,42
un_un,un -> un,0,naive,Naive,0,familiar_2,Familiar 2,1,occlusion,Occluded,1,1114.0,-1.5535621503193415,0.03435676917433739,-1.5535621503193415,0.04276855802163482,0.00541451711189562,44,1005.0,1125.0,1050.0,1080.0,training_familiar,42
un_un,un -> un,0,naive,Naive,0,familiar_2,Familiar 2,1,occlusion,Occluded,1,1115.0,-1.8708276339328984,0.03263892978429794,-1.8708276339328984,0.04276855802163482,0.00541451711189562,44,1005.0,1125.0,1050.0,1080.0,training_familiar,42
un_un,un -> un,0,naive,Naive,0,familiar_2,Familiar 2,1,occlusion,Occluded,1,1116.0,-1.673335238651202,0.03370825573801994,-1.673335238651202,0.04276855802163482,0.00541451711189562,44,1005.0,1125.0,1050.0,1080.0,training_familiar,42
un_un,un -> un,0,naive,Naive,0,familiar_2,Familiar 2,1,occlusion,Occluded,1,1117.0,-1.984612205451953,0.03202284127473831,-1.984612205451953,0.04276855802163482,0.00541451711189562,44,1005.0,1125.0,1050.0,1080.0,training_familiar,42
un_un,un -> un,0,naive,Naive,0,familiar_2,Familiar 2,1,occlusion,Occluded,1,1118.0,-2.280325151907933,0.030421698465943336,-2.280325151907933,0.04276855802163482,0.00541451711189562,44,1005.0,1125.0,1050.0,1080.0,training_familiar,42
un_un,un -> un,0,naive,Naive,0,familiar_2,Familiar 2,1,occlusion,Occluded,1,1119.0,-2.5612522274349594,0.028900614008307457,-2.5612522274349594,0.04276855802163482,0.00541451711189562,44,1005.0,1125.0,1050.0,1080.0,training_familiar,42
un_un,un -> un,0,naive,Naive,0,familiar_2,Familiar 2,1,occlusion,Occluded,1,1120.0,-1.7809558485289503,0.03312554210424423,-1.7809558485289503,0.04276855802163482,0.00541451711189562,44,1005.0,1125.0,1050.0,1080.0,training_familiar,42
un_un,un -> un,0,naive,Naive,0,familiar_2,Familiar 2,1,occlusion,Occluded,1,1121.0,-2.0868518192367604,0.03146926313638687,-2.0868518192367604,0.04276855802163482,0.00541451711189562,44,1005.0,1125.0,1050.0,1080.0,training_familiar,42
un_un,un -> un,0,naive,Naive,0,familiar_2,Familiar 2,1,occlusion,Occluded,1,1122.0,-2.3774527850035,0.029895799234509468,-2.3774527850035,0.04276855802163482,0.00541451711189562,44,1005.0,1125.0,1050.0,1080.0,training_familiar,42
un_un,un -> un,0,naive,Naive,0,familiar_2,Familiar 2,1,occlusion,Occluded,1,1123.0,-2.6535234788757482,0.028401009738445282,-2.6535234788757482,0.04276855802163482,0.00541451711189562,44,1005.0,1125.0,1050.0,1080.0,training_familiar,42
un_un,un -> un,0,naive,Naive,0,familiar_2,Familiar 2,1,occlusion,Occluded,1,1124.0,-2.915790792858645,0.026980958878993988,-2.915790792858645,0.04276855802163482,0.00541451711189562,44,1005.0,1125.0,1050.0,1080.0,training_familiar,42
un_un,un -> un,0,naive,Naive,0,novel,Novel Image,2,full,Nonoccluded,0,1006.0,2.0161871002888296,0.0389486588537693,2.0161871002888296,0.031396135772493755,0.0037459435586080316,44,1005.0,1125.0,1050.0,1080.0,training_familiar,42
un_un,un -> un,0,naive,Naive,0,novel,Novel Image,2,full,Nonoccluded,0,1007.0,1.4963093375956824,0.03700122609734535,1.4963093375956824,0.031396135772493755,0.0037459435586080316,44,1005.0,1125.0,1050.0,1080.0,training_familiar,42
un_un,un -> un,0,naive,Naive,0,novel,Novel Image,2,full,Nonoccluded,0,1008.0,1.106521348442311,0.0355411022901535,1.106521348442311,0.031396135772493755,0.0037459435586080316,44,1005.0,1125.0,1050.0,1080.0,training_familiar,42
un_un,un -> un,0,naive,Naive,0,novel,Novel Image,2,full,Nonoccluded,0,1009.0,0.6321264258225646,0.03376404568552971,0.6321264258225646,0.031396135772493755,0.0037459435586080316,44,1005.0,1125.0,1050.0,1080.0,training_familiar,42
un_un,un -> un,0,naive,Naive,0,novel,Novel Image,2,full,Nonoccluded,0,1010.0,0.18145199519868052,0.03207584470510483,0.18145199519868052,0.031396135772493755,0.0037459435586080316,44,1005.0,1125.0,1050.0,1080.0,training_familiar,42
un_un,un -> un,0,naive,Naive,0,novel,Novel Image,2,full,Nonoccluded,0,1011.0,0.16149066217247948,0.0320010706782341,0.16149066217247948,0.031396135772493755,0.0037459435586080316,44,1005.0,1125.0,1050.0,1080.0,training_familiar,42
un_un,un -> un,0,naive,Naive,0,novel,Novel Image,2,full,Nonoccluded,0,1012.0,1.231540235319044,0.03600941598415375,1.231540235319044,0.031396135772493755,0.0037459435586080316,44,1005.0,1125.0,1050.0,1080.0,training_familiar,42
un_un,un -> un,0,naive,Naive,0,novel,Novel Image,2,full,Nonoccluded,0,1013.0,0.750894965047361,0.03420894593000412,0.750894965047361,0.031396135772493755,0.0037459435586080316,44,1005.0,1125.0,1050.0,1080.0,training_familiar,42
un_un,un -> un,0,naive,Naive,0,novel,Novel Image,2,full,Nonoccluded,0,1014.0,0.29428146104601205,0.032498497515916824,0.29428146104601205,0.031396135772493755,0.0037459435586080316,44,1005.0,1125.0,1050.0,1080.0,training_familiar,42
un_un,un -> un,0,naive,Naive,0,novel,Novel Image,2,full,Nonoccluded,0,1015.0,0.7349951148867939,0.03414938598871231,0.7349951148867939,0.031396135772493755,0.0037459435586080316,44,1005.0,1125.0,1050.0,1080.0,training_familiar,42
un_un,un -> un,0,naive,Naive,0,novel,Novel Image,2,full,Nonoccluded,0,1016.0,1.445593509559753,0.03681124746799469,1.445593509559753,0.031396135772493755,0.0037459435586080316,44,1005.0,1125.0,1050.0,1080.0,training_familiar,42
un_un,un -> un,0,naive,Naive,0,novel,Novel Image,2,full,Nonoccluded,0,1017.0,0.9542455755760345,0.034970685839653015,0.9542455755760345,0.031396135772493755,0.0037459435586080316,44,1005.0,1125.0,1050.0,1080.0,training_familiar,42
un_un,un -> un,0,naive,Naive,0,novel,Novel Image,2,full,Nonoccluded,0,1018.0,0.7927340065850903,0.03436567261815071,0.7927340065850903,0.031396135772493755,0.0037459435586080316,44,1005.0,1125.0,1050.0,1080.0,training_familiar,42
un_un,un -> un,0,naive,Naive,0,novel,Novel Image,2,full,Nonoccluded,0,1019.0,0.6601977962555348,0.03386919945478439,0.6601977962555348,0.031396135772493755,0.0037459435586080316,44,1005.0,1125.0,1050.0,1080.0,training_familiar,42
un_un,un -> un,0,naive,Naive,0,novel,Novel Image,2,full,Nonoccluded,0,1020.0,0.2081191506937772,0.032175738364458084,0.2081191506937772,0.031396135772493755,0.0037459435586080316,44,1005.0,1125.0,1050.0,1080.0,training_familiar,42
un_un,un -> un,0,naive,Naive,0,novel,Novel Image,2,full,Nonoccluded,0,1021.0,-0.2213553139682675,0.030566951259970665,-0.2213553139682675,0.031396135772493755,0.0037459435586080316,44,1005.0,1125.0,1050.0,1080.0,training_familiar,42
un_un,un -> un,0,naive,Naive,0,novel,Novel Image,2,full,Nonoccluded,0,1022.0,-0.3880178257854975,0.029942642897367477,-0.3880178257854975,0.031396135772493755,0.0037459435586080316,44,1005.0,1125.0,1050.0,1080.0,training_familiar,42
un_un,un -> un,0,naive,Naive,0,novel,Novel Image,2,full,Nonoccluded,0,1023.0,-0.05331792456491144,0.031196409836411476,-0.05331792456491144,0.031396135772493755,0.0037459435586080316,44,1005.0,1125.0,1050.0,1080.0,training_familiar,42
un_un,un -> un,0,naive,Naive,0,novel,Novel Image,2,full,Nonoccluded,0,1024.0,0.3389955630549823,0.03266599401831627,0.3389955630549823,0.031396135772493755,0.0037459435586080316,44,1005.0,1125.0,1050.0,1080.0,training_familiar,42
un_un,un -> un,0,naive,Naive,0,novel,Novel Image,2,full,Nonoccluded,0,1025.0,-0.07300627104688708,0.031122658401727676,-0.07300627104688708,0.031396135772493755,0.0037459435586080316,44,1005.0,1125.0,1050.0,1080.0,training_familiar,42
un_un,un -> un,0,naive,Naive,0,novel,Novel Image,2,full,Nonoccluded,0,1026.0,0.5556722926824549,0.033477652817964554,0.5556722926824549,0.031396135772493755,0.0037459435586080316,44,1005.0,1125.0,1050.0,1080.0,training_familiar,42
un_un,un -> un,0,naive,Naive,0,novel,Novel Image,2,full,Nonoccluded,0,1027.0,0.974590780391201,0.03504689782857895,0.974590780391201,0.031396135772493755,0.0037459435586080316,44,1005.0,1125.0,1050.0,1080.0,training_familiar,42
un_un,un -> un,0,naive,Naive,0,novel,Novel Image,2,full,Nonoccluded,0,1028.0,0.50679228672536,0.03329455107450485,0.50679228672536,0.031396135772493755,0.0037459435586080316,44,1005.0,1125.0,1050.0,1080.0,training_familiar,42
un_un,un -> un,0,naive,Naive,0,novel,Novel Image,2,full,Nonoccluded,0,1029.0,1.3095935027510097,0.03630179911851883,1.3095935027510097,0.031396135772493755,0.0037459435586080316,44,1005.0,1125.0,1050.0,1080.0,training_familiar,42
un_un,un -> un,0,naive,Naive,0,novel,Novel Image,2,full,Nonoccluded,0,1030.0,0.8250448729671783,0.03448670729994774,0.8250448729671783,0.031396135772493755,0.0037459435586080316,44,1005.0,1125.0,1050.0,1080.0,training_familiar,42
un_un,un -> un,0,naive,Naive,0,novel,Novel Image,2,full,Nonoccluded,0,1031.0,0.3647239232941636,0.03276237100362778,0.3647239232941636,0.031396135772493755,0.0037459435586080316,44,1005.0,1125.0,1050.0,1080.0,training_familiar,42
un_un,un -> un,0,naive,Naive,0,novel,Novel Image,2,full,Nonoccluded,0,1032.0,0.4461852959613221,0.03306752070784569,0.4461852959613221,0.031396135772493755,0.0037459435586080316,44,1005.0,1125.0,1050.0,1080.0,training_familiar,42
un_un,un -> un,0,naive,Naive,0,novel,Novel Image,2,full,Nonoccluded,0,1033.0,0.00480732513860017,0.03141414374113083,0.00480732513860017,0.031396135772493755,0.0037459435586080316,44,1005.0,1125.0,1050.0,1080.0,training_familiar,42
un_un,un -> un,0,naive,Naive,0,novel,Novel Image,2,full,Nonoccluded,0,1034.0,-0.09568951362334281,0.03103768825531006,-0.09568951362334281,0.031396135772493755,0.0037459435586080316,44,1005.0,1125.0,1050.0,1080.0,training_familiar,42
un_un,un -> un,0,naive,Naive,0,novel,Novel Image,2,full,Nonoccluded,0,1035.0,-0.5099736942425065,0.029485803097486496,-0.5099736942425065,0.031396135772493755,0.0037459435586080316,44,1005.0,1125.0,1050.0,1080.0,training_familiar,42
un_un,un -> un,0,naive,Naive,0,novel,Novel Image,2,full,Nonoccluded,0,1036.0,-0.903543715555037,0.028011512011289597,-0.903543715555037,0.031396135772493755,0.0037459435586080316,44,1005.0,1125.0,1050.0,1080.0,training_familiar,42
un_un,un -> un,0,naive,Naive,0,novel,Novel Image,2,full,Nonoccluded,0,1037.0,-1.277434838007341,0.02661093696951866,-1.277434838007341,0.031396135772493755,0.0037459435586080316,44,1005.0,1125.0,1050.0,1080.0,training_familiar,42
un_un,un -> un,0,naive,Naive,0,novel,Novel Image,2,full,Nonoccluded,0,1038.0,-1.4130251163781213,0.026103023439645767,-1.4130251163781213,0.031396135772493755,0.0037459435586080316,44,1005.0,1125.0,1050.0,1080.0,training_familiar,42
un_un,un -> un,0,naive,Naive,0,novel,Novel Image,2,full,Nonoccluded,0,1039.0,-0.7598677646967354,0.028549714013934135,-0.7598677646967354,0.031396135772493755,0.0037459435586080316,44,1005.0,1125.0,1050.0,1080.0,training_familiar,42
un_un,un -> un,0,naive,Naive,0,novel,Novel Image,2,full,Nonoccluded,0,1040.0,-0.5715468286412074,0.029255153611302376,-0.5715468286412074,0.031396135772493755,0.0037459435586080316,44,1005.0,1125.0,1050.0,1080.0,training_familiar,42
un_un,un -> un,0,naive,Naive,0,novel,Novel Image,2,full,Nonoccluded,0,1041.0,-0.9620379197500154,0.027792396023869514,-0.9620379197500154,0.031396135772493755,0.0037459435586080316,44,1005.0,1125.0,1050.0,1080.0,training_familiar,42
un_un,un -> un,0,naive,Naive,0,novel,Novel Image,2,full,Nonoccluded,0,1042.0,-1.3330047546493329,0.026402775198221207,-1.3330047546493329,0.031396135772493755,0.0037459435586080316,44,1005.0,1125.0,1050.0,1080.0,training_familiar,42
un_un,un -> un,0,naive,Naive,0,novel,Novel Image,2,full,Nonoccluded,0,1043.0,-0.23292268369197502,0.030523620545864105,-0.23292268369197502,0.031396135772493755,0.0037459435586080316,44,1005.0,1125.0,1050.0,1080.0,training_familiar,42
un_un,un -> un,0,naive,Naive,0,novel,Novel Image,2,full,Nonoccluded,0,1044.0,-0.6258751288880612,0.02905164286494255,-0.6258751288880612,0.031396135772493755,0.0037459435586080316,44,1005.0,1125.0,1050.0,1080.0,training_familiar,42
un_un,un -> un,0,naive,Naive,0,novel,Novel Image,2,full,Nonoccluded,0,1045.0,-1.013649780122364,0.027599060907959938,-1.013649780122364,0.031396135772493755,0.0037459435586080316,44,1005.0,1125.0,1050.0,1080.0,training_familiar,42
un_un,un -> un,0,naive,Naive,0,novel,Novel Image,2,full,Nonoccluded,0,1046.0,-1.382035922554414,0.02621910721063614,-1.382035922554414,0.031396135772493755,0.0037459435586080316,44,1005.0,1125.0,1050.0,1080.0,training_familiar,42
un_un,un -> un,0,naive,Naive,0,novel,Novel Image,2,full,Nonoccluded,0,1047.0,-1.7320026832783744,0.024908151477575302,-1.7320026832783744,0.031396135772493755,0.0037459435586080316,44,1005.0,1125.0,1050.0,1080.0,training_familiar,42
un_un,un -> un,0,naive,Naive,0,novel,Novel Image,2,full,Nonoccluded,0,1048.0,-2.0644709567931616,0.023662744089961052,-2.0644709567931616,0.031396135772493755,0.0037459435586080316,44,1005.0,1125.0,1050.0,1080.0,training_familiar,42
un_un,un -> un,0,naive,Naive,0,novel,Novel Image,2,full,Nonoccluded,0,1049.0,-2.3803158912186966,0.022479606792330742,-2.3803158912186966,0.031396135772493755,0.0037459435586080316,44,1005.0,1125.0,1050.0,1080.0,training_familiar,42
un_un,un -> un,0,naive,Naive,0,novel,Novel Image,2,full,Nonoccluded,0,1050.0,-0.9741631964001727,0.027746975421905518,-0.9741631964001727,0.031396135772493755,0.0037459435586080316,44,1005.0,1125.0,1050.0,1080.0,training_familiar,42
un_un,un -> un,0,naive,Naive,0,novel,Novel Image,2,full,Nonoccluded,0,1051.0,-1.344523394534545,0.02635962702333927,-1.344523394534545,0.031396135772493755,0.0037459435586080316,44,1005.0,1125.0,1050.0,1080.0,training_familiar,42
un_un,un -> un,0,naive,Naive,0,novel,Novel Image,2,full,Nonoccluded,0,1052.0,-1.696365756797336,0.025041645392775536,-1.696365756797336,0.031396135772493755,0.0037459435586080316,44,1005.0,1125.0,1050.0,1080.0,training_familiar,42
un_un,un -> un,0,naive,Naive,0,novel,Novel Image,2,full,Nonoccluded,0,1053.0,-2.0306161501199624,0.02378956228494644,-2.0306161501199624,0.031396135772493755,0.0037459435586080316,44,1005.0,1125.0,1050.0,1080.0,training_familiar,42
un_un,un -> un,0,naive,Naive,0,novel,Novel Image,2,full,Nonoccluded,0,1054.0,-2.3481537005683455,0.02260008454322815,-2.3481537005683455,0.031396135772493755,0.0037459435586080316,44,1005.0,1125.0,1050.0,1080.0,training_familiar,42
un_un,un -> un,0,naive,Naive,0,novel,Novel Image,2,full,Nonoccluded,0,1055.0,-1.4921608823652395,0.02580658532679081,-1.4921608823652395,0.031396135772493755,0.0037459435586080316,44,1005.0,1125.0,1050.0,1080.0,training_familiar,42
un_un,un -> un,0,naive,Naive,0,novel,Novel Image,2,full,Nonoccluded,0,1056.0,-1.8366211713391958,0.024516256526112556,-1.8366211713391958,0.031396135772493755,0.0037459435586080316,44,1005.0,1125.0,1050.0,1080.0,training_familiar,42
un_un,un -> un,0,naive,Naive,0,novel,Novel Image,2,full,Nonoccluded,0,1057.0,-2.1638584458644545,0.023290444165468216,-2.1638584458644545,0.031396135772493755,0.0037459435586080316,44,1005.0,1125.0,1050.0,1080.0,training_familiar,42
un_un,un -> un,0,naive,Naive,0,novel,Novel Image,2,full,Nonoccluded,0,1058.0,-2.4747339312499377,0.02212592214345932,-2.4747339312499377,0.031396135772493755,0.0037459435586080316,44,1005.0,1125.0,1050.0,1080.0,training_familiar,42
un_un,un -> un,0,naive,Naive,0,novel,Novel Image,2,full,Nonoccluded,0,1059.0,-2.7700655926418216,0.021019626408815384,-2.7700655926418216,0.031396135772493755,0.0037459435586080316,44,1005.0,1125.0,1050.0,1080.0,training_familiar,42
un_un,un -> un,0,naive,Naive,0,novel,Novel Image,2,full,Nonoccluded,0,1060.0,-3.0506306212397862,0.01996864564716816,-3.0506306212397862,0.031396135772493755,0.0037459435586080316,44,1005.0,1125.0,1050.0,1080.0,training_familiar,42
un_un,un -> un,0,naive,Naive,0,novel,Novel Image,2,full,Nonoccluded,0,1061.0,-3.3171674232700155,0.01897021383047104,-3.3171674232700155,0.031396135772493755,0.0037459435586080316,44,1005.0,1125.0,1050.0,1080.0,training_familiar,42
un_un,un -> un,0,naive,Naive,0,novel,Novel Image,2,full,Nonoccluded,0,1062.0,-3.5703776089581956,0.018021702766418457,-3.5703776089581956,0.031396135772493755,0.0037459435586080316,44,1005.0,1125.0,1050.0,1080.0,training_familiar,42
un_un,un -> un,0,naive,Naive,0,novel,Novel Image,2,full,Nonoccluded,0,1063.0,-3.8109274842592664,0.017120616510510445,-3.8109274842592664,0.031396135772493755,0.0037459435586080316,44,1005.0,1125.0,1050.0,1080.0,training_familiar,42
un_un,un -> un,0,naive,Naive,0,novel,Novel Image,2,full,Nonoccluded,0,1064.0,-4.039449542587172,0.01626458577811718,-4.039449542587172,0.031396135772493755,0.0037459435586080316,44,1005.0,1125.0,1050.0,1080.0,training_familiar,42
un_un,un -> un,0,naive,Naive,0,novel,Novel Image,2,full,Nonoccluded,0,1065.0,-4.256545696895981,0.015451355837285519,-4.256545696895981,0.031396135772493755,0.0037459435586080316,44,1005.0,1125.0,1050.0,1080.0,training_familiar,42
un_un,un -> un,0,naive,Naive,0,novel,Novel Image,2,full,Nonoccluded,0,1066.0,-4.462787031058269,0.01467878744006157,-4.462787031058269,0.031396135772493755,0.0037459435586080316,44,1005.0,1125.0,1050.0,1080.0,training_familiar,42
un_un,un -> un,0,naive,Naive,0,novel,Novel Image,2,full,Nonoccluded,0,1067.0,-4.658716286081361,0.013944847509264946,-4.658716286081361,0.031396135772493755,0.0037459435586080316,44,1005.0,1125.0,1050.0,1080.0,training_familiar,42
un_un,un -> un,0,naive,Naive,0,novel,Novel Image,2,full,Nonoccluded,0,1068.0,-4.844848854593837,0.013247605413198471,-4.844848854593837,0.031396135772493755,0.0037459435586080316,44,1005.0,1125.0,1050.0,1080.0,training_familiar,42
un_un,un -> un,0,naive,Naive,0,novel,Novel Image,2,full,Nonoccluded,0,1069.0,-5.021675018440151,0.012585224583745003,-5.021675018440151,0.031396135772493755,0.0037459435586080316,44,1005.0,1125.0,1050.0,1080.0,training_familiar,42
un_un,un -> un,0,naive,Naive,0,novel,Novel Image,2,full,Nonoccluded,0,1070.0,-5.1896597000590114,0.01195596344769001,-5.1896597000590114,0.031396135772493755,0.0037459435586080316,44,1005.0,1125.0,1050.0,1080.0,training_familiar,42
un_un,un -> un,0,naive,Naive,0,novel,Novel Image,2,full,Nonoccluded,0,1071.0,-5.349245197321254,0.011358165182173252,-5.349245197321254,0.031396135772493755,0.0037459435586080316,44,1005.0,1125.0,1050.0,1080.0,training_familiar,42
un_un,un -> un,0,naive,Naive,0,novel,Novel Image,2,full,Nonoccluded,0,1072.0,-5.5008514321514665,0.010790256783366203,-5.5008514321514665,0.031396135772493755,0.0037459435586080316,44,1005.0,1125.0,1050.0,1080.0,training_familiar,42
un_un,un -> un,0,naive,Naive,0,novel,Novel Image,2,full,Nonoccluded,0,1073.0,-5.644877442257736,0.010250743478536606,-5.644877442257736,0.031396135772493755,0.0037459435586080316,44,1005.0,1125.0,1050.0,1080.0,training_familiar,42
un_un,un -> un,0,naive,Naive,0,novel,Novel Image,2,full,Nonoccluded,0,1074.0,-5.781702126996531,0.009738205932080746,-5.781702126996531,0.031396135772493755,0.0037459435586080316,44,1005.0,1125.0,1050.0,1080.0,training_familiar,42
un_un,un -> un,0,naive,Naive,0,novel,Novel Image,2,full,Nonoccluded,0,1075.0,-5.911685490480816,0.00925129558891058,-5.911685490480816,0.031396135772493755,0.0037459435586080316,44,1005.0,1125.0,1050.0,1080.0,training_familiar,42
un_un,un -> un,0,naive,Naive,0,novel,Novel Image,2,full,Nonoccluded,0,1076.0,-6.035169636066563,0.008788730949163437,-6.035169636066563,0.031396135772493755,0.0037459435586080316,44,1005.0,1125.0,1050.0,1080.0,training_familiar,42
un_un,un -> un,0,naive,Naive,0,novel,Novel Image,2,full,Nonoccluded,0,1077.0,-6.15247976083924,0.00834929384291172,-6.15247976083924,0.031396135772493755,0.0037459435586080316,44,1005.0,1125.0,1050.0,1080.0,training_familiar,42
un_un,un -> un,0,naive,Naive,0,novel,Novel Image,2,full,Nonoccluded,0,1078.0,-6.263924155613822,0.007931829430162907,-6.263924155613822,0.031396135772493755,0.0037459435586080316,44,1005.0,1125.0,1050.0,1080.0,training_familiar,42
un_un,un -> un,0,naive,Naive,0,novel,Novel Image,2,full,Nonoccluded,0,1079.0,-6.369796442529405,0.007535237818956375,-6.369796442529405,0.031396135772493755,0.0037459435586080316,44,1005.0,1125.0,1050.0,1080.0,training_familiar,42
un_un,un -> un,0,naive,Naive,0,novel,Novel Image,2,full,Nonoccluded,0,1080.0,-6.470375077805966,0.007158475928008556,-6.470375077805966,0.031396135772493755,0.0037459435586080316,44,1005.0,1125.0,1050.0,1080.0,training_familiar,42
un_un,un -> un,0,naive,Naive,0,novel,Novel Image,2,full,Nonoccluded,0,1081.0,-6.565924843474105,0.006800551898777485,-6.565924843474105,0.031396135772493755,0.0037459435586080316,44,1005.0,1125.0,1050.0,1080.0,training_familiar,42
un_un,un -> un,0,naive,Naive,0,novel,Novel Image,2,full,Nonoccluded,0,1082.0,-6.448832386934095,0.007239173632115126,-6.448832386934095,0.031396135772493755,0.0037459435586080316,44,1005.0,1125.0,1050.0,1080.0,training_familiar,42
un_un,un -> un,0,naive,Naive,0,novel,Novel Image,2,full,Nonoccluded,0,1083.0,-6.545459305792449,0.006877214647829533,-6.545459305792449,0.031396135772493755,0.0037459435586080316,44,1005.0,1125.0,1050.0,1080.0,training_familiar,42
un_un,un -> un,0,naive,Naive,0,novel,Novel Image,2,full,Nonoccluded,0,1084.0,-6.637254760612613,0.006533354055136442,-6.637254760612613,0.031396135772493755,0.0037459435586080316,44,1005.0,1125.0,1050.0,1080.0,training_familiar,42
un_un,un -> un,0,naive,Naive,0,novel,Novel Image,2,full,Nonoccluded,0,1085.0,-5.954535676167329,0.009090781211853027,-5.954535676167329,0.031396135772493755,0.0037459435586080316,44,1005.0,1125.0,1050.0,1080.0,training_familiar,42
un_un,un -> un,0,naive,Naive,0,novel,Novel Image,2,full,Nonoccluded,0,1086.0,-6.075877449210644,0.008636241778731346,-6.075877449210644,0.031396135772493755,0.0037459435586080316,44,1005.0,1125.0,1050.0,1080.0,training_familiar,42
un_un,un -> un,0,naive,Naive,0,novel,Novel Image,2,full,Nonoccluded,0,1087.0,-3.7327757626638096,0.017413368448615074,-3.7327757626638096,0.031396135772493755,0.0037459435586080316,44,1005.0,1125.0,1050.0,1080.0,training_familiar,42
un_un,un -> un,0,naive,Naive,0,novel,Novel Image,2,full,Nonoccluded,0,1088.0,-2.8144505196193217,0.02085336297750473,-2.8144505196193217,0.031396135772493755,0.0037459435586080316,44,1005.0,1125.0,1050.0,1080.0,training_familiar,42
un_un,un -> un,0,naive,Naive,0,novel,Novel Image,2,full,Nonoccluded,0,1089.0,0.13398515455795834,0.03189803659915924,0.13398515455795834,0.031396135772493755,0.0037459435586080316,44,1005.0,1125.0,1050.0,1080.0,training_familiar,42
un_un,un -> un,0,naive,Naive,0,novel,Novel Image,2,full,Nonoccluded,0,1090.0,-0.2917828589189204,0.03030313365161419,-0.2917828589189204,0.031396135772493755,0.0037459435586080316,44,1005.0,1125.0,1050.0,1080.0,training_familiar,42
un_un,un -> un,0,naive,Naive,0,novel,Novel Image,2,full,Nonoccluded,0,1091.0,-0.6962623971354678,0.028787976130843163,-0.6962623971354678,0.031396135772493755,0.0037459435586080316,44,1005.0,1125.0,1050.0,1080.0,training_familiar,42
un_un,un -> un,0,naive,Naive,0,novel,Novel Image,2,full,Nonoccluded,0,1092.0,-1.0805180578898377,0.027348576113581657,-1.0805180578898377,0.031396135772493755,0.0037459435586080316,44,1005.0,1125.0,1050.0,1080.0,training_familiar,42
un_un,un -> un,0,naive,Naive,0,novel,Novel Image,2,full,Nonoccluded,0,1093.0,1.0728311292848474,0.03541490063071251,1.0728311292848474,0.031396135772493755,0.0037459435586080316,44,1005.0,1125.0,1050.0,1080.0,training_familiar,42
un_un,un -> un,0,naive,Naive,0,novel,Novel Image,2,full,Nonoccluded,0,1094.0,1.4662470051898917,0.03688861429691315,1.4662470051898917,0.031396135772493755,0.0037459435586080316,44,1005.0,1125.0,1050.0,1080.0,training_familiar,42
un_un,un -> un,0,naive,Naive,0,novel,Novel Image,2,full,Nonoccluded,0,1095.0,2.4041949586073614,0.040402114391326904,2.4041949586073614,0.031396135772493755,0.0037459435586080316,44,1005.0,1125.0,1050.0,1080.0,training_familiar,42
un_un,un -> un,0,naive,Naive,0,novel,Novel Image,2,full,Nonoccluded,0,1096.0,2.4943262645807387,0.040739741176366806,2.4943262645807387,0.031396135772493755,0.0037459435586080316,44,1005.0,1125.0,1050.0,1080.0,training_familiar,42
un_un,un -> un,0,naive,Naive,0,novel,Novel Image,2,full,Nonoccluded,0,1097.0,2.9746304259829524,0.04253893345594406,2.9746304259829524,0.031396135772493755,0.0037459435586080316,44,1005.0,1125.0,1050.0,1080.0,training_familiar,42
un_un,un -> un,0,naive,Naive,0,novel,Novel Image,2,full,Nonoccluded,0,1098.0,2.686583378202912,0.04145992547273636,2.686583378202912,0.031396135772493755,0.0037459435586080316,44,1005.0,1125.0,1050.0,1080.0,training_familiar,42
un_un,un -> un,0,naive,Naive,0,novel,Novel Image,2,full,Nonoccluded,0,1099.0,2.3510993243771465,0.04020322114229202,2.3510993243771465,0.031396135772493755,0.0037459435586080316,44,1005.0,1125.0,1050.0,1080.0,training_familiar,42
un_un,un -> un,0,naive,Naive,0,novel,Novel Image,2,full,Nonoccluded,0,1100.0,1.8144754035120085,0.03819305822253227,1.8144754035120085,0.031396135772493755,0.0037459435586080316,44,1005.0,1125.0,1050.0,1080.0,training_familiar,42
un_un,un -> un,0,naive,Naive,0,novel,Novel Image,2,full,Nonoccluded,0,1101.0,1.3046827284144522,0.036283403635025024,1.3046827284144522,0.031396135772493755,0.0037459435586080316,44,1005.0,1125.0,1050.0,1080.0,training_familiar,42
un_un,un -> un,0,naive,Naive,0,novel,Novel Image,2,full,Nonoccluded,0,1102.0,0.8203797367960988,0.034469231963157654,0.8203797367960988,0.031396135772493755,0.0037459435586080316,44,1005.0,1125.0,1050.0,1080.0,training_familiar,42
un_un,un -> un,0,naive,Naive,0,novel,Novel Image,2,full,Nonoccluded,0,1103.0,0.7442388669034609,0.034184012562036514,0.7442388669034609,0.031396135772493755,0.0037459435586080316,44,1005.0,1125.0,1050.0,1080.0,training_familiar,42
un_un,un -> un,0,naive,Naive,0,novel,Novel Image,2,full,Nonoccluded,0,1104.0,1.7089613803580177,0.03779780864715576,1.7089613803580177,0.031396135772493755,0.0037459435586080316,44,1005.0,1125.0,1050.0,1080.0,training_familiar,42
un_un,un -> un,0,naive,Naive,0,novel,Novel Image,2,full,Nonoccluded,0,1105.0,1.2044444561424859,0.035907916724681854,1.2044444561424859,0.031396135772493755,0.0037459435586080316,44,1005.0,1125.0,1050.0,1080.0,training_familiar,42
un_un,un -> un,0,naive,Naive,0,novel,Novel Image,2,full,Nonoccluded,0,1106.0,0.7251536764836808,0.03411252051591873,0.7251536764836808,0.031396135772493755,0.0037459435586080316,44,1005.0,1125.0,1050.0,1080.0,training_familiar,42
un_un,un -> un,0,naive,Naive,0,novel,Novel Image,2,full,Nonoccluded,0,1107.0,0.26982703801321595,0.032406892627477646,0.26982703801321595,0.031396135772493755,0.0037459435586080316,44,1005.0,1125.0,1050.0,1080.0,training_familiar,42
un_un,un -> un,0,naive,Naive,0,novel,Novel Image,2,full,Nonoccluded,0,1108.0,0.8543026657945416,0.03459630534052849,0.8543026657945416,0.031396135772493755,0.0037459435586080316,44,1005.0,1125.0,1050.0,1080.0,training_familiar,42
un_un,un -> un,0,naive,Naive,0,novel,Novel Image,2,full,Nonoccluded,0,1109.0,1.0516465778637565,0.03533554449677467,1.0516465778637565,0.031396135772493755,0.0037459435586080316,44,1005.0,1125.0,1050.0,1080.0,training_familiar,42
un_un,un -> un,0,naive,Naive,0,novel,Novel Image,2,full,Nonoccluded,0,1110.0,1.7190683466566068,0.03783566877245903,1.7190683466566068,0.031396135772493755,0.0037459435586080316,44,1005.0,1125.0,1050.0,1080.0,training_familiar,42
un_un,un -> un,0,naive,Naive,0,novel,Novel Image,2,full,Nonoccluded,0,1111.0,3.8844065658309614,0.04594690352678299,3.8844065658309614,0.031396135772493755,0.0037459435586080316,44,1005.0,1125.0,1050.0,1080.0,training_familiar,42
un_un,un -> un,0,naive,Naive,0,novel,Novel Image,2,full,Nonoccluded,0,1112.0,3.977528292709569,0.046295732259750366,3.977528292709569,0.031396135772493755,0.0037459435586080316,44,1005.0,1125.0,1050.0,1080.0,training_familiar,42
un_un,un -> un,0,naive,Naive,0,novel,Novel Image,2,full,Nonoccluded,0,1113.0,3.3595832217737596,0.04398094490170479,3.3595832217737596,0.031396135772493755,0.0037459435586080316,44,1005.0,1125.0,1050.0,1080.0,training_familiar,42
un_un,un -> un,0,naive,Naive,0,novel,Novel Image,2,full,Nonoccluded,0,1114.0,2.772535851903666,0.04178189858794212,2.772535851903666,0.031396135772493755,0.0037459435586080316,44,1005.0,1125.0,1050.0,1080.0,training_familiar,42
un_un,un -> un,0,naive,Naive,0,novel,Novel Image,2,full,Nonoccluded,0,1115.0,2.2148407510784267,0.03969280421733856,2.2148407510784267,0.031396135772493755,0.0037459435586080316,44,1005.0,1125.0,1050.0,1080.0,training_familiar,42
un_un,un -> un,0,naive,Naive,0,novel,Novel Image,2,full,Nonoccluded,0,1116.0,1.6850300572241743,0.037708163261413574,1.6850300572241743,0.031396135772493755,0.0037459435586080316,44,1005.0,1125.0,1050.0,1080.0,training_familiar,42
un_un,un -> un,0,naive,Naive,0,novel,Novel Image,2,full,Nonoccluded,0,1117.0,1.464634942573537,0.03688257560133934,1.464634942573537,0.031396135772493755,0.0037459435586080316,44,1005.0,1125.0,1050.0,1080.0,training_familiar,42
un_un,un -> un,0,naive,Naive,0,novel,Novel Image,2,full,Nonoccluded,0,1118.0,3.3816548551527705,0.04406362399458885,3.3816548551527705,0.031396135772493755,0.0037459435586080316,44,1005.0,1125.0,1050.0,1080.0,training_familiar,42
un_un,un -> un,0,naive,Naive,0,novel,Novel Image,2,full,Nonoccluded,0,1119.0,3.209171116608315,0.04341750964522362,3.209171116608315,0.031396135772493755,0.0037459435586080316,44,1005.0,1125.0,1050.0,1080.0,training_familiar,42
un_un,un -> un,0,naive,Naive,0,novel,Novel Image,2,full,Nonoccluded,0,1120.0,4.221902465846045,0.047211144119501114,4.221902465846045,0.031396135772493755,0.0037459435586080316,44,1005.0,1125.0,1050.0,1080.0,training_familiar,42
un_un,un -> un,0,naive,Naive,0,novel,Novel Image,2,full,Nonoccluded,0,1121.0,3.5917391337723372,0.04485058784484863,3.5917391337723372,0.031396135772493755,0.0037459435586080316,44,1005.0,1125.0,1050.0,1080.0,training_familiar,42
un_un,un -> un,0,naive,Naive,0,novel,Novel Image,2,full,Nonoccluded,0,1122.0,2.9930831229887893,0.04260805621743202,2.9930831229887893,0.031396135772493755,0.0037459435586080316,44,1005.0,1125.0,1050.0,1080.0,training_familiar,42
un_un,un -> un,0,naive,Naive,0,novel,Novel Image,2,full,Nonoccluded,0,1123.0,2.424360161366044,0.040477652102708817,2.424360161366044,0.031396135772493755,0.0037459435586080316,44,1005.0,1125.0,1050.0,1080.0,training_familiar,42
un_un,un -> un,0,naive,Naive,0,novel,Novel Image,2,full,Nonoccluded,0,1124.0,1.8840735467217362,0.03845376893877983,1.8840735467217362,0.031396135772493755,0.0037459435586080316,44,1005.0,1125.0,1050.0,1080.0,training_familiar,42
un_un,un -> un,0,naive,Naive,0,novel,Novel Image,2,occlusion,Occluded,1,1006.0,0.18824120669046995,0.045329149812459946,0.18824120669046995,0.044502715156836944,0.004390296206408886,44,1005.0,1125.0,1050.0,1080.0,training_familiar,42
un_un,un -> un,0,naive,Naive,0,novel,Novel Image,2,occlusion,Occluded,1,1007.0,-0.30648130230184367,0.043157171458005905,-0.30648130230184367,0.044502715156836944,0.004390296206408886,44,1005.0,1125.0,1050.0,1080.0,training_familiar,42
un_un,un -> un,0,naive,Naive,0,novel,Novel Image,2,occlusion,Occluded,1,1008.0,-0.7979878892771963,0.040999311953783035,-0.7979878892771963,0.044502715156836944,0.004390296206408886,44,1005.0,1125.0,1050.0,1080.0,training_familiar,42
un_un,un -> un,0,naive,Naive,0,novel,Novel Image,2,occlusion,Occluded,1,1009.0,0.285306048739072,0.0457552932202816,0.285306048739072,0.044502715156836944,0.004390296206408886,44,1005.0,1125.0,1050.0,1080.0,training_familiar,42
un_un,un -> un,0,naive,Naive,0,novel,Novel Image,2,occlusion,Occluded,1,1010.0,0.9726622865473491,0.048772990703582764,0.9726622865473491,0.044502715156836944,0.004390296206408886,44,1005.0,1125.0,1050.0,1080.0,training_familiar,42
un_un,un -> un,0,naive,Naive,0,novel,Novel Image,2,occlusion,Occluded,1,1011.0,0.41719873226159593,0.046334341168403625,0.41719873226159593,0.044502715156836944,0.004390296206408886,44,1005.0,1125.0,1050.0,1080.0,training_familiar,42
un_un,un -> un,0,naive,Naive,0,novel,Novel Image,2,occlusion,Occluded,1,1012.0,-0.11049164430986955,0.044017624109983444,-0.11049164430986955,0.044502715156836944,0.004390296206408886,44,1005.0,1125.0,1050.0,1080.0,training_familiar,42
un_un,un -> un,0,naive,Naive,0,novel,Novel Image,2,occlusion,Occluded,1,1013.0,0.607930060770956,0.047171708196401596,0.607930060770956,0.044502715156836944,0.004390296206408886,44,1005.0,1125.0,1050.0,1080.0,training_familiar,42
un_un,un -> un,0,naive,Naive,0,novel,Novel Image,2,occlusion,Occluded,1,1014.0,1.0204208498198115,0.048982664942741394,1.0204208498198115,0.044502715156836944,0.004390296206408886,44,1005.0,1125.0,1050.0,1080.0,training_familiar,42
un_un,un -> un,0,naive,Naive,0,novel,Novel Image,2,occlusion,Occluded,1,1015.0,1.3789927605980155,0.05055690184235573,1.3789927605980155,0.044502715156836944,0.004390296206408886,44,1005.0,1125.0,1050.0,1080.0,training_familiar,42
un_un,un -> un,0,naive,Naive,0,novel,Novel Image,2,occlusion,Occluded,1,1016.0,1.9364308400904884,0.05300422012805939,1.9364308400904884,0.044502715156836944,0.004390296206408886,44,1005.0,1125.0,1050.0,1080.0,training_familiar,42
un_un,un -> un,0,naive,Naive,0,novel,Novel Image,2,occlusion,Occluded,1,1017.0,1.7138924306297343,0.05202721059322357,1.7138924306297343,0.044502715156836944,0.004390296206408886,44,1005.0,1125.0,1050.0,1080.0,training_familiar,42
un_un,un -> un,0,naive,Naive,0,novel,Novel Image,2,occlusion,Occluded,1,1018.0,1.12136686002292,0.049425847828388214,1.12136686002292,0.044502715156836944,0.004390296206408886,44,1005.0,1125.0,1050.0,1080.0,training_familiar,42
un_un,un -> un,0,naive,Naive,0,novel,Novel Image,2,occlusion,Occluded,1,1019.0,0.55846765279927,0.046954553574323654,0.55846765279927,0.044502715156836944,0.004390296206408886,44,1005.0,1125.0,1050.0,1080.0,training_familiar,42
un_un,un -> un,0,naive,Naive,0,novel,Novel Image,2,occlusion,Occluded,1,1020.0,0.023713278657566957,0.04460682347416878,0.023713278657566957,0.044502715156836944,0.004390296206408886,44,1005.0,1125.0,1050.0,1080.0,training_familiar,42
un_un,un -> un,0,naive,Naive,0,novel,Novel Image,2,occlusion,Occluded,1,1021.0,-0.4843031222185799,0.042376480996608734,-0.4843031222185799,0.044502715156836944,0.004390296206408886,44,1005.0,1125.0,1050.0,1080.0,training_familiar,42
un_un,un -> un,0,naive,Naive,0,novel,Novel Image,2,occlusion,Occluded,1,1022.0,0.9045950484585425,0.048474155366420746,0.9045950484585425,0.044502715156836944,0.004390296206408886,44,1005.0,1125.0,1050.0,1080.0,training_familiar,42
un_un,un -> un,0,naive,Naive,0,novel,Novel Image,2,occlusion,Occluded,1,1023.0,0.3525349409300534,0.04605044797062874,0.3525349409300534,0.044502715156836944,0.004390296206408886,44,1005.0,1125.0,1050.0,1080.0,training_familiar,42
un_un,un -> un,0,naive,Naive,0,novel,Novel Image,2,occlusion,Occluded,1,1024.0,1.135817295893328,0.04948928952217102,1.135817295893328,0.044502715156836944,0.004390296206408886,44,1005.0,1125.0,1050.0,1080.0,training_familiar,42
un_un,un -> un,0,naive,Naive,0,novel,Novel Image,2,occlusion,Occluded,1,1025.0,0.5721959911402758,0.04701482504606247,0.5721959911402758,0.044502715156836944,0.004390296206408886,44,1005.0,1125.0,1050.0,1080.0,training_familiar,42
un_un,un -> un,0,naive,Naive,0,novel,Novel Image,2,occlusion,Occluded,1,1026.0,0.9569645141690435,0.04870407283306122,0.9569645141690435,0.044502715156836944,0.004390296206408886,44,1005.0,1125.0,1050.0,1080.0,training_familiar,42
un_un,un -> un,0,naive,Naive,0,novel,Novel Image,2,occlusion,Occluded,1,1027.0,1.331743314267552,0.050349462777376175,1.331743314267552,0.044502715156836944,0.004390296206408886,44,1005.0,1125.0,1050.0,1080.0,training_familiar,42
un_un,un -> un,0,naive,Naive,0,novel,Novel Image,2,occlusion,Occluded,1,1028.0,0.7583257510222007,0.04783198982477188,0.7583257510222007,0.044502715156836944,0.004390296206408886,44,1005.0,1125.0,1050.0,1080.0,training_familiar,42
un_un,un -> un,0,naive,Naive,0,novel,Novel Image,2,occlusion,Occluded,1,1029.0,0.21357910836552857,0.04544039070606232,0.21357910836552857,0.044502715156836944,0.004390296206408886,44,1005.0,1125.0,1050.0,1080.0,training_familiar,42
un_un,un -> un,0,naive,Naive,0,novel,Novel Image,2,occlusion,Occluded,1,1030.0,0.8769033294549747,0.04835258051753044,0.8769033294549747,0.044502715156836944,0.004390296206408886,44,1005.0,1125.0,1050.0,1080.0,training_familiar,42
un_un,un -> un,0,naive,Naive,0,novel,Novel Image,2,occlusion,Occluded,1,1031.0,0.32622717148048647,0.045934949070215225,0.32622717148048647,0.044502715156836944,0.004390296206408886,44,1005.0,1125.0,1050.0,1080.0,training_familiar,42
un_un,un -> un,0,naive,Naive,0,novel,Novel Image,2,occlusion,Occluded,1,1032.0,0.35493288172686915,0.04606097564101219,0.35493288172686915,0.044502715156836944,0.004390296206408886,44,1005.0,1125.0,1050.0,1080.0,training_familiar,42
un_un,un -> un,0,naive,Naive,0,novel,Novel Image,2,occlusion,Occluded,1,1033.0,-0.16964424474427184,0.04375792667269707,-0.16964424474427184,0.044502715156836944,0.004390296206408886,44,1005.0,1125.0,1050.0,1080.0,training_familiar,42
un_un,un -> un,0,naive,Naive,0,novel,Novel Image,2,occlusion,Occluded,1,1034.0,0.10527975246347969,0.044964924454689026,0.10527975246347969,0.044502715156836944,0.004390296206408886,44,1005.0,1125.0,1050.0,1080.0,training_familiar,42
un_un,un -> un,0,naive,Naive,0,novel,Novel Image,2,occlusion,Occluded,1,1035.0,-0.40681467511808,0.042716678231954575,-0.40681467511808,0.044502715156836944,0.004390296206408886,44,1005.0,1125.0,1050.0,1080.0,training_familiar,42
un_un,un -> un,0,naive,Naive,0,novel,Novel Image,2,occlusion,Occluded,1,1036.0,-0.8933047631582681,0.04058084264397621,-0.8933047631582681,0.044502715156836944,0.004390296206408886,44,1005.0,1125.0,1050.0,1080.0,training_familiar,42
un_un,un -> un,0,naive,Naive,0,novel,Novel Image,2,occlusion,Occluded,1,1037.0,-1.3554700922379759,0.038551799952983856,-1.3554700922379759,0.044502715156836944,0.004390296206408886,44,1005.0,1125.0,1050.0,1080.0,training_familiar,42
un_un,un -> un,0,naive,Naive,0,novel,Novel Image,2,occlusion,Occluded,1,1038.0,-1.5939311340597517,0.0375048853456974,-1.5939311340597517,0.044502715156836944,0.004390296206408886,44,1005.0,1125.0,1050.0,1080.0,training_familiar,42
un_un,un -> un,0,naive,Naive,0,novel,Novel Image,2,occlusion,Occluded,1,1039.0,-1.4634402191841986,0.03807777911424637,-1.4634402191841986,0.044502715156836944,0.004390296206408886,44,1005.0,1125.0,1050.0,1080.0,training_familiar,42
un_un,un -> un,0,naive,Naive,0,novel,Novel Image,2,occlusion,Occluded,1,1040.0,-1.8970983936249035,0.03617389127612114,-1.8970983936249035,0.044502715156836944,0.004390296206408886,44,1005.0,1125.0,1050.0,1080.0,training_familiar,42
un_un,un -> un,0,naive,Naive,0,novel,Novel Image,2,occlusion,Occluded,1,1041.0,-1.3859195280107055,0.03841811791062355,-1.3859195280107055,0.044502715156836944,0.004390296206408886,44,1005.0,1125.0,1050.0,1080.0,training_familiar,42
un_un,un -> un,0,naive,Naive,0,novel,Novel Image,2,occlusion,Occluded,1,1042.0,-1.823453779436497,0.03649721294641495,-1.823453779436497,0.044502715156836944,0.004390296206408886,44,1005.0,1125.0,1050.0,1080.0,training_familiar,42
un_un,un -> un,0,naive,Naive,0,novel,Novel Image,2,occlusion,Occluded,1,1043.0,-1.6092326437515347,0.03743770718574524,-1.6092326437515347,0.044502715156836944,0.004390296206408886,44,1005.0,1125.0,1050.0,1080.0,training_familiar,42
un_un,un -> un,0,naive,Naive,0,novel,Novel Image,2,occlusion,Occluded,1,1044.0,-1.0931238290823122,0.039703577756881714,-1.0931238290823122,0.044502715156836944,0.004390296206408886,44,1005.0,1125.0,1050.0,1080.0,training_familiar,42
un_un,un -> un,0,naive,Naive,0,novel,Novel Image,2,occlusion,Occluded,1,1045.0,0.2979296033159397,0.04581071436405182,0.2979296033159397,0.044502715156836944,0.004390296206408886,44,1005.0,1125.0,1050.0,1080.0,training_familiar,42
un_un,un -> un,0,naive,Naive,0,novel,Novel Image,2,occlusion,Occluded,1,1046.0,-0.22379731680824294,0.04352017864584923,-0.22379731680824294,0.044502715156836944,0.004390296206408886,44,1005.0,1125.0,1050.0,1080.0,training_familiar,42
un_un,un -> un,0,naive,Naive,0,novel,Novel Image,2,occlusion,Occluded,1,1047.0,-0.4564442431523891,0.042498789727687836,-0.4564442431523891,0.044502715156836944,0.004390296206408886,44,1005.0,1125.0,1050.0,1080.0,training_familiar,42
un_un,un -> un,0,naive,Naive,0,novel,Novel Image,2,occlusion,Occluded,1,1048.0,-0.9404523861003317,0.040373850613832474,-0.9404523861003317,0.044502715156836944,0.004390296206408886,44,1005.0,1125.0,1050.0,1080.0,training_familiar,42
un_un,un -> un,0,naive,Naive,0,novel,Novel Image,2,occlusion,Occluded,1,1049.0,-1.4002605037385836,0.038355156779289246,-1.4002605037385836,0.044502715156836944,0.004390296206408886,44,1005.0,1125.0,1050.0,1080.0,training_familiar,42
un_un,un -> un,0,naive,Naive,0,novel,Novel Image,2,occlusion,Occluded,1,1050.0,-1.8370777488043928,0.03643739968538284,-1.8370777488043928,0.044502715156836944,0.004390296206408886,44,1005.0,1125.0,1050.0,1080.0,training_familiar,42
un_un,un -> un,0,naive,Naive,0,novel,Novel Image,2,occlusion,Occluded,1,1051.0,-0.7258010465993804,0.041316233575344086,-0.7258010465993804,0.044502715156836944,0.004390296206408886,44,1005.0,1125.0,1050.0,1080.0,training_familiar,42
un_un,un -> un,0,naive,Naive,0,novel,Novel Image,2,occlusion,Occluded,1,1052.0,-1.1963413493749735,0.03925042226910591,-1.1963413493749735,0.044502715156836944,0.004390296206408886,44,1005.0,1125.0,1050.0,1080.0,training_familiar,42
un_un,un -> un,0,naive,Naive,0,novel,Novel Image,2,occlusion,Occluded,1,1053.0,-1.1555033824007521,0.039429713040590286,-1.1555033824007521,0.044502715156836944,0.004390296206408886,44,1005.0,1125.0,1050.0,1080.0,training_familiar,42
un_un,un -> un,0,naive,Naive,0,novel,Novel Image,2,occlusion,Occluded,1,1054.0,0.26391719747745307,0.04566138982772827,0.26391719747745307,0.044502715156836944,0.004390296206408886,44,1005.0,1125.0,1050.0,1080.0,training_familiar,42
un_un,un -> un,0,naive,Naive,0,novel,Novel Image,2,occlusion,Occluded,1,1055.0,-0.2561092720604526,0.0433783195912838,-0.2561092720604526,0.044502715156836944,0.004390296206408886,44,1005.0,1125.0,1050.0,1080.0,training_familiar,42
un_un,un -> un,0,naive,Naive,0,novel,Novel Image,2,occlusion,Occluded,1,1056.0,0.4851437822843227,0.046632640063762665,0.4851437822843227,0.044502715156836944,0.004390296206408886,44,1005.0,1125.0,1050.0,1080.0,training_familiar,42
un_un,un -> un,0,naive,Naive,0,novel,Novel Image,2,occlusion,Occluded,1,1057.0,-0.04594410134675012,0.04430100694298744,-0.04594410134675012,0.044502715156836944,0.004390296206408886,44,1005.0,1125.0,1050.0,1080.0,training_familiar,42
un_un,un -> un,0,naive,Naive,0,novel,Novel Image,2,occlusion,Occluded,1,1058.0,0.892034284971188,0.048419009894132614,0.892034284971188,0.044502715156836944,0.004390296206408886,44,1005.0,1125.0,1050.0,1080.0,training_familiar,42
un_un,un -> un,0,naive,Naive,0,novel,Novel Image,2,occlusion,Occluded,1,1059.0,0.3406020883378311,0.04599805921316147,0.3406020883378311,0.044502715156836944,0.004390296206408886,44,1005.0,1125.0,1050.0,1080.0,training_familiar,42
un_un,un -> un,0,naive,Naive,0,novel,Novel Image,2,occlusion,Occluded,1,1060.0,-0.18325888030156448,0.043698154389858246,-0.18325888030156448,0.044502715156836944,0.004390296206408886,44,1005.0,1125.0,1050.0,1080.0,training_familiar,42
un_un,un -> un,0,naive,Naive,0,novel,Novel Image,2,occlusion,Occluded,1,1061.0,-0.6809266308033429,0.041513245552778244,-0.6809266308033429,0.044502715156836944,0.004390296206408886,44,1005.0,1125.0,1050.0,1080.0,training_familiar,42
un_un,un -> un,0,naive,Naive,0,novel,Novel Image,2,occlusion,Occluded,1,1062.0,0.7083559231649889,0.04761260747909546,0.7083559231649889,0.044502715156836944,0.004390296206408886,44,1005.0,1125.0,1050.0,1080.0,training_familiar,42
un_un,un -> un,0,naive,Naive,0,novel,Novel Image,2,occlusion,Occluded,1,1063.0,0.166107347637059,0.04523197561502457,0.166107347637059,0.044502715156836944,0.004390296206408886,44,1005.0,1125.0,1050.0,1080.0,training_familiar,42
un_un,un -> un,0,naive,Naive,0,novel,Novel Image,2,occlusion,Occluded,1,1064.0,-0.317643691255174,0.04310816526412964,-0.317643691255174,0.044502715156836944,0.004390296206408886,44,1005.0,1125.0,1050.0,1080.0,training_familiar,42
un_un,un -> un,0,naive,Naive,0,novel,Novel Image,2,occlusion,Occluded,1,1065.0,0.5016289888662536,0.04670501500368118,0.5016289888662536,0.044502715156836944,0.004390296206408886,44,1005.0,1125.0,1050.0,1080.0,training_familiar,42
un_un,un -> un,0,naive,Naive,0,novel,Novel Image,2,occlusion,Occluded,1,1066.0,-0.030282815682621093,0.044369764626026154,-0.030282815682621093,0.044502715156836944,0.004390296206408886,44,1005.0,1125.0,1050.0,1080.0,training_familiar,42
un_un,un -> un,0,naive,Naive,0,novel,Novel Image,2,occlusion,Occluded,1,1067.0,-0.5355991997096994,0.042151276022195816,-0.5355991997096994,0.044502715156836944,0.004390296206408886,44,1005.0,1125.0,1050.0,1080.0,training_familiar,42
un_un,un -> un,0,naive,Naive,0,novel,Novel Image,2,occlusion,Occluded,1,1068.0,-1.0156498069618356,0.04004371166229248,-1.0156498069618356,0.044502715156836944,0.004390296206408886,44,1005.0,1125.0,1050.0,1080.0,training_familiar,42
un_un,un -> un,0,naive,Naive,0,novel,Novel Image,2,occlusion,Occluded,1,1069.0,-0.9491557402238062,0.04033564031124115,-0.9491557402238062,0.044502715156836944,0.004390296206408886,44,1005.0,1125.0,1050.0,1080.0,training_familiar,42
un_un,un -> un,0,naive,Naive,0,novel,Novel Image,2,occlusion,Occluded,1,1070.0,-1.408528562876649,0.03831885755062103,-1.408528562876649,0.044502715156836944,0.004390296206408886,44,1005.0,1125.0,1050.0,1080.0,training_familiar,42
un_un,un -> un,0,naive,Naive,0,novel,Novel Image,2,occlusion,Occluded,1,1071.0,-0.43138635579542994,0.042608801275491714,-0.43138635579542994,0.044502715156836944,0.004390296206408886,44,1005.0,1125.0,1050.0,1080.0,training_familiar,42
un_un,un -> un,0,naive,Naive,0,novel,Novel Image,2,occlusion,Occluded,1,1072.0,-0.916647774948927,0.040478359907865524,-0.916647774948927,0.044502715156836944,0.004390296206408886,44,1005.0,1125.0,1050.0,1080.0,training_familiar,42
un_un,un -> un,0,naive,Naive,0,novel,Novel Image,2,occlusion,Occluded,1,1073.0,-1.3776455291749834,0.03845444321632385,-1.3776455291749834,0.044502715156836944,0.004390296206408886,44,1005.0,1125.0,1050.0,1080.0,training_familiar,42
un_un,un -> un,0,naive,Naive,0,novel,Novel Image,2,occlusion,Occluded,1,1074.0,-1.0727141794058048,0.03979318216443062,-1.0727141794058048,0.044502715156836944,0.004390296206408886,44,1005.0,1125.0,1050.0,1080.0,training_familiar,42
un_un,un -> un,0,naive,Naive,0,novel,Novel Image,2,occlusion,Occluded,1,1075.0,-1.1485081156176844,0.039460424333810806,-1.1485081156176844,0.044502715156836944,0.004390296206408886,44,1005.0,1125.0,1050.0,1080.0,training_familiar,42
un_un,un -> un,0,naive,Naive,0,novel,Novel Image,2,occlusion,Occluded,1,1076.0,-0.6655377227031835,0.04158080741763115,-0.6655377227031835,0.044502715156836944,0.004390296206408886,44,1005.0,1125.0,1050.0,1080.0,training_familiar,42
un_un,un -> un,0,naive,Naive,0,novel,Novel Image,2,occlusion,Occluded,1,1077.0,-1.1390911492471745,0.03950176760554314,-1.1390911492471745,0.044502715156836944,0.004390296206408886,44,1005.0,1125.0,1050.0,1080.0,training_familiar,42
un_un,un -> un,0,naive,Naive,0,novel,Novel Image,2,occlusion,Occluded,1,1078.0,-1.5889672438752607,0.037526678293943405,-1.5889672438752607,0.044502715156836944,0.004390296206408886,44,1005.0,1125.0,1050.0,1080.0,training_familiar,42
un_un,un -> un,0,naive,Naive,0,novel,Novel Image,2,occlusion,Occluded,1,1079.0,-2.01634970347759,0.0356503427028656,-2.01634970347759,0.044502715156836944,0.004390296206408886,44,1005.0,1125.0,1050.0,1080.0,training_familiar,42
un_un,un -> un,0,naive,Naive,0,novel,Novel Image,2,occlusion,Occluded,1,1080.0,-2.4223628279677434,0.03386782482266426,-2.4223628279677434,0.044502715156836944,0.004390296206408886,44,1005.0,1125.0,1050.0,1080.0,training_familiar,42
un_un,un -> un,0,naive,Naive,0,novel,Novel Image,2,occlusion,Occluded,1,1081.0,-1.2996216607571478,0.03879699110984802,-1.2996216607571478,0.044502715156836944,0.004390296206408886,44,1005.0,1125.0,1050.0,1080.0,training_familiar,42
un_un,un -> un,0,naive,Naive,0,novel,Novel Image,2,occlusion,Occluded,1,1082.0,-1.0624571700809964,0.039838213473558426,-1.0624571700809964,0.044502715156836944,0.004390296206408886,44,1005.0,1125.0,1050.0,1080.0,training_familiar,42
un_un,un -> un,0,naive,Naive,0,novel,Novel Image,2,occlusion,Occluded,1,1083.0,-0.5760239334326647,0.04197379946708679,-0.5760239334326647,0.044502715156836944,0.004390296206408886,44,1005.0,1125.0,1050.0,1080.0,training_familiar,42
un_un,un -> un,0,naive,Naive,0,novel,Novel Image,2,occlusion,Occluded,1,1084.0,-1.0540533464250645,0.03987510874867439,-1.0540533464250645,0.044502715156836944,0.004390296206408886,44,1005.0,1125.0,1050.0,1080.0,training_familiar,42
un_un,un -> un,0,naive,Naive,0,novel,Novel Image,2,occlusion,Occluded,1,1085.0,-1.50818141604708,0.03788135200738907,-1.50818141604708,0.044502715156836944,0.004390296206408886,44,1005.0,1125.0,1050.0,1080.0,training_familiar,42
un_un,un -> un,0,naive,Naive,0,novel,Novel Image,2,occlusion,Occluded,1,1086.0,-1.9396028700559351,0.035987284034490585,-1.9396028700559351,0.044502715156836944,0.004390296206408886,44,1005.0,1125.0,1050.0,1080.0,training_familiar,42
un_un,un -> un,0,naive,Naive,0,novel,Novel Image,2,occlusion,Occluded,1,1087.0,-2.3494530392322885,0.0341879203915596,-2.3494530392322885,0.044502715156836944,0.004390296206408886,44,1005.0,1125.0,1050.0,1080.0,training_familiar,42
un_un,un -> un,0,naive,Naive,0,novel,Novel Image,2,occlusion,Occluded,1,1088.0,-2.7388112514931784,0.03247852250933647,-2.7388112514931784,0.044502715156836944,0.004390296206408886,44,1005.0,1125.0,1050.0,1080.0,training_familiar,42
un_un,un -> un,0,naive,Naive,0,novel,Novel Image,2,occlusion,Occluded,1,1089.0,-3.0509640008204957,0.031108079478144646,-3.0509640008204957,0.044502715156836944,0.004390296206408886,44,1005.0,1125.0,1050.0,1080.0,training_familiar,42
un_un,un -> un,0,naive,Naive,0,novel,Novel Image,2,occlusion,Occluded,1,1090.0,-2.1587777135865482,0.03502504155039787,-2.1587777135865482,0.044502715156836944,0.004390296206408886,44,1005.0,1125.0,1050.0,1080.0,training_familiar,42
un_un,un -> un,0,naive,Naive,0,novel,Novel Image,2,occlusion,Occluded,1,1091.0,-1.6119046591687933,0.03742597624659538,-1.6119046591687933,0.044502715156836944,0.004390296206408886,44,1005.0,1125.0,1050.0,1080.0,training_familiar,42
un_un,un -> un,0,naive,Naive,0,novel,Novel Image,2,occlusion,Occluded,1,1092.0,0.10946214814200231,0.044983286410570145,0.10946214814200231,0.044502715156836944,0.004390296206408886,44,1005.0,1125.0,1050.0,1080.0,training_familiar,42
un_un,un -> un,0,naive,Naive,0,novel,Novel Image,2,occlusion,Occluded,1,1093.0,-0.40284186591401366,0.04273412004113197,-0.40284186591401366,0.044502715156836944,0.004390296206408886,44,1005.0,1125.0,1050.0,1080.0,training_familiar,42
un_un,un -> un,0,naive,Naive,0,novel,Novel Image,2,occlusion,Occluded,1,1094.0,-0.8895305095615815,0.04059741273522377,-0.8895305095615815,0.044502715156836944,0.004390296206408886,44,1005.0,1125.0,1050.0,1080.0,training_familiar,42
un_un,un -> un,0,naive,Naive,0,novel,Novel Image,2,occlusion,Occluded,1,1095.0,-0.2897254152124166,0.04323073476552963,-0.2897254152124166,0.044502715156836944,0.004390296206408886,44,1005.0,1125.0,1050.0,1080.0,training_familiar,42
un_un,un -> un,0,naive,Naive,0,novel,Novel Image,2,occlusion,Occluded,1,1096.0,-0.7820694995573578,0.04106919839978218,-0.7820694995573578,0.044502715156836944,0.004390296206408886,44,1005.0,1125.0,1050.0,1080.0,training_familiar,42
un_un,un -> un,0,naive,Naive,0,novel,Novel Image,2,occlusion,Occluded,1,1097.0,-1.2497969312284058,0.03901573643088341,-1.2497969312284058,0.044502715156836944,0.004390296206408886,44,1005.0,1125.0,1050.0,1080.0,training_familiar,42
un_un,un -> un,0,naive,Naive,0,novel,Novel Image,2,occlusion,Occluded,1,1098.0,-1.6941372276404882,0.03706495091319084,-1.6941372276404882,0.044502715156836944,0.004390296206408886,44,1005.0,1125.0,1050.0,1080.0,training_familiar,42
un_un,un -> un,0,naive,Naive,0,novel,Novel Image,2,occlusion,Occluded,1,1099.0,-2.116260509231967,0.035211704671382904,-2.116260509231967,0.044502715156836944,0.004390296206408886,44,1005.0,1125.0,1050.0,1080.0,training_familiar,42
un_un,un -> un,0,naive,Naive,0,novel,Novel Image,2,occlusion,Occluded,1,1100.0,-0.9637334553297139,0.040271639823913574,-0.9637334553297139,0.044502715156836944,0.004390296206408886,44,1005.0,1125.0,1050.0,1080.0,training_familiar,42
un_un,un -> un,0,naive,Naive,0,novel,Novel Image,2,occlusion,Occluded,1,1101.0,-0.4463917291326168,0.042542923241853714,-0.4463917291326168,0.044502715156836944,0.004390296206408886,44,1005.0,1125.0,1050.0,1080.0,training_familiar,42
un_un,un -> un,0,naive,Naive,0,novel,Novel Image,2,occlusion,Occluded,1,1102.0,-0.8038563105619727,0.04097354784607887,-0.8038563105619727,0.044502715156836944,0.004390296206408886,44,1005.0,1125.0,1050.0,1080.0,training_familiar,42
un_un,un -> un,0,naive,Naive,0,novel,Novel Image,2,occlusion,Occluded,1,1103.0,-1.2704942319771426,0.038924869149923325,-1.2704942319771426,0.044502715156836944,0.004390296206408886,44,1005.0,1125.0,1050.0,1080.0,training_familiar,42
un_un,un -> un,0,naive,Naive,0,novel,Novel Image,2,occlusion,Occluded,1,1104.0,-1.7138001724687302,0.036978624761104584,-1.7138001724687302,0.044502715156836944,0.004390296206408886,44,1005.0,1125.0,1050.0,1080.0,training_familiar,42
un_un,un -> un,0,naive,Naive,0,novel,Novel Image,2,occlusion,Occluded,1,1105.0,-1.9066672465497767,0.036131881177425385,-1.9066672465497767,0.044502715156836944,0.004390296206408886,44,1005.0,1125.0,1050.0,1080.0,training_familiar,42
un_un,un -> un,0,naive,Naive,0,novel,Novel Image,2,occlusion,Occluded,1,1106.0,-1.8335919948081723,0.036452703177928925,-1.8335919948081723,0.044502715156836944,0.004390296206408886,44,1005.0,1125.0,1050.0,1080.0,training_familiar,42
un_un,un -> un,0,naive,Naive,0,novel,Novel Image,2,occlusion,Occluded,1,1107.0,-2.248742919878973,0.03463006764650345,-2.248742919878973,0.044502715156836944,0.004390296206408886,44,1005.0,1125.0,1050.0,1080.0,training_familiar,42
un_un,un -> un,0,naive,Naive,0,novel,Novel Image,2,occlusion,Occluded,1,1108.0,0.2319836858187961,0.045521192252635956,0.2319836858187961,0.044502715156836944,0.004390296206408886,44,1005.0,1125.0,1050.0,1080.0,training_familiar,42
un_un,un -> un,0,naive,Naive,0,novel,Novel Image,2,occlusion,Occluded,1,1109.0,-0.18758891989326684,0.043679144233465195,-0.18758891989326684,0.044502715156836944,0.004390296206408886,44,1005.0,1125.0,1050.0,1080.0,training_familiar,42
un_un,un -> un,0,naive,Naive,0,novel,Novel Image,2,occlusion,Occluded,1,1110.0,-0.6850402956946957,0.0414951853454113,-0.6850402956946957,0.044502715156836944,0.004390296206408886,44,1005.0,1125.0,1050.0,1080.0,training_familiar,42
un_un,un -> un,0,naive,Naive,0,novel,Novel Image,2,occlusion,Occluded,1,1111.0,-0.9425567361272612,0.04036461189389229,-0.9425567361272612,0.044502715156836944,0.004390296206408886,44,1005.0,1125.0,1050.0,1080.0,training_familiar,42
un_un,un -> un,0,naive,Naive,0,novel,Novel Image,2,occlusion,Occluded,1,1112.0,-1.4022596362641666,0.03834637999534607,-1.4022596362641666,0.044502715156836944,0.004390296206408886,44,1005.0,1125.0,1050.0,1080.0,training_familiar,42
un_un,un -> un,0,naive,Naive,0,novel,Novel Image,2,occlusion,Occluded,1,1113.0,-1.7508554005638983,0.03681594133377075,-1.7508554005638983,0.044502715156836944,0.004390296206408886,44,1005.0,1125.0,1050.0,1080.0,training_familiar,42
un_un,un -> un,0,naive,Naive,0,novel,Novel Image,2,occlusion,Occluded,1,1114.0,-2.170142900788442,0.034975145012140274,-2.170142900788442,0.044502715156836944,0.004390296206408886,44,1005.0,1125.0,1050.0,1080.0,training_familiar,42
un_un,un -> un,0,naive,Naive,0,novel,Novel Image,2,occlusion,Occluded,1,1115.0,-1.306506618869449,0.0387667641043663,-1.306506618869449,0.044502715156836944,0.004390296206408886,44,1005.0,1125.0,1050.0,1080.0,training_familiar,42
un_un,un -> un,0,naive,Naive,0,novel,Novel Image,2,occlusion,Occluded,1,1116.0,-1.127771782570061,0.03955146297812462,-1.127771782570061,0.044502715156836944,0.004390296206408886,44,1005.0,1125.0,1050.0,1080.0,training_familiar,42
un_un,un -> un,0,naive,Naive,0,novel,Novel Image,2,occlusion,Occluded,1,1117.0,-1.578213845532003,0.03757388889789581,-1.578213845532003,0.044502715156836944,0.004390296206408886,44,1005.0,1125.0,1050.0,1080.0,training_familiar,42
un_un,un -> un,0,naive,Naive,0,novel,Novel Image,2,occlusion,Occluded,1,1118.0,-1.4902511658781081,0.03796007111668587,-1.4902511658781081,0.044502715156836944,0.004390296206408886,44,1005.0,1125.0,1050.0,1080.0,training_familiar,42
un_un,un -> un,0,naive,Naive,0,novel,Novel Image,2,occlusion,Occluded,1,1119.0,-1.9225695142331185,0.03606206551194191,-1.9225695142331185,0.044502715156836944,0.004390296206408886,44,1005.0,1125.0,1050.0,1080.0,training_familiar,42
un_un,un -> un,0,naive,Naive,0,novel,Novel Image,2,occlusion,Occluded,1,1120.0,-2.3332716057590837,0.03425896167755127,-2.3332716057590837,0.044502715156836944,0.004390296206408886,44,1005.0,1125.0,1050.0,1080.0,training_familiar,42
un_un,un -> un,0,naive,Naive,0,novel,Novel Image,2,occlusion,Occluded,1,1121.0,-1.6256109357756459,0.03736580163240433,-1.6256109357756459,0.044502715156836944,0.004390296206408886,44,1005.0,1125.0,1050.0,1080.0,training_familiar,42
un_un,un -> un,0,naive,Naive,0,novel,Novel Image,2,occlusion,Occluded,1,1122.0,-2.02200090153378,0.035625532269477844,-2.02200090153378,0.044502715156836944,0.004390296206408886,44,1005.0,1125.0,1050.0,1080.0,training_familiar,42
un_un,un -> un,0,naive,Naive,0,novel,Novel Image,2,occlusion,Occluded,1,1123.0,-2.4277314661211236,0.03384425491094589,-2.4277314661211236,0.044502715156836944,0.004390296206408886,44,1005.0,1125.0,1050.0,1080.0,training_familiar,42
un_un,un -> un,0,naive,Naive,0,novel,Novel Image,2,occlusion,Occluded,1,1124.0,-2.813175417626277,0.03215204179286957,-2.813175417626277,0.044502715156836944,0.004390296206408886,44,1005.0,1125.0,1050.0,1080.0,training_familiar,42
un_un,un -> un,0,expert,Expert,1,familiar_1,Familiar 1,0,full,Nonoccluded,0,1006.0,-1.6503166851524558,0.024279434233903885,-1.6503166851524558,0.03472960139201446,0.006332219295925735,44,1005.0,1125.0,1050.0,1080.0,training_familiar,42
un_un,un -> un,0,expert,Expert,1,familiar_1,Familiar 1,0,full,Nonoccluded,0,1007.0,-1.3388965550703418,0.02625141479074955,-1.3388965550703418,0.03472960139201446,0.006332219295925735,44,1005.0,1125.0,1050.0,1080.0,training_familiar,42
un_un,un -> un,0,expert,Expert,1,familiar_1,Familiar 1,0,full,Nonoccluded,0,1008.0,-1.5461810133407228,0.02493884414434433,-1.5461810133407228,0.03472960139201446,0.006332219295925735,44,1005.0,1125.0,1050.0,1080.0,training_familiar,42
un_un,un -> un,0,expert,Expert,1,familiar_1,Familiar 1,0,full,Nonoccluded,0,1009.0,-1.4484508304854053,0.02555769309401512,-1.4484508304854053,0.03472960139201446,0.006332219295925735,44,1005.0,1125.0,1050.0,1080.0,training_familiar,42
un_un,un -> un,0,expert,Expert,1,familiar_1,Familiar 1,0,full,Nonoccluded,0,1010.0,-1.6502575602773528,0.02427980862557888,-1.6502575602773528,0.03472960139201446,0.006332219295925735,44,1005.0,1125.0,1050.0,1080.0,training_familiar,42
un_un,un -> un,0,expert,Expert,1,familiar_1,Familiar 1,0,full,Nonoccluded,0,1011.0,-1.8419739388720227,0.02306581847369671,-1.8419739388720227,0.03472960139201446,0.006332219295925735,44,1005.0,1125.0,1050.0,1080.0,training_familiar,42
un_un,un -> un,0,expert,Expert,1,familiar_1,Familiar 1,0,full,Nonoccluded,0,1012.0,-1.0931718092212808,0.02780739776790142,-1.0931718092212808,0.03472960139201446,0.006332219295925735,44,1005.0,1125.0,1050.0,1080.0,training_familiar,42
un_un,un -> un,0,expert,Expert,1,familiar_1,Familiar 1,0,full,Nonoccluded,0,1013.0,-1.3127424753687542,0.026417028158903122,-1.3127424753687542,0.03472960139201446,0.006332219295925735,44,1005.0,1125.0,1050.0,1080.0,training_familiar,42
un_un,un -> un,0,expert,Expert,1,familiar_1,Familiar 1,0,full,Nonoccluded,0,1014.0,-0.8331935561683225,0.029453637078404427,-0.8331935561683225,0.03472960139201446,0.006332219295925735,44,1005.0,1125.0,1050.0,1080.0,training_familiar,42
un_un,un -> un,0,expert,Expert,1,familiar_1,Familiar 1,0,full,Nonoccluded,0,1015.0,-0.6866615249109539,0.03038151003420353,-0.6866615249109539,0.03472960139201446,0.006332219295925735,44,1005.0,1125.0,1050.0,1080.0,training_familiar,42
un_un,un -> un,0,expert,Expert,1,familiar_1,Familiar 1,0,full,Nonoccluded,0,1016.0,-0.8961500761621588,0.029054982587695122,-0.8961500761621588,0.03472960139201446,0.006332219295925735,44,1005.0,1125.0,1050.0,1080.0,training_familiar,42
un_un,un -> un,0,expert,Expert,1,familiar_1,Familiar 1,0,full,Nonoccluded,0,1017.0,-0.34690675443502655,0.032532911747694016,-0.34690675443502655,0.03472960139201446,0.006332219295925735,44,1005.0,1125.0,1050.0,1080.0,training_familiar,42
un_un,un -> un,0,expert,Expert,1,familiar_1,Familiar 1,0,full,Nonoccluded,0,1018.0,-0.44966696397819783,0.031882211565971375,-0.44966696397819783,0.03472960139201446,0.006332219295925735,44,1005.0,1125.0,1050.0,1080.0,training_familiar,42
un_un,un -> un,0,expert,Expert,1,familiar_1,Familiar 1,0,full,Nonoccluded,0,1019.0,-0.34294156380623886,0.03255802020430565,-0.34294156380623886,0.03472960139201446,0.006332219295925735,44,1005.0,1125.0,1050.0,1080.0,training_familiar,42
un_un,un -> un,0,expert,Expert,1,familiar_1,Familiar 1,0,full,Nonoccluded,0,1020.0,0.2640920581066142,0.036401890218257904,0.2640920581066142,0.03472960139201446,0.006332219295925735,44,1005.0,1125.0,1050.0,1080.0,training_familiar,42
un_un,un -> un,0,expert,Expert,1,familiar_1,Familiar 1,0,full,Nonoccluded,0,1021.0,0.8618233663366198,0.04018685594201088,0.8618233663366198,0.03472960139201446,0.006332219295925735,44,1005.0,1125.0,1050.0,1080.0,training_familiar,42
un_un,un -> un,0,expert,Expert,1,familiar_1,Familiar 1,0,full,Nonoccluded,0,1022.0,0.916251196635273,0.04053150489926338,0.916251196635273,0.03472960139201446,0.006332219295925735,44,1005.0,1125.0,1050.0,1080.0,training_familiar,42
un_un,un -> un,0,expert,Expert,1,familiar_1,Familiar 1,0,full,Nonoccluded,0,1023.0,0.5962091301644055,0.03850492835044861,0.5962091301644055,0.03472960139201446,0.006332219295925735,44,1005.0,1125.0,1050.0,1080.0,training_familiar,42
un_un,un -> un,0,expert,Expert,1,familiar_1,Familiar 1,0,full,Nonoccluded,0,1024.0,0.2921690199402777,0.036579679697752,0.2921690199402777,0.03472960139201446,0.006332219295925735,44,1005.0,1125.0,1050.0,1080.0,training_familiar,42
un_un,un -> un,0,expert,Expert,1,familiar_1,Familiar 1,0,full,Nonoccluded,0,1025.0,0.21870592139458392,0.03611449524760246,0.21870592139458392,0.03472960139201446,0.006332219295925735,44,1005.0,1125.0,1050.0,1080.0,training_familiar,42
un_un,un -> un,0,expert,Expert,1,familiar_1,Familiar 1,0,full,Nonoccluded,0,1026.0,0.9752990034929572,0.040905408561229706,0.9752990034929572,0.03472960139201446,0.006332219295925735,44,1005.0,1125.0,1050.0,1080.0,training_familiar,42
un_un,un -> un,0,expert,Expert,1,familiar_1,Familiar 1,0,full,Nonoccluded,0,1027.0,0.9398687897795878,0.040681056678295135,0.9398687897795878,0.03472960139201446,0.006332219295925735,44,1005.0,1125.0,1050.0,1080.0,training_familiar,42
un_un,un -> un,0,expert,Expert,1,familiar_1,Familiar 1,0,full,Nonoccluded,0,1028.0,0.6186459907283083,0.03864700347185135,0.6186459907283083,0.03472960139201446,0.006332219295925735,44,1005.0,1125.0,1050.0,1080.0,training_familiar,42
un_un,un -> un,0,expert,Expert,1,familiar_1,Familiar 1,0,full,Nonoccluded,0,1029.0,2.1978649333458837,0.0486469641327858,2.1978649333458837,0.03472960139201446,0.006332219295925735,44,1005.0,1125.0,1050.0,1080.0,training_familiar,42
un_un,un -> un,0,expert,Expert,1,familiar_1,Familiar 1,0,full,Nonoccluded,0,1030.0,1.8137420917934035,0.04621461406350136,1.8137420917934035,0.03472960139201446,0.006332219295925735,44,1005.0,1125.0,1050.0,1080.0,training_familiar,42
un_un,un -> un,0,expert,Expert,1,familiar_1,Familiar 1,0,full,Nonoccluded,0,1031.0,1.8322008189697898,0.0463314987719059,1.8322008189697898,0.03472960139201446,0.006332219295925735,44,1005.0,1125.0,1050.0,1080.0,training_familiar,42
un_un,un -> un,0,expert,Expert,1,familiar_1,Familiar 1,0,full,Nonoccluded,0,1032.0,1.4663613890436396,0.04401492327451706,1.4663613890436396,0.03472960139201446,0.006332219295925735,44,1005.0,1125.0,1050.0,1080.0,training_familiar,42
un_un,un -> un,0,expert,Expert,1,familiar_1,Familiar 1,0,full,Nonoccluded,0,1033.0,1.1246960908871502,0.04185142368078232,1.1246960908871502,0.03472960139201446,0.006332219295925735,44,1005.0,1125.0,1050.0,1080.0,training_familiar,42
un_un,un -> un,0,expert,Expert,1,familiar_1,Familiar 1,0,full,Nonoccluded,0,1034.0,0.7942321621033785,0.03975885361433029,0.7942321621033785,0.03472960139201446,0.006332219295925735,44,1005.0,1125.0,1050.0,1080.0,training_familiar,42
un_un,un -> un,0,expert,Expert,1,familiar_1,Familiar 1,0,full,Nonoccluded,0,1035.0,0.4802914297587956,0.03777091205120087,0.4802914297587956,0.03472960139201446,0.006332219295925735,44,1005.0,1125.0,1050.0,1080.0,training_familiar,42
un_un,un -> un,0,expert,Expert,1,familiar_1,Familiar 1,0,full,Nonoccluded,0,1036.0,0.18204732221639128,0.035882364958524704,0.18204732221639128,0.03472960139201446,0.006332219295925735,44,1005.0,1125.0,1050.0,1080.0,training_familiar,42
un_un,un -> un,0,expert,Expert,1,familiar_1,Familiar 1,0,full,Nonoccluded,0,1037.0,0.14368557365090776,0.0356394499540329,0.14368557365090776,0.03472960139201446,0.006332219295925735,44,1005.0,1125.0,1050.0,1080.0,training_familiar,42
un_un,un -> un,0,expert,Expert,1,familiar_1,Familiar 1,0,full,Nonoccluded,0,1038.0,0.6567206453728944,0.038888100534677505,0.6567206453728944,0.03472960139201446,0.006332219295925735,44,1005.0,1125.0,1050.0,1080.0,training_familiar,42
un_un,un -> un,0,expert,Expert,1,familiar_1,Familiar 1,0,full,Nonoccluded,0,1039.0,0.3496554594494749,0.036943696439266205,0.3496554594494749,0.03472960139201446,0.006332219295925735,44,1005.0,1125.0,1050.0,1080.0,training_familiar,42
un_un,un -> un,0,expert,Expert,1,familiar_1,Familiar 1,0,full,Nonoccluded,0,1040.0,0.5763249346061866,0.038379017263650894,0.5763249346061866,0.03472960139201446,0.006332219295925735,44,1005.0,1125.0,1050.0,1080.0,training_familiar,42
un_un,un -> un,0,expert,Expert,1,familiar_1,Familiar 1,0,full,Nonoccluded,0,1041.0,0.5585939434546983,0.03826674073934555,0.5585939434546983,0.03472960139201446,0.006332219295925735,44,1005.0,1125.0,1050.0,1080.0,training_familiar,42
un_un,un -> un,0,expert,Expert,1,familiar_1,Familiar 1,0,full,Nonoccluded,0,1042.0,0.2564346513967773,0.036353401839733124,0.2564346513967773,0.03472960139201446,0.006332219295925735,44,1005.0,1125.0,1050.0,1080.0,training_familiar,42
un_un,un -> un,0,expert,Expert,1,familiar_1,Familiar 1,0,full,Nonoccluded,0,1043.0,-0.030616323073918643,0.0345357321202755,-0.030616323073918643,0.03472960139201446,0.006332219295925735,44,1005.0,1125.0,1050.0,1080.0,training_familiar,42
un_un,un -> un,0,expert,Expert,1,familiar_1,Familiar 1,0,full,Nonoccluded,0,1044.0,-0.303314954728605,0.03280894458293915,-0.303314954728605,0.03472960139201446,0.006332219295925735,44,1005.0,1125.0,1050.0,1080.0,training_familiar,42
un_un,un -> un,0,expert,Expert,1,familiar_1,Familiar 1,0,full,Nonoccluded,0,1045.0,-0.5623786842159177,0.0311684962362051,-0.5623786842159177,0.03472960139201446,0.006332219295925735,44,1005.0,1125.0,1050.0,1080.0,training_familiar,42
un_un,un -> un,0,expert,Expert,1,familiar_1,Familiar 1,0,full,Nonoccluded,0,1046.0,-0.7896823545503496,0.02972915954887867,-0.7896823545503496,0.03472960139201446,0.006332219295925735,44,1005.0,1125.0,1050.0,1080.0,training_familiar,42
un_un,un -> un,0,expert,Expert,1,familiar_1,Familiar 1,0,full,Nonoccluded,0,1047.0,-1.0244275228467303,0.028242701664566994,-1.0244275228467303,0.03472960139201446,0.006332219295925735,44,1005.0,1125.0,1050.0,1080.0,training_familiar,42
un_un,un -> un,0,expert,Expert,1,familiar_1,Familiar 1,0,full,Nonoccluded,0,1048.0,0.15704838373136526,0.03572406619787216,0.15704838373136526,0.03472960139201446,0.006332219295925735,44,1005.0,1125.0,1050.0,1080.0,training_familiar,42
un_un,un -> un,0,expert,Expert,1,familiar_1,Familiar 1,0,full,Nonoccluded,0,1049.0,-0.12503315969461706,0.03393786400556564,-0.12503315969461706,0.03472960139201446,0.006332219295925735,44,1005.0,1125.0,1050.0,1080.0,training_familiar,42
un_un,un -> un,0,expert,Expert,1,familiar_1,Familiar 1,0,full,Nonoccluded,0,1050.0,-0.39301062594930025,0.03224097192287445,-0.39301062594930025,0.03472960139201446,0.006332219295925735,44,1005.0,1125.0,1050.0,1080.0,training_familiar,42
un_un,un -> un,0,expert,Expert,1,familiar_1,Familiar 1,0,full,Nonoccluded,0,1051.0,-0.6475893953834138,0.030628923326730728,-0.6475893953834138,0.03472960139201446,0.006332219295925735,44,1005.0,1125.0,1050.0,1080.0,training_familiar,42
un_un,un -> un,0,expert,Expert,1,familiar_1,Familiar 1,0,full,Nonoccluded,0,1052.0,-0.8894392557611824,0.029097476974129677,-0.8894392557611824,0.03472960139201446,0.006332219295925735,44,1005.0,1125.0,1050.0,1080.0,training_familiar,42
un_un,un -> un,0,expert,Expert,1,familiar_1,Familiar 1,0,full,Nonoccluded,0,1053.0,-1.119196755489186,0.02764260210096836,-1.119196755489186,0.03472960139201446,0.006332219295925735,44,1005.0,1125.0,1050.0,1080.0,training_familiar,42
un_un,un -> un,0,expert,Expert,1,familiar_1,Familiar 1,0,full,Nonoccluded,0,1054.0,-1.3374663802307893,0.02626047097146511,-1.3374663802307893,0.03472960139201446,0.006332219295925735,44,1005.0,1125.0,1050.0,1080.0,training_familiar,42
un_un,un -> un,0,expert,Expert,1,familiar_1,Familiar 1,0,full,Nonoccluded,0,1055.0,-1.5448223178277873,0.024947447702288628,-1.5448223178277873,0.03472960139201446,0.006332219295925735,44,1005.0,1125.0,1050.0,1080.0,training_familiar,42
un_un,un -> un,0,expert,Expert,1,familiar_1,Familiar 1,0,full,Nonoccluded,0,1056.0,-1.7418105173756568,0.02370007522404194,-1.7418105173756568,0.03472960139201446,0.006332219295925735,44,1005.0,1125.0,1050.0,1080.0,training_familiar,42
un_un,un -> un,0,expert,Expert,1,familiar_1,Familiar 1,0,full,Nonoccluded,0,1057.0,-1.9289492775307722,0.0225150715559721,-1.9289492775307722,0.03472960139201446,0.006332219295925735,44,1005.0,1125.0,1050.0,1080.0,training_familiar,42
un_un,un -> un,0,expert,Expert,1,familiar_1,Familiar 1,0,full,Nonoccluded,0,1058.0,-2.1067310114320494,0.021389318630099297,-2.1067310114320494,0.03472960139201446,0.006332219295925735,44,1005.0,1125.0,1050.0,1080.0,training_familiar,42
un_un,un -> un,0,expert,Expert,1,familiar_1,Familiar 1,0,full,Nonoccluded,0,1059.0,-2.2756237174689846,0.020319852977991104,-2.2756237174689846,0.03472960139201446,0.006332219295925735,44,1005.0,1125.0,1050.0,1080.0,training_familiar,42
un_un,un -> un,0,expert,Expert,1,familiar_1,Familiar 1,0,full,Nonoccluded,0,1060.0,-2.4360718617424744,0.019303860142827034,-2.4360718617424744,0.03472960139201446,0.006332219295925735,44,1005.0,1125.0,1050.0,1080.0,training_familiar,42
un_un,un -> un,0,expert,Expert,1,familiar_1,Familiar 1,0,full,Nonoccluded,0,1061.0,-2.588497554679249,0.01833866722881794,-2.588497554679249,0.03472960139201446,0.006332219295925735,44,1005.0,1125.0,1050.0,1080.0,training_familiar,42
un_un,un -> un,0,expert,Expert,1,familiar_1,Familiar 1,0,full,Nonoccluded,0,1062.0,-2.733302021799906,0.01742173358798027,-2.733302021799906,0.03472960139201446,0.006332219295925735,44,1005.0,1125.0,1050.0,1080.0,training_familiar,42
un_un,un -> un,0,expert,Expert,1,familiar_1,Familiar 1,0,full,Nonoccluded,0,1063.0,-2.8708661920261287,0.016550647094845772,-2.8708661920261287,0.03472960139201446,0.006332219295925735,44,1005.0,1125.0,1050.0,1080.0,training_familiar,42
un_un,un -> un,0,expert,Expert,1,familiar_1,Familiar 1,0,full,Nonoccluded,0,1064.0,-3.0015521684487205,0.01572311483323574,-3.0015521684487205,0.03472960139201446,0.006332219295925735,44,1005.0,1125.0,1050.0,1080.0,training_familiar,42
un_un,un -> un,0,expert,Expert,1,familiar_1,Familiar 1,0,full,Nonoccluded,0,1065.0,-3.1257039637116257,0.014936958439648151,-3.1257039637116257,0.03472960139201446,0.006332219295925735,44,1005.0,1125.0,1050.0,1080.0,training_familiar,42
un_un,un -> un,0,expert,Expert,1,familiar_1,Familiar 1,0,full,Nonoccluded,0,1066.0,-3.2436480883191434,0.014190110377967358,-3.2436480883191434,0.03472960139201446,0.006332219295925735,44,1005.0,1125.0,1050.0,1080.0,training_familiar,42
un_un,un -> un,0,expert,Expert,1,familiar_1,Familiar 1,0,full,Nonoccluded,0,1067.0,-3.3556950214039656,0.013480604626238346,-3.3556950214039656,0.03472960139201446,0.006332219295925735,44,1005.0,1125.0,1050.0,1080.0,training_familiar,42
un_un,un -> un,0,expert,Expert,1,familiar_1,Familiar 1,0,full,Nonoccluded,0,1068.0,-3.462139651957588,0.012806573882699013,-3.462139651957588,0.03472960139201446,0.006332219295925735,44,1005.0,1125.0,1050.0,1080.0,training_familiar,42
un_un,un -> un,0,expert,Expert,1,familiar_1,Familiar 1,0,full,Nonoccluded,0,1069.0,-3.5632620142143283,0.01216624490916729,-3.5632620142143283,0.03472960139201446,0.006332219295925735,44,1005.0,1125.0,1050.0,1080.0,training_familiar,42
un_un,un -> un,0,expert,Expert,1,familiar_1,Familiar 1,0,full,Nonoccluded,0,1070.0,-3.659328170112149,0.011557932943105698,-3.659328170112149,0.03472960139201446,0.006332219295925735,44,1005.0,1125.0,1050.0,1080.0,training_familiar,42
un_un,un -> un,0,expert,Expert,1,familiar_1,Familiar 1,0,full,Nonoccluded,0,1071.0,-3.7505910917534813,0.010980036109685898,-3.7505910917534813,0.03472960139201446,0.006332219295925735,44,1005.0,1125.0,1050.0,1080.0,training_familiar,42
un_un,un -> un,0,expert,Expert,1,familiar_1,Familiar 1,0,full,Nonoccluded,0,1072.0,-3.8372908084820248,0.010431034490466118,-3.8372908084820248,0.03472960139201446,0.006332219295925735,44,1005.0,1125.0,1050.0,1080.0,training_familiar,42
un_un,un -> un,0,expert,Expert,1,familiar_1,Familiar 1,0,full,Nonoccluded,0,1073.0,-3.9196555834971827,0.009909482672810555,-3.9196555834971827,0.03472960139201446,0.006332219295925735,44,1005.0,1125.0,1050.0,1080.0,training_familiar,42
un_un,un -> un,0,expert,Expert,1,familiar_1,Familiar 1,0,full,Nonoccluded,0,1074.0,-3.997902060930861,0.0094140088185668,-3.997902060930861,0.03472960139201446,0.006332219295925735,44,1005.0,1125.0,1050.0,1080.0,training_familiar,42
un_un,un -> un,0,expert,Expert,1,familiar_1,Familiar 1,0,full,Nonoccluded,0,1075.0,-4.072236295385097,0.008943308144807816,-4.072236295385097,0.03472960139201446,0.006332219295925735,44,1005.0,1125.0,1050.0,1080.0,training_familiar,42
un_un,un -> un,0,expert,Expert,1,familiar_1,Familiar 1,0,full,Nonoccluded,0,1076.0,-4.14285375193206,0.00849614292383194,-4.14285375193206,0.03472960139201446,0.006332219295925735,44,1005.0,1125.0,1050.0,1080.0,training_familiar,42
un_un,un -> un,0,expert,Expert,1,familiar_1,Familiar 1,0,full,Nonoccluded,0,1077.0,-4.209940335651675,0.008071335963904858,-4.209940335651675,0.03472960139201446,0.006332219295925735,44,1005.0,1125.0,1050.0,1080.0,training_familiar,42
un_un,un -> un,0,expert,Expert,1,familiar_1,Familiar 1,0,full,Nonoccluded,0,1078.0,-4.27367261224683,0.0076677692122757435,-4.27367261224683,0.03472960139201446,0.006332219295925735,44,1005.0,1125.0,1050.0,1080.0,training_familiar,42
un_un,un -> un,0,expert,Expert,1,familiar_1,Familiar 1,0,full,Nonoccluded,0,1079.0,-4.3342183228121876,0.007284380495548248,-4.3342183228121876,0.03472960139201446,0.006332219295925735,44,1005.0,1125.0,1050.0,1080.0,training_familiar,42
un_un,un -> un,0,expert,Expert,1,familiar_1,Familiar 1,0,full,Nonoccluded,0,1080.0,-4.3917367515261985,0.0069201611913740635,-4.3917367515261985,0.03472960139201446,0.006332219295925735,44,1005.0,1125.0,1050.0,1080.0,training_familiar,42
un_un,un -> un,0,expert,Expert,1,familiar_1,Familiar 1,0,full,Nonoccluded,0,1081.0,-4.446379240419907,0.00657415296882391,-4.446379240419907,0.03472960139201446,0.006332219295925735,44,1005.0,1125.0,1050.0,1080.0,training_familiar,42
un_un,un -> un,0,expert,Expert,1,familiar_1,Familiar 1,0,full,Nonoccluded,0,1082.0,-3.962957936053847,0.009635282680392265,-3.962957936053847,0.03472960139201446,0.006332219295925735,44,1005.0,1125.0,1050.0,1080.0,training_familiar,42
un_un,un -> un,0,expert,Expert,1,familiar_1,Familiar 1,0,full,Nonoccluded,0,1083.0,-3.4409564740687517,0.012940710410475731,-3.4409564740687517,0.03472960139201446,0.006332219295925735,44,1005.0,1125.0,1050.0,1080.0,training_familiar,42
un_un,un -> un,0,expert,Expert,1,familiar_1,Familiar 1,0,full,Nonoccluded,0,1084.0,-2.854351526041557,0.016655221581459045,-2.854351526041557,0.03472960139201446,0.006332219295925735,44,1005.0,1125.0,1050.0,1080.0,training_familiar,42
un_un,un -> un,0,expert,Expert,1,familiar_1,Familiar 1,0,full,Nonoccluded,0,1085.0,-2.985863191640336,0.015822460874915123,-2.985863191640336,0.03472960139201446,0.006332219295925735,44,1005.0,1125.0,1050.0,1080.0,training_familiar,42
un_un,un -> un,0,expert,Expert,1,familiar_1,Familiar 1,0,full,Nonoccluded,0,1086.0,-2.194530862652557,0.020833350718021393,-2.194530862652557,0.03472960139201446,0.006332219295925735,44,1005.0,1125.0,1050.0,1080.0,training_familiar,42
un_un,un -> un,0,expert,Expert,1,familiar_1,Familiar 1,0,full,Nonoccluded,0,1087.0,-1.2847540537709412,0.0265942569822073,-1.2847540537709412,0.03472960139201446,0.006332219295925735,44,1005.0,1125.0,1050.0,1080.0,training_familiar,42
un_un,un -> un,0,expert,Expert,1,familiar_1,Familiar 1,0,full,Nonoccluded,0,1088.0,-0.6189417755512452,0.03081032633781433,-0.6189417755512452,0.03472960139201446,0.006332219295925735,44,1005.0,1125.0,1050.0,1080.0,training_familiar,42
un_un,un -> un,0,expert,Expert,1,familiar_1,Familiar 1,0,full,Nonoccluded,0,1089.0,-0.7618918983303685,0.029905134811997414,-0.7618918983303685,0.03472960139201446,0.006332219295925735,44,1005.0,1125.0,1050.0,1080.0,training_familiar,42
un_un,un -> un,0,expert,Expert,1,familiar_1,Familiar 1,0,full,Nonoccluded,0,1090.0,-0.9980266482684698,0.02840987779200077,-0.9980266482684698,0.03472960139201446,0.006332219295925735,44,1005.0,1125.0,1050.0,1080.0,training_familiar,42
un_un,un -> un,0,expert,Expert,1,familiar_1,Familiar 1,0,full,Nonoccluded,0,1091.0,-1.2223546607096658,0.02698938362300396,-1.2223546607096658,0.03472960139201446,0.006332219295925735,44,1005.0,1125.0,1050.0,1080.0,training_familiar,42
un_un,un -> un,0,expert,Expert,1,familiar_1,Familiar 1,0,full,Nonoccluded,0,1092.0,-0.7444871235295718,0.03001534566283226,-0.7444871235295718,0.03472960139201446,0.006332219295925735,44,1005.0,1125.0,1050.0,1080.0,training_familiar,42
un_un,un -> un,0,expert,Expert,1,familiar_1,Familiar 1,0,full,Nonoccluded,0,1093.0,-0.793193372009193,0.02970692701637745,-0.793193372009193,0.03472960139201446,0.006332219295925735,44,1005.0,1125.0,1050.0,1080.0,training_familiar,42
un_un,un -> un,0,expert,Expert,1,familiar_1,Familiar 1,0,full,Nonoccluded,0,1094.0,-0.5716904108142044,0.031109532341361046,-0.5716904108142044,0.03472960139201446,0.006332219295925735,44,1005.0,1125.0,1050.0,1080.0,training_familiar,42
un_un,un -> un,0,expert,Expert,1,familiar_1,Familiar 1,0,full,Nonoccluded,0,1095.0,0.36353303834301687,0.03703157231211662,0.36353303834301687,0.03472960139201446,0.006332219295925735,44,1005.0,1125.0,1050.0,1080.0,training_familiar,42
un_un,un -> un,0,expert,Expert,1,familiar_1,Familiar 1,0,full,Nonoccluded,0,1096.0,0.07112729160181269,0.035179995000362396,0.07112729160181269,0.03472960139201446,0.006332219295925735,44,1005.0,1125.0,1050.0,1080.0,training_familiar,42
un_un,un -> un,0,expert,Expert,1,familiar_1,Familiar 1,0,full,Nonoccluded,0,1097.0,-0.08858635111380773,0.034168653190135956,-0.08858635111380773,0.03472960139201446,0.006332219295925735,44,1005.0,1125.0,1050.0,1080.0,training_familiar,42
un_un,un -> un,0,expert,Expert,1,familiar_1,Familiar 1,0,full,Nonoccluded,0,1098.0,0.018906789973665752,0.03484932333230972,0.018906789973665752,0.03472960139201446,0.006332219295925735,44,1005.0,1125.0,1050.0,1080.0,training_familiar,42
un_un,un -> un,0,expert,Expert,1,familiar_1,Familiar 1,0,full,Nonoccluded,0,1099.0,-0.2562680267487606,0.03310685604810715,-0.2562680267487606,0.03472960139201446,0.006332219295925735,44,1005.0,1125.0,1050.0,1080.0,training_familiar,42
un_un,un -> un,0,expert,Expert,1,familiar_1,Familiar 1,0,full,Nonoccluded,0,1100.0,-0.5176841026350656,0.0314515121281147,-0.5176841026350656,0.03472960139201446,0.006332219295925735,44,1005.0,1125.0,1050.0,1080.0,training_familiar,42
un_un,un -> un,0,expert,Expert,1,familiar_1,Familiar 1,0,full,Nonoccluded,0,1101.0,0.7901557814109647,0.03973304107785225,0.7901557814109647,0.03472960139201446,0.006332219295925735,44,1005.0,1125.0,1050.0,1080.0,training_familiar,42
un_un,un -> un,0,expert,Expert,1,familiar_1,Familiar 1,0,full,Nonoccluded,0,1102.0,1.1867925057327242,0.04224463179707527,1.1867925057327242,0.03472960139201446,0.006332219295925735,44,1005.0,1125.0,1050.0,1080.0,training_familiar,42
un_un,un -> un,0,expert,Expert,1,familiar_1,Familiar 1,0,full,Nonoccluded,0,1103.0,0.8532234914684272,0.04013239964842796,0.8532234914684272,0.03472960139201446,0.006332219295925735,44,1005.0,1125.0,1050.0,1080.0,training_familiar,42
un_un,un -> un,0,expert,Expert,1,familiar_1,Familiar 1,0,full,Nonoccluded,0,1104.0,1.0503640625849697,0.041380736976861954,1.0503640625849697,0.03472960139201446,0.006332219295925735,44,1005.0,1125.0,1050.0,1080.0,training_familiar,42
un_un,un -> un,0,expert,Expert,1,familiar_1,Familiar 1,0,full,Nonoccluded,0,1105.0,0.7236164704780605,0.03931169956922531,0.7236164704780605,0.03472960139201446,0.006332219295925735,44,1005.0,1125.0,1050.0,1080.0,training_familiar,42
un_un,un -> un,0,expert,Expert,1,familiar_1,Familiar 1,0,full,Nonoccluded,0,1106.0,0.4132061697304144,0.037346113473176956,0.4132061697304144,0.03472960139201446,0.006332219295925735,44,1005.0,1125.0,1050.0,1080.0,training_familiar,42
un_un,un -> un,0,expert,Expert,1,familiar_1,Familiar 1,0,full,Nonoccluded,0,1107.0,0.11831658992767591,0.03547880798578262,0.11831658992767591,0.03472960139201446,0.006332219295925735,44,1005.0,1125.0,1050.0,1080.0,training_familiar,42
un_un,un -> un,0,expert,Expert,1,familiar_1,Familiar 1,0,full,Nonoccluded,0,1108.0,0.6270352516135476,0.038700126111507416,0.6270352516135476,0.03472960139201446,0.006332219295925735,44,1005.0,1125.0,1050.0,1080.0,training_familiar,42
un_un,un -> un,0,expert,Expert,1,familiar_1,Familiar 1,0,full,Nonoccluded,0,1109.0,0.3214543647934561,0.036765120923519135,0.3214543647934561,0.03472960139201446,0.006332219295925735,44,1005.0,1125.0,1050.0,1080.0,training_familiar,42
un_un,un -> un,0,expert,Expert,1,familiar_1,Familiar 1,0,full,Nonoccluded,0,1110.0,0.16783029005982106,0.03579233959317207,0.16783029005982106,0.03472960139201446,0.006332219295925735,44,1005.0,1125.0,1050.0,1080.0,training_familiar,42
un_un,un -> un,0,expert,Expert,1,familiar_1,Familiar 1,0,full,Nonoccluded,0,1111.0,-0.11479073108227379,0.034002721309661865,-0.11479073108227379,0.03472960139201446,0.006332219295925735,44,1005.0,1125.0,1050.0,1080.0,training_familiar,42
un_un,un -> un,0,expert,Expert,1,familiar_1,Familiar 1,0,full,Nonoccluded,0,1112.0,-0.16193708298144538,0.033704180270433426,-0.16193708298144538,0.03472960139201446,0.006332219295925735,44,1005.0,1125.0,1050.0,1080.0,training_familiar,42
un_un,un -> un,0,expert,Expert,1,familiar_1,Familiar 1,0,full,Nonoccluded,0,1113.0,-0.4280696178100339,0.03201897069811821,-0.4280696178100339,0.03472960139201446,0.006332219295925735,44,1005.0,1125.0,1050.0,1080.0,training_familiar,42
un_un,un -> un,0,expert,Expert,1,familiar_1,Familiar 1,0,full,Nonoccluded,0,1114.0,-0.48677797140468987,0.0316472165286541,-0.48677797140468987,0.03472960139201446,0.006332219295925735,44,1005.0,1125.0,1050.0,1080.0,training_familiar,42
un_un,un -> un,0,expert,Expert,1,familiar_1,Familiar 1,0,full,Nonoccluded,0,1115.0,-0.7366685206428376,0.03006485477089882,-0.7366685206428376,0.03472960139201446,0.006332219295925735,44,1005.0,1125.0,1050.0,1080.0,training_familiar,42
un_un,un -> un,0,expert,Expert,1,familiar_1,Familiar 1,0,full,Nonoccluded,0,1116.0,-0.9740643070961921,0.028561612591147423,-0.9740643070961921,0.03472960139201446,0.006332219295925735,44,1005.0,1125.0,1050.0,1080.0,training_familiar,42
un_un,un -> un,0,expert,Expert,1,familiar_1,Familiar 1,0,full,Nonoccluded,0,1117.0,-1.1995904071806414,0.027133531868457794,-1.1995904071806414,0.03472960139201446,0.006332219295925735,44,1005.0,1125.0,1050.0,1080.0,training_familiar,42
un_un,un -> un,0,expert,Expert,1,familiar_1,Familiar 1,0,full,Nonoccluded,0,1118.0,-1.4138401287224664,0.025776855647563934,-1.4138401287224664,0.03472960139201446,0.006332219295925735,44,1005.0,1125.0,1050.0,1080.0,training_familiar,42
un_un,un -> un,0,expert,Expert,1,familiar_1,Familiar 1,0,full,Nonoccluded,0,1119.0,-1.6173773641872,0.024488013237714767,-1.6173773641872,0.03472960139201446,0.006332219295925735,44,1005.0,1125.0,1050.0,1080.0,training_familiar,42
un_un,un -> un,0,expert,Expert,1,familiar_1,Familiar 1,0,full,Nonoccluded,0,1120.0,-1.8107377672940579,0.023263612762093544,-1.8107377672940579,0.03472960139201446,0.006332219295925735,44,1005.0,1125.0,1050.0,1080.0,training_familiar,42
un_un,un -> un,0,expert,Expert,1,familiar_1,Familiar 1,0,full,Nonoccluded,0,1121.0,-1.9944302237839746,0.022100431844592094,-1.9944302237839746,0.03472960139201446,0.006332219295925735,44,1005.0,1125.0,1050.0,1080.0,training_familiar,42
un_un,un -> un,0,expert,Expert,1,familiar_1,Familiar 1,0,full,Nonoccluded,0,1122.0,-1.9601451500645126,0.02231753244996071,-1.9601451500645126,0.03472960139201446,0.006332219295925735,44,1005.0,1125.0,1050.0,1080.0,training_familiar,42
un_un,un -> un,0,expert,Expert,1,familiar_1,Familiar 1,0,full,Nonoccluded,0,1123.0,-2.1363672815389476,0.02120165526866913,-2.1363672815389476,0.03472960139201446,0.006332219295925735,44,1005.0,1125.0,1050.0,1080.0,training_familiar,42
un_un,un -> un,0,expert,Expert,1,familiar_1,Familiar 1,0,full,Nonoccluded,0,1124.0,-2.303778335855022,0.020141571760177612,-2.303778335855022,0.03472960139201446,0.006332219295925735,44,1005.0,1125.0,1050.0,1080.0,training_familiar,42
un_un,un -> un,0,expert,Expert,1,familiar_1,Familiar 1,0,occlusion,Occluded,1,1006.0,1.0262995525839909,0.04269808903336525,1.0262995525839909,0.03697604952718724,0.005575408750565273,44,1005.0,1125.0,1050.0,1080.0,training_familiar,42
un_un,un -> un,0,expert,Expert,1,familiar_1,Familiar 1,0,occlusion,Occluded,1,1007.0,0.6433851581573408,0.0405631847679615,0.6433851581573408,0.03697604952718724,0.005575408750565273,44,1005.0,1125.0,1050.0,1080.0,training_familiar,42
un_un,un -> un,0,expert,Expert,1,familiar_1,Familiar 1,0,occlusion,Occluded,1,1008.0,0.27961634981911965,0.03853502497076988,0.27961634981911965,0.03697604952718724,0.005575408750565273,44,1005.0,1125.0,1050.0,1080.0,training_familiar,42
un_un,un -> un,0,expert,Expert,1,familiar_1,Familiar 1,0,occlusion,Occluded,1,1009.0,-0.06596368401993166,0.03660827502608299,-0.06596368401993166,0.03697604952718724,0.005575408750565273,44,1005.0,1125.0,1050.0,1080.0,training_familiar,42
un_un,un -> un,0,expert,Expert,1,familiar_1,Familiar 1,0,occlusion,Occluded,1,1010.0,-0.22693253429338747,0.035710807889699936,-0.22693253429338747,0.03697604952718724,0.005575408750565273,44,1005.0,1125.0,1050.0,1080.0,training_familiar,42
un_un,un -> un,0,expert,Expert,1,familiar_1,Familiar 1,0,occlusion,Occluded,1,1011.0,0.22462373735935628,0.03822841867804527,0.22462373735935628,0.03697604952718724,0.005575408750565273,44,1005.0,1125.0,1050.0,1080.0,training_familiar,42
un_un,un -> un,0,expert,Expert,1,familiar_1,Familiar 1,0,occlusion,Occluded,1,1012.0,0.12075889942140319,0.037649329751729965,0.12075889942140319,0.03697604952718724,0.005575408750565273,44,1005.0,1125.0,1050.0,1080.0,training_familiar,42
un_un,un -> un,0,expert,Expert,1,familiar_1,Familiar 1,0,occlusion,Occluded,1,1013.0,-0.2086776115069713,0.035812586545944214,-0.2086776115069713,0.03697604952718724,0.005575408750565273,44,1005.0,1125.0,1050.0,1080.0,training_familiar,42
un_un,un -> un,0,expert,Expert,1,familiar_1,Familiar 1,0,occlusion,Occluded,1,1014.0,-0.5298435820360098,0.034021954983472824,-0.5298435820360098,0.03697604952718724,0.005575408750565273,44,1005.0,1125.0,1050.0,1080.0,training_familiar,42
un_un,un -> un,0,expert,Expert,1,familiar_1,Familiar 1,0,occlusion,Occluded,1,1015.0,-0.43074208894430543,0.0345744863152504,-0.43074208894430543,0.03697604952718724,0.005575408750565273,44,1005.0,1125.0,1050.0,1080.0,training_familiar,42
un_un,un -> un,0,expert,Expert,1,familiar_1,Familiar 1,0,occlusion,Occluded,1,1016.0,0.7366241757712803,0.04108303040266037,0.7366241757712803,0.03697604952718724,0.005575408750565273,44,1005.0,1125.0,1050.0,1080.0,training_familiar,42
un_un,un -> un,0,expert,Expert,1,familiar_1,Familiar 1,0,occlusion,Occluded,1,1017.0,0.7045963777827706,0.040904462337493896,0.7045963777827706,0.03697604952718724,0.005575408750565273,44,1005.0,1125.0,1050.0,1080.0,training_familiar,42
un_un,un -> un,0,expert,Expert,1,familiar_1,Familiar 1,0,occlusion,Occluded,1,1018.0,0.33776670778924506,0.03885923698544502,0.33776670778924506,0.03697604952718724,0.005575408750565273,44,1005.0,1125.0,1050.0,1080.0,training_familiar,42
un_un,un -> un,0,expert,Expert,1,familiar_1,Familiar 1,0,occlusion,Occluded,1,1019.0,-0.010721178030571323,0.03691627457737923,-0.010721178030571323,0.03697604952718724,0.005575408750565273,44,1005.0,1125.0,1050.0,1080.0,training_familiar,42
un_un,un -> un,0,expert,Expert,1,familiar_1,Familiar 1,0,occlusion,Occluded,1,1020.0,-0.3417846695593969,0.03507046028971672,-0.3417846695593969,0.03697604952718724,0.005575408750565273,44,1005.0,1125.0,1050.0,1080.0,training_familiar,42
un_un,un -> un,0,expert,Expert,1,familiar_1,Familiar 1,0,occlusion,Occluded,1,1021.0,-0.6562950533282329,0.03331693634390831,-0.6562950533282329,0.03697604952718724,0.005575408750565273,44,1005.0,1125.0,1050.0,1080.0,training_familiar,42
un_un,un -> un,0,expert,Expert,1,familiar_1,Familiar 1,0,occlusion,Occluded,1,1022.0,-0.3117413201882752,0.03523796424269676,-0.3117413201882752,0.03697604952718724,0.005575408750565273,44,1005.0,1125.0,1050.0,1080.0,training_familiar,42
un_un,un -> un,0,expert,Expert,1,familiar_1,Familiar 1,0,occlusion,Occluded,1,1023.0,-0.6277537377927638,0.03347606584429741,-0.6277537377927638,0.03697604952718724,0.005575408750565273,44,1005.0,1125.0,1050.0,1080.0,training_familiar,42
un_un,un -> un,0,expert,Expert,1,familiar_1,Familiar 1,0,occlusion,Occluded,1,1024.0,-0.9279654008841245,0.03180226311087608,-0.9279654008841245,0.03697604952718724,0.005575408750565273,44,1005.0,1125.0,1050.0,1080.0,training_familiar,42
un_un,un -> un,0,expert,Expert,1,familiar_1,Familiar 1,0,occlusion,Occluded,1,1025.0,-0.04566083698695187,0.036721471697092056,-0.04566083698695187,0.03697604952718724,0.005575408750565273,44,1005.0,1125.0,1050.0,1080.0,training_familiar,42
un_un,un -> un,0,expert,Expert,1,familiar_1,Familiar 1,0,occlusion,Occluded,1,1026.0,-0.3749770783021514,0.03488539904356003,-0.3749770783021514,0.03697604952718724,0.005575408750565273,44,1005.0,1125.0,1050.0,1080.0,training_familiar,42
un_un,un -> un,0,expert,Expert,1,familiar_1,Familiar 1,0,occlusion,Occluded,1,1027.0,-0.687827741409172,0.033141128718853,-0.687827741409172,0.03697604952718724,0.005575408750565273,44,1005.0,1125.0,1050.0,1080.0,training_familiar,42
un_un,un -> un,0,expert,Expert,1,familiar_1,Familiar 1,0,occlusion,Occluded,1,1028.0,-0.9850360049937452,0.03148407116532326,-0.9850360049937452,0.03697604952718724,0.005575408750565273,44,1005.0,1125.0,1050.0,1080.0,training_familiar,42
un_un,un -> un,0,expert,Expert,1,familiar_1,Familiar 1,0,occlusion,Occluded,1,1029.0,-1.2673836215415086,0.02990986779332161,-1.2673836215415086,0.03697604952718724,0.005575408750565273,44,1005.0,1125.0,1050.0,1080.0,training_familiar,42
un_un,un -> un,0,expert,Expert,1,familiar_1,Familiar 1,0,occlusion,Occluded,1,1030.0,-0.8260810025764534,0.03237031027674675,-0.8260810025764534,0.03697604952718724,0.005575408750565273,44,1005.0,1125.0,1050.0,1080.0,training_familiar,42
un_un,un -> un,0,expert,Expert,1,familiar_1,Familiar 1,0,occlusion,Occluded,1,1031.0,-1.1163764360615331,0.030751794576644897,-1.1163764360615331,0.03697604952718724,0.005575408750565273,44,1005.0,1125.0,1050.0,1080.0,training_familiar,42
un_un,un -> un,0,expert,Expert,1,familiar_1,Familiar 1,0,occlusion,Occluded,1,1032.0,-1.3539035767660699,0.029427483677864075,-1.3539035767660699,0.03697604952718724,0.005575408750565273,44,1005.0,1125.0,1050.0,1080.0,training_familiar,42
un_un,un -> un,0,expert,Expert,1,familiar_1,Familiar 1,0,occlusion,Occluded,1,1033.0,-1.6178078481334428,0.02795610949397087,-1.6178078481334428,0.03697604952718724,0.005575408750565273,44,1005.0,1125.0,1050.0,1080.0,training_familiar,42
un_un,un -> un,0,expert,Expert,1,familiar_1,Familiar 1,0,occlusion,Occluded,1,1034.0,-1.8685168725242214,0.026558304205536842,-1.8685168725242214,0.03697604952718724,0.005575408750565273,44,1005.0,1125.0,1050.0,1080.0,training_familiar,42
un_un,un -> un,0,expert,Expert,1,familiar_1,Familiar 1,0,occlusion,Occluded,1,1035.0,-0.5836047672897644,0.03372221440076828,-0.5836047672897644,0.03697604952718724,0.005575408750565273,44,1005.0,1125.0,1050.0,1080.0,training_familiar,42
un_un,un -> un,0,expert,Expert,1,familiar_1,Familiar 1,0,occlusion,Occluded,1,1036.0,-0.411284470026139,0.034682970494031906,-0.411284470026139,0.03697604952718724,0.005575408750565273,44,1005.0,1125.0,1050.0,1080.0,training_familiar,42
un_un,un -> un,0,expert,Expert,1,familiar_1,Familiar 1,0,occlusion,Occluded,1,1037.0,-0.7223197301387344,0.032948821783065796,-0.7223197301387344,0.03697604952718724,0.005575408750565273,44,1005.0,1125.0,1050.0,1080.0,training_familiar,42
un_un,un -> un,0,expert,Expert,1,familiar_1,Familiar 1,0,occlusion,Occluded,1,1038.0,-0.46622095666642066,0.03437667712569237,-0.46622095666642066,0.03697604952718724,0.005575408750565273,44,1005.0,1125.0,1050.0,1080.0,training_familiar,42
un_un,un -> un,0,expert,Expert,1,familiar_1,Familiar 1,0,occlusion,Occluded,1,1039.0,0.5895117212646228,0.040262818336486816,0.5895117212646228,0.03697604952718724,0.005575408750565273,44,1005.0,1125.0,1050.0,1080.0,training_familiar,42
un_un,un -> un,0,expert,Expert,1,familiar_1,Familiar 1,0,occlusion,Occluded,1,1040.0,0.7895668594909271,0.0413782075047493,0.7895668594909271,0.03697604952718724,0.005575408750565273,44,1005.0,1125.0,1050.0,1080.0,training_familiar,42
un_un,un -> un,0,expert,Expert,1,familiar_1,Familiar 1,0,occlusion,Occluded,1,1041.0,0.7712350977849824,0.0412760004401207,0.7712350977849824,0.03697604952718724,0.005575408750565273,44,1005.0,1125.0,1050.0,1080.0,training_familiar,42
un_un,un -> un,0,expert,Expert,1,familiar_1,Familiar 1,0,occlusion,Occluded,1,1042.0,0.4010739595065086,0.03921220079064369,0.4010739595065086,0.03697604952718724,0.005575408750565273,44,1005.0,1125.0,1050.0,1080.0,training_familiar,42
un_un,un -> un,0,expert,Expert,1,familiar_1,Familiar 1,0,occlusion,Occluded,1,1043.0,0.04942097836663608,0.03725159168243408,0.04942097836663608,0.03697604952718724,0.005575408750565273,44,1005.0,1125.0,1050.0,1080.0,training_familiar,42
un_un,un -> un,0,expert,Expert,1,familiar_1,Familiar 1,0,occlusion,Occluded,1,1044.0,0.4435558595379986,0.0394490547478199,0.4435558595379986,0.03697604952718724,0.005575408750565273,44,1005.0,1125.0,1050.0,1080.0,training_familiar,42
un_un,un -> un,0,expert,Expert,1,familiar_1,Familiar 1,0,occlusion,Occluded,1,1045.0,1.06434417205384,0.04291020333766937,1.06434417205384,0.03697604952718724,0.005575408750565273,44,1005.0,1125.0,1050.0,1080.0,training_familiar,42
un_un,un -> un,0,expert,Expert,1,familiar_1,Familiar 1,0,occlusion,Occluded,1,1046.0,2.0429506197138094,0.04836633428931236,2.0429506197138094,0.03697604952718724,0.005575408750565273,44,1005.0,1125.0,1050.0,1080.0,training_familiar,42
un_un,un -> un,0,expert,Expert,1,familiar_1,Familiar 1,0,occlusion,Occluded,1,1047.0,1.6092036051142167,0.04594801738858223,1.6092036051142167,0.03697604952718724,0.005575408750565273,44,1005.0,1125.0,1050.0,1080.0,training_familiar,42
un_un,un -> un,0,expert,Expert,1,familiar_1,Familiar 1,0,occlusion,Occluded,1,1048.0,1.1971438744281517,0.04365061596035957,1.1971438744281517,0.03697604952718724,0.005575408750565273,44,1005.0,1125.0,1050.0,1080.0,training_familiar,42
un_un,un -> un,0,expert,Expert,1,familiar_1,Familiar 1,0,occlusion,Occluded,1,1049.0,3.633744098054053,0.057235658168792725,3.633744098054053,0.03697604952718724,0.005575408750565273,44,1005.0,1125.0,1050.0,1080.0,training_familiar,42
un_un,un -> un,0,expert,Expert,1,familiar_1,Familiar 1,0,occlusion,Occluded,1,1050.0,5.105625005354595,0.06544199585914612,5.105625005354595,0.03697604952718724,0.005575408750565273,44,1005.0,1125.0,1050.0,1080.0,training_familiar,42
un_un,un -> un,0,expert,Expert,1,familiar_1,Familiar 1,0,occlusion,Occluded,1,1051.0,4.518744037615382,0.06216989457607269,4.518744037615382,0.03697604952718724,0.005575408750565273,44,1005.0,1125.0,1050.0,1080.0,training_familiar,42
un_un,un -> un,0,expert,Expert,1,familiar_1,Familiar 1,0,occlusion,Occluded,1,1052.0,3.9612075191618397,0.05906140059232712,3.9612075191618397,0.03697604952718724,0.005575408750565273,44,1005.0,1125.0,1050.0,1080.0,training_familiar,42
un_un,un -> un,0,expert,Expert,1,familiar_1,Familiar 1,0,occlusion,Occluded,1,1053.0,4.0445129348920394,0.05952586233615875,4.0445129348920394,0.03697604952718724,0.005575408750565273,44,1005.0,1125.0,1050.0,1080.0,training_familiar,42
un_un,un -> un,0,expert,Expert,1,familiar_1,Familiar 1,0,occlusion,Occluded,1,1054.0,3.510687570675954,0.056549567729234695,3.510687570675954,0.03697604952718724,0.005575408750565273,44,1005.0,1125.0,1050.0,1080.0,training_familiar,42
un_un,un -> un,0,expert,Expert,1,familiar_1,Familiar 1,0,occlusion,Occluded,1,1055.0,4.096517515628921,0.05981580913066864,4.096517515628921,0.03697604952718724,0.005575408750565273,44,1005.0,1125.0,1050.0,1080.0,training_familiar,42
un_un,un -> un,0,expert,Expert,1,familiar_1,Familiar 1,0,occlusion,Occluded,1,1056.0,4.8326423826860605,0.06392000615596771,4.8326423826860605,0.03697604952718724,0.005575408750565273,44,1005.0,1125.0,1050.0,1080.0,training_familiar,42
un_un,un -> un,0,expert,Expert,1,familiar_1,Familiar 1,0,occlusion,Occluded,1,1057.0,5.141846203855807,0.06564394384622574,5.141846203855807,0.03697604952718724,0.005575408750565273,44,1005.0,1125.0,1050.0,1080.0,training_familiar,42
un_un,un -> un,0,expert,Expert,1,familiar_1,Familiar 1,0,occlusion,Occluded,1,1058.0,4.707952193062334,0.06322480738162994,4.707952193062334,0.03697604952718724,0.005575408750565273,44,1005.0,1125.0,1050.0,1080.0,training_familiar,42
un_un,un -> un,0,expert,Expert,1,familiar_1,Familiar 1,0,occlusion,Occluded,1,1059.0,4.140955133203541,0.06006356701254845,4.140955133203541,0.03697604952718724,0.005575408750565273,44,1005.0,1125.0,1050.0,1080.0,training_familiar,42
un_un,un -> un,0,expert,Expert,1,familiar_1,Familiar 1,0,occlusion,Occluded,1,1060.0,3.602307625663654,0.05706038698554039,3.602307625663654,0.03697604952718724,0.005575408750565273,44,1005.0,1125.0,1050.0,1080.0,training_familiar,42
un_un,un -> un,0,expert,Expert,1,familiar_1,Familiar 1,0,occlusion,Occluded,1,1061.0,3.090592493500762,0.054207365959882736,3.090592493500762,0.03697604952718724,0.005575408750565273,44,1005.0,1125.0,1050.0,1080.0,training_familiar,42
un_un,un -> un,0,expert,Expert,1,familiar_1,Familiar 1,0,occlusion,Occluded,1,1062.0,3.614619225065671,0.05712902918457985,3.614619225065671,0.03697604952718724,0.005575408750565273,44,1005.0,1125.0,1050.0,1080.0,training_familiar,42
un_un,un -> un,0,expert,Expert,1,familiar_1,Familiar 1,0,occlusion,Occluded,1,1063.0,3.102288713382033,0.05427257716655731,3.102288713382033,0.03697604952718724,0.005575408750565273,44,1005.0,1125.0,1050.0,1080.0,training_familiar,42
un_un,un -> un,0,expert,Expert,1,familiar_1,Familiar 1,0,occlusion,Occluded,1,1064.0,2.6155749611401586,0.051558949053287506,2.6155749611401586,0.03697604952718724,0.005575408750565273,44,1005.0,1125.0,1050.0,1080.0,training_familiar,42
un_un,un -> un,0,expert,Expert,1,familiar_1,Familiar 1,0,occlusion,Occluded,1,1065.0,2.1531964287952157,0.04898099973797798,2.1531964287952157,0.03697604952718724,0.005575408750565273,44,1005.0,1125.0,1050.0,1080.0,training_familiar,42
un_un,un -> un,0,expert,Expert,1,familiar_1,Familiar 1,0,occlusion,Occluded,1,1066.0,1.7139370569251005,0.04653194919228554,1.7139370569251005,0.03697604952718724,0.005575408750565273,44,1005.0,1125.0,1050.0,1080.0,training_familiar,42
un_un,un -> un,0,expert,Expert,1,familiar_1,Familiar 1,0,occlusion,Occluded,1,1067.0,1.2966409209142984,0.044205352663993835,1.2966409209142984,0.03697604952718724,0.005575408750565273,44,1005.0,1125.0,1050.0,1080.0,training_familiar,42
un_un,un -> un,0,expert,Expert,1,familiar_1,Familiar 1,0,occlusion,Occluded,1,1068.0,0.9002095582958105,0.0419950857758522,0.9002095582958105,0.03697604952718724,0.005575408750565273,44,1005.0,1125.0,1050.0,1080.0,training_familiar,42
un_un,un -> un,0,expert,Expert,1,familiar_1,Familiar 1,0,occlusion,Occluded,1,1069.0,0.5235992960930848,0.039895329624414444,0.5235992960930848,0.03697604952718724,0.005575408750565273,44,1005.0,1125.0,1050.0,1080.0,training_familiar,42
un_un,un -> un,0,expert,Expert,1,familiar_1,Familiar 1,0,occlusion,Occluded,1,1070.0,0.16581991449097988,0.03790056332945824,0.16581991449097988,0.03697604952718724,0.005575408750565273,44,1005.0,1125.0,1050.0,1080.0,training_familiar,42
un_un,un -> un,0,expert,Expert,1,familiar_1,Familiar 1,0,occlusion,Occluded,1,1071.0,0.3777503406892827,0.03908216208219528,0.3777503406892827,0.03697604952718724,0.005575408750565273,44,1005.0,1125.0,1050.0,1080.0,training_familiar,42
un_un,un -> un,0,expert,Expert,1,familiar_1,Familiar 1,0,occlusion,Occluded,1,1072.0,1.1247629485613502,0.04324706271290779,1.1247629485613502,0.03697604952718724,0.005575408750565273,44,1005.0,1125.0,1050.0,1080.0,training_familiar,42
un_un,un -> un,0,expert,Expert,1,familiar_1,Familiar 1,0,occlusion,Occluded,1,1073.0,0.7369255179687355,0.041084710508584976,0.7369255179687355,0.03697604952718724,0.005575408750565273,44,1005.0,1125.0,1050.0,1080.0,training_familiar,42
un_un,un -> un,0,expert,Expert,1,familiar_1,Familiar 1,0,occlusion,Occluded,1,1074.0,0.3684795580070411,0.03903047367930412,0.3684795580070411,0.03697604952718724,0.005575408750565273,44,1005.0,1125.0,1050.0,1080.0,training_familiar,42
un_un,un -> un,0,expert,Expert,1,familiar_1,Familiar 1,0,occlusion,Occluded,1,1075.0,0.018456230125690167,0.03707895055413246,0.018456230125690167,0.03697604952718724,0.005575408750565273,44,1005.0,1125.0,1050.0,1080.0,training_familiar,42
un_un,un -> un,0,expert,Expert,1,familiar_1,Familiar 1,0,occlusion,Occluded,1,1076.0,-0.3140658645451414,0.03522500395774841,-0.3140658645451414,0.03697604952718724,0.005575408750565273,44,1005.0,1125.0,1050.0,1080.0,training_familiar,42
un_un,un -> un,0,expert,Expert,1,familiar_1,Familiar 1,0,occlusion,Occluded,1,1077.0,-0.6299620215235608,0.03346375375986099,-0.6299620215235608,0.03697604952718724,0.005575408750565273,44,1005.0,1125.0,1050.0,1080.0,training_familiar,42
un_un,un -> un,0,expert,Expert,1,familiar_1,Familiar 1,0,occlusion,Occluded,1,1078.0,-0.930063437469511,0.03179056569933891,-0.930063437469511,0.03697604952718724,0.005575408750565273,44,1005.0,1125.0,1050.0,1080.0,training_familiar,42
un_un,un -> un,0,expert,Expert,1,familiar_1,Familiar 1,0,occlusion,Occluded,1,1079.0,-1.2151598828428414,0.030201036483049393,-1.2151598828428414,0.03697604952718724,0.005575408750565273,44,1005.0,1125.0,1050.0,1080.0,training_familiar,42
un_un,un -> un,0,expert,Expert,1,familiar_1,Familiar 1,0,occlusion,Occluded,1,1080.0,-1.4860013723146017,0.028690984472632408,-1.4860013723146017,0.03697604952718724,0.005575408750565273,44,1005.0,1125.0,1050.0,1080.0,training_familiar,42
un_un,un -> un,0,expert,Expert,1,familiar_1,Familiar 1,0,occlusion,Occluded,1,1081.0,-1.204276485097278,0.03026171587407589,-1.204276485097278,0.03697604952718724,0.005575408750565273,44,1005.0,1125.0,1050.0,1080.0,training_familiar,42
un_un,un -> un,0,expert,Expert,1,familiar_1,Familiar 1,0,occlusion,Occluded,1,1082.0,-0.7541176795331762,0.03277153521776199,-0.7541176795331762,0.03697604952718724,0.005575408750565273,44,1005.0,1125.0,1050.0,1080.0,training_familiar,42
un_un,un -> un,0,expert,Expert,1,familiar_1,Familiar 1,0,occlusion,Occluded,1,1083.0,-1.048011178945742,0.031132958829402924,-1.048011178945742,0.03697604952718724,0.005575408750565273,44,1005.0,1125.0,1050.0,1080.0,training_familiar,42
un_un,un -> un,0,expert,Expert,1,familiar_1,Familiar 1,0,occlusion,Occluded,1,1084.0,-1.3272100702041316,0.029576310887932777,-1.3272100702041316,0.03697604952718724,0.005575408750565273,44,1005.0,1125.0,1050.0,1080.0,training_familiar,42
un_un,un -> un,0,expert,Expert,1,familiar_1,Familiar 1,0,occlusion,Occluded,1,1085.0,0.2262600722630543,0.038237541913986206,0.2262600722630543,0.03697604952718724,0.005575408750565273,44,1005.0,1125.0,1050.0,1080.0,training_familiar,42
un_un,un -> un,0,expert,Expert,1,familiar_1,Familiar 1,0,occlusion,Occluded,1,1086.0,-0.11665264882158197,0.036325663328170776,-0.11665264882158197,0.03697604952718724,0.005575408750565273,44,1005.0,1125.0,1050.0,1080.0,training_familiar,42
un_un,un -> un,0,expert,Expert,1,familiar_1,Familiar 1,0,occlusion,Occluded,1,1087.0,1.1854670313178919,0.04358551278710365,1.1854670313178919,0.03697604952718724,0.005575408750565273,44,1005.0,1125.0,1050.0,1080.0,training_familiar,42
un_un,un -> un,0,expert,Expert,1,familiar_1,Familiar 1,0,occlusion,Occluded,1,1088.0,0.7945941293216432,0.041406236588954926,0.7945941293216432,0.03697604952718724,0.005575408750565273,44,1005.0,1125.0,1050.0,1080.0,training_familiar,42
un_un,un -> un,0,expert,Expert,1,familiar_1,Familiar 1,0,occlusion,Occluded,1,1089.0,1.4841091759573184,0.04525056481361389,1.4841091759573184,0.03697604952718724,0.005575408750565273,44,1005.0,1125.0,1050.0,1080.0,training_familiar,42
un_un,un -> un,0,expert,Expert,1,familiar_1,Familiar 1,0,occlusion,Occluded,1,1090.0,2.4411071831168414,0.05058621987700462,2.4411071831168414,0.03697604952718724,0.005575408750565273,44,1005.0,1125.0,1050.0,1080.0,training_familiar,42
un_un,un -> un,0,expert,Expert,1,familiar_1,Familiar 1,0,occlusion,Occluded,1,1091.0,2.9004489077291153,0.05314723774790764,2.9004489077291153,0.03697604952718724,0.005575408750565273,44,1005.0,1125.0,1050.0,1080.0,training_familiar,42
un_un,un -> un,0,expert,Expert,1,familiar_1,Familiar 1,0,occlusion,Occluded,1,1092.0,2.4238271123616606,0.0504898764193058,2.4238271123616606,0.03697604952718724,0.005575408750565273,44,1005.0,1125.0,1050.0,1080.0,training_familiar,42
un_un,un -> un,0,expert,Expert,1,familiar_1,Familiar 1,0,occlusion,Occluded,1,1093.0,3.5428536787196148,0.05672890692949295,3.5428536787196148,0.03697604952718724,0.005575408750565273,44,1005.0,1125.0,1050.0,1080.0,training_familiar,42
un_un,un -> un,0,expert,Expert,1,familiar_1,Familiar 1,0,occlusion,Occluded,1,1094.0,3.8744797647722926,0.05857785791158676,3.8744797647722926,0.03697604952718724,0.005575408750565273,44,1005.0,1125.0,1050.0,1080.0,training_familiar,42
un_un,un -> un,0,expert,Expert,1,familiar_1,Familiar 1,0,occlusion,Occluded,1,1095.0,3.349156125878646,0.055648963898420334,3.349156125878646,0.03697604952718724,0.005575408750565273,44,1005.0,1125.0,1050.0,1080.0,training_familiar,42
un_un,un -> un,0,expert,Expert,1,familiar_1,Familiar 1,0,occlusion,Occluded,1,1096.0,2.850098702337908,0.05286651477217674,2.850098702337908,0.03697604952718724,0.005575408750565273,44,1005.0,1125.0,1050.0,1080.0,training_familiar,42
un_un,un -> un,0,expert,Expert,1,familiar_1,Familiar 1,0,occlusion,Occluded,1,1097.0,2.3759938827083995,0.05022318661212921,2.3759938827083995,0.03697604952718724,0.005575408750565273,44,1005.0,1125.0,1050.0,1080.0,training_familiar,42
un_un,un -> un,0,expert,Expert,1,familiar_1,Familiar 1,0,occlusion,Occluded,1,1098.0,2.1163765548861986,0.04877571389079094,2.1163765548861986,0.03697604952718724,0.005575408750565273,44,1005.0,1125.0,1050.0,1080.0,training_familiar,42
un_un,un -> un,0,expert,Expert,1,familiar_1,Familiar 1,0,occlusion,Occluded,1,1099.0,2.759994044476213,0.05236414447426796,2.759994044476213,0.03697604952718724,0.005575408750565273,44,1005.0,1125.0,1050.0,1080.0,training_familiar,42
un_un,un -> un,0,expert,Expert,1,familiar_1,Familiar 1,0,occlusion,Occluded,1,1100.0,2.290394658189145,0.04974593594670296,2.290394658189145,0.03697604952718724,0.005575408750565273,44,1005.0,1125.0,1050.0,1080.0,training_familiar,42
un_un,un -> un,0,expert,Expert,1,familiar_1,Familiar 1,0,occlusion,Occluded,1,1101.0,1.84427524121643,0.047258637845516205,1.84427524121643,0.03697604952718724,0.005575408750565273,44,1005.0,1125.0,1050.0,1080.0,training_familiar,42
un_un,un -> un,0,expert,Expert,1,familiar_1,Familiar 1,0,occlusion,Occluded,1,1102.0,1.7899127078968002,0.046955544501543045,1.7899127078968002,0.03697604952718724,0.005575408750565273,44,1005.0,1125.0,1050.0,1080.0,training_familiar,42
un_un,un -> un,0,expert,Expert,1,familiar_1,Familiar 1,0,occlusion,Occluded,1,1103.0,1.3688173884387025,0.04460776597261429,1.3688173884387025,0.03697604952718724,0.005575408750565273,44,1005.0,1125.0,1050.0,1080.0,training_familiar,42
un_un,un -> un,0,expert,Expert,1,familiar_1,Familiar 1,0,occlusion,Occluded,1,1104.0,1.5476696620267671,0.04560494050383568,1.5476696620267671,0.03697604952718724,0.005575408750565273,44,1005.0,1125.0,1050.0,1080.0,training_familiar,42
un_un,un -> un,0,expert,Expert,1,familiar_1,Familiar 1,0,occlusion,Occluded,1,1105.0,1.6626013088703757,0.04624573141336441,1.6626013088703757,0.03697604952718724,0.005575408750565273,44,1005.0,1125.0,1050.0,1080.0,training_familiar,42
un_un,un -> un,0,expert,Expert,1,familiar_1,Familiar 1,0,occlusion,Occluded,1,1106.0,1.2478715927718251,0.0439334437251091,1.2478715927718251,0.03697604952718724,0.005575408750565273,44,1005.0,1125.0,1050.0,1080.0,training_familiar,42
un_un,un -> un,0,expert,Expert,1,familiar_1,Familiar 1,0,occlusion,Occluded,1,1107.0,1.3403395485324092,0.04444899037480354,1.3403395485324092,0.03697604952718724,0.005575408750565273,44,1005.0,1125.0,1050.0,1080.0,training_familiar,42
un_un,un -> un,0,expert,Expert,1,familiar_1,Familiar 1,0,occlusion,Occluded,1,1108.0,1.0944322884476436,0.04307795688509941,1.0944322884476436,0.03697604952718724,0.005575408750565273,44,1005.0,1125.0,1050.0,1080.0,training_familiar,42
un_un,un -> un,0,expert,Expert,1,familiar_1,Familiar 1,0,occlusion,Occluded,1,1109.0,0.708110923145552,0.040924057364463806,0.708110923145552,0.03697604952718724,0.005575408750565273,44,1005.0,1125.0,1050.0,1080.0,training_familiar,42
un_un,un -> un,0,expert,Expert,1,familiar_1,Familiar 1,0,occlusion,Occluded,1,1110.0,0.9926274017175717,0.04251035302877426,0.9926274017175717,0.03697604952718724,0.005575408750565273,44,1005.0,1125.0,1050.0,1080.0,training_familiar,42
un_un,un -> un,0,expert,Expert,1,familiar_1,Familiar 1,0,occlusion,Occluded,1,1111.0,1.289252357678246,0.044164158403873444,1.289252357678246,0.03697604952718724,0.005575408750565273,44,1005.0,1125.0,1050.0,1080.0,training_familiar,42
un_un,un -> un,0,expert,Expert,1,familiar_1,Familiar 1,0,occlusion,Occluded,1,1112.0,2.0341154802970687,0.0483170747756958,2.0341154802970687,0.03697604952718724,0.005575408750565273,44,1005.0,1125.0,1050.0,1080.0,training_familiar,42
un_un,un -> un,0,expert,Expert,1,familiar_1,Familiar 1,0,occlusion,Occluded,1,1113.0,1.600810122443635,0.04590122029185295,1.600810122443635,0.03697604952718724,0.005575408750565273,44,1005.0,1125.0,1050.0,1080.0,training_familiar,42
un_un,un -> un,0,expert,Expert,1,familiar_1,Familiar 1,0,occlusion,Occluded,1,1114.0,2.6621907950422816,0.0518188513815403,2.6621907950422816,0.03697604952718724,0.005575408750565273,44,1005.0,1125.0,1050.0,1080.0,training_familiar,42
un_un,un -> un,0,expert,Expert,1,familiar_1,Familiar 1,0,occlusion,Occluded,1,1115.0,2.1974817048598134,0.04922790825366974,2.1974817048598134,0.03697604952718724,0.005575408750565273,44,1005.0,1125.0,1050.0,1080.0,training_familiar,42
un_un,un -> un,0,expert,Expert,1,familiar_1,Familiar 1,0,occlusion,Occluded,1,1116.0,2.2138597535161813,0.04931922256946564,2.2138597535161813,0.03697604952718724,0.005575408750565273,44,1005.0,1125.0,1050.0,1080.0,training_familiar,42
un_un,un -> un,0,expert,Expert,1,familiar_1,Familiar 1,0,occlusion,Occluded,1,1117.0,1.7715669147359852,0.046853259205818176,1.7715669147359852,0.03697604952718724,0.005575408750565273,44,1005.0,1125.0,1050.0,1080.0,training_familiar,42
un_un,un -> un,0,expert,Expert,1,familiar_1,Familiar 1,0,occlusion,Occluded,1,1118.0,2.768348773604772,0.05241072550415993,2.768348773604772,0.03697604952718724,0.005575408750565273,44,1005.0,1125.0,1050.0,1080.0,training_familiar,42
un_un,un -> un,0,expert,Expert,1,familiar_1,Familiar 1,0,occlusion,Occluded,1,1119.0,2.298331784494179,0.049790188670158386,2.298331784494179,0.03697604952718724,0.005575408750565273,44,1005.0,1125.0,1050.0,1080.0,training_familiar,42
un_un,un -> un,0,expert,Expert,1,familiar_1,Familiar 1,0,occlusion,Occluded,1,1120.0,1.8518154777979865,0.04730067774653435,1.8518154777979865,0.03697604952718724,0.005575408750565273,44,1005.0,1125.0,1050.0,1080.0,training_familiar,42
un_un,un -> un,0,expert,Expert,1,familiar_1,Familiar 1,0,occlusion,Occluded,1,1121.0,1.4276252202941848,0.044935643672943115,1.4276252202941848,0.03697604952718724,0.005575408750565273,44,1005.0,1125.0,1050.0,1080.0,training_familiar,42
un_un,un -> un,0,expert,Expert,1,familiar_1,Familiar 1,0,occlusion,Occluded,1,1122.0,1.58654815081463,0.04582170397043228,1.58654815081463,0.03697604952718724,0.005575408750565273,44,1005.0,1125.0,1050.0,1080.0,training_familiar,42
un_un,un -> un,0,expert,Expert,1,familiar_1,Familiar 1,0,occlusion,Occluded,1,1123.0,1.4781798840277895,0.04521750658750534,1.4781798840277895,0.03697604952718724,0.005575408750565273,44,1005.0,1125.0,1050.0,1080.0,training_familiar,42
un_un,un -> un,0,expert,Expert,1,familiar_1,Familiar 1,0,occlusion,Occluded,1,1124.0,1.0726715064371755,0.0429566316306591,1.0726715064371755,0.03697604952718724,0.005575408750565273,44,1005.0,1125.0,1050.0,1080.0,training_familiar,42
un_un,un -> un,0,expert,Expert,1,familiar_2,Familiar 2,1,full,Nonoccluded,0,1006.0,-1.1853244776780851,0.03454350307583809,-1.1853244776780851,0.04089309004220096,0.005356834424613404,44,1005.0,1125.0,1050.0,1080.0,training_familiar,42
un_un,un -> un,0,expert,Expert,1,familiar_2,Familiar 2,1,full,Nonoccluded,0,1007.0,-1.507749034911257,0.0328163281083107,-1.507749034911257,0.04089309004220096,0.005356834424613404,44,1005.0,1125.0,1050.0,1080.0,training_familiar,42
un_un,un -> un,0,expert,Expert,1,familiar_2,Familiar 2,1,full,Nonoccluded,0,1008.0,-0.5645837504681013,0.03786870837211609,-0.5645837504681013,0.04089309004220096,0.005356834424613404,44,1005.0,1125.0,1050.0,1080.0,training_familiar,42
un_un,un -> un,0,expert,Expert,1,familiar_2,Familiar 2,1,full,Nonoccluded,0,1009.0,-0.9180452397476382,0.035975273698568344,-0.9180452397476382,0.04089309004220096,0.005356834424613404,44,1005.0,1125.0,1050.0,1080.0,training_familiar,42
un_un,un -> un,0,expert,Expert,1,familiar_2,Familiar 2,1,full,Nonoccluded,0,1010.0,-0.44669417490386537,0.03850022330880165,-0.44669417490386537,0.04089309004220096,0.005356834424613404,44,1005.0,1125.0,1050.0,1080.0,training_familiar,42
un_un,un -> un,0,expert,Expert,1,familiar_2,Familiar 2,1,full,Nonoccluded,0,1011.0,-0.806050108190236,0.03657521307468414,-0.806050108190236,0.04089309004220096,0.005356834424613404,44,1005.0,1125.0,1050.0,1080.0,training_familiar,42
un_un,un -> un,0,expert,Expert,1,familiar_2,Familiar 2,1,full,Nonoccluded,0,1012.0,-0.49669193940024486,0.03823239356279373,-0.49669193940024486,0.04089309004220096,0.005356834424613404,44,1005.0,1125.0,1050.0,1080.0,training_familiar,42
un_un,un -> un,0,expert,Expert,1,familiar_2,Familiar 2,1,full,Nonoccluded,0,1013.0,-0.21866695479759457,0.03972172737121582,-0.21866695479759457,0.04089309004220096,0.005356834424613404,44,1005.0,1125.0,1050.0,1080.0,training_familiar,42
un_un,un -> un,0,expert,Expert,1,familiar_2,Familiar 2,1,full,Nonoccluded,0,1014.0,-0.5894244229461689,0.03773564100265503,-0.5894244229461689,0.04089309004220096,0.005356834424613404,44,1005.0,1125.0,1050.0,1080.0,training_familiar,42
un_un,un -> un,0,expert,Expert,1,familiar_2,Familiar 2,1,full,Nonoccluded,0,1015.0,-0.9416438786018024,0.03584885969758034,-0.9416438786018024,0.04089309004220096,0.005356834424613404,44,1005.0,1125.0,1050.0,1080.0,training_familiar,42
un_un,un -> un,0,expert,Expert,1,familiar_2,Familiar 2,1,full,Nonoccluded,0,1016.0,-1.2762523267032762,0.034056417644023895,-1.2762523267032762,0.04089309004220096,0.005356834424613404,44,1005.0,1125.0,1050.0,1080.0,training_familiar,42
un_un,un -> un,0,expert,Expert,1,familiar_2,Familiar 2,1,full,Nonoccluded,0,1017.0,-1.2477022436149618,0.03420935571193695,-1.2477022436149618,0.04089309004220096,0.005356834424613404,44,1005.0,1125.0,1050.0,1080.0,training_familiar,42
un_un,un -> un,0,expert,Expert,1,familiar_2,Familiar 2,1,full,Nonoccluded,0,1018.0,-0.8000548271870608,0.03660732880234718,-0.8000548271870608,0.04089309004220096,0.005356834424613404,44,1005.0,1125.0,1050.0,1080.0,training_familiar,42
un_un,un -> un,0,expert,Expert,1,familiar_2,Familiar 2,1,full,Nonoccluded,0,1019.0,1.6223766758903897,0.04958389326930046,1.6223766758903897,0.04089309004220096,0.005356834424613404,44,1005.0,1125.0,1050.0,1080.0,training_familiar,42
un_un,un -> un,0,expert,Expert,1,familiar_2,Familiar 2,1,full,Nonoccluded,0,1020.0,1.1595668523505258,0.04710469767451286,1.1595668523505258,0.04089309004220096,0.005356834424613404,44,1005.0,1125.0,1050.0,1080.0,training_familiar,42
un_un,un -> un,0,expert,Expert,1,familiar_2,Familiar 2,1,full,Nonoccluded,0,1021.0,1.7419651809860903,0.050224509090185165,1.7419651809860903,0.04089309004220096,0.005356834424613404,44,1005.0,1125.0,1050.0,1080.0,training_familiar,42
un_un,un -> un,0,expert,Expert,1,familiar_2,Familiar 2,1,full,Nonoccluded,0,1022.0,1.80006328571272,0.05053573101758957,1.80006328571272,0.04089309004220096,0.005356834424613404,44,1005.0,1125.0,1050.0,1080.0,training_familiar,42
un_un,un -> un,0,expert,Expert,1,familiar_2,Familiar 2,1,full,Nonoccluded,0,1023.0,1.7409095219485287,0.0502188540995121,1.7409095219485287,0.04089309004220096,0.005356834424613404,44,1005.0,1125.0,1050.0,1080.0,training_familiar,42
un_un,un -> un,0,expert,Expert,1,familiar_2,Familiar 2,1,full,Nonoccluded,0,1024.0,1.272173264734026,0.04770791158080101,1.272173264734026,0.04089309004220096,0.005356834424613404,44,1005.0,1125.0,1050.0,1080.0,training_familiar,42
un_un,un -> un,0,expert,Expert,1,familiar_2,Familiar 2,1,full,Nonoccluded,0,1025.0,0.8268736117519804,0.045322515070438385,0.8268736117519804,0.04089309004220096,0.005356834424613404,44,1005.0,1125.0,1050.0,1080.0,training_familiar,42
un_un,un -> un,0,expert,Expert,1,familiar_2,Familiar 2,1,full,Nonoccluded,0,1026.0,1.0316290439577458,0.046419356018304825,1.0316290439577458,0.04089309004220096,0.005356834424613404,44,1005.0,1125.0,1050.0,1080.0,training_familiar,42
un_un,un -> un,0,expert,Expert,1,familiar_2,Familiar 2,1,full,Nonoccluded,0,1027.0,0.8866421334800746,0.045642685145139694,0.8866421334800746,0.04089309004220096,0.005356834424613404,44,1005.0,1125.0,1050.0,1080.0,training_familiar,42
un_un,un -> un,0,expert,Expert,1,familiar_2,Familiar 2,1,full,Nonoccluded,0,1028.0,0.9053442668774059,0.04574286937713623,0.9053442668774059,0.04089309004220096,0.005356834424613404,44,1005.0,1125.0,1050.0,1080.0,training_familiar,42
un_un,un -> un,0,expert,Expert,1,familiar_2,Familiar 2,1,full,Nonoccluded,0,1029.0,0.928012423654984,0.045864298939704895,0.928012423654984,0.04089309004220096,0.005356834424613404,44,1005.0,1125.0,1050.0,1080.0,training_familiar,42
un_un,un -> un,0,expert,Expert,1,familiar_2,Familiar 2,1,full,Nonoccluded,0,1030.0,1.3775180225258135,0.04827222600579262,1.3775180225258135,0.04089309004220096,0.005356834424613404,44,1005.0,1125.0,1050.0,1080.0,training_familiar,42
un_un,un -> un,0,expert,Expert,1,familiar_2,Familiar 2,1,full,Nonoccluded,0,1031.0,0.9269512011969345,0.04585861414670944,0.9269512011969345,0.04089309004220096,0.005356834424613404,44,1005.0,1125.0,1050.0,1080.0,training_familiar,42
un_un,un -> un,0,expert,Expert,1,familiar_2,Familiar 2,1,full,Nonoccluded,0,1032.0,0.4989127557058775,0.04356568306684494,0.4989127557058775,0.04089309004220096,0.005356834424613404,44,1005.0,1125.0,1050.0,1080.0,training_familiar,42
un_un,un -> un,0,expert,Expert,1,familiar_2,Familiar 2,1,full,Nonoccluded,0,1033.0,1.2944888397381893,0.047827452421188354,1.2944888397381893,0.04089309004220096,0.005356834424613404,44,1005.0,1125.0,1050.0,1080.0,training_familiar,42
un_un,un -> un,0,expert,Expert,1,familiar_2,Familiar 2,1,full,Nonoccluded,0,1034.0,0.848073720948338,0.045436080545186996,0.848073720948338,0.04089309004220096,0.005356834424613404,44,1005.0,1125.0,1050.0,1080.0,training_familiar,42
un_un,un -> un,0,expert,Expert,1,familiar_2,Familiar 2,1,full,Nonoccluded,0,1035.0,0.42397904515557666,0.04316427558660507,0.42397904515557666,0.04089309004220096,0.005356834424613404,44,1005.0,1125.0,1050.0,1080.0,training_familiar,42
un_un,un -> un,0,expert,Expert,1,familiar_2,Familiar 2,1,full,Nonoccluded,0,1036.0,0.021089346552099812,0.04100606217980385,0.021089346552099812,0.04089309004220096,0.005356834424613404,44,1005.0,1125.0,1050.0,1080.0,training_familiar,42
un_un,un -> un,0,expert,Expert,1,familiar_2,Familiar 2,1,full,Nonoccluded,0,1037.0,-0.3616559018925813,0.03895575925707817,-0.3616559018925813,0.04089309004220096,0.005356834424613404,44,1005.0,1125.0,1050.0,1080.0,training_familiar,42
un_un,un -> un,0,expert,Expert,1,familiar_2,Familiar 2,1,full,Nonoccluded,0,1038.0,-0.72526367928676,0.03700797259807587,-0.72526367928676,0.04089309004220096,0.005356834424613404,44,1005.0,1125.0,1050.0,1080.0,training_familiar,42
un_un,un -> un,0,expert,Expert,1,familiar_2,Familiar 2,1,full,Nonoccluded,0,1039.0,-0.4984847516524413,0.0382227897644043,-0.4984847516524413,0.04089309004220096,0.005356834424613404,44,1005.0,1125.0,1050.0,1080.0,training_familiar,42
un_un,un -> un,0,expert,Expert,1,familiar_2,Familiar 2,1,full,Nonoccluded,0,1040.0,-0.6543766617137793,0.037387702614068985,-0.6543766617137793,0.04089309004220096,0.005356834424613404,44,1005.0,1125.0,1050.0,1080.0,training_familiar,42
un_un,un -> un,0,expert,Expert,1,familiar_2,Familiar 2,1,full,Nonoccluded,0,1041.0,-0.2658496285271426,0.039468977600336075,-0.2658496285271426,0.04089309004220096,0.005356834424613404,44,1005.0,1125.0,1050.0,1080.0,training_familiar,42
un_un,un -> un,0,expert,Expert,1,familiar_2,Familiar 2,1,full,Nonoccluded,0,1042.0,-0.634248206388886,0.03749552741646767,-0.634248206388886,0.04089309004220096,0.005356834424613404,44,1005.0,1125.0,1050.0,1080.0,training_familiar,42
un_un,un -> un,0,expert,Expert,1,familiar_2,Familiar 2,1,full,Nonoccluded,0,1043.0,-0.9842269944430544,0.03562074899673462,-0.9842269944430544,0.04089309004220096,0.005356834424613404,44,1005.0,1125.0,1050.0,1080.0,training_familiar,42
un_un,un -> un,0,expert,Expert,1,familiar_2,Familiar 2,1,full,Nonoccluded,0,1044.0,-1.3167067387803801,0.03383971005678177,-1.3167067387803801,0.04089309004220096,0.005356834424613404,44,1005.0,1125.0,1050.0,1080.0,training_familiar,42
un_un,un -> un,0,expert,Expert,1,familiar_2,Familiar 2,1,full,Nonoccluded,0,1045.0,-1.6325622872725714,0.03214772418141365,-1.6325622872725714,0.04089309004220096,0.005356834424613404,44,1005.0,1125.0,1050.0,1080.0,training_familiar,42
un_un,un -> un,0,expert,Expert,1,familiar_2,Familiar 2,1,full,Nonoccluded,0,1046.0,0.2642810600530163,0.04230879992246628,0.2642810600530163,0.04089309004220096,0.005356834424613404,44,1005.0,1125.0,1050.0,1080.0,training_familiar,42
un_un,un -> un,0,expert,Expert,1,familiar_2,Familiar 2,1,full,Nonoccluded,0,1047.0,-0.13062373929533255,0.040193360298871994,-0.13062373929533255,0.04089309004220096,0.005356834424613404,44,1005.0,1125.0,1050.0,1080.0,training_familiar,42
un_un,un -> un,0,expert,Expert,1,familiar_2,Familiar 2,1,full,Nonoccluded,0,1048.0,-0.5057832639048859,0.03818369284272194,-0.5057832639048859,0.04089309004220096,0.005356834424613404,44,1005.0,1125.0,1050.0,1080.0,training_familiar,42
un_un,un -> un,0,expert,Expert,1,familiar_2,Familiar 2,1,full,Nonoccluded,0,1049.0,-0.8621850209122299,0.0362745076417923,-0.8621850209122299,0.04089309004220096,0.005356834424613404,44,1005.0,1125.0,1050.0,1080.0,training_familiar,42
un_un,un -> un,0,expert,Expert,1,familiar_2,Familiar 2,1,full,Nonoccluded,0,1050.0,-1.2007664466695604,0.03446078300476074,-1.2007664466695604,0.04089309004220096,0.005356834424613404,44,1005.0,1125.0,1050.0,1080.0,training_familiar,42
un_un,un -> un,0,expert,Expert,1,familiar_2,Familiar 2,1,full,Nonoccluded,0,1051.0,-1.5224190793100487,0.032737743109464645,-1.5224190793100487,0.04089309004220096,0.005356834424613404,44,1005.0,1125.0,1050.0,1080.0,training_familiar,42
un_un,un -> un,0,expert,Expert,1,familiar_2,Familiar 2,1,full,Nonoccluded,0,1052.0,-1.8279889064616224,0.031100856140255928,-1.8279889064616224,0.04089309004220096,0.005356834424613404,44,1005.0,1125.0,1050.0,1080.0,training_familiar,42
un_un,un -> un,0,expert,Expert,1,familiar_2,Familiar 2,1,full,Nonoccluded,0,1053.0,-2.11828019009855,0.02954581379890442,-2.11828019009855,0.04089309004220096,0.005356834424613404,44,1005.0,1125.0,1050.0,1080.0,training_familiar,42
un_un,un -> un,0,expert,Expert,1,familiar_2,Familiar 2,1,full,Nonoccluded,0,1054.0,-2.3940572051103453,0.02806852199137211,-2.3940572051103453,0.04089309004220096,0.005356834424613404,44,1005.0,1125.0,1050.0,1080.0,training_familiar,42
un_un,un -> un,0,expert,Expert,1,familiar_2,Familiar 2,1,full,Nonoccluded,0,1055.0,-2.656045282443105,0.0266650952398777,-2.656045282443105,0.04089309004220096,0.005356834424613404,44,1005.0,1125.0,1050.0,1080.0,training_familiar,42
un_un,un -> un,0,expert,Expert,1,familiar_2,Familiar 2,1,full,Nonoccluded,0,1056.0,-2.904933938523538,0.02533183991909027,-2.904933938523538,0.04089309004220096,0.005356834424613404,44,1005.0,1125.0,1050.0,1080.0,training_familiar,42
un_un,un -> un,0,expert,Expert,1,familiar_2,Familiar 2,1,full,Nonoccluded,0,1057.0,-3.1413782661140837,0.024065246805548668,-3.1413782661140837,0.04089309004220096,0.005356834424613404,44,1005.0,1125.0,1050.0,1080.0,training_familiar,42
un_un,un -> un,0,expert,Expert,1,familiar_2,Familiar 2,1,full,Nonoccluded,0,1058.0,-3.366000325168035,0.022861983627080917,-3.366000325168035,0.04089309004220096,0.005356834424613404,44,1005.0,1125.0,1050.0,1080.0,training_familiar,42
un_un,un -> un,0,expert,Expert,1,familiar_2,Familiar 2,1,full,Nonoccluded,0,1059.0,-3.5793912291122214,0.021718883886933327,-3.5793912291122214,0.04089309004220096,0.005356834424613404,44,1005.0,1125.0,1050.0,1080.0,training_familiar,42
un_un,un -> un,0,expert,Expert,1,familiar_2,Familiar 2,1,full,Nonoccluded,0,1060.0,-3.7821125357021317,0.020632939413189888,-3.7821125357021317,0.04089309004220096,0.005356834424613404,44,1005.0,1125.0,1050.0,1080.0,training_familiar,42
un_un,un -> un,0,expert,Expert,1,familiar_2,Familiar 2,1,full,Nonoccluded,0,1061.0,-3.9746976378770342,0.01960129290819168,-3.9746976378770342,0.04089309004220096,0.005356834424613404,44,1005.0,1125.0,1050.0,1080.0,training_familiar,42
un_un,un -> un,0,expert,Expert,1,familiar_2,Familiar 2,1,full,Nonoccluded,0,1062.0,-4.1576535023288805,0.018621228635311127,-4.1576535023288805,0.04089309004220096,0.005356834424613404,44,1005.0,1125.0,1050.0,1080.0,training_familiar,42
un_un,un -> un,0,expert,Expert,1,familiar_2,Familiar 2,1,full,Nonoccluded,0,1063.0,-4.331461712643646,0.01769016683101654,-4.331461712643646,0.04089309004220096,0.005356834424613404,44,1005.0,1125.0,1050.0,1080.0,training_familiar,42
un_un,un -> un,0,expert,Expert,1,familiar_2,Familiar 2,1,full,Nonoccluded,0,1064.0,-4.496579512442675,0.016805658116936684,-4.496579512442675,0.04089309004220096,0.005356834424613404,44,1005.0,1125.0,1050.0,1080.0,training_familiar,42
un_un,un -> un,0,expert,Expert,1,familiar_2,Familiar 2,1,full,Nonoccluded,0,1065.0,-4.653441543951574,0.015965374186635017,-4.653441543951574,0.04089309004220096,0.005356834424613404,44,1005.0,1125.0,1050.0,1080.0,training_familiar,42
un_un,un -> un,0,expert,Expert,1,familiar_2,Familiar 2,1,full,Nonoccluded,0,1066.0,-4.802460369570895,0.01516710501164198,-4.802460369570895,0.04089309004220096,0.005356834424613404,44,1005.0,1125.0,1050.0,1080.0,training_familiar,42
un_un,un -> un,0,expert,Expert,1,familiar_2,Familiar 2,1,full,Nonoccluded,0,1067.0,-4.944028210445027,0.014408749528229237,-4.944028210445027,0.04089309004220096,0.005356834424613404,44,1005.0,1125.0,1050.0,1080.0,training_familiar,42
un_un,un -> un,0,expert,Expert,1,familiar_2,Familiar 2,1,full,Nonoccluded,0,1068.0,-5.078517641889763,0.013688311912119389,-5.078517641889763,0.04089309004220096,0.005356834424613404,44,1005.0,1125.0,1050.0,1080.0,training_familiar,42
un_un,un -> un,0,expert,Expert,1,familiar_2,Familiar 2,1,full,Nonoccluded,0,1069.0,-5.206282636533641,0.013003895990550518,-5.206282636533641,0.04089309004220096,0.005356834424613404,44,1005.0,1125.0,1050.0,1080.0,training_familiar,42
un_un,un -> un,0,expert,Expert,1,familiar_2,Familiar 2,1,full,Nonoccluded,0,1070.0,-5.327659433602391,0.012353700585663319,-5.327659433602391,0.04089309004220096,0.005356834424613404,44,1005.0,1125.0,1050.0,1080.0,training_familiar,42
un_un,un -> un,0,expert,Expert,1,familiar_2,Familiar 2,1,full,Nonoccluded,0,1071.0,-5.442967234346503,0.011736015789210796,-5.442967234346503,0.04089309004220096,0.005356834424613404,44,1005.0,1125.0,1050.0,1080.0,training_familiar,42
un_un,un -> un,0,expert,Expert,1,familiar_2,Familiar 2,1,full,Nonoccluded,0,1072.0,-5.552509766753233,0.011149214580655098,-5.552509766753233,0.04089309004220096,0.005356834424613404,44,1005.0,1125.0,1050.0,1080.0,training_familiar,42
un_un,un -> un,0,expert,Expert,1,familiar_2,Familiar 2,1,full,Nonoccluded,0,1073.0,-5.6565751116897145,0.010591753758490086,-5.6565751116897145,0.04089309004220096,0.005356834424613404,44,1005.0,1125.0,1050.0,1080.0,training_familiar,42
un_un,un -> un,0,expert,Expert,1,familiar_2,Familiar 2,1,full,Nonoccluded,0,1074.0,-5.7554372676149725,0.010062165558338165,-5.7554372676149725,0.04089309004220096,0.005356834424613404,44,1005.0,1125.0,1050.0,1080.0,training_familiar,42
un_un,un -> un,0,expert,Expert,1,familiar_2,Familiar 2,1,full,Nonoccluded,0,1075.0,-5.849356324436812,0.009559056721627712,-5.849356324436812,0.04089309004220096,0.005356834424613404,44,1005.0,1125.0,1050.0,1080.0,training_familiar,42
un_un,un -> un,0,expert,Expert,1,familiar_2,Familiar 2,1,full,Nonoccluded,0,1076.0,-5.93857933279627,0.009081103838980198,-5.93857933279627,0.04089309004220096,0.005356834424613404,44,1005.0,1125.0,1050.0,1080.0,training_familiar,42
un_un,un -> un,0,expert,Expert,1,familiar_2,Familiar 2,1,full,Nonoccluded,0,1077.0,-6.023341173352066,0.008627048693597317,-6.023341173352066,0.04089309004220096,0.005356834424613404,44,1005.0,1125.0,1050.0,1080.0,training_familiar,42
un_un,un -> un,0,expert,Expert,1,familiar_2,Familiar 2,1,full,Nonoccluded,0,1078.0,-6.103864904494384,0.008195696398615837,-6.103864904494384,0.04089309004220096,0.005356834424613404,44,1005.0,1125.0,1050.0,1080.0,training_familiar,42
un_un,un -> un,0,expert,Expert,1,familiar_2,Familiar 2,1,full,Nonoccluded,0,1079.0,-6.180362457772429,0.007785911671817303,-6.180362457772429,0.04089309004220096,0.005356834424613404,44,1005.0,1125.0,1050.0,1080.0,training_familiar,42
un_un,un -> un,0,expert,Expert,1,familiar_2,Familiar 2,1,full,Nonoccluded,0,1080.0,-6.253035159465107,0.007396616041660309,-6.253035159465107,0.04089309004220096,0.005356834424613404,44,1005.0,1125.0,1050.0,1080.0,training_familiar,42
un_un,un -> un,0,expert,Expert,1,familiar_2,Familiar 2,1,full,Nonoccluded,0,1081.0,-6.322074252151683,0.0070267850533127785,-6.322074252151683,0.04089309004220096,0.005356834424613404,44,1005.0,1125.0,1050.0,1080.0,training_familiar,42
un_un,un -> un,0,expert,Expert,1,familiar_2,Familiar 2,1,full,Nonoccluded,0,1082.0,-6.38766132935402,0.006675445940345526,-6.38766132935402,0.04089309004220096,0.005356834424613404,44,1005.0,1125.0,1050.0,1080.0,training_familiar,42
un_un,un -> un,0,expert,Expert,1,familiar_2,Familiar 2,1,full,Nonoccluded,0,1083.0,-6.449969117892573,0.00634167343378067,-6.449969117892573,0.04089309004220096,0.005356834424613404,44,1005.0,1125.0,1050.0,1080.0,training_familiar,42
un_un,un -> un,0,expert,Expert,1,familiar_2,Familiar 2,1,full,Nonoccluded,0,1084.0,-6.052497495416661,0.008470863103866577,-6.052497495416661,0.04089309004220096,0.005356834424613404,44,1005.0,1125.0,1050.0,1080.0,training_familiar,42
un_un,un -> un,0,expert,Expert,1,familiar_2,Familiar 2,1,full,Nonoccluded,0,1085.0,-6.131563436534282,0.008047319948673248,-6.131563436534282,0.04089309004220096,0.005356834424613404,44,1005.0,1125.0,1050.0,1080.0,training_familiar,42
un_un,un -> un,0,expert,Expert,1,familiar_2,Familiar 2,1,full,Nonoccluded,0,1086.0,-6.027487834041277,0.008604835718870163,-6.027487834041277,0.04089309004220096,0.005356834424613404,44,1005.0,1125.0,1050.0,1080.0,training_familiar,42
un_un,un -> un,0,expert,Expert,1,familiar_2,Familiar 2,1,full,Nonoccluded,0,1087.0,-5.455355407060842,0.01166965439915657,-5.455355407060842,0.04089309004220096,0.005356834424613404,44,1005.0,1125.0,1050.0,1080.0,training_familiar,42
un_un,un -> un,0,expert,Expert,1,familiar_2,Familiar 2,1,full,Nonoccluded,0,1088.0,-4.369788116384163,0.017484858632087708,-4.369788116384163,0.04089309004220096,0.005356834424613404,44,1005.0,1125.0,1050.0,1080.0,training_familiar,42
un_un,un -> un,0,expert,Expert,1,familiar_2,Familiar 2,1,full,Nonoccluded,0,1089.0,-4.223072372989906,0.018270790576934814,-4.223072372989906,0.04089309004220096,0.005356834424613404,44,1005.0,1125.0,1050.0,1080.0,training_familiar,42
un_un,un -> un,0,expert,Expert,1,familiar_2,Familiar 2,1,full,Nonoccluded,0,1090.0,-2.829633042221042,0.025735214352607727,-2.829633042221042,0.04089309004220096,0.005356834424613404,44,1005.0,1125.0,1050.0,1080.0,training_familiar,42
un_un,un -> un,0,expert,Expert,1,familiar_2,Familiar 2,1,full,Nonoccluded,0,1091.0,-3.0650964692368308,0.024473875761032104,-3.0650964692368308,0.04089309004220096,0.005356834424613404,44,1005.0,1125.0,1050.0,1080.0,training_familiar,42
un_un,un -> un,0,expert,Expert,1,familiar_2,Familiar 2,1,full,Nonoccluded,0,1092.0,-1.7266835396577649,0.03164353221654892,-1.7266835396577649,0.04089309004220096,0.005356834424613404,44,1005.0,1125.0,1050.0,1080.0,training_familiar,42
un_un,un -> un,0,expert,Expert,1,familiar_2,Familiar 2,1,full,Nonoccluded,0,1093.0,-2.022040317648843,0.030061354860663414,-2.022040317648843,0.04089309004220096,0.005356834424613404,44,1005.0,1125.0,1050.0,1080.0,training_familiar,42
un_un,un -> un,0,expert,Expert,1,familiar_2,Familiar 2,1,full,Nonoccluded,0,1094.0,-1.4227184116031437,0.033271823078393936,-1.4227184116031437,0.04089309004220096,0.005356834424613404,44,1005.0,1125.0,1050.0,1080.0,training_familiar,42
un_un,un -> un,0,expert,Expert,1,familiar_2,Familiar 2,1,full,Nonoccluded,0,1095.0,-0.9318543448259414,0.035901300609111786,-0.9318543448259414,0.04089309004220096,0.005356834424613404,44,1005.0,1125.0,1050.0,1080.0,training_familiar,42
un_un,un -> un,0,expert,Expert,1,familiar_2,Familiar 2,1,full,Nonoccluded,0,1096.0,-1.2669523739303423,0.034106235951185226,-1.2669523739303423,0.04089309004220096,0.005356834424613404,44,1005.0,1125.0,1050.0,1080.0,training_familiar,42
un_un,un -> un,0,expert,Expert,1,familiar_2,Familiar 2,1,full,Nonoccluded,0,1097.0,-0.35711336906428515,0.038980092853307724,-0.35711336906428515,0.04089309004220096,0.005356834424613404,44,1005.0,1125.0,1050.0,1080.0,training_familiar,42
un_un,un -> un,0,expert,Expert,1,familiar_2,Familiar 2,1,full,Nonoccluded,0,1098.0,-0.7209485512709031,0.03703108802437782,-0.7209485512709031,0.04089309004220096,0.005356834424613404,44,1005.0,1125.0,1050.0,1080.0,training_familiar,42
un_un,un -> un,0,expert,Expert,1,familiar_2,Familiar 2,1,full,Nonoccluded,0,1099.0,-1.066592043909946,0.03517953306436539,-1.066592043909946,0.04089309004220096,0.005356834424613404,44,1005.0,1125.0,1050.0,1080.0,training_familiar,42
un_un,un -> un,0,expert,Expert,1,familiar_2,Familiar 2,1,full,Nonoccluded,0,1100.0,-1.3949534662311713,0.03342055529356003,-1.3949534662311713,0.04089309004220096,0.005356834424613404,44,1005.0,1125.0,1050.0,1080.0,training_familiar,42
un_un,un -> un,0,expert,Expert,1,familiar_2,Familiar 2,1,full,Nonoccluded,0,1101.0,-0.8586904974183248,0.03629322722554207,-0.8586904974183248,0.04089309004220096,0.005356834424613404,44,1005.0,1125.0,1050.0,1080.0,training_familiar,42
un_un,un -> un,0,expert,Expert,1,familiar_2,Familiar 2,1,full,Nonoccluded,0,1102.0,0.773871600192184,0.04503859207034111,0.773871600192184,0.04089309004220096,0.005356834424613404,44,1005.0,1125.0,1050.0,1080.0,training_familiar,42
un_un,un -> un,0,expert,Expert,1,familiar_2,Familiar 2,1,full,Nonoccluded,0,1103.0,0.35348703043723045,0.04278666153550148,0.35348703043723045,0.04089309004220096,0.005356834424613404,44,1005.0,1125.0,1050.0,1080.0,training_familiar,42
un_un,un -> un,0,expert,Expert,1,familiar_2,Familiar 2,1,full,Nonoccluded,0,1104.0,0.8353154069146698,0.045367736369371414,0.8353154069146698,0.04089309004220096,0.005356834424613404,44,1005.0,1125.0,1050.0,1080.0,training_familiar,42
un_un,un -> un,0,expert,Expert,1,familiar_2,Familiar 2,1,full,Nonoccluded,0,1105.0,1.6113221593811131,0.04952467605471611,1.6113221593811131,0.04089309004220096,0.005356834424613404,44,1005.0,1125.0,1050.0,1080.0,training_familiar,42
un_un,un -> un,0,expert,Expert,1,familiar_2,Familiar 2,1,full,Nonoccluded,0,1106.0,1.2981029767725825,0.04784681275486946,1.2981029767725825,0.04089309004220096,0.005356834424613404,44,1005.0,1125.0,1050.0,1080.0,training_familiar,42
un_un,un -> un,0,expert,Expert,1,familiar_2,Familiar 2,1,full,Nonoccluded,0,1107.0,2.2141806622881566,0.05275408923625946,2.2141806622881566,0.04089309004220096,0.005356834424613404,44,1005.0,1125.0,1050.0,1080.0,training_familiar,42
un_un,un -> un,0,expert,Expert,1,familiar_2,Familiar 2,1,full,Nonoccluded,0,1108.0,1.7217803960287579,0.05011638253927231,1.7217803960287579,0.04089309004220096,0.005356834424613404,44,1005.0,1125.0,1050.0,1080.0,training_familiar,42
un_un,un -> un,0,expert,Expert,1,familiar_2,Familiar 2,1,full,Nonoccluded,0,1109.0,1.2540003517105975,0.0476105622947216,1.2540003517105975,0.04089309004220096,0.005356834424613404,44,1005.0,1125.0,1050.0,1080.0,training_familiar,42
un_un,un -> un,0,expert,Expert,1,familiar_2,Familiar 2,1,full,Nonoccluded,0,1110.0,0.8096096225507478,0.04523003473877907,0.8096096225507478,0.04089309004220096,0.005356834424613404,44,1005.0,1125.0,1050.0,1080.0,training_familiar,42
un_un,un -> un,0,expert,Expert,1,familiar_2,Familiar 2,1,full,Nonoccluded,0,1111.0,0.8504486060690715,0.045448802411556244,0.8504486060690715,0.04089309004220096,0.005356834424613404,44,1005.0,1125.0,1050.0,1080.0,training_familiar,42
un_un,un -> un,0,expert,Expert,1,familiar_2,Familiar 2,1,full,Nonoccluded,0,1112.0,0.7316820963504447,0.04481258988380432,0.7316820963504447,0.04089309004220096,0.005356834424613404,44,1005.0,1125.0,1050.0,1080.0,training_familiar,42
un_un,un -> un,0,expert,Expert,1,familiar_2,Familiar 2,1,full,Nonoccluded,0,1113.0,0.6863708181874834,0.04456986486911774,0.6863708181874834,0.04089309004220096,0.005356834424613404,44,1005.0,1125.0,1050.0,1080.0,training_familiar,42
un_un,un -> un,0,expert,Expert,1,familiar_2,Familiar 2,1,full,Nonoccluded,0,1114.0,0.2703611832186307,0.04234137013554573,0.2703611832186307,0.04089309004220096,0.005356834424613404,44,1005.0,1125.0,1050.0,1080.0,training_familiar,42
un_un,un -> un,0,expert,Expert,1,familiar_2,Familiar 2,1,full,Nonoccluded,0,1115.0,0.6487711362481865,0.044368449598550797,0.6487711362481865,0.04089309004220096,0.005356834424613404,44,1005.0,1125.0,1050.0,1080.0,training_familiar,42
un_un,un -> un,0,expert,Expert,1,familiar_2,Familiar 2,1,full,Nonoccluded,0,1116.0,0.2346419374042133,0.04215002804994583,0.2346419374042133,0.04089309004220096,0.005356834424613404,44,1005.0,1125.0,1050.0,1080.0,training_familiar,42
un_un,un -> un,0,expert,Expert,1,familiar_2,Familiar 2,1,full,Nonoccluded,0,1117.0,0.10871600094533712,0.04147546365857124,0.10871600094533712,0.04089309004220096,0.005356834424613404,44,1005.0,1125.0,1050.0,1080.0,training_familiar,42
un_un,un -> un,0,expert,Expert,1,familiar_2,Familiar 2,1,full,Nonoccluded,0,1118.0,-0.2784104411334936,0.039401691406965256,-0.2784104411334936,0.04089309004220096,0.005356834424613404,44,1005.0,1125.0,1050.0,1080.0,training_familiar,42
un_un,un -> un,0,expert,Expert,1,familiar_2,Familiar 2,1,full,Nonoccluded,0,1119.0,-0.037965666498432867,0.04068971425294876,-0.037965666498432867,0.04089309004220096,0.005356834424613404,44,1005.0,1125.0,1050.0,1080.0,training_familiar,42
un_un,un -> un,0,expert,Expert,1,familiar_2,Familiar 2,1,full,Nonoccluded,0,1120.0,-0.1673110202746287,0.039996832609176636,-0.1673110202746287,0.04089309004220096,0.005356834424613404,44,1005.0,1125.0,1050.0,1080.0,training_familiar,42
un_un,un -> un,0,expert,Expert,1,familiar_2,Familiar 2,1,full,Nonoccluded,0,1121.0,-0.3920773805474824,0.038792796432971954,-0.3920773805474824,0.04089309004220096,0.005356834424613404,44,1005.0,1125.0,1050.0,1080.0,training_familiar,42
un_un,un -> un,0,expert,Expert,1,familiar_2,Familiar 2,1,full,Nonoccluded,0,1122.0,-0.6057189861274008,0.03764835372567177,-0.6057189861274008,0.04089309004220096,0.005356834424613404,44,1005.0,1125.0,1050.0,1080.0,training_familiar,42
un_un,un -> un,0,expert,Expert,1,familiar_2,Familiar 2,1,full,Nonoccluded,0,1123.0,-0.9571240961091313,0.035765934735536575,-0.9571240961091313,0.04089309004220096,0.005356834424613404,44,1005.0,1125.0,1050.0,1080.0,training_familiar,42
un_un,un -> un,0,expert,Expert,1,familiar_2,Familiar 2,1,full,Nonoccluded,0,1124.0,-1.2909585333352387,0.03397763893008232,-1.2909585333352387,0.04089309004220096,0.005356834424613404,44,1005.0,1125.0,1050.0,1080.0,training_familiar,42
un_un,un -> un,0,expert,Expert,1,familiar_2,Familiar 2,1,occlusion,Occluded,1,1006.0,-0.24880819995414113,0.04525473341345787,-0.24880819995414113,0.046535677699880165,0.005148320218780534,44,1005.0,1125.0,1050.0,1080.0,training_familiar,42
un_un,un -> un,0,expert,Expert,1,familiar_2,Familiar 2,1,occlusion,Occluded,1,1007.0,-0.12927781368211416,0.045870114117860794,-0.12927781368211416,0.046535677699880165,0.005148320218780534,44,1005.0,1125.0,1050.0,1080.0,training_familiar,42
un_un,un -> un,0,expert,Expert,1,familiar_2,Familiar 2,1,occlusion,Occluded,1,1008.0,-0.2478718701530878,0.04525955393910408,-0.2478718701530878,0.046535677699880165,0.005148320218780534,44,1005.0,1125.0,1050.0,1080.0,training_familiar,42
un_un,un -> un,0,expert,Expert,1,familiar_2,Familiar 2,1,occlusion,Occluded,1,1009.0,-0.6874287838061575,0.04299657419323921,-0.6874287838061575,0.046535677699880165,0.005148320218780534,44,1005.0,1125.0,1050.0,1080.0,training_familiar,42
un_un,un -> un,0,expert,Expert,1,familiar_2,Familiar 2,1,occlusion,Occluded,1,1010.0,-1.1050072729018898,0.040846746414899826,-1.1050072729018898,0.046535677699880165,0.005148320218780534,44,1005.0,1125.0,1050.0,1080.0,training_familiar,42
un_un,un -> un,0,expert,Expert,1,familiar_2,Familiar 2,1,occlusion,Occluded,1,1011.0,-1.501707199339513,0.03880440816283226,-1.501707199339513,0.046535677699880165,0.005148320218780534,44,1005.0,1125.0,1050.0,1080.0,training_familiar,42
un_un,un -> un,0,expert,Expert,1,familiar_2,Familiar 2,1,occlusion,Occluded,1,1012.0,0.13200378719312006,0.04721527546644211,0.13200378719312006,0.046535677699880165,0.005148320218780534,44,1005.0,1125.0,1050.0,1080.0,training_familiar,42
un_un,un -> un,0,expert,Expert,1,familiar_2,Familiar 2,1,occlusion,Occluded,1,1013.0,-0.32654672842892135,0.04485451057553291,-0.32654672842892135,0.046535677699880165,0.005148320218780534,44,1005.0,1125.0,1050.0,1080.0,training_familiar,42
un_un,un -> un,0,expert,Expert,1,familiar_2,Familiar 2,1,occlusion,Occluded,1,1014.0,0.06775014447755949,0.04688447713851929,0.06775014447755949,0.046535677699880165,0.005148320218780534,44,1005.0,1125.0,1050.0,1080.0,training_familiar,42
un_un,un -> un,0,expert,Expert,1,familiar_2,Familiar 2,1,occlusion,Occluded,1,1015.0,-0.3875876166493684,0.04454025253653526,-0.3875876166493684,0.046535677699880165,0.005148320218780534,44,1005.0,1125.0,1050.0,1080.0,training_familiar,42
un_un,un -> un,0,expert,Expert,1,familiar_2,Familiar 2,1,occlusion,Occluded,1,1016.0,-0.45559526168939946,0.04419012740254402,-0.45559526168939946,0.046535677699880165,0.005148320218780534,44,1005.0,1125.0,1050.0,1080.0,training_familiar,42
un_un,un -> un,0,expert,Expert,1,familiar_2,Familiar 2,1,occlusion,Occluded,1,1017.0,-0.8847657163283117,0.041980620473623276,-0.8847657163283117,0.046535677699880165,0.005148320218780534,44,1005.0,1125.0,1050.0,1080.0,training_familiar,42
un_un,un -> un,0,expert,Expert,1,familiar_2,Familiar 2,1,occlusion,Occluded,1,1018.0,-1.248799020765507,0.04010646045207977,-1.248799020765507,0.046535677699880165,0.005148320218780534,44,1005.0,1125.0,1050.0,1080.0,training_familiar,42
un_un,un -> un,0,expert,Expert,1,familiar_2,Familiar 2,1,occlusion,Occluded,1,1019.0,-1.6383093236302817,0.038101136684417725,-1.6383093236302817,0.046535677699880165,0.005148320218780534,44,1005.0,1125.0,1050.0,1080.0,training_familiar,42
un_un,un -> un,0,expert,Expert,1,familiar_2,Familiar 2,1,occlusion,Occluded,1,1020.0,-1.2664778536088885,0.04001544415950775,-1.2664778536088885,0.046535677699880165,0.005148320218780534,44,1005.0,1125.0,1050.0,1080.0,training_familiar,42
un_un,un -> un,0,expert,Expert,1,familiar_2,Familiar 2,1,occlusion,Occluded,1,1021.0,-0.8715073152891304,0.04204887896776199,-0.8715073152891304,0.046535677699880165,0.005148320218780534,44,1005.0,1125.0,1050.0,1080.0,training_familiar,42
un_un,un -> un,0,expert,Expert,1,familiar_2,Familiar 2,1,occlusion,Occluded,1,1022.0,-0.3733950565891981,0.044613320380449295,-0.3733950565891981,0.046535677699880165,0.005148320218780534,44,1005.0,1125.0,1050.0,1080.0,training_familiar,42
un_un,un -> un,0,expert,Expert,1,familiar_2,Familiar 2,1,occlusion,Occluded,1,1023.0,-0.8066755214831204,0.042382653802633286,-0.8066755214831204,0.046535677699880165,0.005148320218780534,44,1005.0,1125.0,1050.0,1080.0,training_familiar,42
un_un,un -> un,0,expert,Expert,1,familiar_2,Familiar 2,1,occlusion,Occluded,1,1024.0,-1.2182916013356693,0.040263522416353226,-1.2182916013356693,0.046535677699880165,0.005148320218780534,44,1005.0,1125.0,1050.0,1080.0,training_familiar,42
un_un,un -> un,0,expert,Expert,1,familiar_2,Familiar 2,1,occlusion,Occluded,1,1025.0,-1.609327238992268,0.03825034573674202,-1.609327238992268,0.046535677699880165,0.005148320218780534,44,1005.0,1125.0,1050.0,1080.0,training_familiar,42
un_un,un -> un,0,expert,Expert,1,familiar_2,Familiar 2,1,occlusion,Occluded,1,1026.0,-1.1351992056290545,0.0406913086771965,-1.1351992056290545,0.046535677699880165,0.005148320218780534,44,1005.0,1125.0,1050.0,1080.0,training_familiar,42
un_un,un -> un,0,expert,Expert,1,familiar_2,Familiar 2,1,occlusion,Occluded,1,1027.0,0.07020746751030847,0.046897128224372864,0.07020746751030847,0.046535677699880165,0.005148320218780534,44,1005.0,1125.0,1050.0,1080.0,training_familiar,42
un_un,un -> un,0,expert,Expert,1,familiar_2,Familiar 2,1,occlusion,Occluded,1,1028.0,0.30833986978021133,0.048123110085725784,0.30833986978021133,0.046535677699880165,0.005148320218780534,44,1005.0,1125.0,1050.0,1080.0,training_familiar,42
un_un,un -> un,0,expert,Expert,1,familiar_2,Familiar 2,1,occlusion,Occluded,1,1029.0,-0.15902763086952332,0.04571695253252983,-0.15902763086952332,0.046535677699880165,0.005148320218780534,44,1005.0,1125.0,1050.0,1080.0,training_familiar,42
un_un,un -> un,0,expert,Expert,1,familiar_2,Familiar 2,1,occlusion,Occluded,1,1030.0,-0.6030266841274358,0.043431103229522705,-0.6030266841274358,0.046535677699880165,0.005148320218780534,44,1005.0,1125.0,1050.0,1080.0,training_familiar,42
un_un,un -> un,0,expert,Expert,1,familiar_2,Familiar 2,1,occlusion,Occluded,1,1031.0,-0.15795743629784023,0.045722462236881256,-0.15795743629784023,0.046535677699880165,0.005148320218780534,44,1005.0,1125.0,1050.0,1080.0,training_familiar,42
un_un,un -> un,0,expert,Expert,1,familiar_2,Familiar 2,1,occlusion,Occluded,1,1032.0,-0.6020100354640046,0.043436337262392044,-0.6020100354640046,0.046535677699880165,0.005148320218780534,44,1005.0,1125.0,1050.0,1080.0,training_familiar,42
un_un,un -> un,0,expert,Expert,1,familiar_2,Familiar 2,1,occlusion,Occluded,1,1033.0,0.0745982319869636,0.04691973328590393,0.0745982319869636,0.046535677699880165,0.005148320218780534,44,1005.0,1125.0,1050.0,1080.0,training_familiar,42
un_un,un -> un,0,expert,Expert,1,familiar_2,Familiar 2,1,occlusion,Occluded,1,1034.0,0.6569599121677643,0.04991791769862175,0.6569599121677643,0.046535677699880165,0.005148320218780534,44,1005.0,1125.0,1050.0,1080.0,training_familiar,42
un_un,un -> un,0,expert,Expert,1,familiar_2,Familiar 2,1,occlusion,Occluded,1,1035.0,0.17216177119532936,0.04742202162742615,0.17216177119532936,0.046535677699880165,0.005148320218780534,44,1005.0,1125.0,1050.0,1080.0,training_familiar,42
un_un,un -> un,0,expert,Expert,1,familiar_2,Familiar 2,1,occlusion,Occluded,1,1036.0,0.6364626832076111,0.04981239140033722,0.6364626832076111,0.046535677699880165,0.005148320218780534,44,1005.0,1125.0,1050.0,1080.0,training_familiar,42
un_un,un -> un,0,expert,Expert,1,familiar_2,Familiar 2,1,occlusion,Occluded,1,1037.0,0.6761727629232268,0.05001683160662651,0.6761727629232268,0.046535677699880165,0.005148320218780534,44,1005.0,1125.0,1050.0,1080.0,training_familiar,42
un_un,un -> un,0,expert,Expert,1,familiar_2,Familiar 2,1,occlusion,Occluded,1,1038.0,0.19041368997567687,0.04751598834991455,0.19041368997567687,0.046535677699880165,0.005148320218780534,44,1005.0,1125.0,1050.0,1080.0,training_familiar,42
un_un,un -> un,0,expert,Expert,1,familiar_2,Familiar 2,1,occlusion,Occluded,1,1039.0,0.46412951905902605,0.048925165086984634,0.46412951905902605,0.046535677699880165,0.005148320218780534,44,1005.0,1125.0,1050.0,1080.0,training_familiar,42
un_un,un -> un,0,expert,Expert,1,familiar_2,Familiar 2,1,occlusion,Occluded,1,1040.0,1.1084908486553247,0.052242543548345566,1.1084908486553247,0.046535677699880165,0.005148320218780534,44,1005.0,1125.0,1050.0,1080.0,training_familiar,42
un_un,un -> un,0,expert,Expert,1,familiar_2,Familiar 2,1,occlusion,Occluded,1,1041.0,0.6011158714211697,0.04963041469454765,0.6011158714211697,0.046535677699880165,0.005148320218780534,44,1005.0,1125.0,1050.0,1080.0,training_familiar,42
un_un,un -> un,0,expert,Expert,1,familiar_2,Familiar 2,1,occlusion,Occluded,1,1042.0,0.8615935600792708,0.050971437245607376,0.8615935600792708,0.046535677699880165,0.005148320218780534,44,1005.0,1125.0,1050.0,1080.0,training_familiar,42
un_un,un -> un,0,expert,Expert,1,familiar_2,Familiar 2,1,occlusion,Occluded,1,1043.0,0.5560186391794009,0.04939823970198631,0.5560186391794009,0.046535677699880165,0.005148320218780534,44,1005.0,1125.0,1050.0,1080.0,training_familiar,42
un_un,un -> un,0,expert,Expert,1,familiar_2,Familiar 2,1,occlusion,Occluded,1,1044.0,1.8797516392484779,0.05621324107050896,1.8797516392484779,0.046535677699880165,0.005148320218780534,44,1005.0,1125.0,1050.0,1080.0,training_familiar,42
un_un,un -> un,0,expert,Expert,1,familiar_2,Familiar 2,1,occlusion,Occluded,1,1045.0,2.1274709298755337,0.0574885793030262,2.1274709298755337,0.046535677699880165,0.005148320218780534,44,1005.0,1125.0,1050.0,1080.0,training_familiar,42
un_un,un -> un,0,expert,Expert,1,familiar_2,Familiar 2,1,occlusion,Occluded,1,1046.0,2.139067236978842,0.05754828080534935,2.139067236978842,0.046535677699880165,0.005148320218780534,44,1005.0,1125.0,1050.0,1080.0,training_familiar,42
un_un,un -> un,0,expert,Expert,1,familiar_2,Familiar 2,1,occlusion,Occluded,1,1047.0,1.5801637297658533,0.05467086657881737,1.5801637297658533,0.046535677699880165,0.005148320218780534,44,1005.0,1125.0,1050.0,1080.0,training_familiar,42
un_un,un -> un,0,expert,Expert,1,familiar_2,Familiar 2,1,occlusion,Occluded,1,1048.0,1.664568723817994,0.055105410516262054,1.664568723817994,0.046535677699880165,0.005148320218780534,44,1005.0,1125.0,1050.0,1080.0,training_familiar,42
un_un,un -> un,0,expert,Expert,1,familiar_2,Familiar 2,1,occlusion,Occluded,1,1049.0,1.6971593685161723,0.05527319759130478,1.6971593685161723,0.046535677699880165,0.005148320218780534,44,1005.0,1125.0,1050.0,1080.0,training_familiar,42
un_un,un -> un,0,expert,Expert,1,familiar_2,Familiar 2,1,occlusion,Occluded,1,1050.0,1.791958057516018,0.05576125159859657,1.791958057516018,0.046535677699880165,0.005148320218780534,44,1005.0,1125.0,1050.0,1080.0,training_familiar,42
un_un,un -> un,0,expert,Expert,1,familiar_2,Familiar 2,1,occlusion,Occluded,1,1051.0,1.250409936916835,0.0529731884598732,1.250409936916835,0.046535677699880165,0.005148320218780534,44,1005.0,1125.0,1050.0,1080.0,training_familiar,42
un_un,un -> un,0,expert,Expert,1,familiar_2,Familiar 2,1,occlusion,Occluded,1,1052.0,0.7359394032459499,0.05032452940940857,0.7359394032459499,0.046535677699880165,0.005148320218780534,44,1005.0,1125.0,1050.0,1080.0,training_familiar,42
un_un,un -> un,0,expert,Expert,1,familiar_2,Familiar 2,1,occlusion,Occluded,1,1053.0,1.0022289937294455,0.05169547349214554,1.0022289937294455,0.046535677699880165,0.005148320218780534,44,1005.0,1125.0,1050.0,1080.0,training_familiar,42
un_un,un -> un,0,expert,Expert,1,familiar_2,Familiar 2,1,occlusion,Occluded,1,1054.0,0.5001673624992587,0.04911069944500923,0.5001673624992587,0.046535677699880165,0.005148320218780534,44,1005.0,1125.0,1050.0,1080.0,training_familiar,42
un_un,un -> un,0,expert,Expert,1,familiar_2,Familiar 2,1,occlusion,Occluded,1,1055.0,0.5873401011333385,0.049559492617845535,0.5873401011333385,0.046535677699880165,0.005148320218780534,44,1005.0,1125.0,1050.0,1080.0,training_familiar,42
un_un,un -> un,0,expert,Expert,1,familiar_2,Familiar 2,1,occlusion,Occluded,1,1056.0,0.10602316779063124,0.04708151891827583,0.10602316779063124,0.046535677699880165,0.005148320218780534,44,1005.0,1125.0,1050.0,1080.0,training_familiar,42
un_un,un -> un,0,expert,Expert,1,familiar_2,Familiar 2,1,occlusion,Occluded,1,1057.0,-0.3512284977596244,0.04472744092345238,-0.3512284977596244,0.046535677699880165,0.005148320218780534,44,1005.0,1125.0,1050.0,1080.0,training_familiar,42
un_un,un -> un,0,expert,Expert,1,familiar_2,Familiar 2,1,occlusion,Occluded,1,1058.0,-0.7856175076730318,0.042491067200899124,-0.7856175076730318,0.046535677699880165,0.005148320218780534,44,1005.0,1125.0,1050.0,1080.0,training_familiar,42
un_un,un -> un,0,expert,Expert,1,familiar_2,Familiar 2,1,occlusion,Occluded,1,1059.0,-1.1982871394501042,0.040366511791944504,-1.1982871394501042,0.046535677699880165,0.005148320218780534,44,1005.0,1125.0,1050.0,1080.0,training_familiar,42
un_un,un -> un,0,expert,Expert,1,familiar_2,Familiar 2,1,occlusion,Occluded,1,1060.0,0.34024093001130795,0.048287346959114075,0.34024093001130795,0.046535677699880165,0.005148320218780534,44,1005.0,1125.0,1050.0,1080.0,training_familiar,42
un_un,un -> un,0,expert,Expert,1,familiar_2,Familiar 2,1,occlusion,Occluded,1,1061.0,-0.12872137039230735,0.04587297886610031,-0.12872137039230735,0.046535677699880165,0.005148320218780534,44,1005.0,1125.0,1050.0,1080.0,training_familiar,42
un_un,un -> un,0,expert,Expert,1,familiar_2,Familiar 2,1,occlusion,Occluded,1,1062.0,-0.5742356281350773,0.043579328805208206,-0.5742356281350773,0.046535677699880165,0.005148320218780534,44,1005.0,1125.0,1050.0,1080.0,training_familiar,42
un_un,un -> un,0,expert,Expert,1,familiar_2,Familiar 2,1,occlusion,Occluded,1,1063.0,-0.9974740644517057,0.04140036180615425,-0.9974740644517057,0.046535677699880165,0.005148320218780534,44,1005.0,1125.0,1050.0,1080.0,training_familiar,42
un_un,un -> un,0,expert,Expert,1,familiar_2,Familiar 2,1,occlusion,Occluded,1,1064.0,-0.33959601098857833,0.04478732869029045,-0.33959601098857833,0.046535677699880165,0.005148320218780534,44,1005.0,1125.0,1050.0,1080.0,training_familiar,42
un_un,un -> un,0,expert,Expert,1,familiar_2,Familiar 2,1,occlusion,Occluded,1,1065.0,-0.6456817887969055,0.043211501091718674,-0.6456817887969055,0.046535677699880165,0.005148320218780534,44,1005.0,1125.0,1050.0,1080.0,training_familiar,42
un_un,un -> un,0,expert,Expert,1,familiar_2,Familiar 2,1,occlusion,Occluded,1,1066.0,-1.065347844721107,0.041050925850868225,-1.065347844721107,0.046535677699880165,0.005148320218780534,44,1005.0,1125.0,1050.0,1080.0,training_familiar,42
un_un,un -> un,0,expert,Expert,1,familiar_2,Familiar 2,1,occlusion,Occluded,1,1067.0,-1.4640304169507596,0.038998380303382874,-1.4640304169507596,0.046535677699880165,0.005148320218780534,44,1005.0,1125.0,1050.0,1080.0,training_familiar,42
un_un,un -> un,0,expert,Expert,1,familiar_2,Familiar 2,1,occlusion,Occluded,1,1068.0,0.4564500227850081,0.04888562858104706,0.4564500227850081,0.046535677699880165,0.005148320218780534,44,1005.0,1125.0,1050.0,1080.0,training_familiar,42
un_un,un -> un,0,expert,Expert,1,familiar_2,Familiar 2,1,occlusion,Occluded,1,1069.0,0.6719136924371372,0.049994904547929764,0.6719136924371372,0.046535677699880165,0.005148320218780534,44,1005.0,1125.0,1050.0,1080.0,training_familiar,42
un_un,un -> un,0,expert,Expert,1,familiar_2,Familiar 2,1,occlusion,Occluded,1,1070.0,0.18636807952924003,0.04749516025185585,0.18636807952924003,0.046535677699880165,0.005148320218780534,44,1005.0,1125.0,1050.0,1080.0,training_familiar,42
un_un,un -> un,0,expert,Expert,1,familiar_2,Familiar 2,1,occlusion,Occluded,1,1071.0,0.3174788538507707,0.04817016050219536,0.3174788538507707,0.046535677699880165,0.005148320218780534,44,1005.0,1125.0,1050.0,1080.0,training_familiar,42
un_un,un -> un,0,expert,Expert,1,familiar_2,Familiar 2,1,occlusion,Occluded,1,1072.0,-0.15034523420581455,0.045761652290821075,-0.15034523420581455,0.046535677699880165,0.005148320218780534,44,1005.0,1125.0,1050.0,1080.0,training_familiar,42
un_un,un -> un,0,expert,Expert,1,familiar_2,Familiar 2,1,occlusion,Occluded,1,1073.0,-0.5947784434765802,0.04347356781363487,-0.5947784434765802,0.046535677699880165,0.005148320218780534,44,1005.0,1125.0,1050.0,1080.0,training_familiar,42
un_un,un -> un,0,expert,Expert,1,familiar_2,Familiar 2,1,occlusion,Occluded,1,1074.0,-0.5765113292357827,0.04356761276721954,-0.5765113292357827,0.046535677699880165,0.005148320218780534,44,1005.0,1125.0,1050.0,1080.0,training_familiar,42
un_un,un -> un,0,expert,Expert,1,familiar_2,Familiar 2,1,occlusion,Occluded,1,1075.0,-0.9836353415420107,0.041471607983112335,-0.9836353415420107,0.046535677699880165,0.005148320218780534,44,1005.0,1125.0,1050.0,1080.0,training_familiar,42
un_un,un -> un,0,expert,Expert,1,familiar_2,Familiar 2,1,occlusion,Occluded,1,1076.0,-0.5966474851119131,0.043463945388793945,-0.5966474851119131,0.046535677699880165,0.005148320218780534,44,1005.0,1125.0,1050.0,1080.0,training_familiar,42
un_un,un -> un,0,expert,Expert,1,familiar_2,Familiar 2,1,occlusion,Occluded,1,1077.0,-1.0187650753220254,0.04129074886441231,-1.0187650753220254,0.046535677699880165,0.005148320218780534,44,1005.0,1125.0,1050.0,1080.0,training_familiar,42
un_un,un -> un,0,expert,Expert,1,familiar_2,Familiar 2,1,occlusion,Occluded,1,1078.0,-1.4197768945606355,0.03922621160745621,-1.4197768945606355,0.046535677699880165,0.005148320218780534,44,1005.0,1125.0,1050.0,1080.0,training_familiar,42
un_un,un -> un,0,expert,Expert,1,familiar_2,Familiar 2,1,occlusion,Occluded,1,1079.0,0.49437716847450686,0.04908088967204094,0.49437716847450686,0.046535677699880165,0.005148320218780534,44,1005.0,1125.0,1050.0,1080.0,training_familiar,42
un_un,un -> un,0,expert,Expert,1,familiar_2,Familiar 2,1,occlusion,Occluded,1,1080.0,0.44887038239394644,0.04884660616517067,0.44887038239394644,0.046535677699880165,0.005148320218780534,44,1005.0,1125.0,1050.0,1080.0,training_familiar,42
un_un,un -> un,0,expert,Expert,1,familiar_2,Familiar 2,1,occlusion,Occluded,1,1081.0,-0.025523209730462126,0.04640427604317665,-0.025523209730462126,0.046535677699880165,0.005148320218780534,44,1005.0,1125.0,1050.0,1080.0,training_familiar,42
un_un,un -> un,0,expert,Expert,1,familiar_2,Familiar 2,1,occlusion,Occluded,1,1082.0,2.109653890701394,0.05739685148000717,2.109653890701394,0.046535677699880165,0.005148320218780534,44,1005.0,1125.0,1050.0,1080.0,training_familiar,42
un_un,un -> un,0,expert,Expert,1,familiar_2,Familiar 2,1,occlusion,Occluded,1,1083.0,2.0715190737190805,0.05720052123069763,2.0715190737190805,0.046535677699880165,0.005148320218780534,44,1005.0,1125.0,1050.0,1080.0,training_familiar,42
un_un,un -> un,0,expert,Expert,1,familiar_2,Familiar 2,1,occlusion,Occluded,1,1084.0,1.5159925766927347,0.05434049293398857,1.5159925766927347,0.046535677699880165,0.005148320218780534,44,1005.0,1125.0,1050.0,1080.0,training_familiar,42
un_un,un -> un,0,expert,Expert,1,familiar_2,Familiar 2,1,occlusion,Occluded,1,1085.0,1.2482681005867593,0.05296216160058975,1.2482681005867593,0.046535677699880165,0.005148320218780534,44,1005.0,1125.0,1050.0,1080.0,training_familiar,42
un_un,un -> un,0,expert,Expert,1,familiar_2,Familiar 2,1,occlusion,Occluded,1,1086.0,0.733904658732378,0.050314053893089294,0.733904658732378,0.046535677699880165,0.005148320218780534,44,1005.0,1125.0,1050.0,1080.0,training_familiar,42
un_un,un -> un,0,expert,Expert,1,familiar_2,Familiar 2,1,occlusion,Occluded,1,1087.0,0.2452591718927091,0.04779835045337677,0.2452591718927091,0.046535677699880165,0.005148320218780534,44,1005.0,1125.0,1050.0,1080.0,training_familiar,42
un_un,un -> un,0,expert,Expert,1,familiar_2,Familiar 2,1,occlusion,Occluded,1,1088.0,-0.21895418532364722,0.04540843144059181,-0.21895418532364722,0.046535677699880165,0.005148320218780534,44,1005.0,1125.0,1050.0,1080.0,training_familiar,42
un_un,un -> un,0,expert,Expert,1,familiar_2,Familiar 2,1,occlusion,Occluded,1,1089.0,-0.659956838499518,0.04313800856471062,-0.659956838499518,0.046535677699880165,0.005148320218780534,44,1005.0,1125.0,1050.0,1080.0,training_familiar,42
un_un,un -> un,0,expert,Expert,1,familiar_2,Familiar 2,1,occlusion,Occluded,1,1090.0,0.8587028046270234,0.05095655471086502,0.8587028046270234,0.046535677699880165,0.005148320218780534,44,1005.0,1125.0,1050.0,1080.0,training_familiar,42
un_un,un -> un,0,expert,Expert,1,familiar_2,Familiar 2,1,occlusion,Occluded,1,1091.0,0.36381777228929973,0.04840872809290886,0.36381777228929973,0.046535677699880165,0.005148320218780534,44,1005.0,1125.0,1050.0,1080.0,training_familiar,42
un_un,un -> un,0,expert,Expert,1,familiar_2,Familiar 2,1,occlusion,Occluded,1,1092.0,-0.106323261689212,0.0459882915019989,-0.106323261689212,0.046535677699880165,0.005148320218780534,44,1005.0,1125.0,1050.0,1080.0,training_familiar,42
un_un,un -> un,0,expert,Expert,1,familiar_2,Familiar 2,1,occlusion,Occluded,1,1093.0,-0.5529576419451432,0.04368887469172478,-0.5529576419451432,0.046535677699880165,0.005148320218780534,44,1005.0,1125.0,1050.0,1080.0,training_familiar,42
un_un,un -> un,0,expert,Expert,1,familiar_2,Familiar 2,1,occlusion,Occluded,1,1094.0,-0.1979251152477489,0.04551669582724571,-0.1979251152477489,0.046535677699880165,0.005148320218780534,44,1005.0,1125.0,1050.0,1080.0,training_familiar,42
un_un,un -> un,0,expert,Expert,1,familiar_2,Familiar 2,1,occlusion,Occluded,1,1095.0,1.1608124369509703,0.05251191183924675,1.1608124369509703,0.046535677699880165,0.005148320218780534,44,1005.0,1125.0,1050.0,1080.0,training_familiar,42
un_un,un -> un,0,expert,Expert,1,familiar_2,Familiar 2,1,occlusion,Occluded,1,1096.0,1.7276892193400077,0.055430375039577484,1.7276892193400077,0.046535677699880165,0.005148320218780534,44,1005.0,1125.0,1050.0,1080.0,training_familiar,42
un_un,un -> un,0,expert,Expert,1,familiar_2,Familiar 2,1,occlusion,Occluded,1,1097.0,1.6268716808153074,0.054911334067583084,1.6268716808153074,0.046535677699880165,0.005148320218780534,44,1005.0,1125.0,1050.0,1080.0,training_familiar,42
un_un,un -> un,0,expert,Expert,1,familiar_2,Familiar 2,1,occlusion,Occluded,1,1098.0,1.093577589613818,0.052165765315294266,1.093577589613818,0.046535677699880165,0.005148320218780534,44,1005.0,1125.0,1050.0,1080.0,training_familiar,42
un_un,un -> un,0,expert,Expert,1,familiar_2,Familiar 2,1,occlusion,Occluded,1,1099.0,0.5869486371284158,0.04955747723579407,0.5869486371284158,0.046535677699880165,0.005148320218780534,44,1005.0,1125.0,1050.0,1080.0,training_familiar,42
un_un,un -> un,0,expert,Expert,1,familiar_2,Familiar 2,1,occlusion,Occluded,1,1100.0,0.10565124080628702,0.047079604119062424,0.10565124080628702,0.046535677699880165,0.005148320218780534,44,1005.0,1125.0,1050.0,1080.0,training_familiar,42
un_un,un -> un,0,expert,Expert,1,familiar_2,Familiar 2,1,occlusion,Occluded,1,1101.0,-0.33656849639228215,0.044802915304899216,-0.33656849639228215,0.046535677699880165,0.005148320218780534,44,1005.0,1125.0,1050.0,1080.0,training_familiar,42
un_un,un -> un,0,expert,Expert,1,familiar_2,Familiar 2,1,occlusion,Occluded,1,1102.0,-0.2907114911280202,0.04503900185227394,-0.2907114911280202,0.046535677699880165,0.005148320218780534,44,1005.0,1125.0,1050.0,1080.0,training_familiar,42
un_un,un -> un,0,expert,Expert,1,familiar_2,Familiar 2,1,occlusion,Occluded,1,1103.0,-0.7281258448576594,0.04278705269098282,-0.7281258448576594,0.046535677699880165,0.005148320218780534,44,1005.0,1125.0,1050.0,1080.0,training_familiar,42
un_un,un -> un,0,expert,Expert,1,familiar_2,Familiar 2,1,occlusion,Occluded,1,1104.0,-1.14366958943982,0.04064770042896271,-1.14366958943982,0.046535677699880165,0.005148320218780534,44,1005.0,1125.0,1050.0,1080.0,training_familiar,42
un_un,un -> un,0,expert,Expert,1,familiar_2,Familiar 2,1,occlusion,Occluded,1,1105.0,0.19751575875260008,0.047552552074193954,0.19751575875260008,0.046535677699880165,0.005148320218780534,44,1005.0,1125.0,1050.0,1080.0,training_familiar,42
un_un,un -> un,0,expert,Expert,1,familiar_2,Familiar 2,1,occlusion,Occluded,1,1106.0,1.2884383856759996,0.053168971091508865,1.2884383856759996,0.046535677699880165,0.005148320218780534,44,1005.0,1125.0,1050.0,1080.0,training_familiar,42
un_un,un -> un,0,expert,Expert,1,familiar_2,Familiar 2,1,occlusion,Occluded,1,1107.0,1.162170621677846,0.05251890420913696,1.162170621677846,0.046535677699880165,0.005148320218780534,44,1005.0,1125.0,1050.0,1080.0,training_familiar,42
un_un,un -> un,0,expert,Expert,1,familiar_2,Familiar 2,1,occlusion,Occluded,1,1108.0,0.6521118366909038,0.049892958253622055,0.6521118366909038,0.046535677699880165,0.005148320218780534,44,1005.0,1125.0,1050.0,1080.0,training_familiar,42
un_un,un -> un,0,expert,Expert,1,familiar_2,Familiar 2,1,occlusion,Occluded,1,1109.0,1.310833600005676,0.05328426882624626,1.310833600005676,0.046535677699880165,0.005148320218780534,44,1005.0,1125.0,1050.0,1080.0,training_familiar,42
un_un,un -> un,0,expert,Expert,1,familiar_2,Familiar 2,1,occlusion,Occluded,1,1110.0,1.6342204949262022,0.05494916811585426,1.6342204949262022,0.046535677699880165,0.005148320218780534,44,1005.0,1125.0,1050.0,1080.0,training_familiar,42
un_un,un -> un,0,expert,Expert,1,familiar_2,Familiar 2,1,occlusion,Occluded,1,1111.0,1.1005595418938519,0.052201710641384125,1.1005595418938519,0.046535677699880165,0.005148320218780534,44,1005.0,1125.0,1050.0,1080.0,training_familiar,42
un_un,un -> un,0,expert,Expert,1,familiar_2,Familiar 2,1,occlusion,Occluded,1,1112.0,0.5935810938181029,0.04959162324666977,0.5935810938181029,0.046535677699880165,0.005148320218780534,44,1005.0,1125.0,1050.0,1080.0,training_familiar,42
un_un,un -> un,0,expert,Expert,1,familiar_2,Familiar 2,1,occlusion,Occluded,1,1113.0,1.0551084725016076,0.05196771398186684,1.0551084725016076,0.046535677699880165,0.005148320218780534,44,1005.0,1125.0,1050.0,1080.0,training_familiar,42
un_un,un -> un,0,expert,Expert,1,familiar_2,Familiar 2,1,occlusion,Occluded,1,1114.0,1.601495985457394,0.05478069186210632,1.601495985457394,0.046535677699880165,0.005148320218780534,44,1005.0,1125.0,1050.0,1080.0,training_familiar,42
un_un,un -> un,0,expert,Expert,1,familiar_2,Familiar 2,1,occlusion,Occluded,1,1115.0,2.8401119756132513,0.061157483607530594,2.8401119756132513,0.046535677699880165,0.005148320218780534,44,1005.0,1125.0,1050.0,1080.0,training_familiar,42
un_un,un -> un,0,expert,Expert,1,familiar_2,Familiar 2,1,occlusion,Occluded,1,1116.0,2.2461561591092063,0.05809960886836052,2.2461561591092063,0.046535677699880165,0.005148320218780534,44,1005.0,1125.0,1050.0,1080.0,training_familiar,42
un_un,un -> un,0,expert,Expert,1,familiar_2,Familiar 2,1,occlusion,Occluded,1,1117.0,1.6818980610710286,0.05519462749361992,1.6818980610710286,0.046535677699880165,0.005148320218780534,44,1005.0,1125.0,1050.0,1080.0,training_familiar,42
un_un,un -> un,0,expert,Expert,1,familiar_2,Familiar 2,1,occlusion,Occluded,1,1118.0,1.5353378450321176,0.05444008857011795,1.5353378450321176,0.046535677699880165,0.005148320218780534,44,1005.0,1125.0,1050.0,1080.0,training_familiar,42
un_un,un -> un,0,expert,Expert,1,familiar_2,Familiar 2,1,occlusion,Occluded,1,1119.0,1.0066204817994553,0.051718082278966904,1.0066204817994553,0.046535677699880165,0.005148320218780534,44,1005.0,1125.0,1050.0,1080.0,training_familiar,42
un_un,un -> un,0,expert,Expert,1,familiar_2,Familiar 2,1,occlusion,Occluded,1,1120.0,2.0032929034859137,0.056849271059036255,2.0032929034859137,0.046535677699880165,0.005148320218780534,44,1005.0,1125.0,1050.0,1080.0,training_familiar,42
un_un,un -> un,0,expert,Expert,1,familiar_2,Familiar 2,1,occlusion,Occluded,1,1121.0,3.354199728399471,0.06380417197942734,3.354199728399471,0.046535677699880165,0.005148320218780534,44,1005.0,1125.0,1050.0,1080.0,training_familiar,42
un_un,un -> un,0,expert,Expert,1,familiar_2,Familiar 2,1,occlusion,Occluded,1,1122.0,2.7345397051544538,0.060613963752985,2.7345397051544538,0.046535677699880165,0.005148320218780534,44,1005.0,1125.0,1050.0,1080.0,training_familiar,42
un_un,un -> un,0,expert,Expert,1,familiar_2,Familiar 2,1,occlusion,Occluded,1,1123.0,3.6636531096808294,0.06539733707904816,3.6636531096808294,0.046535677699880165,0.005148320218780534,44,1005.0,1125.0,1050.0,1080.0,training_familiar,42
un_un,un -> un,0,expert,Expert,1,familiar_2,Familiar 2,1,occlusion,Occluded,1,1124.0,3.02852048973108,0.06212747097015381,3.02852048973108,0.046535677699880165,0.005148320218780534,44,1005.0,1125.0,1050.0,1080.0,training_familiar,42
un_un,un -> un,0,expert,Expert,1,novel,Novel Image,2,full,Nonoccluded,0,1006.0,0.16501624644026047,0.0414532795548439,0.16501624644026047,0.04074306997724555,0.0043038766965013105,44,1005.0,1125.0,1050.0,1080.0,training_familiar,42
un_un,un -> un,0,expert,Expert,1,novel,Novel Image,2,full,Nonoccluded,0,1007.0,0.8014497792316992,0.04419241100549698,0.8014497792316992,0.04074306997724555,0.0043038766965013105,44,1005.0,1125.0,1050.0,1080.0,training_familiar,42
un_un,un -> un,0,expert,Expert,1,novel,Novel Image,2,full,Nonoccluded,0,1008.0,0.28804696387775686,0.04198278859257698,0.28804696387775686,0.04074306997724555,0.0043038766965013105,44,1005.0,1125.0,1050.0,1080.0,training_familiar,42
un_un,un -> un,0,expert,Expert,1,novel,Novel Image,2,full,Nonoccluded,0,1009.0,0.8203520144197901,0.04427376389503479,0.8203520144197901,0.04074306997724555,0.0043038766965013105,44,1005.0,1125.0,1050.0,1080.0,training_familiar,42
un_un,un -> un,0,expert,Expert,1,novel,Novel Image,2,full,Nonoccluded,0,1010.0,1.3152429649524258,0.04640371352434158,1.3152429649524258,0.04074306997724555,0.0043038766965013105,44,1005.0,1125.0,1050.0,1080.0,training_familiar,42
un_un,un -> un,0,expert,Expert,1,novel,Novel Image,2,full,Nonoccluded,0,1011.0,0.7761510096521811,0.044083528220653534,0.7761510096521811,0.04074306997724555,0.0043038766965013105,44,1005.0,1125.0,1050.0,1080.0,training_familiar,42
un_un,un -> un,0,expert,Expert,1,novel,Novel Image,2,full,Nonoccluded,0,1012.0,0.2837840502271777,0.041964441537857056,0.2837840502271777,0.04074306997724555,0.0043038766965013105,44,1005.0,1125.0,1050.0,1080.0,training_familiar,42
un_un,un -> un,0,expert,Expert,1,novel,Novel Image,2,full,Nonoccluded,0,1013.0,1.1898587729533203,0.04586407542228699,1.1898587729533203,0.04074306997724555,0.0043038766965013105,44,1005.0,1125.0,1050.0,1080.0,training_familiar,42
un_un,un -> un,0,expert,Expert,1,novel,Novel Image,2,full,Nonoccluded,0,1014.0,0.6570361138096532,0.0435708723962307,0.6570361138096532,0.04074306997724555,0.0043038766965013105,44,1005.0,1125.0,1050.0,1080.0,training_familiar,42
un_un,un -> un,0,expert,Expert,1,novel,Novel Image,2,full,Nonoccluded,0,1015.0,0.15085471745810303,0.04139233008027077,0.15085471745810303,0.04074306997724555,0.0043038766965013105,44,1005.0,1125.0,1050.0,1080.0,training_familiar,42
un_un,un -> un,0,expert,Expert,1,novel,Novel Image,2,full,Nonoccluded,0,1016.0,0.25261933835121786,0.041830312460660934,0.25261933835121786,0.04074306997724555,0.0043038766965013105,44,1005.0,1125.0,1050.0,1080.0,training_familiar,42
un_un,un -> un,0,expert,Expert,1,novel,Novel Image,2,full,Nonoccluded,0,1017.0,1.7416935941954588,0.04823910444974899,1.7416935941954588,0.04074306997724555,0.0043038766965013105,44,1005.0,1125.0,1050.0,1080.0,training_familiar,42
un_un,un -> un,0,expert,Expert,1,novel,Novel Image,2,full,Nonoccluded,0,1018.0,1.181279280546307,0.04582715034484863,1.181279280546307,0.04074306997724555,0.0043038766965013105,44,1005.0,1125.0,1050.0,1080.0,training_familiar,42
un_un,un -> un,0,expert,Expert,1,novel,Novel Image,2,full,Nonoccluded,0,1019.0,0.6488850766832566,0.04353579133749008,0.6488850766832566,0.04074306997724555,0.0043038766965013105,44,1005.0,1125.0,1050.0,1080.0,training_familiar,42
un_un,un -> un,0,expert,Expert,1,novel,Novel Image,2,full,Nonoccluded,0,1020.0,0.1431104964567362,0.04135899990797043,0.1431104964567362,0.04074306997724555,0.0043038766965013105,44,1005.0,1125.0,1050.0,1080.0,training_familiar,42
un_un,un -> un,0,expert,Expert,1,novel,Novel Image,2,full,Nonoccluded,0,1021.0,2.4637887538586165,0.05134691298007965,2.4637887538586165,0.04074306997724555,0.0043038766965013105,44,1005.0,1125.0,1050.0,1080.0,training_familiar,42
un_un,un -> un,0,expert,Expert,1,novel,Novel Image,2,full,Nonoccluded,0,1022.0,1.8791108878332141,0.048830531537532806,1.8791108878332141,0.04074306997724555,0.0043038766965013105,44,1005.0,1125.0,1050.0,1080.0,training_familiar,42
un_un,un -> un,0,expert,Expert,1,novel,Novel Image,2,full,Nonoccluded,0,1023.0,1.3118257095021746,0.046389006078243256,1.3118257095021746,0.04074306997724555,0.0043038766965013105,44,1005.0,1125.0,1050.0,1080.0,training_familiar,42
un_un,un -> un,0,expert,Expert,1,novel,Novel Image,2,full,Nonoccluded,0,1024.0,0.7729042707479532,0.044069554656744,0.7729042707479532,0.04074306997724555,0.0043038766965013105,44,1005.0,1125.0,1050.0,1080.0,training_familiar,42
un_un,un -> un,0,expert,Expert,1,novel,Novel Image,2,full,Nonoccluded,0,1025.0,0.26092877409650916,0.04186607524752617,0.26092877409650916,0.04074306997724555,0.0043038766965013105,44,1005.0,1125.0,1050.0,1080.0,training_familiar,42
un_un,un -> un,0,expert,Expert,1,novel,Novel Image,2,full,Nonoccluded,0,1026.0,-0.22544760149587323,0.039772771298885345,-0.22544760149587323,0.04074306997724555,0.0043038766965013105,44,1005.0,1125.0,1050.0,1080.0,training_familiar,42
un_un,un -> un,0,expert,Expert,1,novel,Novel Image,2,full,Nonoccluded,0,1027.0,-0.687505028473703,0.03778413310647011,-0.687505028473703,0.04074306997724555,0.0043038766965013105,44,1005.0,1125.0,1050.0,1080.0,training_familiar,42
un_un,un -> un,0,expert,Expert,1,novel,Novel Image,2,full,Nonoccluded,0,1028.0,-0.8267962729852663,0.037184640765190125,-0.8267962729852663,0.04074306997724555,0.0043038766965013105,44,1005.0,1125.0,1050.0,1080.0,training_familiar,42
un_un,un -> un,0,expert,Expert,1,novel,Novel Image,2,full,Nonoccluded,0,1029.0,-1.2587865260584934,0.03532540798187256,-1.2587865260584934,0.04074306997724555,0.0043038766965013105,44,1005.0,1125.0,1050.0,1080.0,training_familiar,42
un_un,un -> un,0,expert,Expert,1,novel,Novel Image,2,full,Nonoccluded,0,1030.0,-1.669177439591304,0.03355913609266281,-1.669177439591304,0.04074306997724555,0.0043038766965013105,44,1005.0,1125.0,1050.0,1080.0,training_familiar,42
un_un,un -> un,0,expert,Expert,1,novel,Novel Image,2,full,Nonoccluded,0,1031.0,-0.5022175948470582,0.03858158737421036,-0.5022175948470582,0.04074306997724555,0.0043038766965013105,44,1005.0,1125.0,1050.0,1080.0,training_familiar,42
un_un,un -> un,0,expert,Expert,1,novel,Novel Image,2,full,Nonoccluded,0,1032.0,-0.09314234197391888,0.04034219682216644,-0.09314234197391888,0.04074306997724555,0.0043038766965013105,44,1005.0,1125.0,1050.0,1080.0,training_familiar,42
un_un,un -> un,0,expert,Expert,1,novel,Novel Image,2,full,Nonoccluded,0,1033.0,-0.5618152915977134,0.03832508623600006,-0.5618152915977134,0.04074306997724555,0.0043038766965013105,44,1005.0,1125.0,1050.0,1080.0,training_familiar,42
un_un,un -> un,0,expert,Expert,1,novel,Novel Image,2,full,Nonoccluded,0,1034.0,-0.46923346276936895,0.038723547011613846,-0.46923346276936895,0.04074306997724555,0.0043038766965013105,44,1005.0,1125.0,1050.0,1080.0,training_familiar,42
un_un,un -> un,0,expert,Expert,1,novel,Novel Image,2,full,Nonoccluded,0,1035.0,-0.9191019861883245,0.03678736835718155,-0.9191019861883245,0.04074306997724555,0.0043038766965013105,44,1005.0,1125.0,1050.0,1080.0,training_familiar,42
un_un,un -> un,0,expert,Expert,1,novel,Novel Image,2,full,Nonoccluded,0,1036.0,0.15085298632565608,0.04139232262969017,0.15085298632565608,0.04074306997724555,0.0043038766965013105,44,1005.0,1125.0,1050.0,1080.0,training_familiar,42
un_un,un -> un,0,expert,Expert,1,novel,Novel Image,2,full,Nonoccluded,0,1037.0,-0.12189298965262689,0.04021845757961273,-0.12189298965262689,0.04074306997724555,0.0043038766965013105,44,1005.0,1125.0,1050.0,1080.0,training_familiar,42
un_un,un -> un,0,expert,Expert,1,novel,Novel Image,2,full,Nonoccluded,0,1038.0,-0.5891282337792413,0.038207534700632095,-0.5891282337792413,0.04074306997724555,0.0043038766965013105,44,1005.0,1125.0,1050.0,1080.0,training_familiar,42
un_un,un -> un,0,expert,Expert,1,novel,Novel Image,2,full,Nonoccluded,0,1039.0,-1.0330018455344585,0.036297157406806946,-1.0330018455344585,0.04074306997724555,0.0043038766965013105,44,1005.0,1125.0,1050.0,1080.0,training_familiar,42
un_un,un -> un,0,expert,Expert,1,novel,Novel Image,2,full,Nonoccluded,0,1040.0,-0.12566339612205282,0.04020223021507263,-0.12566339612205282,0.04074306997724555,0.0043038766965013105,44,1005.0,1125.0,1050.0,1080.0,training_familiar,42
un_un,un -> un,0,expert,Expert,1,novel,Novel Image,2,full,Nonoccluded,0,1041.0,-0.5927099468119512,0.03819211944937706,-0.5927099468119512,0.04074306997724555,0.0043038766965013105,44,1005.0,1125.0,1050.0,1080.0,training_familiar,42
un_un,un -> un,0,expert,Expert,1,novel,Novel Image,2,full,Nonoccluded,0,1042.0,-0.9256534569337527,0.03675917163491249,-0.9256534569337527,0.04074306997724555,0.0043038766965013105,44,1005.0,1125.0,1050.0,1080.0,training_familiar,42
un_un,un -> un,0,expert,Expert,1,novel,Novel Image,2,full,Nonoccluded,0,1043.0,-1.3527004613047549,0.03492121398448944,-1.3527004613047549,0.04074306997724555,0.0043038766965013105,44,1005.0,1125.0,1050.0,1080.0,training_familiar,42
un_un,un -> un,0,expert,Expert,1,novel,Novel Image,2,full,Nonoccluded,0,1044.0,-1.7541630592424946,0.03319336846470833,-1.7541630592424946,0.04074306997724555,0.0043038766965013105,44,1005.0,1125.0,1050.0,1080.0,training_familiar,42
un_un,un -> un,0,expert,Expert,1,novel,Novel Image,2,full,Nonoccluded,0,1045.0,-0.7520425116616891,0.03750637173652649,-0.7520425116616891,0.04074306997724555,0.0043038766965013105,44,1005.0,1125.0,1050.0,1080.0,training_familiar,42
un_un,un -> un,0,expert,Expert,1,novel,Novel Image,2,full,Nonoccluded,0,1046.0,-1.1877702796878504,0.035631053149700165,-1.1877702796878504,0.04074306997724555,0.0043038766965013105,44,1005.0,1125.0,1050.0,1080.0,training_familiar,42
un_un,un -> un,0,expert,Expert,1,novel,Novel Image,2,full,Nonoccluded,0,1047.0,-1.601711745869326,0.03384950011968613,-1.601711745869326,0.04074306997724555,0.0043038766965013105,44,1005.0,1125.0,1050.0,1080.0,training_familiar,42
un_un,un -> un,0,expert,Expert,1,novel,Novel Image,2,full,Nonoccluded,0,1048.0,-1.0090057531212593,0.036400433629751205,-1.0090057531212593,0.04074306997724555,0.0043038766965013105,44,1005.0,1125.0,1050.0,1080.0,training_familiar,42
un_un,un -> un,0,expert,Expert,1,novel,Novel Image,2,full,Nonoccluded,0,1049.0,1.0038754240830075,0.045063626021146774,1.0038754240830075,0.04074306997724555,0.0043038766965013105,44,1005.0,1125.0,1050.0,1080.0,training_familiar,42
un_un,un -> un,0,expert,Expert,1,novel,Novel Image,2,full,Nonoccluded,0,1050.0,0.5207354006001713,0.0429842509329319,0.5207354006001713,0.04074306997724555,0.0043038766965013105,44,1005.0,1125.0,1050.0,1080.0,training_familiar,42
un_un,un -> un,0,expert,Expert,1,novel,Novel Image,2,full,Nonoccluded,0,1051.0,0.02136860712598346,0.04083503782749176,0.02136860712598346,0.04074306997724555,0.0043038766965013105,44,1005.0,1125.0,1050.0,1080.0,training_familiar,42
un_un,un -> un,0,expert,Expert,1,novel,Novel Image,2,full,Nonoccluded,0,1052.0,-0.45303006306605087,0.03879328444600105,-0.45303006306605087,0.04074306997724555,0.0043038766965013105,44,1005.0,1125.0,1050.0,1080.0,training_familiar,42
un_un,un -> un,0,expert,Expert,1,novel,Novel Image,2,full,Nonoccluded,0,1053.0,-0.9037087564701722,0.036853618919849396,-0.9037087564701722,0.04074306997724555,0.0043038766965013105,44,1005.0,1125.0,1050.0,1080.0,training_familiar,42
un_un,un -> un,0,expert,Expert,1,novel,Novel Image,2,full,Nonoccluded,0,1054.0,-1.3318532988125318,0.035010937601327896,-1.3318532988125318,0.04074306997724555,0.0043038766965013105,44,1005.0,1125.0,1050.0,1080.0,training_familiar,42
un_un,un -> un,0,expert,Expert,1,novel,Novel Image,2,full,Nonoccluded,0,1055.0,-1.7385906573160845,0.03326039016246796,-1.7385906573160845,0.04074306997724555,0.0043038766965013105,44,1005.0,1125.0,1050.0,1080.0,training_familiar,42
un_un,un -> un,0,expert,Expert,1,novel,Novel Image,2,full,Nonoccluded,0,1056.0,-2.1249915373992603,0.03159736841917038,-2.1249915373992603,0.04074306997724555,0.0043038766965013105,44,1005.0,1125.0,1050.0,1080.0,training_familiar,42
un_un,un -> un,0,expert,Expert,1,novel,Novel Image,2,full,Nonoccluded,0,1057.0,-2.49207211380841,0.03001749888062477,-2.49207211380841,0.04074306997724555,0.0043038766965013105,44,1005.0,1125.0,1050.0,1080.0,training_familiar,42
un_un,un -> un,0,expert,Expert,1,novel,Novel Image,2,full,Nonoccluded,0,1058.0,-2.840798358448924,0.028516624122858047,-2.840798358448924,0.04074306997724555,0.0043038766965013105,44,1005.0,1125.0,1050.0,1080.0,training_familiar,42
un_un,un -> un,0,expert,Expert,1,novel,Novel Image,2,full,Nonoccluded,0,1059.0,-3.17208820430079,0.02709079347550869,-3.17208820430079,0.04074306997724555,0.0043038766965013105,44,1005.0,1125.0,1050.0,1080.0,training_familiar,42
un_un,un -> un,0,expert,Expert,1,novel,Novel Image,2,full,Nonoccluded,0,1060.0,-3.486813709334152,0.025736253708600998,-3.486813709334152,0.04074306997724555,0.0043038766965013105,44,1005.0,1125.0,1050.0,1080.0,training_familiar,42
un_un,un -> un,0,expert,Expert,1,novel,Novel Image,2,full,Nonoccluded,0,1061.0,-3.7858027876417566,0.024449441581964493,-3.7858027876417566,0.04074306997724555,0.0043038766965013105,44,1005.0,1125.0,1050.0,1080.0,training_familiar,42
un_un,un -> un,0,expert,Expert,1,novel,Novel Image,2,full,Nonoccluded,0,1062.0,-4.069842671703848,0.023226968944072723,-4.069842671703848,0.04074306997724555,0.0043038766965013105,44,1005.0,1125.0,1050.0,1080.0,training_familiar,42
un_un,un -> un,0,expert,Expert,1,novel,Novel Image,2,full,Nonoccluded,0,1063.0,-4.339680345171279,0.022065620869398117,-4.339680345171279,0.04074306997724555,0.0043038766965013105,44,1005.0,1125.0,1050.0,1080.0,training_familiar,42
un_un,un -> un,0,expert,Expert,1,novel,Novel Image,2,full,Nonoccluded,0,1064.0,-4.596026437913516,0.020962338894605637,-4.596026437913516,0.04074306997724555,0.0043038766965013105,44,1005.0,1125.0,1050.0,1080.0,training_familiar,42
un_un,un -> un,0,expert,Expert,1,novel,Novel Image,2,full,Nonoccluded,0,1065.0,-4.839555226018643,0.01991422101855278,-4.839555226018643,0.04074306997724555,0.0043038766965013105,44,1005.0,1125.0,1050.0,1080.0,training_familiar,42
un_un,un -> un,0,expert,Expert,1,novel,Novel Image,2,full,Nonoccluded,0,1066.0,-5.070907228492023,0.018918510526418686,-5.070907228492023,0.04074306997724555,0.0043038766965013105,44,1005.0,1125.0,1050.0,1080.0,training_familiar,42
un_un,un -> un,0,expert,Expert,1,novel,Novel Image,2,full,Nonoccluded,0,1067.0,-5.290691803954978,0.017972584813833237,-5.290691803954978,0.04074306997724555,0.0043038766965013105,44,1005.0,1125.0,1050.0,1080.0,training_familiar,42
un_un,un -> un,0,expert,Expert,1,novel,Novel Image,2,full,Nonoccluded,0,1068.0,-5.499487150644787,0.01707395538687706,-5.499487150644787,0.04074306997724555,0.0043038766965013105,44,1005.0,1125.0,1050.0,1080.0,training_familiar,42
un_un,un -> un,0,expert,Expert,1,novel,Novel Image,2,full,Nonoccluded,0,1069.0,-5.697842903113349,0.016220256686210632,-5.697842903113349,0.04074306997724555,0.0043038766965013105,44,1005.0,1125.0,1050.0,1080.0,training_familiar,42
un_un,un -> un,0,expert,Expert,1,novel,Novel Image,2,full,Nonoccluded,0,1070.0,-5.886280781401861,0.015409243293106556,-5.886280781401861,0.04074306997724555,0.0043038766965013105,44,1005.0,1125.0,1050.0,1080.0,training_familiar,42
un_un,un -> un,0,expert,Expert,1,novel,Novel Image,2,full,Nonoccluded,0,1071.0,-6.065296754956369,0.014638780616223812,-6.065296754956369,0.04074306997724555,0.0043038766965013105,44,1005.0,1125.0,1050.0,1080.0,training_familiar,42
un_un,un -> un,0,expert,Expert,1,novel,Novel Image,2,full,Nonoccluded,0,1072.0,-6.235361908193997,0.013906841166317463,-6.235361908193997,0.04074306997724555,0.0043038766965013105,44,1005.0,1125.0,1050.0,1080.0,training_familiar,42
un_un,un -> un,0,expert,Expert,1,novel,Novel Image,2,full,Nonoccluded,0,1073.0,-6.3969237388522755,0.013211498968303204,-6.3969237388522755,0.04074306997724555,0.0043038766965013105,44,1005.0,1125.0,1050.0,1080.0,training_familiar,42
un_un,un -> un,0,expert,Expert,1,novel,Novel Image,2,full,Nonoccluded,0,1074.0,-6.550407456338486,0.012550923973321915,-6.550407456338486,0.04074306997724555,0.0043038766965013105,44,1005.0,1125.0,1050.0,1080.0,training_familiar,42
un_un,un -> un,0,expert,Expert,1,novel,Novel Image,2,full,Nonoccluded,0,1075.0,-6.696217063687429,0.011923377402126789,-6.696217063687429,0.04074306997724555,0.0043038766965013105,44,1005.0,1125.0,1050.0,1080.0,training_familiar,42
un_un,un -> un,0,expert,Expert,1,novel,Novel Image,2,full,Nonoccluded,0,1076.0,-6.83473622312766,0.011327208019793034,-6.83473622312766,0.04074306997724555,0.0043038766965013105,44,1005.0,1125.0,1050.0,1080.0,training_familiar,42
un_un,un -> un,0,expert,Expert,1,novel,Novel Image,2,full,Nonoccluded,0,1077.0,-6.966329338039255,0.010760847479104996,-6.966329338039255,0.04074306997724555,0.0043038766965013105,44,1005.0,1125.0,1050.0,1080.0,training_familiar,42
un_un,un -> un,0,expert,Expert,1,novel,Novel Image,2,full,Nonoccluded,0,1078.0,-7.091342851303161,0.010222804732620716,-7.091342851303161,0.04074306997724555,0.0043038766965013105,44,1005.0,1125.0,1050.0,1080.0,training_familiar,42
un_un,un -> un,0,expert,Expert,1,novel,Novel Image,2,full,Nonoccluded,0,1079.0,-7.210105678084293,0.00971166417002678,-7.210105678084293,0.04074306997724555,0.0043038766965013105,44,1005.0,1125.0,1050.0,1080.0,training_familiar,42
un_un,un -> un,0,expert,Expert,1,novel,Novel Image,2,full,Nonoccluded,0,1080.0,-7.322930287789324,0.00922608096152544,-7.322930287789324,0.04074306997724555,0.0043038766965013105,44,1005.0,1125.0,1050.0,1080.0,training_familiar,42
un_un,un -> un,0,expert,Expert,1,novel,Novel Image,2,full,Nonoccluded,0,1081.0,-7.430113786024459,0.008764776401221752,-7.430113786024459,0.04074306997724555,0.0043038766965013105,44,1005.0,1125.0,1050.0,1080.0,training_familiar,42
un_un,un -> un,0,expert,Expert,1,novel,Novel Image,2,full,Nonoccluded,0,1082.0,-6.292703722974738,0.013660049065947533,-6.292703722974738,0.04074306997724555,0.0043038766965013105,44,1005.0,1125.0,1050.0,1080.0,training_familiar,42
un_un,un -> un,0,expert,Expert,1,novel,Novel Image,2,full,Nonoccluded,0,1083.0,-6.451398365517781,0.012977046892046928,-6.451398365517781,0.04074306997724555,0.0043038766965013105,44,1005.0,1125.0,1050.0,1080.0,training_familiar,42
un_un,un -> un,0,expert,Expert,1,novel,Novel Image,2,full,Nonoccluded,0,1084.0,-5.661787742074796,0.016375433653593063,-5.661787742074796,0.04074306997724555,0.0043038766965013105,44,1005.0,1125.0,1050.0,1080.0,training_familiar,42
un_un,un -> un,0,expert,Expert,1,novel,Novel Image,2,full,Nonoccluded,0,1085.0,-5.852028378415235,0.015556661412119865,-5.852028378415235,0.04074306997724555,0.0043038766965013105,44,1005.0,1125.0,1050.0,1080.0,training_familiar,42
un_un,un -> un,0,expert,Expert,1,novel,Novel Image,2,full,Nonoccluded,0,1086.0,-6.032756874742875,0.014778828248381615,-6.032756874742875,0.04074306997724555,0.0043038766965013105,44,1005.0,1125.0,1050.0,1080.0,training_familiar,42
un_un,un -> un,0,expert,Expert,1,novel,Novel Image,2,full,Nonoccluded,0,1087.0,-5.945520999302223,0.015154280699789524,-5.945520999302223,0.04074306997724555,0.0043038766965013105,44,1005.0,1125.0,1050.0,1080.0,training_familiar,42
un_un,un -> un,0,expert,Expert,1,novel,Novel Image,2,full,Nonoccluded,0,1088.0,-6.121574788848469,0.014396566897630692,-6.121574788848469,0.04074306997724555,0.0043038766965013105,44,1005.0,1125.0,1050.0,1080.0,training_familiar,42
un_un,un -> un,0,expert,Expert,1,novel,Novel Image,2,full,Nonoccluded,0,1089.0,-5.110835798380594,0.018746662884950638,-5.110835798380594,0.04074306997724555,0.0043038766965013105,44,1005.0,1125.0,1050.0,1080.0,training_familiar,42
un_un,un -> un,0,expert,Expert,1,novel,Novel Image,2,full,Nonoccluded,0,1090.0,-5.328623945349122,0.01780932955443859,-5.328623945349122,0.04074306997724555,0.0043038766965013105,44,1005.0,1125.0,1050.0,1080.0,training_familiar,42
un_un,un -> un,0,expert,Expert,1,novel,Novel Image,2,full,Nonoccluded,0,1091.0,-5.1150311978657435,0.018728606402873993,-5.1150311978657435,0.04074306997724555,0.0043038766965013105,44,1005.0,1125.0,1050.0,1080.0,training_familiar,42
un_un,un -> un,0,expert,Expert,1,novel,Novel Image,2,full,Nonoccluded,0,1092.0,-2.8950914325990564,0.028282953426241875,-2.8950914325990564,0.04074306997724555,0.0043038766965013105,44,1005.0,1125.0,1050.0,1080.0,training_familiar,42
un_un,un -> un,0,expert,Expert,1,novel,Novel Image,2,full,Nonoccluded,0,1093.0,-3.2236668627741274,0.026868805289268494,-3.2236668627741274,0.04074306997724555,0.0043038766965013105,44,1005.0,1125.0,1050.0,1080.0,training_familiar,42
un_un,un -> un,0,expert,Expert,1,novel,Novel Image,2,full,Nonoccluded,0,1094.0,-2.543836869019793,0.029794709756970406,-2.543836869019793,0.04074306997724555,0.0043038766965013105,44,1005.0,1125.0,1050.0,1080.0,training_familiar,42
un_un,un -> un,0,expert,Expert,1,novel,Novel Image,2,full,Nonoccluded,0,1095.0,-1.4143080028263024,0.034656062722206116,-1.4143080028263024,0.04074306997724555,0.0043038766965013105,44,1005.0,1125.0,1050.0,1080.0,training_familiar,42
un_un,un -> un,0,expert,Expert,1,novel,Novel Image,2,full,Nonoccluded,0,1096.0,-1.0180578446862862,0.03636147454380989,-1.0180578446862862,0.04074306997724555,0.0043038766965013105,44,1005.0,1125.0,1050.0,1080.0,training_familiar,42
un_un,un -> un,0,expert,Expert,1,novel,Novel Image,2,full,Nonoccluded,0,1097.0,-1.4404853221226406,0.03454339876770973,-1.4404853221226406,0.04074306997724555,0.0043038766965013105,44,1005.0,1125.0,1050.0,1080.0,training_familiar,42
un_un,un -> un,0,expert,Expert,1,novel,Novel Image,2,full,Nonoccluded,0,1098.0,-1.8417912525739324,0.03281622752547264,-1.8417912525739324,0.04074306997724555,0.0043038766965013105,44,1005.0,1125.0,1050.0,1080.0,training_familiar,42
un_un,un -> un,0,expert,Expert,1,novel,Novel Image,2,full,Nonoccluded,0,1099.0,-2.223031626832793,0.031175415962934494,-2.223031626832793,0.04074306997724555,0.0043038766965013105,44,1005.0,1125.0,1050.0,1080.0,training_familiar,42
un_un,un -> un,0,expert,Expert,1,novel,Novel Image,2,full,Nonoccluded,0,1100.0,-1.9292402736971126,0.032439857721328735,-1.9292402736971126,0.04074306997724555,0.0043038766965013105,44,1005.0,1125.0,1050.0,1080.0,training_familiar,42
un_un,un -> un,0,expert,Expert,1,novel,Novel Image,2,full,Nonoccluded,0,1101.0,-2.2138834574169612,0.031214788556098938,-2.2138834574169612,0.04074306997724555,0.0043038766965013105,44,1005.0,1125.0,1050.0,1080.0,training_familiar,42
un_un,un -> un,0,expert,Expert,1,novel,Novel Image,2,full,Nonoccluded,0,1102.0,-2.5765193512686033,0.02965404838323593,-2.5765193512686033,0.04074306997724555,0.0043038766965013105,44,1005.0,1125.0,1050.0,1080.0,training_familiar,42
un_un,un -> un,0,expert,Expert,1,novel,Novel Image,2,full,Nonoccluded,0,1103.0,-2.9210233638710412,0.028171345591545105,-2.9210233638710412,0.04074306997724555,0.0043038766965013105,44,1005.0,1125.0,1050.0,1080.0,training_familiar,42
un_un,un -> un,0,expert,Expert,1,novel,Novel Image,2,full,Nonoccluded,0,1104.0,-2.6064315888192056,0.029525309801101685,-2.6064315888192056,0.04074306997724555,0.0043038766965013105,44,1005.0,1125.0,1050.0,1080.0,training_familiar,42
un_un,un -> un,0,expert,Expert,1,novel,Novel Image,2,full,Nonoccluded,0,1105.0,-2.949439902987491,0.0280490443110466,-2.949439902987491,0.04074306997724555,0.0043038766965013105,44,1005.0,1125.0,1050.0,1080.0,training_familiar,42
un_un,un -> un,0,expert,Expert,1,novel,Novel Image,2,full,Nonoccluded,0,1106.0,-2.234147228274567,0.031127575784921646,-2.234147228274567,0.04074306997724555,0.0043038766965013105,44,1005.0,1125.0,1050.0,1080.0,training_familiar,42
un_un,un -> un,0,expert,Expert,1,novel,Novel Image,2,full,Nonoccluded,0,1107.0,-2.5957699768616402,0.02957119606435299,-2.5957699768616402,0.04074306997724555,0.0043038766965013105,44,1005.0,1125.0,1050.0,1080.0,training_familiar,42
un_un,un -> un,0,expert,Expert,1,novel,Novel Image,2,full,Nonoccluded,0,1108.0,-2.717464692833214,0.029047437012195587,-2.717464692833214,0.04074306997724555,0.0043038766965013105,44,1005.0,1125.0,1050.0,1080.0,training_familiar,42
un_un,un -> un,0,expert,Expert,1,novel,Novel Image,2,full,Nonoccluded,0,1109.0,-3.0549212652441766,0.027595065534114838,-3.0549212652441766,0.04074306997724555,0.0043038766965013105,44,1005.0,1125.0,1050.0,1080.0,training_familiar,42
un_un,un -> un,0,expert,Expert,1,novel,Novel Image,2,full,Nonoccluded,0,1110.0,-3.120816389053672,0.02731146104633808,-3.120816389053672,0.04074306997724555,0.0043038766965013105,44,1005.0,1125.0,1050.0,1080.0,training_familiar,42
un_un,un -> un,0,expert,Expert,1,novel,Novel Image,2,full,Nonoccluded,0,1111.0,-3.4149349262218234,0.02604561112821102,-3.4149349262218234,0.04074306997724555,0.0043038766965013105,44,1005.0,1125.0,1050.0,1080.0,training_familiar,42
un_un,un -> un,0,expert,Expert,1,novel,Novel Image,2,full,Nonoccluded,0,1112.0,-3.717518268272378,0.024743329733610153,-3.717518268272378,0.04074306997724555,0.0043038766965013105,44,1005.0,1125.0,1050.0,1080.0,training_familiar,42
un_un,un -> un,0,expert,Expert,1,novel,Novel Image,2,full,Nonoccluded,0,1113.0,-4.004972378302939,0.0235061626881361,-4.004972378302939,0.04074306997724555,0.0043038766965013105,44,1005.0,1125.0,1050.0,1080.0,training_familiar,42
un_un,un -> un,0,expert,Expert,1,novel,Novel Image,2,full,Nonoccluded,0,1114.0,-4.278053761192815,0.02233085408806801,-4.278053761192815,0.04074306997724555,0.0043038766965013105,44,1005.0,1125.0,1050.0,1080.0,training_familiar,42
un_un,un -> un,0,expert,Expert,1,novel,Novel Image,2,full,Nonoccluded,0,1115.0,-4.537480836907487,0.021214311942458153,-4.537480836907487,0.04074306997724555,0.0043038766965013105,44,1005.0,1125.0,1050.0,1080.0,training_familiar,42
un_un,un -> un,0,expert,Expert,1,novel,Novel Image,2,full,Nonoccluded,0,1116.0,-4.686401072872018,0.02057337760925293,-4.686401072872018,0.04074306997724555,0.0043038766965013105,44,1005.0,1125.0,1050.0,1080.0,training_familiar,42
un_un,un -> un,0,expert,Expert,1,novel,Novel Image,2,full,Nonoccluded,0,1117.0,-4.92541117250753,0.019544707611203194,-4.92541117250753,0.04074306997724555,0.0043038766965013105,44,1005.0,1125.0,1050.0,1080.0,training_familiar,42
un_un,un -> un,0,expert,Expert,1,novel,Novel Image,2,full,Nonoccluded,0,1118.0,-3.6437425967813195,0.025060851126909256,-3.6437425967813195,0.04074306997724555,0.0043038766965013105,44,1005.0,1125.0,1050.0,1080.0,training_familiar,42
un_un,un -> un,0,expert,Expert,1,novel,Novel Image,2,full,Nonoccluded,0,1119.0,-2.3007092708592443,0.030841100960969925,-2.3007092708592443,0.04074306997724555,0.0043038766965013105,44,1005.0,1125.0,1050.0,1080.0,training_familiar,42
un_un,un -> un,0,expert,Expert,1,novel,Novel Image,2,full,Nonoccluded,0,1120.0,-2.4356809071325913,0.030260199680924416,-2.4356809071325913,0.04074306997724555,0.0043038766965013105,44,1005.0,1125.0,1050.0,1080.0,training_familiar,42
un_un,un -> un,0,expert,Expert,1,novel,Novel Image,2,full,Nonoccluded,0,1121.0,-2.787226733746052,0.028747189790010452,-2.787226733746052,0.04074306997724555,0.0043038766965013105,44,1005.0,1125.0,1050.0,1080.0,training_familiar,42
un_un,un -> un,0,expert,Expert,1,novel,Novel Image,2,full,Nonoccluded,0,1122.0,-3.121195507059551,0.027309829369187355,-3.121195507059551,0.04074306997724555,0.0043038766965013105,44,1005.0,1125.0,1050.0,1080.0,training_familiar,42
un_un,un -> un,0,expert,Expert,1,novel,Novel Image,2,full,Nonoccluded,0,1123.0,-3.1412463486261837,0.027223533019423485,-3.1412463486261837,0.04074306997724555,0.0043038766965013105,44,1005.0,1125.0,1050.0,1080.0,training_familiar,42
un_un,un -> un,0,expert,Expert,1,novel,Novel Image,2,full,Nonoccluded,0,1124.0,-3.020815359340873,0.027741853147745132,-3.020815359340873,0.04074306997724555,0.0043038766965013105,44,1005.0,1125.0,1050.0,1080.0,training_familiar,42
un_un,un -> un,0,expert,Expert,1,novel,Novel Image,2,occlusion,Occluded,1,1006.0,-0.6063546315070054,0.03863106295466423,-0.6063546315070054,0.04258964312347499,0.0065284900339134715,44,1005.0,1125.0,1050.0,1080.0,training_familiar,42
un_un,un -> un,0,expert,Expert,1,novel,Novel Image,2,occlusion,Occluded,1,1007.0,-0.9022196529511367,0.03669951111078262,-0.9022196529511367,0.04258964312347499,0.0065284900339134715,44,1005.0,1125.0,1050.0,1080.0,training_familiar,42
un_un,un -> un,0,expert,Expert,1,novel,Novel Image,2,occlusion,Occluded,1,1008.0,-1.1832919083504931,0.03486453369259834,-1.1832919083504931,0.04258964312347499,0.0065284900339134715,44,1005.0,1125.0,1050.0,1080.0,training_familiar,42
un_un,un -> un,0,expert,Expert,1,novel,Novel Image,2,occlusion,Occluded,1,1009.0,-1.450310351262704,0.03312130644917488,-1.450310351262704,0.04258964312347499,0.0065284900339134715,44,1005.0,1125.0,1050.0,1080.0,training_familiar,42
un_un,un -> un,0,expert,Expert,1,novel,Novel Image,2,occlusion,Occluded,1,1010.0,-0.2730300855858898,0.04080716893076897,-0.2730300855858898,0.04258964312347499,0.0065284900339134715,44,1005.0,1125.0,1050.0,1080.0,training_familiar,42
un_un,un -> un,0,expert,Expert,1,novel,Novel Image,2,occlusion,Occluded,1,1011.0,-0.5855617908224832,0.038766808807849884,-0.5855617908224832,0.04258964312347499,0.0065284900339134715,44,1005.0,1125.0,1050.0,1080.0,training_familiar,42
un_un,un -> un,0,expert,Expert,1,novel,Novel Image,2,occlusion,Occluded,1,1012.0,-0.882466482831866,0.03682846948504448,-0.882466482831866,0.04258964312347499,0.0065284900339134715,44,1005.0,1125.0,1050.0,1080.0,training_familiar,42
un_un,un -> un,0,expert,Expert,1,novel,Novel Image,2,occlusion,Occluded,1,1013.0,-0.31711051981513155,0.040519390255212784,-0.31711051981513155,0.04258964312347499,0.0065284900339134715,44,1005.0,1125.0,1050.0,1080.0,training_familiar,42
un_un,un -> un,0,expert,Expert,1,novel,Novel Image,2,occlusion,Occluded,1,1014.0,-0.6274379180300089,0.03849342092871666,-0.6274379180300089,0.04258964312347499,0.0065284900339134715,44,1005.0,1125.0,1050.0,1080.0,training_familiar,42
un_un,un -> un,0,expert,Expert,1,novel,Novel Image,2,occlusion,Occluded,1,1015.0,-0.2526891763435626,0.04093996435403824,-0.2526891763435626,0.04258964312347499,0.0065284900339134715,44,1005.0,1125.0,1050.0,1080.0,training_familiar,42
un_un,un -> un,0,expert,Expert,1,novel,Novel Image,2,occlusion,Occluded,1,1016.0,-0.5662377273250946,0.0388929657638073,-0.5662377273250946,0.04258964312347499,0.0065284900339134715,44,1005.0,1125.0,1050.0,1080.0,training_familiar,42
un_un,un -> un,0,expert,Expert,1,novel,Novel Image,2,occlusion,Occluded,1,1017.0,0.13714334784664786,0.04348498210310936,0.13714334784664786,0.04258964312347499,0.0065284900339134715,44,1005.0,1125.0,1050.0,1080.0,training_familiar,42
un_un,un -> un,0,expert,Expert,1,novel,Novel Image,2,occlusion,Occluded,1,1018.0,0.9249026481305224,0.048627860844135284,0.9249026481305224,0.04258964312347499,0.0065284900339134715,44,1005.0,1125.0,1050.0,1080.0,training_familiar,42
un_un,un -> un,0,expert,Expert,1,novel,Novel Image,2,occlusion,Occluded,1,1019.0,0.5524746200493877,0.04619646817445755,0.5524746200493877,0.04258964312347499,0.0065284900339134715,44,1005.0,1125.0,1050.0,1080.0,training_familiar,42
un_un,un -> un,0,expert,Expert,1,novel,Novel Image,2,occlusion,Occluded,1,1020.0,0.19866765100000505,0.04388664290308952,0.19866765100000505,0.04258964312347499,0.0065284900339134715,44,1005.0,1125.0,1050.0,1080.0,training_familiar,42
un_un,un -> un,0,expert,Expert,1,novel,Novel Image,2,occlusion,Occluded,1,1021.0,0.6264572807500204,0.04667946323752403,0.6264572807500204,0.04258964312347499,0.0065284900339134715,44,1005.0,1125.0,1050.0,1080.0,training_familiar,42
un_un,un -> un,0,expert,Expert,1,novel,Novel Image,2,occlusion,Occluded,1,1022.0,0.26895154956893624,0.044345490634441376,0.26895154956893624,0.04258964312347499,0.0065284900339134715,44,1005.0,1125.0,1050.0,1080.0,training_familiar,42
un_un,un -> un,0,expert,Expert,1,novel,Novel Image,2,occlusion,Occluded,1,1023.0,0.13360949504170685,0.043461911380290985,0.13360949504170685,0.04258964312347499,0.0065284900339134715,44,1005.0,1125.0,1050.0,1080.0,training_familiar,42
un_un,un -> un,0,expert,Expert,1,novel,Novel Image,2,occlusion,Occluded,1,1024.0,0.7707432411168502,0.047621432691812515,0.7707432411168502,0.04258964312347499,0.0065284900339134715,44,1005.0,1125.0,1050.0,1080.0,training_familiar,42
un_un,un -> un,0,expert,Expert,1,novel,Novel Image,2,occlusion,Occluded,1,1025.0,1.8048999004012678,0.054372914135456085,1.8048999004012678,0.04258964312347499,0.0065284900339134715,44,1005.0,1125.0,1050.0,1080.0,training_familiar,42
un_un,un -> un,0,expert,Expert,1,novel,Novel Image,2,occlusion,Occluded,1,1026.0,1.3884718955824944,0.05165426805615425,1.3884718955824944,0.04258964312347499,0.0065284900339134715,44,1005.0,1125.0,1050.0,1080.0,training_familiar,42
un_un,un -> un,0,expert,Expert,1,novel,Novel Image,2,occlusion,Occluded,1,1027.0,1.4798470693615386,0.05225080996751785,1.4798470693615386,0.04258964312347499,0.0065284900339134715,44,1005.0,1125.0,1050.0,1080.0,training_familiar,42
un_un,un -> un,0,expert,Expert,1,novel,Novel Image,2,occlusion,Occluded,1,1028.0,1.0796714778465484,0.04963826760649681,1.0796714778465484,0.04258964312347499,0.0065284900339134715,44,1005.0,1125.0,1050.0,1080.0,training_familiar,42
un_un,un -> un,0,expert,Expert,1,novel,Novel Image,2,occlusion,Occluded,1,1029.0,0.7975304502360415,0.04779631271958351,0.7975304502360415,0.04258964312347499,0.0065284900339134715,44,1005.0,1125.0,1050.0,1080.0,training_familiar,42
un_un,un -> un,0,expert,Expert,1,novel,Novel Image,2,occlusion,Occluded,1,1030.0,0.431471117642707,0.04540649801492691,0.431471117642707,0.04258964312347499,0.0065284900339134715,44,1005.0,1125.0,1050.0,1080.0,training_familiar,42
un_un,un -> un,0,expert,Expert,1,novel,Novel Image,2,occlusion,Occluded,1,1031.0,0.08371443783775996,0.043136171996593475,0.08371443783775996,0.04258964312347499,0.0065284900339134715,44,1005.0,1125.0,1050.0,1080.0,training_familiar,42
un_un,un -> un,0,expert,Expert,1,novel,Novel Image,2,occlusion,Occluded,1,1032.0,-0.24665429385283819,0.04097936302423477,-0.24665429385283819,0.04258964312347499,0.0065284900339134715,44,1005.0,1125.0,1050.0,1080.0,training_familiar,42
un_un,un -> un,0,expert,Expert,1,novel,Novel Image,2,occlusion,Occluded,1,1033.0,-0.5605047030830079,0.038930393755435944,-0.5605047030830079,0.04258964312347499,0.0065284900339134715,44,1005.0,1125.0,1050.0,1080.0,training_familiar,42
un_un,un -> un,0,expert,Expert,1,novel,Novel Image,2,occlusion,Occluded,1,1034.0,-0.8586624777275678,0.03698387369513512,-0.8586624777275678,0.04258964312347499,0.0065284900339134715,44,1005.0,1125.0,1050.0,1080.0,training_familiar,42
un_un,un -> un,0,expert,Expert,1,novel,Novel Image,2,occlusion,Occluded,1,1035.0,-1.1419122209847725,0.035134680569171906,-1.1419122209847725,0.04258964312347499,0.0065284900339134715,44,1005.0,1125.0,1050.0,1080.0,training_familiar,42
un_un,un -> un,0,expert,Expert,1,novel,Novel Image,2,occlusion,Occluded,1,1036.0,-1.4109997338583455,0.03337794542312622,-1.4109997338583455,0.04258964312347499,0.0065284900339134715,44,1005.0,1125.0,1050.0,1080.0,training_familiar,42
un_un,un -> un,0,expert,Expert,1,novel,Novel Image,2,occlusion,Occluded,1,1037.0,-1.514514288320793,0.03270215168595314,-1.514514288320793,0.04258964312347499,0.0065284900339134715,44,1005.0,1125.0,1050.0,1080.0,training_familiar,42
un_un,un -> un,0,expert,Expert,1,novel,Novel Image,2,occlusion,Occluded,1,1038.0,-1.46615077655984,0.03301789239048958,-1.46615077655984,0.04258964312347499,0.0065284900339134715,44,1005.0,1125.0,1050.0,1080.0,training_familiar,42
un_un,un -> un,0,expert,Expert,1,novel,Novel Image,2,occlusion,Occluded,1,1039.0,-1.5910761537167806,0.03220231831073761,-1.5910761537167806,0.04258964312347499,0.0065284900339134715,44,1005.0,1125.0,1050.0,1080.0,training_familiar,42
un_un,un -> un,0,expert,Expert,1,novel,Novel Image,2,occlusion,Occluded,1,1040.0,-0.8657638499474113,0.03693751245737076,-0.8657638499474113,0.04258964312347499,0.0065284900339134715,44,1005.0,1125.0,1050.0,1080.0,training_familiar,42
un_un,un -> un,0,expert,Expert,1,novel,Novel Image,2,occlusion,Occluded,1,1041.0,-0.6705557154625551,0.03821192681789398,-0.6705557154625551,0.04258964312347499,0.0065284900339134715,44,1005.0,1125.0,1050.0,1080.0,training_familiar,42
un_un,un -> un,0,expert,Expert,1,novel,Novel Image,2,occlusion,Occluded,1,1042.0,0.4301723853669044,0.04539801925420761,0.4301723853669044,0.04258964312347499,0.0065284900339134715,44,1005.0,1125.0,1050.0,1080.0,training_familiar,42
un_un,un -> un,0,expert,Expert,1,novel,Novel Image,2,occlusion,Occluded,1,1043.0,0.08248075629984902,0.0431281179189682,0.08248075629984902,0.04258964312347499,0.0065284900339134715,44,1005.0,1125.0,1050.0,1080.0,training_familiar,42
un_un,un -> un,0,expert,Expert,1,novel,Novel Image,2,occlusion,Occluded,1,1044.0,-0.24782634837590437,0.04097171127796173,-0.24782634837590437,0.04258964312347499,0.0065284900339134715,44,1005.0,1125.0,1050.0,1080.0,training_familiar,42
un_un,un -> un,0,expert,Expert,1,novel,Novel Image,2,occlusion,Occluded,1,1045.0,0.288300720368669,0.04447181150317192,0.288300720368669,0.04258964312347499,0.0065284900339134715,44,1005.0,1125.0,1050.0,1080.0,training_familiar,42
un_un,un -> un,0,expert,Expert,1,novel,Novel Image,2,occlusion,Occluded,1,1046.0,0.7044690928563836,0.047188762575387955,0.7044690928563836,0.04258964312347499,0.0065284900339134715,44,1005.0,1125.0,1050.0,1080.0,training_familiar,42
un_un,un -> un,0,expert,Expert,1,novel,Novel Image,2,occlusion,Occluded,1,1047.0,2.077359780476068,0.05615166574716568,2.077359780476068,0.04258964312347499,0.0065284900339134715,44,1005.0,1125.0,1050.0,1080.0,training_familiar,42
un_un,un -> un,0,expert,Expert,1,novel,Novel Image,2,occlusion,Occluded,1,1048.0,1.9367685878973853,0.05523381754755974,1.9367685878973853,0.04258964312347499,0.0065284900339134715,44,1005.0,1125.0,1050.0,1080.0,training_familiar,42
un_un,un -> un,0,expert,Expert,1,novel,Novel Image,2,occlusion,Occluded,1,1049.0,2.0232233010374814,0.0557982362806797,2.0232233010374814,0.04258964312347499,0.0065284900339134715,44,1005.0,1125.0,1050.0,1080.0,training_familiar,42
un_un,un -> un,0,expert,Expert,1,novel,Novel Image,2,occlusion,Occluded,1,1050.0,1.5958793259040749,0.05300832539796829,1.5958793259040749,0.04258964312347499,0.0065284900339134715,44,1005.0,1125.0,1050.0,1080.0,training_familiar,42
un_un,un -> un,0,expert,Expert,1,novel,Novel Image,2,occlusion,Occluded,1,1051.0,1.3476012017097507,0.051387444138526917,1.3476012017097507,0.04258964312347499,0.0065284900339134715,44,1005.0,1125.0,1050.0,1080.0,training_familiar,42
un_un,un -> un,0,expert,Expert,1,novel,Novel Image,2,occlusion,Occluded,1,1052.0,0.9540379606394007,0.04881807044148445,0.9540379606394007,0.04258964312347499,0.0065284900339134715,44,1005.0,1125.0,1050.0,1080.0,training_familiar,42
un_un,un -> un,0,expert,Expert,1,novel,Novel Image,2,occlusion,Occluded,1,1053.0,0.5801531384017967,0.046377167105674744,0.5801531384017967,0.04258964312347499,0.0065284900339134715,44,1005.0,1125.0,1050.0,1080.0,training_familiar,42
un_un,un -> un,0,expert,Expert,1,novel,Novel Image,2,occlusion,Occluded,1,1054.0,0.224962414620946,0.04405830800533295,0.224962414620946,0.04258964312347499,0.0065284900339134715,44,1005.0,1125.0,1050.0,1080.0,training_familiar,42
un_un,un -> un,0,expert,Expert,1,novel,Novel Image,2,occlusion,Occluded,1,1055.0,-0.11246888709496379,0.04185539111495018,-0.11246888709496379,0.04258964312347499,0.0065284900339134715,44,1005.0,1125.0,1050.0,1080.0,training_familiar,42
un_un,un -> un,0,expert,Expert,1,novel,Novel Image,2,occlusion,Occluded,1,1056.0,-0.4330286522561035,0.03976261988282204,-0.4330286522561035,0.04258964312347499,0.0065284900339134715,44,1005.0,1125.0,1050.0,1080.0,training_familiar,42
un_un,un -> un,0,expert,Expert,1,novel,Novel Image,2,occlusion,Occluded,1,1057.0,-0.7375602579730338,0.03777448832988739,-0.7375602579730338,0.04258964312347499,0.0065284900339134715,44,1005.0,1125.0,1050.0,1080.0,training_familiar,42
un_un,un -> un,0,expert,Expert,1,novel,Novel Image,2,occlusion,Occluded,1,1058.0,-1.0268654260592447,0.0358857624232769,-1.0268654260592447,0.04258964312347499,0.0065284900339134715,44,1005.0,1125.0,1050.0,1080.0,training_familiar,42
un_un,un -> un,0,expert,Expert,1,novel,Novel Image,2,occlusion,Occluded,1,1059.0,-1.3017053642721703,0.03409147262573242,-1.3017053642721703,0.04258964312347499,0.0065284900339134715,44,1005.0,1125.0,1050.0,1080.0,training_familiar,42
un_un,un -> un,0,expert,Expert,1,novel,Novel Image,2,occlusion,Occluded,1,1060.0,-1.5628030487952211,0.0323868989944458,-1.5628030487952211,0.04258964312347499,0.0065284900339134715,44,1005.0,1125.0,1050.0,1080.0,training_familiar,42
un_un,un -> un,0,expert,Expert,1,novel,Novel Image,2,occlusion,Occluded,1,1061.0,-1.8108457920300687,0.03076755441725254,-1.8108457920300687,0.04258964312347499,0.0065284900339134715,44,1005.0,1125.0,1050.0,1080.0,training_familiar,42
un_un,un -> un,0,expert,Expert,1,novel,Novel Image,2,occlusion,Occluded,1,1062.0,-1.29937380887721,0.03410669416189194,-1.29937380887721,0.04258964312347499,0.0065284900339134715,44,1005.0,1125.0,1050.0,1080.0,training_familiar,42
un_un,un -> un,0,expert,Expert,1,novel,Novel Image,2,occlusion,Occluded,1,1063.0,-1.5605878999838565,0.03240136057138443,-1.5605878999838565,0.04258964312347499,0.0065284900339134715,44,1005.0,1125.0,1050.0,1080.0,training_familiar,42
un_un,un -> un,0,expert,Expert,1,novel,Novel Image,2,occlusion,Occluded,1,1064.0,-1.3423506630443243,0.03382612019777298,-1.3423506630443243,0.04258964312347499,0.0065284900339134715,44,1005.0,1125.0,1050.0,1080.0,training_familiar,42
un_un,un -> un,0,expert,Expert,1,novel,Novel Image,2,occlusion,Occluded,1,1065.0,-1.5584988583047206,0.0324149988591671,-1.5584988583047206,0.04258964312347499,0.0065284900339134715,44,1005.0,1125.0,1050.0,1080.0,training_familiar,42
un_un,un -> un,0,expert,Expert,1,novel,Novel Image,2,occlusion,Occluded,1,1066.0,-0.5609617701097733,0.038927409797906876,-0.5609617701097733,0.04258964312347499,0.0065284900339134715,44,1005.0,1125.0,1050.0,1080.0,training_familiar,42
un_un,un -> un,0,expert,Expert,1,novel,Novel Image,2,occlusion,Occluded,1,1067.0,0.33687650295853167,0.04478893801569939,0.33687650295853167,0.04258964312347499,0.0065284900339134715,44,1005.0,1125.0,1050.0,1080.0,training_familiar,42
un_un,un -> un,0,expert,Expert,1,novel,Novel Image,2,occlusion,Occluded,1,1068.0,-0.006150303457079678,0.0425494909286499,-0.006150303457079678,0.04258964312347499,0.0065284900339134715,44,1005.0,1125.0,1050.0,1080.0,training_familiar,42
un_un,un -> un,0,expert,Expert,1,novel,Novel Image,2,occlusion,Occluded,1,1069.0,0.3535175088281417,0.04489757865667343,0.3535175088281417,0.04258964312347499,0.0065284900339134715,44,1005.0,1125.0,1050.0,1080.0,training_familiar,42
un_un,un -> un,0,expert,Expert,1,novel,Novel Image,2,occlusion,Occluded,1,1070.0,0.42464478450763365,0.04536193236708641,0.42464478450763365,0.04258964312347499,0.0065284900339134715,44,1005.0,1125.0,1050.0,1080.0,training_familiar,42
un_un,un -> un,0,expert,Expert,1,novel,Novel Image,2,occlusion,Occluded,1,1071.0,0.9665824818833574,0.04889996722340584,0.9665824818833574,0.04258964312347499,0.0065284900339134715,44,1005.0,1125.0,1050.0,1080.0,training_familiar,42
un_un,un -> un,0,expert,Expert,1,novel,Novel Image,2,occlusion,Occluded,1,1072.0,0.5920705477076571,0.04645496979355812,0.5920705477076571,0.04258964312347499,0.0065284900339134715,44,1005.0,1125.0,1050.0,1080.0,training_familiar,42
un_un,un -> un,0,expert,Expert,1,novel,Novel Image,2,occlusion,Occluded,1,1073.0,0.2362840961166403,0.04413222149014473,0.2362840961166403,0.04258964312347499,0.0065284900339134715,44,1005.0,1125.0,1050.0,1080.0,training_familiar,42
un_un,un -> un,0,expert,Expert,1,novel,Novel Image,2,occlusion,Occluded,1,1074.0,-0.10171326114302881,0.04192560911178589,-0.10171326114302881,0.04258964312347499,0.0065284900339134715,44,1005.0,1125.0,1050.0,1080.0,training_familiar,42
un_un,un -> un,0,expert,Expert,1,novel,Novel Image,2,occlusion,Occluded,1,1075.0,-0.4228105508225367,0.039829328656196594,-0.4228105508225367,0.04258964312347499,0.0065284900339134715,44,1005.0,1125.0,1050.0,1080.0,training_familiar,42
un_un,un -> un,0,expert,Expert,1,novel,Novel Image,2,occlusion,Occluded,1,1076.0,-0.7278528618939677,0.037837862968444824,-0.7278528618939677,0.04258964312347499,0.0065284900339134715,44,1005.0,1125.0,1050.0,1080.0,training_familiar,42
un_un,un -> un,0,expert,Expert,1,novel,Novel Image,2,occlusion,Occluded,1,1077.0,-1.0176430574118271,0.03594597056508064,-1.0176430574118271,0.04258964312347499,0.0065284900339134715,44,1005.0,1125.0,1050.0,1080.0,training_familiar,42
un_un,un -> un,0,expert,Expert,1,novel,Novel Image,2,occlusion,Occluded,1,1078.0,-1.2929440569950728,0.034148670732975006,-1.2929440569950728,0.04258964312347499,0.0065284900339134715,44,1005.0,1125.0,1050.0,1080.0,training_familiar,42
un_un,un -> un,0,expert,Expert,1,novel,Novel Image,2,occlusion,Occluded,1,1079.0,-1.5544799780681309,0.032441236078739166,-1.5544799780681309,0.04258964312347499,0.0065284900339134715,44,1005.0,1125.0,1050.0,1080.0,training_familiar,42
un_un,un -> un,0,expert,Expert,1,novel,Novel Image,2,occlusion,Occluded,1,1080.0,-0.7442114106122059,0.03773106634616852,-0.7442114106122059,0.04258964312347499,0.0065284900339134715,44,1005.0,1125.0,1050.0,1080.0,training_familiar,42
un_un,un -> un,0,expert,Expert,1,novel,Novel Image,2,occlusion,Occluded,1,1081.0,0.18657734368027465,0.04380771145224571,0.18657734368027465,0.04258964312347499,0.0065284900339134715,44,1005.0,1125.0,1050.0,1080.0,training_familiar,42
un_un,un -> un,0,expert,Expert,1,novel,Novel Image,2,occlusion,Occluded,1,1082.0,-0.08370390729566184,0.042043182998895645,-0.08370390729566184,0.04258964312347499,0.0065284900339134715,44,1005.0,1125.0,1050.0,1080.0,training_familiar,42
un_un,un -> un,0,expert,Expert,1,novel,Novel Image,2,occlusion,Occluded,1,1083.0,-0.4057016361365127,0.03994102403521538,-0.4057016361365127,0.04258964312347499,0.0065284900339134715,44,1005.0,1125.0,1050.0,1080.0,training_familiar,42
un_un,un -> un,0,expert,Expert,1,novel,Novel Image,2,occlusion,Occluded,1,1084.0,-0.7115993073491687,0.03794397413730621,-0.7115993073491687,0.04258964312347499,0.0065284900339134715,44,1005.0,1125.0,1050.0,1080.0,training_familiar,42
un_un,un -> un,0,expert,Expert,1,novel,Novel Image,2,occlusion,Occluded,1,1085.0,-0.8844784907424461,0.0368153341114521,-0.8844784907424461,0.04258964312347499,0.0065284900339134715,44,1005.0,1125.0,1050.0,1080.0,training_familiar,42
un_un,un -> un,0,expert,Expert,1,novel,Novel Image,2,occlusion,Occluded,1,1086.0,-1.1664374904109578,0.03497456759214401,-1.1664374904109578,0.04258964312347499,0.0065284900339134715,44,1005.0,1125.0,1050.0,1080.0,training_familiar,42
un_un,un -> un,0,expert,Expert,1,novel,Novel Image,2,occlusion,Occluded,1,1087.0,0.15515498417604612,0.04360257089138031,0.15515498417604612,0.04258964312347499,0.0065284900339134715,44,1005.0,1125.0,1050.0,1080.0,training_familiar,42
un_un,un -> un,0,expert,Expert,1,novel,Novel Image,2,occlusion,Occluded,1,1088.0,0.5914765317590145,0.04645109176635742,0.5914765317590145,0.04258964312347499,0.0065284900339134715,44,1005.0,1125.0,1050.0,1080.0,training_familiar,42
un_un,un -> un,0,expert,Expert,1,novel,Novel Image,2,occlusion,Occluded,1,1089.0,0.3253916239976003,0.044713959097862244,0.3253916239976003,0.04258964312347499,0.0065284900339134715,44,1005.0,1125.0,1050.0,1080.0,training_familiar,42
un_un,un -> un,0,expert,Expert,1,novel,Novel Image,2,occlusion,Occluded,1,1090.0,-0.017061138187142215,0.04247825965285301,-0.017061138187142215,0.04258964312347499,0.0065284900339134715,44,1005.0,1125.0,1050.0,1080.0,training_familiar,42
un_un,un -> un,0,expert,Expert,1,novel,Novel Image,2,occlusion,Occluded,1,1091.0,0.7462955760797289,0.04746182635426521,0.7462955760797289,0.04258964312347499,0.0065284900339134715,44,1005.0,1125.0,1050.0,1080.0,training_familiar,42
un_un,un -> un,0,expert,Expert,1,novel,Novel Image,2,occlusion,Occluded,1,1092.0,0.9571467011660145,0.04883836582303047,0.9571467011660145,0.04258964312347499,0.0065284900339134715,44,1005.0,1125.0,1050.0,1080.0,training_familiar,42
un_un,un -> un,0,expert,Expert,1,novel,Novel Image,2,occlusion,Occluded,1,1093.0,0.5831060995297751,0.046396445482969284,0.5831060995297751,0.04258964312347499,0.0065284900339134715,44,1005.0,1125.0,1050.0,1080.0,training_familiar,42
un_un,un -> un,0,expert,Expert,1,novel,Novel Image,2,occlusion,Occluded,1,1094.0,0.22776758503739847,0.044076621532440186,0.22776758503739847,0.04258964312347499,0.0065284900339134715,44,1005.0,1125.0,1050.0,1080.0,training_familiar,42
un_un,un -> un,0,expert,Expert,1,novel,Novel Image,2,occlusion,Occluded,1,1095.0,0.6332425292085306,0.04672376066446304,0.6332425292085306,0.04258964312347499,0.0065284900339134715,44,1005.0,1125.0,1050.0,1080.0,training_familiar,42
un_un,un -> un,0,expert,Expert,1,novel,Novel Image,2,occlusion,Occluded,1,1096.0,1.7651738712672151,0.054113563150167465,1.7651738712672151,0.04258964312347499,0.0065284900339134715,44,1005.0,1125.0,1050.0,1080.0,training_familiar,42
un_un,un -> un,0,expert,Expert,1,novel,Novel Image,2,occlusion,Occluded,1,1097.0,1.899149289678211,0.05498822033405304,1.899149289678211,0.04258964312347499,0.0065284900339134715,44,1005.0,1125.0,1050.0,1080.0,training_familiar,42
un_un,un -> un,0,expert,Expert,1,novel,Novel Image,2,occlusion,Occluded,1,1098.0,1.4780085300853363,0.05223880708217621,1.4780085300853363,0.04258964312347499,0.0065284900339134715,44,1005.0,1125.0,1050.0,1080.0,training_familiar,42
un_un,un -> un,0,expert,Expert,1,novel,Novel Image,2,occlusion,Occluded,1,1099.0,2.3922835268814513,0.058207642287015915,2.3922835268814513,0.04258964312347499,0.0065284900339134715,44,1005.0,1125.0,1050.0,1080.0,training_familiar,42
un_un,un -> un,0,expert,Expert,1,novel,Novel Image,2,occlusion,Occluded,1,1100.0,1.9464862551455924,0.055297259241342545,1.9464862551455924,0.04258964312347499,0.0065284900339134715,44,1005.0,1125.0,1050.0,1080.0,training_familiar,42
un_un,un -> un,0,expert,Expert,1,novel,Novel Image,2,occlusion,Occluded,1,1101.0,1.5229791323067803,0.05253239721059799,1.5229791323067803,0.04258964312347499,0.0065284900339134715,44,1005.0,1125.0,1050.0,1080.0,training_familiar,42
un_un,un -> un,0,expert,Expert,1,novel,Novel Image,2,occlusion,Occluded,1,1102.0,1.120647165892731,0.04990577697753906,1.120647165892731,0.04258964312347499,0.0065284900339134715,44,1005.0,1125.0,1050.0,1080.0,training_familiar,42
un_un,un -> un,0,expert,Expert,1,novel,Novel Image,2,occlusion,Occluded,1,1103.0,1.3432388079274524,0.051358964294195175,1.3432388079274524,0.04258964312347499,0.0065284900339134715,44,1005.0,1125.0,1050.0,1080.0,training_familiar,42
un_un,un -> un,0,expert,Expert,1,novel,Novel Image,2,occlusion,Occluded,1,1104.0,0.9498935438910903,0.04879101365804672,0.9498935438910903,0.04258964312347499,0.0065284900339134715,44,1005.0,1125.0,1050.0,1080.0,training_familiar,42
un_un,un -> un,0,expert,Expert,1,novel,Novel Image,2,occlusion,Occluded,1,1105.0,1.494454954361779,0.05234617739915848,1.494454954361779,0.04258964312347499,0.0065284900339134715,44,1005.0,1125.0,1050.0,1080.0,training_familiar,42
un_un,un -> un,0,expert,Expert,1,novel,Novel Image,2,occlusion,Occluded,1,1106.0,1.3032548583238641,0.05109792947769165,1.3032548583238641,0.04258964312347499,0.0065284900339134715,44,1005.0,1125.0,1050.0,1080.0,training_familiar,42
un_un,un -> un,0,expert,Expert,1,novel,Novel Image,2,occlusion,Occluded,1,1107.0,0.9119090485469099,0.04854303225874901,0.9119090485469099,0.04258964312347499,0.0065284900339134715,44,1005.0,1125.0,1050.0,1080.0,training_familiar,42
un_un,un -> un,0,expert,Expert,1,novel,Novel Image,2,occlusion,Occluded,1,1108.0,1.4882905410157792,0.052305933088064194,1.4882905410157792,0.04258964312347499,0.0065284900339134715,44,1005.0,1125.0,1050.0,1080.0,training_familiar,42
un_un,un -> un,0,expert,Expert,1,novel,Novel Image,2,occlusion,Occluded,1,1109.0,1.6350678305197595,0.05326416715979576,1.6350678305197595,0.04258964312347499,0.0065284900339134715,44,1005.0,1125.0,1050.0,1080.0,training_familiar,42
un_un,un -> un,0,expert,Expert,1,novel,Novel Image,2,occlusion,Occluded,1,1110.0,2.0404566109942106,0.05591074377298355,2.0404566109942106,0.04258964312347499,0.0065284900339134715,44,1005.0,1125.0,1050.0,1080.0,training_familiar,42
un_un,un -> un,0,expert,Expert,1,novel,Novel Image,2,occlusion,Occluded,1,1111.0,1.612250998893993,0.05311520770192146,1.612250998893993,0.04258964312347499,0.0065284900339134715,44,1005.0,1125.0,1050.0,1080.0,training_familiar,42
un_un,un -> un,0,expert,Expert,1,novel,Novel Image,2,occlusion,Occluded,1,1112.0,1.2054556388677609,0.050459448248147964,1.2054556388677609,0.04258964312347499,0.0065284900339134715,44,1005.0,1125.0,1050.0,1080.0,training_familiar,42
un_un,un -> un,0,expert,Expert,1,novel,Novel Image,2,occlusion,Occluded,1,1113.0,1.135933518676772,0.05000557377934456,1.135933518676772,0.04258964312347499,0.0065284900339134715,44,1005.0,1125.0,1050.0,1080.0,training_familiar,42
un_un,un -> un,0,expert,Expert,1,novel,Novel Image,2,occlusion,Occluded,1,1114.0,0.9804708144232346,0.0489906370639801,0.9804708144232346,0.04258964312347499,0.0065284900339134715,44,1005.0,1125.0,1050.0,1080.0,training_familiar,42
un_un,un -> un,0,expert,Expert,1,novel,Novel Image,2,occlusion,Occluded,1,1115.0,2.2226488916956493,0.05710018426179886,2.2226488916956493,0.04258964312347499,0.0065284900339134715,44,1005.0,1125.0,1050.0,1080.0,training_familiar,42
un_un,un -> un,0,expert,Expert,1,novel,Novel Image,2,occlusion,Occluded,1,1116.0,1.785333323188055,0.054245173931121826,1.785333323188055,0.04258964312347499,0.0065284900339134715,44,1005.0,1125.0,1050.0,1080.0,training_familiar,42
un_un,un -> un,0,expert,Expert,1,novel,Novel Image,2,occlusion,Occluded,1,1117.0,1.3698833619196882,0.051532912999391556,1.3698833619196882,0.04258964312347499,0.0065284900339134715,44,1005.0,1125.0,1050.0,1080.0,training_familiar,42
un_un,un -> un,0,expert,Expert,1,novel,Novel Image,2,occlusion,Occluded,1,1118.0,0.9752062696180698,0.04895626753568649,0.9752062696180698,0.04258964312347499,0.0065284900339134715,44,1005.0,1125.0,1050.0,1080.0,training_familiar,42
un_un,un -> un,0,expert,Expert,1,novel,Novel Image,2,occlusion,Occluded,1,1119.0,1.3074477778153393,0.05112530291080475,1.3074477778153393,0.04258964312347499,0.0065284900339134715,44,1005.0,1125.0,1050.0,1080.0,training_familiar,42
un_un,un -> un,0,expert,Expert,1,novel,Novel Image,2,occlusion,Occluded,1,1120.0,1.1384665031109933,0.05002211034297943,1.1384665031109933,0.04258964312347499,0.0065284900339134715,44,1005.0,1125.0,1050.0,1080.0,training_familiar,42
un_un,un -> un,0,expert,Expert,1,novel,Novel Image,2,occlusion,Occluded,1,1121.0,0.7553598828464797,0.04752100259065628,0.7553598828464797,0.04258964312347499,0.0065284900339134715,44,1005.0,1125.0,1050.0,1080.0,training_familiar,42
un_un,un -> un,0,expert,Expert,1,novel,Novel Image,2,occlusion,Occluded,1,1122.0,0.6952866676445135,0.047128815203905106,0.6952866676445135,0.04258964312347499,0.0065284900339134715,44,1005.0,1125.0,1050.0,1080.0,training_familiar,42
un_un,un -> un,0,expert,Expert,1,novel,Novel Image,2,occlusion,Occluded,1,1123.0,0.33433952418075547,0.044772375375032425,0.33433952418075547,0.04258964312347499,0.0065284900339134715,44,1005.0,1125.0,1050.0,1080.0,training_familiar,42
un_un,un -> un,0,expert,Expert,1,novel,Novel Image,2,occlusion,Occluded,1,1124.0,-0.00856060448211938,0.0425337553024292,-0.00856060448211938,0.04258964312347499,0.0065284900339134715,44,1005.0,1125.0,1050.0,1080.0,training_familiar,42
un_un,un -> un,0,expert2,Expert2,2,familiar_1,Familiar 1,0,full,Nonoccluded,0,1006.0,-1.8047137231152166,0.027573173865675926,-1.8047137231152166,0.04048038727011193,0.007151945064259914,44,1005.0,1125.0,1050.0,1080.0,training_occluded_only,42
un_un,un -> un,0,expert2,Expert2,2,familiar_1,Familiar 1,0,full,Nonoccluded,0,1007.0,-1.9974807461499142,0.026194514706730843,-1.9974807461499142,0.04048038727011193,0.007151945064259914,44,1005.0,1125.0,1050.0,1080.0,training_occluded_only,42
un_un,un -> un,0,expert2,Expert2,2,familiar_1,Familiar 1,0,full,Nonoccluded,0,1008.0,-1.867070623800739,0.027127200737595558,-1.867070623800739,0.04048038727011193,0.007151945064259914,44,1005.0,1125.0,1050.0,1080.0,training_occluded_only,42
un_un,un -> un,0,expert2,Expert2,2,familiar_1,Familiar 1,0,full,Nonoccluded,0,1009.0,-1.4578621552023565,0.030053837224841118,-1.4578621552023565,0.04048038727011193,0.007151945064259914,44,1005.0,1125.0,1050.0,1080.0,training_occluded_only,42
un_un,un -> un,0,expert2,Expert2,2,familiar_1,Familiar 1,0,full,Nonoccluded,0,1010.0,-1.6679718087204898,0.028551144525408745,-1.6679718087204898,0.04048038727011193,0.007151945064259914,44,1005.0,1125.0,1050.0,1080.0,training_occluded_only,42
un_un,un -> un,0,expert2,Expert2,2,familiar_1,Familiar 1,0,full,Nonoccluded,0,1011.0,-0.4156101707480451,0.03750796616077423,-0.4156101707480451,0.04048038727011193,0.007151945064259914,44,1005.0,1125.0,1050.0,1080.0,training_occluded_only,42
un_un,un -> un,0,expert2,Expert2,2,familiar_1,Familiar 1,0,full,Nonoccluded,0,1012.0,0.46132531771143304,0.04377976059913635,0.46132531771143304,0.04048038727011193,0.007151945064259914,44,1005.0,1125.0,1050.0,1080.0,training_occluded_only,42
un_un,un -> un,0,expert2,Expert2,2,familiar_1,Familiar 1,0,full,Nonoccluded,0,1013.0,0.47010731951202533,0.04384256899356842,0.47010731951202533,0.04048038727011193,0.007151945064259914,44,1005.0,1125.0,1050.0,1080.0,training_occluded_only,42
un_un,un -> un,0,expert2,Expert2,2,familiar_1,Familiar 1,0,full,Nonoccluded,0,1014.0,0.265412712893,0.04237860441207886,0.265412712893,0.04048038727011193,0.007151945064259914,44,1005.0,1125.0,1050.0,1080.0,training_occluded_only,42
un_un,un -> un,0,expert2,Expert2,2,familiar_1,Familiar 1,0,full,Nonoccluded,0,1015.0,0.1383195411645941,0.04146964102983475,0.1383195411645941,0.04048038727011193,0.007151945064259914,44,1005.0,1125.0,1050.0,1080.0,training_occluded_only,42
un_un,un -> un,0,expert2,Expert2,2,familiar_1,Familiar 1,0,full,Nonoccluded,0,1016.0,-0.15159902788656124,0.03939615935087204,-0.15159902788656124,0.04048038727011193,0.007151945064259914,44,1005.0,1125.0,1050.0,1080.0,training_occluded_only,42
un_un,un -> un,0,expert2,Expert2,2,familiar_1,Familiar 1,0,full,Nonoccluded,0,1017.0,-0.3594017130787855,0.037909965962171555,-0.3594017130787855,0.04048038727011193,0.007151945064259914,44,1005.0,1125.0,1050.0,1080.0,training_occluded_only,42
un_un,un -> un,0,expert2,Expert2,2,familiar_1,Familiar 1,0,full,Nonoccluded,0,1018.0,-0.11852067531558763,0.039632733911275864,-0.11852067531558763,0.04048038727011193,0.007151945064259914,44,1005.0,1125.0,1050.0,1080.0,training_occluded_only,42
un_un,un -> un,0,expert2,Expert2,2,familiar_1,Familiar 1,0,full,Nonoccluded,0,1019.0,-0.3955975200255922,0.037651095539331436,-0.3955975200255922,0.04048038727011193,0.007151945064259914,44,1005.0,1125.0,1050.0,1080.0,training_occluded_only,42
un_un,un -> un,0,expert2,Expert2,2,familiar_1,Familiar 1,0,full,Nonoccluded,0,1020.0,-0.6588205745878889,0.0357685387134552,-0.6588205745878889,0.04048038727011193,0.007151945064259914,44,1005.0,1125.0,1050.0,1080.0,training_occluded_only,42
un_un,un -> un,0,expert2,Expert2,2,familiar_1,Familiar 1,0,full,Nonoccluded,0,1021.0,0.06648109962639183,0.04095585644245148,0.06648109962639183,0.04048038727011193,0.007151945064259914,44,1005.0,1125.0,1050.0,1080.0,training_occluded_only,42
un_un,un -> un,0,expert2,Expert2,2,familiar_1,Familiar 1,0,full,Nonoccluded,0,1022.0,-0.219845495260061,0.03890806436538696,-0.219845495260061,0.04048038727011193,0.007151945064259914,44,1005.0,1125.0,1050.0,1080.0,training_occluded_only,42
un_un,un -> un,0,expert2,Expert2,2,familiar_1,Familiar 1,0,full,Nonoccluded,0,1023.0,-0.06480045148982917,0.040016938000917435,-0.06480045148982917,0.04048038727011193,0.007151945064259914,44,1005.0,1125.0,1050.0,1080.0,training_occluded_only,42
un_un,un -> un,0,expert2,Expert2,2,familiar_1,Familiar 1,0,full,Nonoccluded,0,1024.0,-0.34456294277657473,0.03801609203219414,-0.34456294277657473,0.04048038727011193,0.007151945064259914,44,1005.0,1125.0,1050.0,1080.0,training_occluded_only,42
un_un,un -> un,0,expert2,Expert2,2,familiar_1,Familiar 1,0,full,Nonoccluded,0,1025.0,-0.6103372574111906,0.036115288734436035,-0.6103372574111906,0.04048038727011193,0.007151945064259914,44,1005.0,1125.0,1050.0,1080.0,training_occluded_only,42
un_un,un -> un,0,expert2,Expert2,2,familiar_1,Familiar 1,0,full,Nonoccluded,0,1026.0,-0.8628229344457643,0.03430952504277229,-0.8628229344457643,0.04048038727011193,0.007151945064259914,44,1005.0,1125.0,1050.0,1080.0,training_occluded_only,42
un_un,un -> un,0,expert2,Expert2,2,familiar_1,Familiar 1,0,full,Nonoccluded,0,1027.0,-1.1026846141114677,0.032594047486782074,-1.1026846141114677,0.04048038727011193,0.007151945064259914,44,1005.0,1125.0,1050.0,1080.0,training_occluded_only,42
un_un,un -> un,0,expert2,Expert2,2,familiar_1,Familiar 1,0,full,Nonoccluded,0,1028.0,-0.6668420946192721,0.03571116924285889,-0.6668420946192721,0.04048038727011193,0.007151945064259914,44,1005.0,1125.0,1050.0,1080.0,training_occluded_only,42
un_un,un -> un,0,expert2,Expert2,2,familiar_1,Familiar 1,0,full,Nonoccluded,0,1029.0,-0.8171096460695139,0.03463646396994591,-0.8171096460695139,0.04048038727011193,0.007151945064259914,44,1005.0,1125.0,1050.0,1080.0,training_occluded_only,42
un_un,un -> un,0,expert2,Expert2,2,familiar_1,Familiar 1,0,full,Nonoccluded,0,1030.0,-1.0592569380662373,0.03290463984012604,-1.0592569380662373,0.04048038727011193,0.007151945064259914,44,1005.0,1125.0,1050.0,1080.0,training_occluded_only,42
un_un,un -> un,0,expert2,Expert2,2,familiar_1,Familiar 1,0,full,Nonoccluded,0,1031.0,-1.2892969435948132,0.031259406358003616,-1.2892969435948132,0.04048038727011193,0.007151945064259914,44,1005.0,1125.0,1050.0,1080.0,training_occluded_only,42
un_un,un -> un,0,expert2,Expert2,2,familiar_1,Familiar 1,0,full,Nonoccluded,0,1032.0,0.3047072226103715,0.042659636586904526,0.3047072226103715,0.04048038727011193,0.007151945064259914,44,1005.0,1125.0,1050.0,1080.0,training_occluded_only,42
un_un,un -> un,0,expert2,Expert2,2,familiar_1,Familiar 1,0,full,Nonoccluded,0,1033.0,1.3053756993097845,0.04981636255979538,1.3053756993097845,0.04048038727011193,0.007151945064259914,44,1005.0,1125.0,1050.0,1080.0,training_occluded_only,42
un_un,un -> un,0,expert2,Expert2,2,familiar_1,Familiar 1,0,full,Nonoccluded,0,1034.0,1.9095128343279453,0.05413711816072464,1.9095128343279453,0.04048038727011193,0.007151945064259914,44,1005.0,1125.0,1050.0,1080.0,training_occluded_only,42
un_un,un -> un,0,expert2,Expert2,2,familiar_1,Familiar 1,0,full,Nonoccluded,0,1035.0,1.5310346006186224,0.05143026262521744,1.5310346006186224,0.04048038727011193,0.007151945064259914,44,1005.0,1125.0,1050.0,1080.0,training_occluded_only,42
un_un,un -> un,0,expert2,Expert2,2,familiar_1,Familiar 1,0,full,Nonoccluded,0,1036.0,1.1714803827703504,0.048858750611543655,1.1714803827703504,0.04048038727011193,0.007151945064259914,44,1005.0,1125.0,1050.0,1080.0,training_occluded_only,42
un_un,un -> un,0,expert2,Expert2,2,familiar_1,Familiar 1,0,full,Nonoccluded,0,1037.0,0.8299037455950111,0.04641581326723099,0.8299037455950111,0.04048038727011193,0.007151945064259914,44,1005.0,1125.0,1050.0,1080.0,training_occluded_only,42
un_un,un -> un,0,expert2,Expert2,2,familiar_1,Familiar 1,0,full,Nonoccluded,0,1038.0,0.8034290833459776,0.046226467937231064,0.8034290833459776,0.04048038727011193,0.007151945064259914,44,1005.0,1125.0,1050.0,1080.0,training_occluded_only,42
un_un,un -> un,0,expert2,Expert2,2,familiar_1,Familiar 1,0,full,Nonoccluded,0,1039.0,0.6563493047913245,0.04517456144094467,0.6563493047913245,0.04048038727011193,0.007151945064259914,44,1005.0,1125.0,1050.0,1080.0,training_occluded_only,42
un_un,un -> un,0,expert2,Expert2,2,familiar_1,Familiar 1,0,full,Nonoccluded,0,1040.0,0.8817988131746678,0.04678696393966675,0.8817988131746678,0.04048038727011193,0.007151945064259914,44,1005.0,1125.0,1050.0,1080.0,training_occluded_only,42
un_un,un -> un,0,expert2,Expert2,2,familiar_1,Familiar 1,0,full,Nonoccluded,0,1041.0,0.5845212808116045,0.04466085135936737,0.5845212808116045,0.04048038727011193,0.007151945064259914,44,1005.0,1125.0,1050.0,1080.0,training_occluded_only,42
un_un,un -> un,0,expert2,Expert2,2,familiar_1,Familiar 1,0,full,Nonoccluded,0,1042.0,0.27229246851472144,0.04242780804634094,0.27229246851472144,0.04048038727011193,0.007151945064259914,44,1005.0,1125.0,1050.0,1080.0,training_occluded_only,42
un_un,un -> un,0,expert2,Expert2,2,familiar_1,Familiar 1,0,full,Nonoccluded,0,1043.0,0.10935039453697003,0.04126245528459549,0.10935039453697003,0.04048038727011193,0.007151945064259914,44,1005.0,1125.0,1050.0,1080.0,training_occluded_only,42
un_un,un -> un,0,expert2,Expert2,2,familiar_1,Familiar 1,0,full,Nonoccluded,0,1044.0,0.47998160231948844,0.04391318932175636,0.47998160231948844,0.04048038727011193,0.007151945064259914,44,1005.0,1125.0,1050.0,1080.0,training_occluded_only,42
un_un,un -> un,0,expert2,Expert2,2,familiar_1,Familiar 1,0,full,Nonoccluded,0,1045.0,0.17297979999110738,0.041717529296875,0.17297979999110738,0.04048038727011193,0.007151945064259914,44,1005.0,1125.0,1050.0,1080.0,training_occluded_only,42
un_un,un -> un,0,expert2,Expert2,2,familiar_1,Familiar 1,0,full,Nonoccluded,0,1046.0,1.2811074759473056,0.04964279755949974,1.2811074759473056,0.04048038727011193,0.007151945064259914,44,1005.0,1125.0,1050.0,1080.0,training_occluded_only,42
un_un,un -> un,0,expert2,Expert2,2,familiar_1,Familiar 1,0,full,Nonoccluded,0,1047.0,0.9340491194985715,0.04716065526008606,0.9340491194985715,0.04048038727011193,0.007151945064259914,44,1005.0,1125.0,1050.0,1080.0,training_occluded_only,42
un_un,un -> un,0,expert2,Expert2,2,familiar_1,Familiar 1,0,full,Nonoccluded,0,1048.0,1.383215175411725,0.05037306621670723,1.383215175411725,0.04048038727011193,0.007151945064259914,44,1005.0,1125.0,1050.0,1080.0,training_occluded_only,42
un_un,un -> un,0,expert2,Expert2,2,familiar_1,Familiar 1,0,full,Nonoccluded,0,1049.0,1.9194730619928875,0.05420835316181183,1.9194730619928875,0.04048038727011193,0.007151945064259914,44,1005.0,1125.0,1050.0,1080.0,training_occluded_only,42
un_un,un -> un,0,expert2,Expert2,2,familiar_1,Familiar 1,0,full,Nonoccluded,0,1050.0,1.8115195495861165,0.0534362755715847,1.8115195495861165,0.04048038727011193,0.007151945064259914,44,1005.0,1125.0,1050.0,1080.0,training_occluded_only,42
un_un,un -> un,0,expert2,Expert2,2,familiar_1,Familiar 1,0,full,Nonoccluded,0,1051.0,1.4379406936310268,0.05076446011662483,1.4379406936310268,0.04048038727011193,0.007151945064259914,44,1005.0,1125.0,1050.0,1080.0,training_occluded_only,42
un_un,un -> un,0,expert2,Expert2,2,familiar_1,Familiar 1,0,full,Nonoccluded,0,1052.0,1.0830410409126536,0.048226237297058105,1.0830410409126536,0.04048038727011193,0.007151945064259914,44,1005.0,1125.0,1050.0,1080.0,training_occluded_only,42
un_un,un -> un,0,expert2,Expert2,2,familiar_1,Familiar 1,0,full,Nonoccluded,0,1053.0,0.7458861364351332,0.04581492394208908,0.7458861364351332,0.04048038727011193,0.007151945064259914,44,1005.0,1125.0,1050.0,1080.0,training_occluded_only,42
un_un,un -> un,0,expert2,Expert2,2,familiar_1,Familiar 1,0,full,Nonoccluded,0,1054.0,0.4255889250936965,0.04352417588233948,0.4255889250936965,0.04048038727011193,0.007151945064259914,44,1005.0,1125.0,1050.0,1080.0,training_occluded_only,42
un_un,un -> un,0,expert2,Expert2,2,familiar_1,Familiar 1,0,full,Nonoccluded,0,1055.0,0.121306626407124,0.041347965598106384,0.121306626407124,0.04048038727011193,0.007151945064259914,44,1005.0,1125.0,1050.0,1080.0,training_occluded_only,42
un_un,un -> un,0,expert2,Expert2,2,familiar_1,Familiar 1,0,full,Nonoccluded,0,1056.0,-0.16776134899395026,0.039280567318201065,-0.16776134899395026,0.04048038727011193,0.007151945064259914,44,1005.0,1125.0,1050.0,1080.0,training_occluded_only,42
un_un,un -> un,0,expert2,Expert2,2,familiar_1,Familiar 1,0,full,Nonoccluded,0,1057.0,-0.4423760037566594,0.03731653839349747,-0.4423760037566594,0.04048038727011193,0.007151945064259914,44,1005.0,1125.0,1050.0,1080.0,training_occluded_only,42
un_un,un -> un,0,expert2,Expert2,2,familiar_1,Familiar 1,0,full,Nonoccluded,0,1058.0,-0.7032597955617521,0.035450711846351624,-0.7032597955617521,0.04048038727011193,0.007151945064259914,44,1005.0,1125.0,1050.0,1080.0,training_occluded_only,42
un_un,un -> un,0,expert2,Expert2,2,familiar_1,Familiar 1,0,full,Nonoccluded,0,1059.0,-0.951099762391137,0.03367817401885986,-0.951099762391137,0.04048038727011193,0.007151945064259914,44,1005.0,1125.0,1050.0,1080.0,training_occluded_only,42
un_un,un -> un,0,expert2,Expert2,2,familiar_1,Familiar 1,0,full,Nonoccluded,0,1060.0,-1.186547522527883,0.03199426457285881,-1.186547522527883,0.04048038727011193,0.007151945064259914,44,1005.0,1125.0,1050.0,1080.0,training_occluded_only,42
un_un,un -> un,0,expert2,Expert2,2,familiar_1,Familiar 1,0,full,Nonoccluded,0,1061.0,-1.4102229207016879,0.030394550412893295,-1.4102229207016879,0.04048038727011193,0.007151945064259914,44,1005.0,1125.0,1050.0,1080.0,training_occluded_only,42
un_un,un -> un,0,expert2,Expert2,2,familiar_1,Familiar 1,0,full,Nonoccluded,0,1062.0,-1.6227145489668027,0.028874821960926056,-1.6227145489668027,0.04048038727011193,0.007151945064259914,44,1005.0,1125.0,1050.0,1080.0,training_occluded_only,42
un_un,un -> un,0,expert2,Expert2,2,familiar_1,Familiar 1,0,full,Nonoccluded,0,1063.0,-1.8245815697747654,0.027431080117821693,-1.8245815697747654,0.04048038727011193,0.007151945064259914,44,1005.0,1125.0,1050.0,1080.0,training_occluded_only,42
un_un,un -> un,0,expert2,Expert2,2,familiar_1,Familiar 1,0,full,Nonoccluded,0,1064.0,-2.016355278608174,0.026059525087475777,-2.016355278608174,0.04048038727011193,0.007151945064259914,44,1005.0,1125.0,1050.0,1080.0,training_occluded_only,42
un_un,un -> un,0,expert2,Expert2,2,familiar_1,Familiar 1,0,full,Nonoccluded,0,1065.0,-2.1985401457365357,0.024756548926234245,-2.1985401457365357,0.04048038727011193,0.007151945064259914,44,1005.0,1125.0,1050.0,1080.0,training_occluded_only,42
un_un,un -> un,0,expert2,Expert2,2,familiar_1,Familiar 1,0,full,Nonoccluded,0,1066.0,-2.3716158997279595,0.023518720641732216,-2.3716158997279595,0.04048038727011193,0.007151945064259914,44,1005.0,1125.0,1050.0,1080.0,training_occluded_only,42
un_un,un -> un,0,expert2,Expert2,2,familiar_1,Familiar 1,0,full,Nonoccluded,0,1067.0,-2.536037787888124,0.022342784330248833,-2.536037787888124,0.04048038727011193,0.007151945064259914,44,1005.0,1125.0,1050.0,1080.0,training_occluded_only,42
un_un,un -> un,0,expert2,Expert2,2,familiar_1,Familiar 1,0,full,Nonoccluded,0,1068.0,-2.6922386597719687,0.021225644275546074,-2.6922386597719687,0.04048038727011193,0.007151945064259914,44,1005.0,1125.0,1050.0,1080.0,training_occluded_only,42
un_un,un -> un,0,expert2,Expert2,2,familiar_1,Familiar 1,0,full,Nonoccluded,0,1069.0,-2.840629488061621,0.020164361223578453,-2.840629488061621,0.04048038727011193,0.007151945064259914,44,1005.0,1125.0,1050.0,1080.0,training_occluded_only,42
un_un,un -> un,0,expert2,Expert2,2,familiar_1,Familiar 1,0,full,Nonoccluded,0,1070.0,-2.9816006707612064,0.019156143069267273,-2.9816006707612064,0.04048038727011193,0.007151945064259914,44,1005.0,1125.0,1050.0,1080.0,training_occluded_only,42
un_un,un -> un,0,expert2,Expert2,2,familiar_1,Familiar 1,0,full,Nonoccluded,0,1071.0,-3.1155233333916565,0.01819833554327488,-3.1155233333916565,0.04048038727011193,0.007151945064259914,44,1005.0,1125.0,1050.0,1080.0,training_occluded_only,42
un_un,un -> un,0,expert2,Expert2,2,familiar_1,Familiar 1,0,full,Nonoccluded,0,1072.0,-3.2427498498686362,0.017288418486714363,-3.2427498498686362,0.04048038727011193,0.007151945064259914,44,1005.0,1125.0,1050.0,1080.0,training_occluded_only,42
un_un,un -> un,0,expert2,Expert2,2,familiar_1,Familiar 1,0,full,Nonoccluded,0,1073.0,-3.3636151446973517,0.016423996537923813,-3.3636151446973517,0.04048038727011193,0.007151945064259914,44,1005.0,1125.0,1050.0,1080.0,training_occluded_only,42
un_un,un -> un,0,expert2,Expert2,2,familiar_1,Familiar 1,0,full,Nonoccluded,0,1074.0,-3.4784370836309946,0.015602796338498592,-3.4784370836309946,0.04048038727011193,0.007151945064259914,44,1005.0,1125.0,1050.0,1080.0,training_occluded_only,42
un_un,un -> un,0,expert2,Expert2,2,familiar_1,Familiar 1,0,full,Nonoccluded,0,1075.0,-3.587517906085033,0.014822656288743019,-3.587517906085033,0.04048038727011193,0.007151945064259914,44,1005.0,1125.0,1050.0,1080.0,training_occluded_only,42
un_un,un -> un,0,expert2,Expert2,2,familiar_1,Familiar 1,0,full,Nonoccluded,0,1076.0,-3.691144615795655,0.01408152375370264,-3.691144615795655,0.04048038727011193,0.007151945064259914,44,1005.0,1125.0,1050.0,1080.0,training_occluded_only,42
un_un,un -> un,0,expert2,Expert2,2,familiar_1,Familiar 1,0,full,Nonoccluded,0,1077.0,-3.7895900225756165,0.013377447612583637,-3.7895900225756165,0.04048038727011193,0.007151945064259914,44,1005.0,1125.0,1050.0,1080.0,training_occluded_only,42
un_un,un -> un,0,expert2,Expert2,2,familiar_1,Familiar 1,0,full,Nonoccluded,0,1078.0,-3.8831131329726833,0.012708575464785099,-3.8831131329726833,0.04048038727011193,0.007151945064259914,44,1005.0,1125.0,1050.0,1080.0,training_occluded_only,42
un_un,un -> un,0,expert2,Expert2,2,familiar_1,Familiar 1,0,full,Nonoccluded,0,1079.0,-3.971960192025482,0.012073146179318428,-3.971960192025482,0.04048038727011193,0.007151945064259914,44,1005.0,1125.0,1050.0,1080.0,training_occluded_only,42
un_un,un -> un,0,expert2,Expert2,2,familiar_1,Familiar 1,0,full,Nonoccluded,0,1080.0,-4.056364813482977,0.011469488963484764,-4.056364813482977,0.04048038727011193,0.007151945064259914,44,1005.0,1125.0,1050.0,1080.0,training_occluded_only,42
un_un,un -> un,0,expert2,Expert2,2,familiar_1,Familiar 1,0,full,Nonoccluded,0,1081.0,-4.1365492819992875,0.010896014049649239,-4.1365492819992875,0.04048038727011193,0.007151945064259914,44,1005.0,1125.0,1050.0,1080.0,training_occluded_only,42
un_un,un -> un,0,expert2,Expert2,2,familiar_1,Familiar 1,0,full,Nonoccluded,0,1082.0,-4.212724422914197,0.010351213626563549,-4.212724422914197,0.04048038727011193,0.007151945064259914,44,1005.0,1125.0,1050.0,1080.0,training_occluded_only,42
un_un,un -> un,0,expert2,Expert2,2,familiar_1,Familiar 1,0,full,Nonoccluded,0,1083.0,-4.285090904447971,0.009833652526140213,-4.285090904447971,0.04048038727011193,0.007151945064259914,44,1005.0,1125.0,1050.0,1080.0,training_occluded_only,42
un_un,un -> un,0,expert2,Expert2,2,familiar_1,Familiar 1,0,full,Nonoccluded,0,1084.0,-3.5394055842097862,0.015166752971708775,-3.5394055842097862,0.04048038727011193,0.007151945064259914,44,1005.0,1125.0,1050.0,1080.0,training_occluded_only,42
un_un,un -> un,0,expert2,Expert2,2,familiar_1,Familiar 1,0,full,Nonoccluded,0,1085.0,-3.6454379686129372,0.01440841518342495,-3.6454379686129372,0.04048038727011193,0.007151945064259914,44,1005.0,1125.0,1050.0,1080.0,training_occluded_only,42
un_un,un -> un,0,expert2,Expert2,2,familiar_1,Familiar 1,0,full,Nonoccluded,0,1086.0,-3.746168727284956,0.013687994331121445,-3.746168727284956,0.04048038727011193,0.007151945064259914,44,1005.0,1125.0,1050.0,1080.0,training_occluded_only,42
un_un,un -> un,0,expert2,Expert2,2,familiar_1,Familiar 1,0,full,Nonoccluded,0,1087.0,-3.77225364262727,0.013501436449587345,-3.77225364262727,0.04048038727011193,0.007151945064259914,44,1005.0,1125.0,1050.0,1080.0,training_occluded_only,42
un_un,un -> un,0,expert2,Expert2,2,familiar_1,Familiar 1,0,full,Nonoccluded,0,1088.0,-2.8350834403645986,0.020204026252031326,-2.8350834403645986,0.04048038727011193,0.007151945064259914,44,1005.0,1125.0,1050.0,1080.0,training_occluded_only,42
un_un,un -> un,0,expert2,Expert2,2,familiar_1,Familiar 1,0,full,Nonoccluded,0,1089.0,-2.976331990558775,0.019193824380636215,-2.976331990558775,0.04048038727011193,0.007151945064259914,44,1005.0,1125.0,1050.0,1080.0,training_occluded_only,42
un_un,un -> un,0,expert2,Expert2,2,familiar_1,Familiar 1,0,full,Nonoccluded,0,1090.0,-3.037615101403733,0.018755530938506126,-3.037615101403733,0.04048038727011193,0.007151945064259914,44,1005.0,1125.0,1050.0,1080.0,training_occluded_only,42
un_un,un -> un,0,expert2,Expert2,2,familiar_1,Familiar 1,0,full,Nonoccluded,0,1091.0,-2.280163018640291,0.024172786623239517,-2.280163018640291,0.04048038727011193,0.007151945064259914,44,1005.0,1125.0,1050.0,1080.0,training_occluded_only,42
un_un,un -> un,0,expert2,Expert2,2,familiar_1,Familiar 1,0,full,Nonoccluded,0,1092.0,-1.417285764913736,0.0303440373390913,-1.417285764913736,0.04048038727011193,0.007151945064259914,44,1005.0,1125.0,1050.0,1080.0,training_occluded_only,42
un_un,un -> un,0,expert2,Expert2,2,familiar_1,Familiar 1,0,full,Nonoccluded,0,1093.0,-1.3779902134405164,0.030625076964497566,-1.3779902134405164,0.04048038727011193,0.007151945064259914,44,1005.0,1125.0,1050.0,1080.0,training_occluded_only,42
un_un,un -> un,0,expert2,Expert2,2,familiar_1,Familiar 1,0,full,Nonoccluded,0,1094.0,-0.7173771499390624,0.03534974530339241,-0.7173771499390624,0.04048038727011193,0.007151945064259914,44,1005.0,1125.0,1050.0,1080.0,training_occluded_only,42
un_un,un -> un,0,expert2,Expert2,2,familiar_1,Familiar 1,0,full,Nonoccluded,0,1095.0,-0.9493569048570455,0.03369063884019852,-0.9493569048570455,0.04048038727011193,0.007151945064259914,44,1005.0,1125.0,1050.0,1080.0,training_occluded_only,42
un_un,un -> un,0,expert2,Expert2,2,familiar_1,Familiar 1,0,full,Nonoccluded,0,1096.0,-1.012343546952824,0.03324016183614731,-1.012343546952824,0.04048038727011193,0.007151945064259914,44,1005.0,1125.0,1050.0,1080.0,training_occluded_only,42
un_un,un -> un,0,expert2,Expert2,2,familiar_1,Familiar 1,0,full,Nonoccluded,0,1097.0,-1.1379683638131475,0.03234170004725456,-1.1379683638131475,0.04048038727011193,0.007151945064259914,44,1005.0,1125.0,1050.0,1080.0,training_occluded_only,42
un_un,un -> un,0,expert2,Expert2,2,familiar_1,Familiar 1,0,full,Nonoccluded,0,1098.0,-1.1970827994210491,0.03191891685128212,-1.1970827994210491,0.04048038727011193,0.007151945064259914,44,1005.0,1125.0,1050.0,1080.0,training_occluded_only,42
un_un,un -> un,0,expert2,Expert2,2,familiar_1,Familiar 1,0,full,Nonoccluded,0,1099.0,-1.420231329574611,0.0303229708224535,-1.420231329574611,0.04048038727011193,0.007151945064259914,44,1005.0,1125.0,1050.0,1080.0,training_occluded_only,42
un_un,un -> un,0,expert2,Expert2,2,familiar_1,Familiar 1,0,full,Nonoccluded,0,1100.0,-1.2978653854465179,0.031198125332593918,-1.2978653854465179,0.04048038727011193,0.007151945064259914,44,1005.0,1125.0,1050.0,1080.0,training_occluded_only,42
un_un,un -> un,0,expert2,Expert2,2,familiar_1,Familiar 1,0,full,Nonoccluded,0,1101.0,-1.5159746821232214,0.029638219624757767,-1.5159746821232214,0.04048038727011193,0.007151945064259914,44,1005.0,1125.0,1050.0,1080.0,training_occluded_only,42
un_un,un -> un,0,expert2,Expert2,2,familiar_1,Familiar 1,0,full,Nonoccluded,0,1102.0,-1.7231786181416746,0.028156308457255363,-1.7231786181416746,0.04048038727011193,0.007151945064259914,44,1005.0,1125.0,1050.0,1080.0,training_occluded_only,42
un_un,un -> un,0,expert2,Expert2,2,familiar_1,Familiar 1,0,full,Nonoccluded,0,1103.0,-1.9200222922494645,0.026748493313789368,-1.9200222922494645,0.04048038727011193,0.007151945064259914,44,1005.0,1125.0,1050.0,1080.0,training_occluded_only,42
un_un,un -> un,0,expert2,Expert2,2,familiar_1,Familiar 1,0,full,Nonoccluded,0,1104.0,-2.1070239779810866,0.02541106753051281,-2.1070239779810866,0.04048038727011193,0.007151945064259914,44,1005.0,1125.0,1050.0,1080.0,training_occluded_only,42
un_un,un -> un,0,expert2,Expert2,2,familiar_1,Familiar 1,0,full,Nonoccluded,0,1105.0,-2.135247227421377,0.02520921640098095,-2.135247227421377,0.04048038727011193,0.007151945064259914,44,1005.0,1125.0,1050.0,1080.0,training_occluded_only,42
un_un,un -> un,0,expert2,Expert2,2,familiar_1,Familiar 1,0,full,Nonoccluded,0,1106.0,-2.084578827353013,0.025571594014763832,-2.084578827353013,0.04048038727011193,0.007151945064259914,44,1005.0,1125.0,1050.0,1080.0,training_occluded_only,42
un_un,un -> un,0,expert2,Expert2,2,familiar_1,Familiar 1,0,full,Nonoccluded,0,1107.0,-2.26335246495634,0.024293014779686928,-2.26335246495634,0.04048038727011193,0.007151945064259914,44,1005.0,1125.0,1050.0,1080.0,training_occluded_only,42
un_un,un -> un,0,expert2,Expert2,2,familiar_1,Familiar 1,0,full,Nonoccluded,0,1108.0,-1.9312102291815478,0.026668477803468704,-1.9312102291815478,0.04048038727011193,0.007151945064259914,44,1005.0,1125.0,1050.0,1080.0,training_occluded_only,42
un_un,un -> un,0,expert2,Expert2,2,familiar_1,Familiar 1,0,full,Nonoccluded,0,1109.0,-2.1176524920226694,0.025335052981972694,-2.1176524920226694,0.04048038727011193,0.007151945064259914,44,1005.0,1125.0,1050.0,1080.0,training_occluded_only,42
un_un,un -> un,0,expert2,Expert2,2,familiar_1,Familiar 1,0,full,Nonoccluded,0,1110.0,-2.2947726026558906,0.024068299680948257,-2.2947726026558906,0.04048038727011193,0.007151945064259914,44,1005.0,1125.0,1050.0,1080.0,training_occluded_only,42
un_un,un -> un,0,expert2,Expert2,2,familiar_1,Familiar 1,0,full,Nonoccluded,0,1111.0,-2.4630367468232954,0.02286488376557827,-2.4630367468232954,0.04048038727011193,0.007151945064259914,44,1005.0,1125.0,1050.0,1080.0,training_occluded_only,42
un_un,un -> un,0,expert2,Expert2,2,familiar_1,Familiar 1,0,full,Nonoccluded,0,1112.0,-2.6228876707603814,0.02172163873910904,-2.6228876707603814,0.04048038727011193,0.007151945064259914,44,1005.0,1125.0,1050.0,1080.0,training_occluded_only,42
un_un,un -> un,0,expert2,Expert2,2,familiar_1,Familiar 1,0,full,Nonoccluded,0,1113.0,-2.774745983390873,0.020635556429624557,-2.774745983390873,0.04048038727011193,0.007151945064259914,44,1005.0,1125.0,1050.0,1080.0,training_occluded_only,42
un_un,un -> un,0,expert2,Expert2,2,familiar_1,Familiar 1,0,full,Nonoccluded,0,1114.0,-2.6825399128249328,0.021295009180903435,-2.6825399128249328,0.04048038727011193,0.007151945064259914,44,1005.0,1125.0,1050.0,1080.0,training_occluded_only,42
un_un,un -> un,0,expert2,Expert2,2,familiar_1,Familiar 1,0,full,Nonoccluded,0,1115.0,-2.831415678461937,0.020230257883667946,-2.831415678461937,0.04048038727011193,0.007151945064259914,44,1005.0,1125.0,1050.0,1080.0,training_occluded_only,42
un_un,un -> un,0,expert2,Expert2,2,familiar_1,Familiar 1,0,full,Nonoccluded,0,1116.0,-1.9932444459930805,0.026224812492728233,-1.9932444459930805,0.04048038727011193,0.007151945064259914,44,1005.0,1125.0,1050.0,1080.0,training_occluded_only,42
un_un,un -> un,0,expert2,Expert2,2,familiar_1,Familiar 1,0,full,Nonoccluded,0,1117.0,-0.906112577841104,0.03399991989135742,-0.906112577841104,0.04048038727011193,0.007151945064259914,44,1005.0,1125.0,1050.0,1080.0,training_occluded_only,42
un_un,un -> un,0,expert2,Expert2,2,familiar_1,Familiar 1,0,full,Nonoccluded,0,1118.0,-0.3059403655813126,0.03829231858253479,-0.3059403655813126,0.04048038727011193,0.007151945064259914,44,1005.0,1125.0,1050.0,1080.0,training_occluded_only,42
un_un,un -> un,0,expert2,Expert2,2,familiar_1,Familiar 1,0,full,Nonoccluded,0,1119.0,-0.5736460955585498,0.03637770190834999,-0.5736460955585498,0.04048038727011193,0.007151945064259914,44,1005.0,1125.0,1050.0,1080.0,training_occluded_only,42
un_un,un -> un,0,expert2,Expert2,2,familiar_1,Familiar 1,0,full,Nonoccluded,0,1120.0,-0.3033187869892378,0.03831106796860695,-0.3033187869892378,0.04048038727011193,0.007151945064259914,44,1005.0,1125.0,1050.0,1080.0,training_occluded_only,42
un_un,un -> un,0,expert2,Expert2,2,familiar_1,Familiar 1,0,full,Nonoccluded,0,1121.0,0.28378407727656413,0.04250999540090561,0.28378407727656413,0.04048038727011193,0.007151945064259914,44,1005.0,1125.0,1050.0,1080.0,training_occluded_only,42
un_un,un -> un,0,expert2,Expert2,2,familiar_1,Familiar 1,0,full,Nonoccluded,0,1122.0,-0.013408031106944204,0.04038449376821518,-0.013408031106944204,0.04048038727011193,0.007151945064259914,44,1005.0,1125.0,1050.0,1080.0,training_occluded_only,42
un_un,un -> un,0,expert2,Expert2,2,familiar_1,Familiar 1,0,full,Nonoccluded,0,1123.0,-0.2957405340712771,0.03836526721715927,-0.2957405340712771,0.04048038727011193,0.007151945064259914,44,1005.0,1125.0,1050.0,1080.0,training_occluded_only,42
un_un,un -> un,0,expert2,Expert2,2,familiar_1,Familiar 1,0,full,Nonoccluded,0,1124.0,0.9105106461077787,0.046992309391498566,0.9105106461077787,0.04048038727011193,0.007151945064259914,44,1005.0,1125.0,1050.0,1080.0,training_occluded_only,42
un_un,un -> un,0,expert2,Expert2,2,familiar_1,Familiar 1,0,occlusion,Occluded,1,1006.0,-1.0756564648911235,0.03571559861302376,-1.0756564648911235,0.04189172615720467,0.005741728652006057,44,1005.0,1125.0,1050.0,1080.0,training_occluded_only,42
un_un,un -> un,0,expert2,Expert2,2,familiar_1,Familiar 1,0,occlusion,Occluded,1,1007.0,-0.5257128801505297,0.03887322545051575,-0.5257128801505297,0.04189172615720467,0.005741728652006057,44,1005.0,1125.0,1050.0,1080.0,training_occluded_only,42
un_un,un -> un,0,expert2,Expert2,2,familiar_1,Familiar 1,0,occlusion,Occluded,1,1008.0,-0.8642281393073388,0.03692956268787384,-0.8642281393073388,0.04189172615720467,0.005741728652006057,44,1005.0,1125.0,1050.0,1080.0,training_occluded_only,42
un_un,un -> un,0,expert2,Expert2,2,familiar_1,Familiar 1,0,occlusion,Occluded,1,1009.0,-0.220899401588263,0.04062338173389435,-0.220899401588263,0.04189172615720467,0.005741728652006057,44,1005.0,1125.0,1050.0,1080.0,training_occluded_only,42
un_un,un -> un,0,expert2,Expert2,2,familiar_1,Familiar 1,0,occlusion,Occluded,1,1010.0,-0.48861977029432724,0.03908620402216911,-0.48861977029432724,0.04189172615720467,0.005741728652006057,44,1005.0,1125.0,1050.0,1080.0,training_occluded_only,42
un_un,un -> un,0,expert2,Expert2,2,familiar_1,Familiar 1,0,occlusion,Occluded,1,1011.0,-0.8289893280985104,0.0371318943798542,-0.8289893280985104,0.04189172615720467,0.005741728652006057,44,1005.0,1125.0,1050.0,1080.0,training_occluded_only,42
un_un,un -> un,0,expert2,Expert2,2,familiar_1,Familiar 1,0,occlusion,Occluded,1,1012.0,-1.1523406026554497,0.03527529910206795,-1.1523406026554497,0.04189172615720467,0.005741728652006057,44,1005.0,1125.0,1050.0,1080.0,training_occluded_only,42
un_un,un -> un,0,expert2,Expert2,2,familiar_1,Familiar 1,0,occlusion,Occluded,1,1013.0,-0.39912682780765685,0.03960004821419716,-0.39912682780765685,0.04189172615720467,0.005741728652006057,44,1005.0,1125.0,1050.0,1080.0,training_occluded_only,42
un_un,un -> un,0,expert2,Expert2,2,familiar_1,Familiar 1,0,occlusion,Occluded,1,1014.0,-0.7439712273791387,0.037620045244693756,-0.7439712273791387,0.04189172615720467,0.005741728652006057,44,1005.0,1125.0,1050.0,1080.0,training_occluded_only,42
un_un,un -> un,0,expert2,Expert2,2,familiar_1,Familiar 1,0,occlusion,Occluded,1,1015.0,-1.071573504293529,0.03573904186487198,-1.071573504293529,0.04189172615720467,0.005741728652006057,44,1005.0,1125.0,1050.0,1080.0,training_occluded_only,42
un_un,un -> un,0,expert2,Expert2,2,familiar_1,Familiar 1,0,occlusion,Occluded,1,1016.0,-1.3827952780762696,0.03395209088921547,-1.3827952780762696,0.04189172615720467,0.005741728652006057,44,1005.0,1125.0,1050.0,1080.0,training_occluded_only,42
un_un,un -> un,0,expert2,Expert2,2,familiar_1,Familiar 1,0,occlusion,Occluded,1,1017.0,-1.6784559956103673,0.03225448727607727,-1.6784559956103673,0.04189172615720467,0.005741728652006057,44,1005.0,1125.0,1050.0,1080.0,training_occluded_only,42
un_un,un -> un,0,expert2,Expert2,2,familiar_1,Familiar 1,0,occlusion,Occluded,1,1018.0,-1.9593339043512195,0.030641762539744377,-1.9593339043512195,0.04189172615720467,0.005741728652006057,44,1005.0,1125.0,1050.0,1080.0,training_occluded_only,42
un_un,un -> un,0,expert2,Expert2,2,familiar_1,Familiar 1,0,occlusion,Occluded,1,1019.0,-2.2261679987562646,0.02910967357456684,-2.2261679987562646,0.04189172615720467,0.005741728652006057,44,1005.0,1125.0,1050.0,1080.0,training_occluded_only,42
un_un,un -> un,0,expert2,Expert2,2,familiar_1,Familiar 1,0,occlusion,Occluded,1,1020.0,-1.201380248898671,0.034993726760149,-1.201380248898671,0.04189172615720467,0.005741728652006057,44,1005.0,1125.0,1050.0,1080.0,training_occluded_only,42
un_un,un -> un,0,expert2,Expert2,2,familiar_1,Familiar 1,0,occlusion,Occluded,1,1021.0,0.13643264181317338,0.04267508536577225,0.13643264181317338,0.04189172615720467,0.005741728652006057,44,1005.0,1125.0,1050.0,1080.0,training_occluded_only,42
un_un,un -> un,0,expert2,Expert2,2,familiar_1,Familiar 1,0,occlusion,Occluded,1,1022.0,0.07225171931600863,0.042306575924158096,0.07225171931600863,0.04189172615720467,0.005741728652006057,44,1005.0,1125.0,1050.0,1080.0,training_occluded_only,42
un_un,un -> un,0,expert2,Expert2,2,familiar_1,Familiar 1,0,occlusion,Occluded,1,1023.0,-0.29616134808770306,0.040191248059272766,-0.29616134808770306,0.04189172615720467,0.005741728652006057,44,1005.0,1125.0,1050.0,1080.0,training_occluded_only,42
un_un,un -> un,0,expert2,Expert2,2,familiar_1,Familiar 1,0,occlusion,Occluded,1,1024.0,-0.6461540540856767,0.03818168491125107,-0.6461540540856767,0.04189172615720467,0.005741728652006057,44,1005.0,1125.0,1050.0,1080.0,training_occluded_only,42
un_un,un -> un,0,expert2,Expert2,2,familiar_1,Familiar 1,0,occlusion,Occluded,1,1025.0,0.5962850813544031,0.04531543329358101,0.5962850813544031,0.04189172615720467,0.005741728652006057,44,1005.0,1125.0,1050.0,1080.0,training_occluded_only,42
un_un,un -> un,0,expert2,Expert2,2,familiar_1,Familiar 1,0,occlusion,Occluded,1,1026.0,1.969797438292443,0.053201768547296524,1.969797438292443,0.04189172615720467,0.005741728652006057,44,1005.0,1125.0,1050.0,1080.0,training_occluded_only,42
un_un,un -> un,0,expert2,Expert2,2,familiar_1,Familiar 1,0,occlusion,Occluded,1,1027.0,1.555896958758307,0.05082526430487633,1.555896958758307,0.04189172615720467,0.005741728652006057,44,1005.0,1125.0,1050.0,1080.0,training_occluded_only,42
un_un,un -> un,0,expert2,Expert2,2,familiar_1,Familiar 1,0,occlusion,Occluded,1,1028.0,1.8483700733342,0.05250456556677818,1.8483700733342,0.04189172615720467,0.005741728652006057,44,1005.0,1125.0,1050.0,1080.0,training_occluded_only,42
un_un,un -> un,0,expert2,Expert2,2,familiar_1,Familiar 1,0,occlusion,Occluded,1,1029.0,1.3911505043006833,0.04987933486700058,1.3911505043006833,0.04189172615720467,0.005741728652006057,44,1005.0,1125.0,1050.0,1080.0,training_occluded_only,42
un_un,un -> un,0,expert2,Expert2,2,familiar_1,Familiar 1,0,occlusion,Occluded,1,1030.0,0.9567924003262555,0.04738536849617958,0.9567924003262555,0.04189172615720467,0.005741728652006057,44,1005.0,1125.0,1050.0,1080.0,training_occluded_only,42
un_un,un -> un,0,expert2,Expert2,2,familiar_1,Familiar 1,0,occlusion,Occluded,1,1031.0,0.5441519095861013,0.045016098767519,0.5441519095861013,0.04189172615720467,0.005741728652006057,44,1005.0,1125.0,1050.0,1080.0,training_occluded_only,42
un_un,un -> un,0,expert2,Expert2,2,familiar_1,Familiar 1,0,occlusion,Occluded,1,1032.0,0.1521435731449315,0.0427652932703495,0.1521435731449315,0.04189172615720467,0.005741728652006057,44,1005.0,1125.0,1050.0,1080.0,training_occluded_only,42
un_un,un -> un,0,expert2,Expert2,2,familiar_1,Familiar 1,0,occlusion,Occluded,1,1033.0,-0.1693923313576505,0.040919121354818344,-0.1693923313576505,0.04189172615720467,0.005741728652006057,44,1005.0,1125.0,1050.0,1080.0,training_occluded_only,42
un_un,un -> un,0,expert2,Expert2,2,familiar_1,Familiar 1,0,occlusion,Occluded,1,1034.0,0.41520483807675024,0.04427571967244148,0.41520483807675024,0.04189172615720467,0.005741728652006057,44,1005.0,1125.0,1050.0,1080.0,training_occluded_only,42
un_un,un -> un,0,expert2,Expert2,2,familiar_1,Familiar 1,0,occlusion,Occluded,1,1035.0,0.21921948534279023,0.04315042495727539,0.21921948534279023,0.04189172615720467,0.005741728652006057,44,1005.0,1125.0,1050.0,1080.0,training_occluded_only,42
un_un,un -> un,0,expert2,Expert2,2,familiar_1,Familiar 1,0,occlusion,Occluded,1,1036.0,-0.1565420028027547,0.04099290445446968,-0.1565420028027547,0.04189172615720467,0.005741728652006057,44,1005.0,1125.0,1050.0,1080.0,training_occluded_only,42
un_un,un -> un,0,expert2,Expert2,2,familiar_1,Familiar 1,0,occlusion,Occluded,1,1037.0,-0.5135159031484351,0.03894325718283653,-0.5135159031484351,0.04189172615720467,0.005741728652006057,44,1005.0,1125.0,1050.0,1080.0,training_occluded_only,42
un_un,un -> un,0,expert2,Expert2,2,familiar_1,Familiar 1,0,occlusion,Occluded,1,1038.0,-0.2715461499132008,0.04033258184790611,-0.2715461499132008,0.04189172615720467,0.005741728652006057,44,1005.0,1125.0,1050.0,1080.0,training_occluded_only,42
un_un,un -> un,0,expert2,Expert2,2,familiar_1,Familiar 1,0,occlusion,Occluded,1,1039.0,1.0564684139362768,0.047957681119441986,1.0564684139362768,0.04189172615720467,0.005741728652006057,44,1005.0,1125.0,1050.0,1080.0,training_occluded_only,42
un_un,un -> un,0,expert2,Expert2,2,familiar_1,Familiar 1,0,occlusion,Occluded,1,1040.0,1.6026949668536354,0.05109396576881409,1.6026949668536354,0.04189172615720467,0.005741728652006057,44,1005.0,1125.0,1050.0,1080.0,training_occluded_only,42
un_un,un -> un,0,expert2,Expert2,2,familiar_1,Familiar 1,0,occlusion,Occluded,1,1041.0,1.1577593153466181,0.04853926599025726,1.1577593153466181,0.04189172615720467,0.005741728652006057,44,1005.0,1125.0,1050.0,1080.0,training_occluded_only,42
un_un,un -> un,0,expert2,Expert2,2,familiar_1,Familiar 1,0,occlusion,Occluded,1,1042.0,1.0736320305974507,0.0480562299489975,1.0736320305974507,0.04189172615720467,0.005741728652006057,44,1005.0,1125.0,1050.0,1080.0,training_occluded_only,42
un_un,un -> un,0,expert2,Expert2,2,familiar_1,Familiar 1,0,occlusion,Occluded,1,1043.0,0.6551496556652194,0.04565341770648956,0.6551496556652194,0.04189172615720467,0.005741728652006057,44,1005.0,1125.0,1050.0,1080.0,training_occluded_only,42
un_un,un -> un,0,expert2,Expert2,2,familiar_1,Familiar 1,0,occlusion,Occluded,1,1044.0,0.2575913994795996,0.043370746076107025,0.2575913994795996,0.04189172615720467,0.005741728652006057,44,1005.0,1125.0,1050.0,1080.0,training_occluded_only,42
un_un,un -> un,0,expert2,Expert2,2,familiar_1,Familiar 1,0,occlusion,Occluded,1,1045.0,-0.12008861949179747,0.04120220988988876,-0.12008861949179747,0.04189172615720467,0.005741728652006057,44,1005.0,1125.0,1050.0,1080.0,training_occluded_only,42
un_un,un -> un,0,expert2,Expert2,2,familiar_1,Familiar 1,0,occlusion,Occluded,1,1046.0,0.24816419187066108,0.043316617608070374,0.24816419187066108,0.04189172615720467,0.005741728652006057,44,1005.0,1125.0,1050.0,1080.0,training_occluded_only,42
un_un,un -> un,0,expert2,Expert2,2,familiar_1,Familiar 1,0,occlusion,Occluded,1,1047.0,0.9638715649663882,0.0474260151386261,0.9638715649663882,0.04189172615720467,0.005741728652006057,44,1005.0,1125.0,1050.0,1080.0,training_occluded_only,42
un_un,un -> un,0,expert2,Expert2,2,familiar_1,Familiar 1,0,occlusion,Occluded,1,1048.0,0.5508774728396633,0.04505471512675285,0.5508774728396633,0.04189172615720467,0.005741728652006057,44,1005.0,1125.0,1050.0,1080.0,training_occluded_only,42
un_un,un -> un,0,expert2,Expert2,2,familiar_1,Familiar 1,0,occlusion,Occluded,1,1049.0,0.5687463458443277,0.04515731334686279,0.5687463458443277,0.04189172615720467,0.005741728652006057,44,1005.0,1125.0,1050.0,1080.0,training_occluded_only,42
un_un,un -> un,0,expert2,Expert2,2,familiar_1,Familiar 1,0,occlusion,Occluded,1,1050.0,0.8167604119553274,0.046581342816352844,0.8167604119553274,0.04189172615720467,0.005741728652006057,44,1005.0,1125.0,1050.0,1080.0,training_occluded_only,42
un_un,un -> un,0,expert2,Expert2,2,familiar_1,Familiar 1,0,occlusion,Occluded,1,1051.0,1.1717612814449319,0.04861966148018837,1.1717612814449319,0.04189172615720467,0.005741728652006057,44,1005.0,1125.0,1050.0,1080.0,training_occluded_only,42
un_un,un -> un,0,expert2,Expert2,2,familiar_1,Familiar 1,0,occlusion,Occluded,1,1052.0,2.0963276929853247,0.05392827093601227,2.0963276929853247,0.04189172615720467,0.005741728652006057,44,1005.0,1125.0,1050.0,1080.0,training_occluded_only,42
un_un,un -> un,0,expert2,Expert2,2,familiar_1,Familiar 1,0,occlusion,Occluded,1,1053.0,1.6267106646956766,0.051231857389211655,1.6267106646956766,0.04189172615720467,0.005741728652006057,44,1005.0,1125.0,1050.0,1080.0,training_occluded_only,42
un_un,un -> un,0,expert2,Expert2,2,familiar_1,Familiar 1,0,occlusion,Occluded,1,1054.0,1.1805740660940862,0.04867026209831238,1.1805740660940862,0.04189172615720467,0.005741728652006057,44,1005.0,1125.0,1050.0,1080.0,training_occluded_only,42
un_un,un -> un,0,expert2,Expert2,2,familiar_1,Familiar 1,0,occlusion,Occluded,1,1055.0,0.7567448489109765,0.04623674973845482,0.7567448489109765,0.04189172615720467,0.005741728652006057,44,1005.0,1125.0,1050.0,1080.0,training_occluded_only,42
un_un,un -> un,0,expert2,Expert2,2,familiar_1,Familiar 1,0,occlusion,Occluded,1,1056.0,0.35410706014652804,0.04392491281032562,0.35410706014652804,0.04189172615720467,0.005741728652006057,44,1005.0,1125.0,1050.0,1080.0,training_occluded_only,42
un_un,un -> un,0,expert2,Expert2,2,familiar_1,Familiar 1,0,occlusion,Occluded,1,1057.0,-0.028398806739203763,0.0417286679148674,-0.028398806739203763,0.04189172615720467,0.005741728652006057,44,1005.0,1125.0,1050.0,1080.0,training_occluded_only,42
un_un,un -> un,0,expert2,Expert2,2,familiar_1,Familiar 1,0,occlusion,Occluded,1,1058.0,0.29944612507165885,0.0436110645532608,0.29944612507165885,0.04189172615720467,0.005741728652006057,44,1005.0,1125.0,1050.0,1080.0,training_occluded_only,42
un_un,un -> un,0,expert2,Expert2,2,familiar_1,Familiar 1,0,occlusion,Occluded,1,1059.0,-0.08032695458428295,0.0414305105805397,-0.08032695458428295,0.04189172615720467,0.005741728652006057,44,1005.0,1125.0,1050.0,1080.0,training_occluded_only,42
un_un,un -> un,0,expert2,Expert2,2,familiar_1,Familiar 1,0,occlusion,Occluded,1,1060.0,0.7399212086288172,0.0461401529610157,0.7399212086288172,0.04189172615720467,0.005741728652006057,44,1005.0,1125.0,1050.0,1080.0,training_occluded_only,42
un_un,un -> un,0,expert2,Expert2,2,familiar_1,Familiar 1,0,occlusion,Occluded,1,1061.0,0.3381242774735349,0.04383314400911331,0.3381242774735349,0.04189172615720467,0.005741728652006057,44,1005.0,1125.0,1050.0,1080.0,training_occluded_only,42
un_un,un -> un,0,expert2,Expert2,2,familiar_1,Familiar 1,0,occlusion,Occluded,1,1062.0,-0.043582904445465795,0.0416414849460125,-0.043582904445465795,0.04189172615720467,0.005741728652006057,44,1005.0,1125.0,1050.0,1080.0,training_occluded_only,42
un_un,un -> un,0,expert2,Expert2,2,familiar_1,Familiar 1,0,occlusion,Occluded,1,1063.0,-0.4062046948280223,0.03955940902233124,-0.4062046948280223,0.04189172615720467,0.005741728652006057,44,1005.0,1125.0,1050.0,1080.0,training_occluded_only,42
un_un,un -> un,0,expert2,Expert2,2,familiar_1,Familiar 1,0,occlusion,Occluded,1,1064.0,-0.15011748733519045,0.04102979227900505,-0.15011748733519045,0.04189172615720467,0.005741728652006057,44,1005.0,1125.0,1050.0,1080.0,training_occluded_only,42
un_un,un -> un,0,expert2,Expert2,2,familiar_1,Familiar 1,0,occlusion,Occluded,1,1065.0,-0.5074125485732607,0.038978300988674164,-0.5074125485732607,0.04189172615720467,0.005741728652006057,44,1005.0,1125.0,1050.0,1080.0,training_occluded_only,42
un_un,un -> un,0,expert2,Expert2,2,familiar_1,Familiar 1,0,occlusion,Occluded,1,1066.0,0.3792562288552461,0.0440693125128746,0.3792562288552461,0.04189172615720467,0.005741728652006057,44,1005.0,1125.0,1050.0,1080.0,training_occluded_only,42
un_un,un -> un,0,expert2,Expert2,2,familiar_1,Familiar 1,0,occlusion,Occluded,1,1067.0,0.19523103751586093,0.04301268979907036,0.19523103751586093,0.04189172615720467,0.005741728652006057,44,1005.0,1125.0,1050.0,1080.0,training_occluded_only,42
un_un,un -> un,0,expert2,Expert2,2,familiar_1,Familiar 1,0,occlusion,Occluded,1,1068.0,-0.17933144996476189,0.040862053632736206,-0.17933144996476189,0.04189172615720467,0.005741728652006057,44,1005.0,1125.0,1050.0,1080.0,training_occluded_only,42
un_un,un -> un,0,expert2,Expert2,2,familiar_1,Familiar 1,0,occlusion,Occluded,1,1069.0,-0.3998625782156772,0.0395958237349987,-0.3998625782156772,0.04189172615720467,0.005741728652006057,44,1005.0,1125.0,1050.0,1080.0,training_occluded_only,42
un_un,un -> un,0,expert2,Expert2,2,familiar_1,Familiar 1,0,occlusion,Occluded,1,1070.0,-0.744669995623793,0.03761603310704231,-0.744669995623793,0.04189172615720467,0.005741728652006057,44,1005.0,1125.0,1050.0,1080.0,training_occluded_only,42
un_un,un -> un,0,expert2,Expert2,2,familiar_1,Familiar 1,0,occlusion,Occluded,1,1071.0,-1.072237236804468,0.03573523089289665,-1.072237236804468,0.04189172615720467,0.005741728652006057,44,1005.0,1125.0,1050.0,1080.0,training_occluded_only,42
un_un,un -> un,0,expert2,Expert2,2,familiar_1,Familiar 1,0,occlusion,Occluded,1,1072.0,0.10598074992566286,0.04250023886561394,0.10598074992566286,0.04189172615720467,0.005741728652006057,44,1005.0,1125.0,1050.0,1080.0,training_occluded_only,42
un_un,un -> un,0,expert2,Expert2,2,familiar_1,Familiar 1,0,occlusion,Occluded,1,1073.0,-0.26411922317545006,0.040375225245952606,-0.26411922317545006,0.04189172615720467,0.005741728652006057,44,1005.0,1125.0,1050.0,1080.0,training_occluded_only,42
un_un,un -> un,0,expert2,Expert2,2,familiar_1,Familiar 1,0,occlusion,Occluded,1,1074.0,-0.1939705473687866,0.04077799990773201,-0.1939705473687866,0.04189172615720467,0.005741728652006057,44,1005.0,1125.0,1050.0,1080.0,training_occluded_only,42
un_un,un -> un,0,expert2,Expert2,2,familiar_1,Familiar 1,0,occlusion,Occluded,1,1075.0,0.8549954272066939,0.0468008778989315,0.8549954272066939,0.04189172615720467,0.005741728652006057,44,1005.0,1125.0,1050.0,1080.0,training_occluded_only,42
un_un,un -> un,0,expert2,Expert2,2,familiar_1,Familiar 1,0,occlusion,Occluded,1,1076.0,0.4474448500035061,0.044460833072662354,0.4474448500035061,0.04189172615720467,0.005741728652006057,44,1005.0,1125.0,1050.0,1080.0,training_occluded_only,42
un_un,un -> un,0,expert2,Expert2,2,familiar_1,Familiar 1,0,occlusion,Occluded,1,1077.0,1.7594020180433747,0.05199373513460159,1.7594020180433747,0.04189172615720467,0.005741728652006057,44,1005.0,1125.0,1050.0,1080.0,training_occluded_only,42
un_un,un -> un,0,expert2,Expert2,2,familiar_1,Familiar 1,0,occlusion,Occluded,1,1078.0,3.074003086358978,0.059541817754507065,3.074003086358978,0.04189172615720467,0.005741728652006057,44,1005.0,1125.0,1050.0,1080.0,training_occluded_only,42
un_un,un -> un,0,expert2,Expert2,2,familiar_1,Familiar 1,0,occlusion,Occluded,1,1079.0,3.285164751080597,0.06075425073504448,3.285164751080597,0.04189172615720467,0.005741728652006057,44,1005.0,1125.0,1050.0,1080.0,training_occluded_only,42
un_un,un -> un,0,expert2,Expert2,2,familiar_1,Familiar 1,0,occlusion,Occluded,1,1080.0,2.7561057076837137,0.05771653726696968,2.7561057076837137,0.04189172615720467,0.005741728652006057,44,1005.0,1125.0,1050.0,1080.0,training_occluded_only,42
un_un,un -> un,0,expert2,Expert2,2,familiar_1,Familiar 1,0,occlusion,Occluded,1,1081.0,3.349594167763186,0.06112418696284294,3.349594167763186,0.04189172615720467,0.005741728652006057,44,1005.0,1125.0,1050.0,1080.0,training_occluded_only,42
un_un,un -> un,0,expert2,Expert2,2,familiar_1,Familiar 1,0,occlusion,Occluded,1,1082.0,2.8322961011266083,0.05815400183200836,2.8322961011266083,0.04189172615720467,0.005741728652006057,44,1005.0,1125.0,1050.0,1080.0,training_occluded_only,42
un_un,un -> un,0,expert2,Expert2,2,familiar_1,Familiar 1,0,occlusion,Occluded,1,1083.0,2.329696173593464,0.05526820942759514,2.329696173593464,0.04189172615720467,0.005741728652006057,44,1005.0,1125.0,1050.0,1080.0,training_occluded_only,42
un_un,un -> un,0,expert2,Expert2,2,familiar_1,Familiar 1,0,occlusion,Occluded,1,1084.0,1.848410299546984,0.05250479653477669,1.848410299546984,0.04189172615720467,0.005741728652006057,44,1005.0,1125.0,1050.0,1080.0,training_occluded_only,42
un_un,un -> un,0,expert2,Expert2,2,familiar_1,Familiar 1,0,occlusion,Occluded,1,1085.0,1.3911887840838166,0.04987955465912819,1.3911887840838166,0.04189172615720467,0.005741728652006057,44,1005.0,1125.0,1050.0,1080.0,training_occluded_only,42
un_un,un -> un,0,expert2,Expert2,2,familiar_1,Familiar 1,0,occlusion,Occluded,1,1086.0,0.9568287336797379,0.047385577112436295,0.9568287336797379,0.04189172615720467,0.005741728652006057,44,1005.0,1125.0,1050.0,1080.0,training_occluded_only,42
un_un,un -> un,0,expert2,Expert2,2,familiar_1,Familiar 1,0,occlusion,Occluded,1,1087.0,0.5441862965099329,0.045016296207904816,0.5441862965099329,0.04189172615720467,0.005741728652006057,44,1005.0,1125.0,1050.0,1080.0,training_occluded_only,42
un_un,un -> un,0,expert2,Expert2,2,familiar_1,Familiar 1,0,occlusion,Occluded,1,1088.0,0.1521760136391123,0.042765479534864426,0.1521760136391123,0.04189172615720467,0.005741728652006057,44,1005.0,1125.0,1050.0,1080.0,training_occluded_only,42
un_un,un -> un,0,expert2,Expert2,2,familiar_1,Familiar 1,0,occlusion,Occluded,1,1089.0,-0.2202337226476731,0.04062720388174057,-0.2202337226476731,0.04189172615720467,0.005741728652006057,44,1005.0,1125.0,1050.0,1080.0,training_occluded_only,42
un_un,un -> un,0,expert2,Expert2,2,familiar_1,Familiar 1,0,occlusion,Occluded,1,1090.0,-0.5740226152746832,0.03859584406018257,-0.5740226152746832,0.04189172615720467,0.005741728652006057,44,1005.0,1125.0,1050.0,1080.0,training_occluded_only,42
un_un,un -> un,0,expert2,Expert2,2,familiar_1,Familiar 1,0,occlusion,Occluded,1,1091.0,-0.9101223552347905,0.03666605055332184,-0.9101223552347905,0.04189172615720467,0.005741728652006057,44,1005.0,1125.0,1050.0,1080.0,training_occluded_only,42
un_un,un -> un,0,expert2,Expert2,2,familiar_1,Familiar 1,0,occlusion,Occluded,1,1092.0,-1.1733133821433324,0.035154879093170166,-1.1733133821433324,0.04189172615720467,0.005741728652006057,44,1005.0,1125.0,1050.0,1080.0,training_occluded_only,42
un_un,un -> un,0,expert2,Expert2,2,familiar_1,Familiar 1,0,occlusion,Occluded,1,1093.0,-1.4794484864385247,0.0333971343934536,-1.4794484864385247,0.04189172615720467,0.005741728652006057,44,1005.0,1125.0,1050.0,1080.0,training_occluded_only,42
un_un,un -> un,0,expert2,Expert2,2,familiar_1,Familiar 1,0,occlusion,Occluded,1,1094.0,-1.7702768679594514,0.031727276742458344,-1.7702768679594514,0.04189172615720467,0.005741728652006057,44,1005.0,1125.0,1050.0,1080.0,training_occluded_only,42
un_un,un -> un,0,expert2,Expert2,2,familiar_1,Familiar 1,0,occlusion,Occluded,1,1095.0,-2.0465637979638376,0.030140912160277367,-2.0465637979638376,0.04189172615720467,0.005741728652006057,44,1005.0,1125.0,1050.0,1080.0,training_occluded_only,42
un_un,un -> un,0,expert2,Expert2,2,familiar_1,Familiar 1,0,occlusion,Occluded,1,1096.0,-2.285886731278861,0.028766784816980362,-2.285886731278861,0.04189172615720467,0.005741728652006057,44,1005.0,1125.0,1050.0,1080.0,training_occluded_only,42
un_un,un -> un,0,expert2,Expert2,2,familiar_1,Familiar 1,0,occlusion,Occluded,1,1097.0,-1.1952100669054841,0.035029154270887375,-1.1952100669054841,0.04189172615720467,0.005741728652006057,44,1005.0,1125.0,1050.0,1080.0,training_occluded_only,42
un_un,un -> un,0,expert2,Expert2,2,familiar_1,Familiar 1,0,occlusion,Occluded,1,1098.0,-1.5002499801171327,0.03327769786119461,-1.5002499801171327,0.04189172615720467,0.005741728652006057,44,1005.0,1125.0,1050.0,1080.0,training_occluded_only,42
un_un,un -> un,0,expert2,Expert2,2,familiar_1,Familiar 1,0,occlusion,Occluded,1,1099.0,-1.2738918903014633,0.0345773845911026,-1.2738918903014633,0.04189172615720467,0.005741728652006057,44,1005.0,1125.0,1050.0,1080.0,training_occluded_only,42
un_un,un -> un,0,expert2,Expert2,2,familiar_1,Familiar 1,0,occlusion,Occluded,1,1100.0,-1.3001304108047724,0.0344267301261425,-1.3001304108047724,0.04189172615720467,0.005741728652006057,44,1005.0,1125.0,1050.0,1080.0,training_occluded_only,42
un_un,un -> un,0,expert2,Expert2,2,familiar_1,Familiar 1,0,occlusion,Occluded,1,1101.0,-1.5210469321265556,0.03315828740596771,-1.5210469321265556,0.04189172615720467,0.005741728652006057,44,1005.0,1125.0,1050.0,1080.0,training_occluded_only,42
un_un,un -> un,0,expert2,Expert2,2,familiar_1,Familiar 1,0,occlusion,Occluded,1,1102.0,-1.8031293564163406,0.031538646668195724,-1.8031293564163406,0.04189172615720467,0.005741728652006057,44,1005.0,1125.0,1050.0,1080.0,training_occluded_only,42
un_un,un -> un,0,expert2,Expert2,2,familiar_1,Familiar 1,0,occlusion,Occluded,1,1103.0,-2.0369922301557946,0.030195869505405426,-2.0369922301557946,0.04189172615720467,0.005741728652006057,44,1005.0,1125.0,1050.0,1080.0,training_occluded_only,42
un_un,un -> un,0,expert2,Expert2,2,familiar_1,Familiar 1,0,occlusion,Occluded,1,1104.0,-2.1501800339970583,0.029545975849032402,-2.1501800339970583,0.04189172615720467,0.005741728652006057,44,1005.0,1125.0,1050.0,1080.0,training_occluded_only,42
un_un,un -> un,0,expert2,Expert2,2,familiar_1,Familiar 1,0,occlusion,Occluded,1,1105.0,-2.407471757038823,0.028068676590919495,-2.407471757038823,0.04189172615720467,0.005741728652006057,44,1005.0,1125.0,1050.0,1080.0,training_occluded_only,42
un_un,un -> un,0,expert2,Expert2,2,familiar_1,Familiar 1,0,occlusion,Occluded,1,1106.0,-2.4818033101651578,0.027641884982585907,-2.4818033101651578,0.04189172615720467,0.005741728652006057,44,1005.0,1125.0,1050.0,1080.0,training_occluded_only,42
un_un,un -> un,0,expert2,Expert2,2,familiar_1,Familiar 1,0,occlusion,Occluded,1,1107.0,-2.7225137234162937,0.02625979110598564,-2.7225137234162937,0.04189172615720467,0.005741728652006057,44,1005.0,1125.0,1050.0,1080.0,training_occluded_only,42
un_un,un -> un,0,expert2,Expert2,2,familiar_1,Familiar 1,0,occlusion,Occluded,1,1108.0,-2.9511887133263555,0.024946801364421844,-2.9511887133263555,0.04189172615720467,0.005741728652006057,44,1005.0,1125.0,1050.0,1080.0,training_occluded_only,42
un_un,un -> un,0,expert2,Expert2,2,familiar_1,Familiar 1,0,occlusion,Occluded,1,1109.0,-3.1684300510623964,0.023699460551142693,-3.1684300510623964,0.04189172615720467,0.005741728652006057,44,1005.0,1125.0,1050.0,1080.0,training_occluded_only,42
un_un,un -> un,0,expert2,Expert2,2,familiar_1,Familiar 1,0,occlusion,Occluded,1,1110.0,-3.2995859958205176,0.022946398705244064,-3.2995859958205176,0.04189172615720467,0.005741728652006057,44,1005.0,1125.0,1050.0,1080.0,training_occluded_only,42
un_un,un -> un,0,expert2,Expert2,2,familiar_1,Familiar 1,0,occlusion,Occluded,1,1111.0,-3.1714324187988288,0.02368222177028656,-3.1714324187988288,0.04189172615720467,0.005741728652006057,44,1005.0,1125.0,1050.0,1080.0,training_occluded_only,42
un_un,un -> un,0,expert2,Expert2,2,familiar_1,Familiar 1,0,occlusion,Occluded,1,1112.0,-3.377661506380258,0.022498110309243202,-3.377661506380258,0.04189172615720467,0.005741728652006057,44,1005.0,1125.0,1050.0,1080.0,training_occluded_only,42
un_un,un -> un,0,expert2,Expert2,2,familiar_1,Familiar 1,0,occlusion,Occluded,1,1113.0,-3.5735790584813802,0.0213732048869133,-3.5735790584813802,0.04189172615720467,0.005741728652006057,44,1005.0,1125.0,1050.0,1080.0,training_occluded_only,42
un_un,un -> un,0,expert2,Expert2,2,familiar_1,Familiar 1,0,occlusion,Occluded,1,1114.0,-3.75970087895967,0.020304543897509575,-3.75970087895967,0.04189172615720467,0.005741728652006057,44,1005.0,1125.0,1050.0,1080.0,training_occluded_only,42
un_un,un -> un,0,expert2,Expert2,2,familiar_1,Familiar 1,0,occlusion,Occluded,1,1115.0,-3.6315028584609537,0.021040622144937515,-3.6315028584609537,0.04189172615720467,0.005741728652006057,44,1005.0,1125.0,1050.0,1080.0,training_occluded_only,42
un_un,un -> un,0,expert2,Expert2,2,familiar_1,Familiar 1,0,occlusion,Occluded,1,1116.0,-3.814728391618782,0.019988590851426125,-3.814728391618782,0.04189172615720467,0.005741728652006057,44,1005.0,1125.0,1050.0,1080.0,training_occluded_only,42
un_un,un -> un,0,expert2,Expert2,2,familiar_1,Familiar 1,0,occlusion,Occluded,1,1117.0,-3.8931467982020136,0.019538333639502525,-3.8931467982020136,0.04189172615720467,0.005741728652006057,44,1005.0,1125.0,1050.0,1080.0,training_occluded_only,42
un_un,un -> un,0,expert2,Expert2,2,familiar_1,Familiar 1,0,occlusion,Occluded,1,1118.0,-2.600484262886055,0.026960451155900955,-2.600484262886055,0.04189172615720467,0.005741728652006057,44,1005.0,1125.0,1050.0,1080.0,training_occluded_only,42
un_un,un -> un,0,expert2,Expert2,2,familiar_1,Familiar 1,0,occlusion,Occluded,1,1119.0,-2.8352606609416404,0.025612428784370422,-2.8352606609416404,0.04189172615720467,0.005741728652006057,44,1005.0,1125.0,1050.0,1080.0,training_occluded_only,42
un_un,un -> un,0,expert2,Expert2,2,familiar_1,Familiar 1,0,occlusion,Occluded,1,1120.0,-2.9163320511389768,0.025146938860416412,-2.9163320511389768,0.04189172615720467,0.005741728652006057,44,1005.0,1125.0,1050.0,1080.0,training_occluded_only,42
un_un,un -> un,0,expert2,Expert2,2,familiar_1,Familiar 1,0,occlusion,Occluded,1,1121.0,-3.13531609222241,0.023889591917395592,-3.13531609222241,0.04189172615720467,0.005741728652006057,44,1005.0,1125.0,1050.0,1080.0,training_occluded_only,42
un_un,un -> un,0,expert2,Expert2,2,familiar_1,Familiar 1,0,occlusion,Occluded,1,1122.0,-2.4663973194786992,0.027730342000722885,-2.4663973194786992,0.04189172615720467,0.005741728652006057,44,1005.0,1125.0,1050.0,1080.0,training_occluded_only,42
un_un,un -> un,0,expert2,Expert2,2,familiar_1,Familiar 1,0,occlusion,Occluded,1,1123.0,-2.707878194466629,0.026343824341893196,-2.707878194466629,0.04189172615720467,0.005741728652006057,44,1005.0,1125.0,1050.0,1080.0,training_occluded_only,42
un_un,un -> un,0,expert2,Expert2,2,familiar_1,Familiar 1,0,occlusion,Occluded,1,1124.0,-2.466698367264697,0.0277286134660244,-2.466698367264697,0.04189172615720467,0.005741728652006057,44,1005.0,1125.0,1050.0,1080.0,training_occluded_only,42
un_un,un -> un,0,expert2,Expert2,2,familiar_2,Familiar 2,1,full,Nonoccluded,0,1006.0,-1.515768800973227,0.023888861760497093,-1.515768800973227,0.0386960825628855,0.00976878584179933,44,1005.0,1125.0,1050.0,1080.0,training_occluded_only,42
un_un,un -> un,0,expert2,Expert2,2,familiar_2,Familiar 2,1,full,Nonoccluded,0,1007.0,-1.6380402452478346,0.02269441820681095,-1.6380402452478346,0.0386960825628855,0.00976878584179933,44,1005.0,1125.0,1050.0,1080.0,training_occluded_only,42
un_un,un -> un,0,expert2,Expert2,2,familiar_2,Familiar 2,1,full,Nonoccluded,0,1008.0,-1.7541981363760266,0.0215596966445446,-1.7541981363760266,0.0386960825628855,0.00976878584179933,44,1005.0,1125.0,1050.0,1080.0,training_occluded_only,42
un_un,un -> un,0,expert2,Expert2,2,familiar_2,Familiar 2,1,full,Nonoccluded,0,1009.0,-1.8645481234141517,0.020481711253523827,-1.8645481234141517,0.0386960825628855,0.00976878584179933,44,1005.0,1125.0,1050.0,1080.0,training_occluded_only,42
un_un,un -> un,0,expert2,Expert2,2,familiar_2,Familiar 2,1,full,Nonoccluded,0,1010.0,-1.3795623910185681,0.02521943300962448,-1.3795623910185681,0.0386960825628855,0.00976878584179933,44,1005.0,1125.0,1050.0,1080.0,training_occluded_only,42
un_un,un -> un,0,expert2,Expert2,2,familiar_2,Familiar 2,1,full,Nonoccluded,0,1011.0,-1.5086441081226216,0.023958461359143257,-1.5086441081226216,0.0386960825628855,0.00976878584179933,44,1005.0,1125.0,1050.0,1080.0,training_occluded_only,42
un_un,un -> un,0,expert2,Expert2,2,familiar_2,Familiar 2,1,full,Nonoccluded,0,1012.0,-1.631271729837815,0.022760538384318352,-1.631271729837815,0.0386960825628855,0.00976878584179933,44,1005.0,1125.0,1050.0,1080.0,training_occluded_only,42
un_un,un -> un,0,expert2,Expert2,2,familiar_2,Familiar 2,1,full,Nonoccluded,0,1013.0,-1.7042860077532869,0.02204727753996849,-1.7042860077532869,0.0386960825628855,0.00976878584179933,44,1005.0,1125.0,1050.0,1080.0,training_occluded_only,42
un_un,un -> un,0,expert2,Expert2,2,familiar_2,Familiar 2,1,full,Nonoccluded,0,1014.0,-1.2403225619513394,0.026579637080430984,-1.2403225619513394,0.0386960825628855,0.00976878584179933,44,1005.0,1125.0,1050.0,1080.0,training_occluded_only,42
un_un,un -> un,0,expert2,Expert2,2,familiar_2,Familiar 2,1,full,Nonoccluded,0,1015.0,-1.3763663277106988,0.02525065466761589,-1.3763663277106988,0.0386960825628855,0.00976878584179933,44,1005.0,1125.0,1050.0,1080.0,training_occluded_only,42
un_un,un -> un,0,expert2,Expert2,2,familiar_2,Familiar 2,1,full,Nonoccluded,0,1016.0,-1.2766845033068237,0.026224425062537193,-1.2766845033068237,0.0386960825628855,0.00976878584179933,44,1005.0,1125.0,1050.0,1080.0,training_occluded_only,42
un_un,un -> un,0,expert2,Expert2,2,familiar_2,Familiar 2,1,full,Nonoccluded,0,1017.0,-1.0650260592386789,0.02829207107424736,-1.0650260592386789,0.0386960825628855,0.00976878584179933,44,1005.0,1125.0,1050.0,1080.0,training_occluded_only,42
un_un,un -> un,0,expert2,Expert2,2,familiar_2,Familiar 2,1,full,Nonoccluded,0,1018.0,0.2413877939672958,0.041054148226976395,0.2413877939672958,0.0386960825628855,0.00976878584179933,44,1005.0,1125.0,1050.0,1080.0,training_occluded_only,42
un_un,un -> un,0,expert2,Expert2,2,familiar_2,Familiar 2,1,full,Nonoccluded,0,1019.0,0.8937363100576935,0.047426801174879074,0.8937363100576935,0.0386960825628855,0.00976878584179933,44,1005.0,1125.0,1050.0,1080.0,training_occluded_only,42
un_un,un -> un,0,expert2,Expert2,2,familiar_2,Familiar 2,1,full,Nonoccluded,0,1020.0,0.6509895625632529,0.045055460184812546,0.6509895625632529,0.0386960825628855,0.00976878584179933,44,1005.0,1125.0,1050.0,1080.0,training_occluded_only,42
un_un,un -> un,0,expert2,Expert2,2,familiar_2,Familiar 2,1,full,Nonoccluded,0,1021.0,0.42038030498205275,0.04280268773436546,0.42038030498205275,0.0386960825628855,0.00976878584179933,44,1005.0,1125.0,1050.0,1080.0,training_occluded_only,42
un_un,un -> un,0,expert2,Expert2,2,familiar_2,Familiar 2,1,full,Nonoccluded,0,1022.0,0.20130143401065342,0.040662553161382675,0.20130143401065342,0.0386960825628855,0.00976878584179933,44,1005.0,1125.0,1050.0,1080.0,training_occluded_only,42
un_un,un -> un,0,expert2,Expert2,2,familiar_2,Familiar 2,1,full,Nonoccluded,0,1023.0,0.8920519034676851,0.04741034656763077,0.8920519034676851,0.0386960825628855,0.00976878584179933,44,1005.0,1125.0,1050.0,1080.0,training_occluded_only,42
un_un,un -> un,0,expert2,Expert2,2,familiar_2,Familiar 2,1,full,Nonoccluded,0,1024.0,0.9113922622222379,0.04759927839040756,0.9113922622222379,0.0386960825628855,0.00976878584179933,44,1005.0,1125.0,1050.0,1080.0,training_occluded_only,42
un_un,un -> un,0,expert2,Expert2,2,familiar_2,Familiar 2,1,full,Nonoccluded,0,1025.0,0.6677626980522553,0.045219313353300095,0.6677626980522553,0.0386960825628855,0.00976878584179933,44,1005.0,1125.0,1050.0,1080.0,training_occluded_only,42
un_un,un -> un,0,expert2,Expert2,2,familiar_2,Familiar 2,1,full,Nonoccluded,0,1026.0,0.958951865544149,0.04806387796998024,0.958951865544149,0.0386960825628855,0.00976878584179933,44,1005.0,1125.0,1050.0,1080.0,training_occluded_only,42
un_un,un -> un,0,expert2,Expert2,2,familiar_2,Familiar 2,1,full,Nonoccluded,0,1027.0,0.7129442258714969,0.045660682022571564,0.7129442258714969,0.0386960825628855,0.00976878584179933,44,1005.0,1125.0,1050.0,1080.0,training_occluded_only,42
un_un,un -> un,0,expert2,Expert2,2,familiar_2,Familiar 2,1,full,Nonoccluded,0,1028.0,0.7219508626935062,0.04574866592884064,0.7219508626935062,0.0386960825628855,0.00976878584179933,44,1005.0,1125.0,1050.0,1080.0,training_occluded_only,42
un_un,un -> un,0,expert2,Expert2,2,familiar_2,Familiar 2,1,full,Nonoccluded,0,1029.0,0.5586549465737753,0.04415346309542656,0.5586549465737753,0.0386960825628855,0.00976878584179933,44,1005.0,1125.0,1050.0,1080.0,training_occluded_only,42
un_un,un -> un,0,expert2,Expert2,2,familiar_2,Familiar 2,1,full,Nonoccluded,0,1030.0,0.6665858633823967,0.04520781710743904,0.6665858633823967,0.0386960825628855,0.00976878584179933,44,1005.0,1125.0,1050.0,1080.0,training_occluded_only,42
un_un,un -> un,0,expert2,Expert2,2,familiar_2,Familiar 2,1,full,Nonoccluded,0,1031.0,1.453424159075422,0.05289427191019058,1.453424159075422,0.0386960825628855,0.00976878584179933,44,1005.0,1125.0,1050.0,1080.0,training_occluded_only,42
un_un,un -> un,0,expert2,Expert2,2,familiar_2,Familiar 2,1,full,Nonoccluded,0,1032.0,1.5997455888617935,0.05432365462183952,1.5997455888617935,0.0386960825628855,0.00976878584179933,44,1005.0,1125.0,1050.0,1080.0,training_occluded_only,42
un_un,un -> un,0,expert2,Expert2,2,familiar_2,Familiar 2,1,full,Nonoccluded,0,1033.0,1.3261677560177971,0.051651131361722946,1.3261677560177971,0.0386960825628855,0.00976878584179933,44,1005.0,1125.0,1050.0,1080.0,training_occluded_only,42
un_un,un -> un,0,expert2,Expert2,2,familiar_2,Familiar 2,1,full,Nonoccluded,0,1034.0,1.0617994362253513,0.049068573862314224,1.0617994362253513,0.0386960825628855,0.00976878584179933,44,1005.0,1125.0,1050.0,1080.0,training_occluded_only,42
un_un,un -> un,0,expert2,Expert2,2,familiar_2,Familiar 2,1,full,Nonoccluded,0,1035.0,0.8106497230956758,0.04661514610052109,0.8106497230956758,0.0386960825628855,0.00976878584179933,44,1005.0,1125.0,1050.0,1080.0,training_occluded_only,42
un_un,un -> un,0,expert2,Expert2,2,familiar_2,Familiar 2,1,full,Nonoccluded,0,1036.0,0.5720573621512806,0.044284388422966,0.5720573621512806,0.0386960825628855,0.00976878584179933,44,1005.0,1125.0,1050.0,1080.0,training_occluded_only,42
un_un,un -> un,0,expert2,Expert2,2,familiar_2,Familiar 2,1,full,Nonoccluded,0,1037.0,0.6165120439300974,0.044718656688928604,0.6165120439300974,0.0386960825628855,0.00976878584179933,44,1005.0,1125.0,1050.0,1080.0,training_occluded_only,42
un_un,un -> un,0,expert2,Expert2,2,familiar_2,Familiar 2,1,full,Nonoccluded,0,1038.0,0.6973082650375555,0.04550793766975403,0.6973082650375555,0.0386960825628855,0.00976878584179933,44,1005.0,1125.0,1050.0,1080.0,training_occluded_only,42
un_un,un -> un,0,expert2,Expert2,2,familiar_2,Familiar 2,1,full,Nonoccluded,0,1039.0,0.464383091399955,0.04323254153132439,0.464383091399955,0.0386960825628855,0.00976878584179933,44,1005.0,1125.0,1050.0,1080.0,training_occluded_only,42
un_un,un -> un,0,expert2,Expert2,2,familiar_2,Familiar 2,1,full,Nonoccluded,0,1040.0,0.542834795478803,0.04399891942739487,0.542834795478803,0.0386960825628855,0.00976878584179933,44,1005.0,1125.0,1050.0,1080.0,training_occluded_only,42
un_un,un -> un,0,expert2,Expert2,2,familiar_2,Familiar 2,1,full,Nonoccluded,0,1041.0,0.3457470213663592,0.04207361117005348,0.3457470213663592,0.0386960825628855,0.00976878584179933,44,1005.0,1125.0,1050.0,1080.0,training_occluded_only,42
un_un,un -> un,0,expert2,Expert2,2,familiar_2,Familiar 2,1,full,Nonoccluded,0,1042.0,0.1303996239025965,0.039969928562641144,0.1303996239025965,0.0386960825628855,0.00976878584179933,44,1005.0,1125.0,1050.0,1080.0,training_occluded_only,42
un_un,un -> un,0,expert2,Expert2,2,familiar_2,Familiar 2,1,full,Nonoccluded,0,1043.0,0.20748229477833602,0.040722932666540146,0.20748229477833602,0.0386960825628855,0.00976878584179933,44,1005.0,1125.0,1050.0,1080.0,training_occluded_only,42
un_un,un -> un,0,expert2,Expert2,2,familiar_2,Familiar 2,1,full,Nonoccluded,0,1044.0,-0.0009516756828774703,0.038686785846948624,-0.0009516756828774703,0.0386960825628855,0.00976878584179933,44,1005.0,1125.0,1050.0,1080.0,training_occluded_only,42
un_un,un -> un,0,expert2,Expert2,2,familiar_2,Familiar 2,1,full,Nonoccluded,0,1045.0,0.112471771828911,0.03979479521512985,0.112471771828911,0.0386960825628855,0.00976878584179933,44,1005.0,1125.0,1050.0,1080.0,training_occluded_only,42
un_un,un -> un,0,expert2,Expert2,2,familiar_2,Familiar 2,1,full,Nonoccluded,0,1046.0,-0.09121176782140528,0.03780505433678627,-0.09121176782140528,0.0386960825628855,0.00976878584179933,44,1005.0,1125.0,1050.0,1080.0,training_occluded_only,42
un_un,un -> un,0,expert2,Expert2,2,familiar_2,Familiar 2,1,full,Nonoccluded,0,1047.0,0.06733943768187031,0.039353907108306885,0.06733943768187031,0.0386960825628855,0.00976878584179933,44,1005.0,1125.0,1050.0,1080.0,training_occluded_only,42
un_un,un -> un,0,expert2,Expert2,2,familiar_2,Familiar 2,1,full,Nonoccluded,0,1048.0,-0.13408729458794588,0.0373862124979496,-0.13408729458794588,0.0386960825628855,0.00976878584179933,44,1005.0,1125.0,1050.0,1080.0,training_occluded_only,42
un_un,un -> un,0,expert2,Expert2,2,familiar_2,Familiar 2,1,full,Nonoccluded,0,1049.0,-0.3254426711769564,0.035516902804374695,-0.3254426711769564,0.0386960825628855,0.00976878584179933,44,1005.0,1125.0,1050.0,1080.0,training_occluded_only,42
un_un,un -> un,0,expert2,Expert2,2,familiar_2,Familiar 2,1,full,Nonoccluded,0,1050.0,-0.27641183384457396,0.03599587455391884,-0.27641183384457396,0.0386960825628855,0.00976878584179933,44,1005.0,1125.0,1050.0,1080.0,training_occluded_only,42
un_un,un -> un,0,expert2,Expert2,2,familiar_2,Familiar 2,1,full,Nonoccluded,0,1051.0,-0.46065128854779,0.03419607877731323,-0.46065128854779,0.0386960825628855,0.00976878584179933,44,1005.0,1125.0,1050.0,1080.0,training_occluded_only,42
un_un,un -> un,0,expert2,Expert2,2,familiar_2,Familiar 2,1,full,Nonoccluded,0,1052.0,-0.6356785607753824,0.03248627483844757,-0.6356785607753824,0.0386960825628855,0.00976878584179933,44,1005.0,1125.0,1050.0,1080.0,training_occluded_only,42
un_un,un -> un,0,expert2,Expert2,2,familiar_2,Familiar 2,1,full,Nonoccluded,0,1053.0,-0.8019545075262248,0.030861960723996162,-0.8019545075262248,0.0386960825628855,0.00976878584179933,44,1005.0,1125.0,1050.0,1080.0,training_occluded_only,42
un_un,un -> un,0,expert2,Expert2,2,familiar_2,Familiar 2,1,full,Nonoccluded,0,1054.0,-0.9599167236751269,0.029318861663341522,-0.9599167236751269,0.0386960825628855,0.00976878584179933,44,1005.0,1125.0,1050.0,1080.0,training_occluded_only,42
un_un,un -> un,0,expert2,Expert2,2,familiar_2,Familiar 2,1,full,Nonoccluded,0,1055.0,-1.1099806860117227,0.027852918952703476,-1.1099806860117227,0.0386960825628855,0.00976878584179933,44,1005.0,1125.0,1050.0,1080.0,training_occluded_only,42
un_un,un -> un,0,expert2,Expert2,2,familiar_2,Familiar 2,1,full,Nonoccluded,0,1056.0,-1.2525414692988037,0.026460273191332817,-1.2525414692988037,0.0386960825628855,0.00976878584179933,44,1005.0,1125.0,1050.0,1080.0,training_occluded_only,42
un_un,un -> un,0,expert2,Expert2,2,familiar_2,Familiar 2,1,full,Nonoccluded,0,1057.0,-1.387974318291762,0.02513725869357586,-1.387974318291762,0.0386960825628855,0.00976878584179933,44,1005.0,1125.0,1050.0,1080.0,training_occluded_only,42
un_un,un -> un,0,expert2,Expert2,2,familiar_2,Familiar 2,1,full,Nonoccluded,0,1058.0,-1.5166354104311837,0.02388039603829384,-1.5166354104311837,0.0386960825628855,0.00976878584179933,44,1005.0,1125.0,1050.0,1080.0,training_occluded_only,42
un_un,un -> un,0,expert2,Expert2,2,familiar_2,Familiar 2,1,full,Nonoccluded,0,1059.0,-1.6388635719011804,0.022686375305056572,-1.6388635719011804,0.0386960825628855,0.00976878584179933,44,1005.0,1125.0,1050.0,1080.0,training_occluded_only,42
un_un,un -> un,0,expert2,Expert2,2,familiar_2,Familiar 2,1,full,Nonoccluded,0,1060.0,-1.7549802776293904,0.021552056074142456,-1.7549802776293904,0.0386960825628855,0.00976878584179933,44,1005.0,1125.0,1050.0,1080.0,training_occluded_only,42
un_un,un -> un,0,expert2,Expert2,2,familiar_2,Familiar 2,1,full,Nonoccluded,0,1061.0,-1.8652911766721618,0.020474452525377274,-1.8652911766721618,0.0386960825628855,0.00976878584179933,44,1005.0,1125.0,1050.0,1080.0,training_occluded_only,42
un_un,un -> un,0,expert2,Expert2,2,familiar_2,Familiar 2,1,full,Nonoccluded,0,1062.0,-1.9700864735608505,0.019450729712843895,-1.9700864735608505,0.0386960825628855,0.00976878584179933,44,1005.0,1125.0,1050.0,1080.0,training_occluded_only,42
un_un,un -> un,0,expert2,Expert2,2,familiar_2,Familiar 2,1,full,Nonoccluded,0,1063.0,-2.0696420723407063,0.018478192389011383,-2.0696420723407063,0.0386960825628855,0.00976878584179933,44,1005.0,1125.0,1050.0,1080.0,training_occluded_only,42
un_un,un -> un,0,expert2,Expert2,2,familiar_2,Familiar 2,1,full,Nonoccluded,0,1064.0,-2.1642197672440235,0.017554283142089844,-2.1642197672440235,0.0386960825628855,0.00976878584179933,44,1005.0,1125.0,1050.0,1080.0,training_occluded_only,42
un_un,un -> un,0,expert2,Expert2,2,familiar_2,Familiar 2,1,full,Nonoccluded,0,1065.0,-2.2540685774021747,0.01667656935751438,-2.2540685774021747,0.0386960825628855,0.00976878584179933,44,1005.0,1125.0,1050.0,1080.0,training_occluded_only,42
un_un,un -> un,0,expert2,Expert2,2,familiar_2,Familiar 2,1,full,Nonoccluded,0,1066.0,-2.3394249375187606,0.01584274135529995,-2.3394249375187606,0.0386960825628855,0.00976878584179933,44,1005.0,1125.0,1050.0,1080.0,training_occluded_only,42
un_un,un -> un,0,expert2,Expert2,2,familiar_2,Familiar 2,1,full,Nonoccluded,0,1067.0,-2.420513555898777,0.01505060400813818,-2.420513555898777,0.0386960825628855,0.00976878584179933,44,1005.0,1125.0,1050.0,1080.0,training_occluded_only,42
un_un,un -> un,0,expert2,Expert2,2,familiar_2,Familiar 2,1,full,Nonoccluded,0,1068.0,-2.4975477004583335,0.014298073947429657,-2.4975477004583335,0.0386960825628855,0.00976878584179933,44,1005.0,1125.0,1050.0,1080.0,training_occluded_only,42
un_un,un -> un,0,expert2,Expert2,2,familiar_2,Familiar 2,1,full,Nonoccluded,0,1069.0,-2.570730152090399,0.013583170250058174,-2.570730152090399,0.0386960825628855,0.00976878584179933,44,1005.0,1125.0,1050.0,1080.0,training_occluded_only,42
un_un,un -> un,0,expert2,Expert2,2,familiar_2,Familiar 2,1,full,Nonoccluded,0,1070.0,-2.6402534906745183,0.012904011644423008,-2.6402534906745183,0.0386960825628855,0.00976878584179933,44,1005.0,1125.0,1050.0,1080.0,training_occluded_only,42
un_un,un -> un,0,expert2,Expert2,2,familiar_2,Familiar 2,1,full,Nonoccluded,0,1071.0,-2.70630066709626,0.012258810922503471,-2.70630066709626,0.0386960825628855,0.00976878584179933,44,1005.0,1125.0,1050.0,1080.0,training_occluded_only,42
un_un,un -> un,0,expert2,Expert2,2,familiar_2,Familiar 2,1,full,Nonoccluded,0,1072.0,-2.7690454799300865,0.01164587028324604,-2.7690454799300865,0.0386960825628855,0.00976878584179933,44,1005.0,1125.0,1050.0,1080.0,training_occluded_only,42
un_un,un -> un,0,expert2,Expert2,2,familiar_2,Familiar 2,1,full,Nonoccluded,0,1073.0,-2.8286530521222217,0.01106357667595148,-2.8286530521222217,0.0386960825628855,0.00976878584179933,44,1005.0,1125.0,1050.0,1080.0,training_occluded_only,42
un_un,un -> un,0,expert2,Expert2,2,familiar_2,Familiar 2,1,full,Nonoccluded,0,1074.0,-2.8852802123369488,0.01051039807498455,-2.8852802123369488,0.0386960825628855,0.00976878584179933,44,1005.0,1125.0,1050.0,1080.0,training_occluded_only,42
un_un,un -> un,0,expert2,Expert2,2,familiar_2,Familiar 2,1,full,Nonoccluded,0,1075.0,-2.9390760669760554,0.00998487789183855,-2.9390760669760554,0.0386960825628855,0.00976878584179933,44,1005.0,1125.0,1050.0,1080.0,training_occluded_only,42
un_un,un -> un,0,expert2,Expert2,2,familiar_2,Familiar 2,1,full,Nonoccluded,0,1076.0,-2.990182095515406,0.009485634043812752,-2.990182095515406,0.0386960825628855,0.00976878584179933,44,1005.0,1125.0,1050.0,1080.0,training_occluded_only,42
un_un,un -> un,0,expert2,Expert2,2,familiar_2,Familiar 2,1,full,Nonoccluded,0,1077.0,-3.0387328178609603,0.009011352434754372,-3.0387328178609603,0.0386960825628855,0.00976878584179933,44,1005.0,1125.0,1050.0,1080.0,training_occluded_only,42
un_un,un -> un,0,expert2,Expert2,2,familiar_2,Familiar 2,1,full,Nonoccluded,0,1078.0,-3.084855985021922,0.008560785092413425,-3.084855985021922,0.0386960825628855,0.00976878584179933,44,1005.0,1125.0,1050.0,1080.0,training_occluded_only,42
un_un,un -> un,0,expert2,Expert2,2,familiar_2,Familiar 2,1,full,Nonoccluded,0,1079.0,-3.1286730557936084,0.008132745511829853,-3.1286730557936084,0.0386960825628855,0.00976878584179933,44,1005.0,1125.0,1050.0,1080.0,training_occluded_only,42
un_un,un -> un,0,expert2,Expert2,2,familiar_2,Familiar 2,1,full,Nonoccluded,0,1080.0,-3.1702992444257387,0.007726108189672232,-3.1702992444257387,0.0386960825628855,0.00976878584179933,44,1005.0,1125.0,1050.0,1080.0,training_occluded_only,42
un_un,un -> un,0,expert2,Expert2,2,familiar_2,Familiar 2,1,full,Nonoccluded,0,1081.0,-3.209844140310163,0.007339802570641041,-3.209844140310163,0.0386960825628855,0.00976878584179933,44,1005.0,1125.0,1050.0,1080.0,training_occluded_only,42
un_un,un -> un,0,expert2,Expert2,2,familiar_2,Familiar 2,1,full,Nonoccluded,0,1082.0,-3.2474117556491504,0.006972812581807375,-3.2474117556491504,0.0386960825628855,0.00976878584179933,44,1005.0,1125.0,1050.0,1080.0,training_occluded_only,42
un_un,un -> un,0,expert2,Expert2,2,familiar_2,Familiar 2,1,full,Nonoccluded,0,1083.0,-3.2831010021382605,0.006624171976000071,-3.2831010021382605,0.0386960825628855,0.00976878584179933,44,1005.0,1125.0,1050.0,1080.0,training_occluded_only,42
un_un,un -> un,0,expert2,Expert2,2,familiar_2,Familiar 2,1,full,Nonoccluded,0,1084.0,-2.7533139918489646,0.01179954782128334,-2.7533139918489646,0.0386960825628855,0.00976878584179933,44,1005.0,1125.0,1050.0,1080.0,training_occluded_only,42
un_un,un -> un,0,expert2,Expert2,2,familiar_2,Familiar 2,1,full,Nonoccluded,0,1085.0,-2.7789913726794655,0.011548710986971855,-2.7789913726794655,0.0386960825628855,0.00976878584179933,44,1005.0,1125.0,1050.0,1080.0,training_occluded_only,42
un_un,un -> un,0,expert2,Expert2,2,familiar_2,Familiar 2,1,full,Nonoccluded,0,1086.0,-2.8381016693014463,0.01097127515822649,-2.8381016693014463,0.0386960825628855,0.00976878584179933,44,1005.0,1125.0,1050.0,1080.0,training_occluded_only,42
un_un,un -> un,0,expert2,Expert2,2,familiar_2,Familiar 2,1,full,Nonoccluded,0,1087.0,-2.7223522953929837,0.012102006003260612,-2.7223522953929837,0.0386960825628855,0.00976878584179933,44,1005.0,1125.0,1050.0,1080.0,training_occluded_only,42
un_un,un -> un,0,expert2,Expert2,2,familiar_2,Familiar 2,1,full,Nonoccluded,0,1088.0,-2.705217548278676,0.012269391678273678,-2.705217548278676,0.0386960825628855,0.00976878584179933,44,1005.0,1125.0,1050.0,1080.0,training_occluded_only,42
un_un,un -> un,0,expert2,Expert2,2,familiar_2,Familiar 2,1,full,Nonoccluded,0,1089.0,-2.7680165122865525,0.011655922047793865,-2.7680165122865525,0.0386960825628855,0.00976878584179933,44,1005.0,1125.0,1050.0,1080.0,training_occluded_only,42
un_un,un -> un,0,expert2,Expert2,2,familiar_2,Familiar 2,1,full,Nonoccluded,0,1090.0,-2.827675566228665,0.011073125526309013,-2.827675566228665,0.0386960825628855,0.00976878584179933,44,1005.0,1125.0,1050.0,1080.0,training_occluded_only,42
un_un,un -> un,0,expert2,Expert2,2,familiar_2,Familiar 2,1,full,Nonoccluded,0,1091.0,-2.884351634105871,0.010519469156861305,-2.884351634105871,0.0386960825628855,0.00976878584179933,44,1005.0,1125.0,1050.0,1080.0,training_occluded_only,42
un_un,un -> un,0,expert2,Expert2,2,familiar_2,Familiar 2,1,full,Nonoccluded,0,1092.0,-2.493931965551573,0.014333395287394524,-2.493931965551573,0.0386960825628855,0.00976878584179933,44,1005.0,1125.0,1050.0,1080.0,training_occluded_only,42
un_un,un -> un,0,expert2,Expert2,2,familiar_2,Familiar 2,1,full,Nonoccluded,0,1093.0,-2.5672951753280038,0.01361672580242157,-2.5672951753280038,0.0386960825628855,0.00976878584179933,44,1005.0,1125.0,1050.0,1080.0,training_occluded_only,42
un_un,un -> un,0,expert2,Expert2,2,familiar_2,Familiar 2,1,full,Nonoccluded,0,1094.0,-2.63699031041853,0.012935888953506947,-2.63699031041853,0.0386960825628855,0.00976878584179933,44,1005.0,1125.0,1050.0,1080.0,training_occluded_only,42
un_un,un -> un,0,expert2,Expert2,2,familiar_2,Familiar 2,1,full,Nonoccluded,0,1095.0,-2.7032006077184416,0.012289094738662243,-2.7032006077184416,0.0386960825628855,0.00976878584179933,44,1005.0,1125.0,1050.0,1080.0,training_occluded_only,42
un_un,un -> un,0,expert2,Expert2,2,familiar_2,Familiar 2,1,full,Nonoccluded,0,1096.0,-2.766100437821645,0.011674639768898487,-2.766100437821645,0.0386960825628855,0.00976878584179933,44,1005.0,1125.0,1050.0,1080.0,training_occluded_only,42
un_un,un -> un,0,expert2,Expert2,2,familiar_2,Familiar 2,1,full,Nonoccluded,0,1097.0,-2.141118571317032,0.01777995377779007,-2.141118571317032,0.0386960825628855,0.00976878584179933,44,1005.0,1125.0,1050.0,1080.0,training_occluded_only,42
un_un,un -> un,0,expert2,Expert2,2,familiar_2,Familiar 2,1,full,Nonoccluded,0,1098.0,-2.0287770032473658,0.018877394497394562,-2.0287770032473658,0.0386960825628855,0.00976878584179933,44,1005.0,1125.0,1050.0,1080.0,training_occluded_only,42
un_un,un -> un,0,expert2,Expert2,2,familiar_2,Familiar 2,1,full,Nonoccluded,0,1099.0,-2.1253979516053496,0.017933525145053864,-2.1253979516053496,0.0386960825628855,0.00976878584179933,44,1005.0,1125.0,1050.0,1080.0,training_occluded_only,42
un_un,un -> un,0,expert2,Expert2,2,familiar_2,Familiar 2,1,full,Nonoccluded,0,1100.0,-2.093056162903673,0.01824946515262127,-2.093056162903673,0.0386960825628855,0.00976878584179933,44,1005.0,1125.0,1050.0,1080.0,training_occluded_only,42
un_un,un -> un,0,expert2,Expert2,2,familiar_2,Familiar 2,1,full,Nonoccluded,0,1101.0,-2.1064768831033924,0.0181183610111475,-2.1064768831033924,0.0386960825628855,0.00976878584179933,44,1005.0,1125.0,1050.0,1080.0,training_occluded_only,42
un_un,un -> un,0,expert2,Expert2,2,familiar_2,Familiar 2,1,full,Nonoccluded,0,1102.0,-2.1992128660695474,0.01721244305372238,-2.1992128660695474,0.0386960825628855,0.00976878584179933,44,1005.0,1125.0,1050.0,1080.0,training_occluded_only,42
un_un,un -> un,0,expert2,Expert2,2,familiar_2,Familiar 2,1,full,Nonoccluded,0,1103.0,-2.2873120594210516,0.016351820901036263,-2.2873120594210516,0.0386960825628855,0.00976878584179933,44,1005.0,1125.0,1050.0,1080.0,training_occluded_only,42
un_un,un -> un,0,expert2,Expert2,2,familiar_2,Familiar 2,1,full,Nonoccluded,0,1104.0,-2.366337117656132,0.015579842031002045,-2.366337117656132,0.0386960825628855,0.00976878584179933,44,1005.0,1125.0,1050.0,1080.0,training_occluded_only,42
un_un,un -> un,0,expert2,Expert2,2,familiar_2,Familiar 2,1,full,Nonoccluded,0,1105.0,-2.4460801556302516,0.014800849370658398,-2.4460801556302516,0.0386960825628855,0.00976878584179933,44,1005.0,1125.0,1050.0,1080.0,training_occluded_only,42
un_un,un -> un,0,expert2,Expert2,2,familiar_2,Familiar 2,1,full,Nonoccluded,0,1106.0,-2.5218360274051794,0.01406080648303032,-2.5218360274051794,0.0386960825628855,0.00976878584179933,44,1005.0,1125.0,1050.0,1080.0,training_occluded_only,42
un_un,un -> un,0,expert2,Expert2,2,familiar_2,Familiar 2,1,full,Nonoccluded,0,1107.0,-2.518302091278938,0.014095328748226166,-2.518302091278938,0.0386960825628855,0.00976878584179933,44,1005.0,1125.0,1050.0,1080.0,training_occluded_only,42
un_un,un -> un,0,expert2,Expert2,2,familiar_2,Familiar 2,1,full,Nonoccluded,0,1108.0,-2.5904468043026583,0.013390562497079372,-2.5904468043026583,0.0386960825628855,0.00976878584179933,44,1005.0,1125.0,1050.0,1080.0,training_occluded_only,42
un_un,un -> un,0,expert2,Expert2,2,familiar_2,Familiar 2,1,full,Nonoccluded,0,1109.0,-2.6589843627112804,0.01272103376686573,-2.6589843627112804,0.0386960825628855,0.00976878584179933,44,1005.0,1125.0,1050.0,1080.0,training_occluded_only,42
un_un,un -> un,0,expert2,Expert2,2,familiar_2,Familiar 2,1,full,Nonoccluded,0,1110.0,-2.049729312795662,0.01867271587252617,-2.049729312795662,0.0386960825628855,0.00976878584179933,44,1005.0,1125.0,1050.0,1080.0,training_occluded_only,42
un_un,un -> un,0,expert2,Expert2,2,familiar_2,Familiar 2,1,full,Nonoccluded,0,1111.0,-2.1453027028781757,0.017739079892635345,-2.1453027028781757,0.0386960825628855,0.00976878584179933,44,1005.0,1125.0,1050.0,1080.0,training_occluded_only,42
un_un,un -> un,0,expert2,Expert2,2,familiar_2,Familiar 2,1,full,Nonoccluded,0,1112.0,-2.2360974425238784,0.01685212552547455,-2.2360974425238784,0.0386960825628855,0.00976878584179933,44,1005.0,1125.0,1050.0,1080.0,training_occluded_only,42
un_un,un -> un,0,expert2,Expert2,2,familiar_2,Familiar 2,1,full,Nonoccluded,0,1113.0,-1.9110391944143053,0.02002754993736744,-1.9110391944143053,0.0386960825628855,0.00976878584179933,44,1005.0,1125.0,1050.0,1080.0,training_occluded_only,42
un_un,un -> un,0,expert2,Expert2,2,familiar_2,Familiar 2,1,full,Nonoccluded,0,1114.0,-2.013547176218803,0.019026171416044235,-2.013547176218803,0.0386960825628855,0.00976878584179933,44,1005.0,1125.0,1050.0,1080.0,training_occluded_only,42
un_un,un -> un,0,expert2,Expert2,2,familiar_2,Familiar 2,1,full,Nonoccluded,0,1115.0,-1.2725501374373251,0.026264812797307968,-1.2725501374373251,0.0386960825628855,0.00976878584179933,44,1005.0,1125.0,1050.0,1080.0,training_occluded_only,42
un_un,un -> un,0,expert2,Expert2,2,familiar_2,Familiar 2,1,full,Nonoccluded,0,1116.0,-1.1857316956213748,0.027112923562526703,-1.1857316956213748,0.0386960825628855,0.00976878584179933,44,1005.0,1125.0,1050.0,1080.0,training_occluded_only,42
un_un,un -> un,0,expert2,Expert2,2,familiar_2,Familiar 2,1,full,Nonoccluded,0,1117.0,-1.324504947495288,0.025757277384400368,-1.324504947495288,0.0386960825628855,0.00976878584179933,44,1005.0,1125.0,1050.0,1080.0,training_occluded_only,42
un_un,un -> un,0,expert2,Expert2,2,familiar_2,Familiar 2,1,full,Nonoccluded,0,1118.0,-0.8269300204986975,0.030617980286478996,-0.8269300204986975,0.0386960825628855,0.00976878584179933,44,1005.0,1125.0,1050.0,1080.0,training_occluded_only,42
un_un,un -> un,0,expert2,Expert2,2,familiar_2,Familiar 2,1,full,Nonoccluded,0,1119.0,-0.9836433275277723,0.02908708155155182,-0.9836433275277723,0.0386960825628855,0.00976878584179933,44,1005.0,1125.0,1050.0,1080.0,training_occluded_only,42
un_un,un -> un,0,expert2,Expert2,2,familiar_2,Familiar 2,1,full,Nonoccluded,0,1120.0,-1.1325211122102543,0.02763272635638714,-1.1325211122102543,0.0386960825628855,0.00976878584179933,44,1005.0,1125.0,1050.0,1080.0,training_occluded_only,42
un_un,un -> un,0,expert2,Expert2,2,familiar_2,Familiar 2,1,full,Nonoccluded,0,1121.0,-1.2739550171922698,0.026251088827848434,-1.2739550171922698,0.0386960825628855,0.00976878584179933,44,1005.0,1125.0,1050.0,1080.0,training_occluded_only,42
un_un,un -> un,0,expert2,Expert2,2,familiar_2,Familiar 2,1,full,Nonoccluded,0,1122.0,-1.4083170457856937,0.024938534945249557,-1.4083170457856937,0.0386960825628855,0.00976878584179933,44,1005.0,1125.0,1050.0,1080.0,training_occluded_only,42
un_un,un -> un,0,expert2,Expert2,2,familiar_2,Familiar 2,1,full,Nonoccluded,0,1123.0,-1.5359610873533354,0.023691607639193535,-1.5359610873533354,0.0386960825628855,0.00976878584179933,44,1005.0,1125.0,1050.0,1080.0,training_occluded_only,42
un_un,un -> un,0,expert2,Expert2,2,familiar_2,Familiar 2,1,full,Nonoccluded,0,1124.0,-1.6572229173089374,0.02250702679157257,-1.6572229173089374,0.0386960825628855,0.00976878584179933,44,1005.0,1125.0,1050.0,1080.0,training_occluded_only,42
un_un,un -> un,0,expert2,Expert2,2,familiar_2,Familiar 2,1,occlusion,Occluded,1,1006.0,1.8298350215279047,0.04168573394417763,1.8298350215279047,0.03266694578765468,0.004928743876042058,44,1005.0,1125.0,1050.0,1080.0,training_occluded_only,42
un_un,un -> un,0,expert2,Expert2,2,familiar_2,Familiar 2,1,occlusion,Occluded,1,1007.0,1.4069506520945518,0.03960144519805908,1.4069506520945518,0.03266694578765468,0.004928743876042058,44,1005.0,1125.0,1050.0,1080.0,training_occluded_only,42
un_un,un -> un,0,expert2,Expert2,2,familiar_2,Familiar 2,1,occlusion,Occluded,1,1008.0,1.0052106145072999,0.03762137144804001,1.0052106145072999,0.03266694578765468,0.004928743876042058,44,1005.0,1125.0,1050.0,1080.0,training_occluded_only,42
un_un,un -> un,0,expert2,Expert2,2,familiar_2,Familiar 2,1,occlusion,Occluded,1,1009.0,0.6235575032164551,0.03574030101299286,0.6235575032164551,0.03266694578765468,0.004928743876042058,44,1005.0,1125.0,1050.0,1080.0,training_occluded_only,42
un_un,un -> un,0,expert2,Expert2,2,familiar_2,Familiar 2,1,occlusion,Occluded,1,1010.0,0.26098757657084204,0.033953286707401276,0.26098757657084204,0.03266694578765468,0.004928743876042058,44,1005.0,1125.0,1050.0,1080.0,training_occluded_only,42
un_un,un -> un,0,expert2,Expert2,2,familiar_2,Familiar 2,1,occlusion,Occluded,1,1011.0,-0.08345377815953468,0.0322556234896183,-0.08345377815953468,0.03266694578765468,0.004928743876042058,44,1005.0,1125.0,1050.0,1080.0,training_occluded_only,42
un_un,un -> un,0,expert2,Expert2,2,familiar_2,Familiar 2,1,occlusion,Occluded,1,1012.0,1.449709441770964,0.03981219232082367,1.449709441770964,0.03266694578765468,0.004928743876042058,44,1005.0,1125.0,1050.0,1080.0,training_occluded_only,42
un_un,un -> un,0,expert2,Expert2,2,familiar_2,Familiar 2,1,occlusion,Occluded,1,1013.0,1.430930856437045,0.03971963748335838,1.430930856437045,0.03266694578765468,0.004928743876042058,44,1005.0,1125.0,1050.0,1080.0,training_occluded_only,42
un_un,un -> un,0,expert2,Expert2,2,familiar_2,Familiar 2,1,occlusion,Occluded,1,1014.0,1.0279920731730134,0.03773365542292595,1.0279920731730134,0.03266694578765468,0.004928743876042058,44,1005.0,1125.0,1050.0,1080.0,training_occluded_only,42
un_un,un -> un,0,expert2,Expert2,2,familiar_2,Familiar 2,1,occlusion,Occluded,1,1015.0,0.6451999267403606,0.03584697097539902,0.6451999267403606,0.03266694578765468,0.004928743876042058,44,1005.0,1125.0,1050.0,1080.0,training_occluded_only,42
un_un,un -> un,0,expert2,Expert2,2,familiar_2,Familiar 2,1,occlusion,Occluded,1,1016.0,0.2815476521696854,0.03405462205410004,0.2815476521696854,0.03266694578765468,0.004928743876042058,44,1005.0,1125.0,1050.0,1080.0,training_occluded_only,42
un_un,un -> un,0,expert2,Expert2,2,familiar_2,Familiar 2,1,occlusion,Occluded,1,1017.0,1.0424352201702305,0.03780484199523926,1.0424352201702305,0.03266694578765468,0.004928743876042058,44,1005.0,1125.0,1050.0,1080.0,training_occluded_only,42
un_un,un -> un,0,expert2,Expert2,2,familiar_2,Familiar 2,1,occlusion,Occluded,1,1018.0,0.6589212565110173,0.035914599895477295,0.6589212565110173,0.03266694578765468,0.004928743876042058,44,1005.0,1125.0,1050.0,1080.0,training_occluded_only,42
un_un,un -> un,0,expert2,Expert2,2,familiar_2,Familiar 2,1,occlusion,Occluded,1,1019.0,0.40969477434474233,0.03468622639775276,0.40969477434474233,0.03266694578765468,0.004928743876042058,44,1005.0,1125.0,1050.0,1080.0,training_occluded_only,42
un_un,un -> un,0,expert2,Expert2,2,familiar_2,Familiar 2,1,occlusion,Occluded,1,1020.0,0.057817568436458806,0.03295191377401352,0.057817568436458806,0.03266694578765468,0.004928743876042058,44,1005.0,1125.0,1050.0,1080.0,training_occluded_only,42
un_un,un -> un,0,expert2,Expert2,2,familiar_2,Familiar 2,1,occlusion,Occluded,1,1021.0,-0.27646543705311005,0.03130431845784187,-0.27646543705311005,0.03266694578765468,0.004928743876042058,44,1005.0,1125.0,1050.0,1080.0,training_occluded_only,42
un_un,un -> un,0,expert2,Expert2,2,familiar_2,Familiar 2,1,occlusion,Occluded,1,1022.0,-0.594034405642634,0.029739102348685265,-0.594034405642634,0.03266694578765468,0.004928743876042058,44,1005.0,1125.0,1050.0,1080.0,training_occluded_only,42
un_un,un -> un,0,expert2,Expert2,2,familiar_2,Familiar 2,1,occlusion,Occluded,1,1023.0,0.054358136555865244,0.03293486312031746,0.054358136555865244,0.03266694578765468,0.004928743876042058,44,1005.0,1125.0,1050.0,1080.0,training_occluded_only,42
un_un,un -> un,0,expert2,Expert2,2,familiar_2,Familiar 2,1,occlusion,Occluded,1,1024.0,-0.2797517839652405,0.03128812089562416,-0.2797517839652405,0.03266694578765468,0.004928743876042058,44,1005.0,1125.0,1050.0,1080.0,training_occluded_only,42
un_un,un -> un,0,expert2,Expert2,2,familiar_2,Familiar 2,1,occlusion,Occluded,1,1025.0,-0.5971563596262022,0.029723715037107468,-0.5971563596262022,0.03266694578765468,0.004928743876042058,44,1005.0,1125.0,1050.0,1080.0,training_occluded_only,42
un_un,un -> un,0,expert2,Expert2,2,familiar_2,Familiar 2,1,occlusion,Occluded,1,1026.0,-0.8986907820870715,0.02823752909898758,-0.8986907820870715,0.03266694578765468,0.004928743876042058,44,1005.0,1125.0,1050.0,1080.0,training_occluded_only,42
un_un,un -> un,0,expert2,Expert2,2,familiar_2,Familiar 2,1,occlusion,Occluded,1,1027.0,0.7709094985953577,0.0364665612578392,0.7709094985953577,0.03266694578765468,0.004928743876042058,44,1005.0,1125.0,1050.0,1080.0,training_occluded_only,42
un_un,un -> un,0,expert2,Expert2,2,familiar_2,Familiar 2,1,occlusion,Occluded,1,1028.0,0.40097174543193254,0.03464323282241821,0.40097174543193254,0.03266694578765468,0.004928743876042058,44,1005.0,1125.0,1050.0,1080.0,training_occluded_only,42
un_un,un -> un,0,expert2,Expert2,2,familiar_2,Familiar 2,1,occlusion,Occluded,1,1029.0,0.0495306531778117,0.03291106969118118,0.0495306531778117,0.03266694578765468,0.004928743876042058,44,1005.0,1125.0,1050.0,1080.0,training_occluded_only,42
un_un,un -> un,0,expert2,Expert2,2,familiar_2,Familiar 2,1,occlusion,Occluded,1,1030.0,1.7366563537893043,0.04122648015618324,1.7366563537893043,0.03266694578765468,0.004928743876042058,44,1005.0,1125.0,1050.0,1080.0,training_occluded_only,42
un_un,un -> un,0,expert2,Expert2,2,familiar_2,Familiar 2,1,occlusion,Occluded,1,1031.0,1.3184309177428812,0.039165154099464417,1.3184309177428812,0.03266694578765468,0.004928743876042058,44,1005.0,1125.0,1050.0,1080.0,training_occluded_only,42
un_un,un -> un,0,expert2,Expert2,2,familiar_2,Familiar 2,1,occlusion,Occluded,1,1032.0,1.0672868959914925,0.037927329540252686,1.0672868959914925,0.03266694578765468,0.004928743876042058,44,1005.0,1125.0,1050.0,1080.0,training_occluded_only,42
un_un,un -> un,0,expert2,Expert2,2,familiar_2,Familiar 2,1,occlusion,Occluded,1,1033.0,0.6825303485412163,0.03603096306324005,0.6825303485412163,0.03266694578765468,0.004928743876042058,44,1005.0,1125.0,1050.0,1080.0,training_occluded_only,42
un_un,un -> un,0,expert2,Expert2,2,familiar_2,Familiar 2,1,occlusion,Occluded,1,1034.0,0.3170111749657199,0.03422941267490387,0.3170111749657199,0.03266694578765468,0.004928743876042058,44,1005.0,1125.0,1050.0,1080.0,training_occluded_only,42
un_un,un -> un,0,expert2,Expert2,2,familiar_2,Familiar 2,1,occlusion,Occluded,1,1035.0,-0.030232039931001646,0.0325179398059845,-0.030232039931001646,0.03266694578765468,0.004928743876042058,44,1005.0,1125.0,1050.0,1080.0,training_occluded_only,42
un_un,un -> un,0,expert2,Expert2,2,familiar_2,Familiar 2,1,occlusion,Occluded,1,1036.0,-0.3601127161681088,0.030892042443156242,-0.3601127161681088,0.03266694578765468,0.004928743876042058,44,1005.0,1125.0,1050.0,1080.0,training_occluded_only,42
un_un,un -> un,0,expert2,Expert2,2,familiar_2,Familiar 2,1,occlusion,Occluded,1,1037.0,-0.6734993019061439,0.029347440227866173,-0.6734993019061439,0.03266694578765468,0.004928743876042058,44,1005.0,1125.0,1050.0,1080.0,training_occluded_only,42
un_un,un -> un,0,expert2,Expert2,2,familiar_2,Familiar 2,1,occlusion,Occluded,1,1038.0,-0.9712167851061442,0.027880067005753517,-0.9712167851061442,0.03266694578765468,0.004928743876042058,44,1005.0,1125.0,1050.0,1080.0,training_occluded_only,42
un_un,un -> un,0,expert2,Expert2,2,familiar_2,Familiar 2,1,occlusion,Occluded,1,1039.0,-1.2540482051887554,0.02648606337606907,-1.2540482051887554,0.03266694578765468,0.004928743876042058,44,1005.0,1125.0,1050.0,1080.0,training_occluded_only,42
un_un,un -> un,0,expert2,Expert2,2,familiar_2,Familiar 2,1,occlusion,Occluded,1,1040.0,-1.4605480204347738,0.02546827867627144,-1.4605480204347738,0.03266694578765468,0.004928743876042058,44,1005.0,1125.0,1050.0,1080.0,training_occluded_only,42
un_un,un -> un,0,expert2,Expert2,2,familiar_2,Familiar 2,1,occlusion,Occluded,1,1041.0,-1.5003314870615998,0.025272196158766747,-1.5003314870615998,0.03266694578765468,0.004928743876042058,44,1005.0,1125.0,1050.0,1080.0,training_occluded_only,42
un_un,un -> un,0,expert2,Expert2,2,familiar_2,Familiar 2,1,occlusion,Occluded,1,1042.0,-1.7567073610038273,0.024008585140109062,-1.7567073610038273,0.03266694578765468,0.004928743876042058,44,1005.0,1125.0,1050.0,1080.0,training_occluded_only,42
un_un,un -> un,0,expert2,Expert2,2,familiar_2,Familiar 2,1,occlusion,Occluded,1,1043.0,-0.48052354491650734,0.030298568308353424,-0.48052354491650734,0.03266694578765468,0.004928743876042058,44,1005.0,1125.0,1050.0,1080.0,training_occluded_only,42
un_un,un -> un,0,expert2,Expert2,2,familiar_2,Familiar 2,1,occlusion,Occluded,1,1044.0,-0.7878895703213836,0.028783639892935753,-0.7878895703213836,0.03266694578765468,0.004928743876042058,44,1005.0,1125.0,1050.0,1080.0,training_occluded_only,42
un_un,un -> un,0,expert2,Expert2,2,familiar_2,Familiar 2,1,occlusion,Occluded,1,1045.0,-1.0798873133517548,0.027344457805156708,-1.0798873133517548,0.03266694578765468,0.004928743876042058,44,1005.0,1125.0,1050.0,1080.0,training_occluded_only,42
un_un,un -> un,0,expert2,Expert2,2,familiar_2,Familiar 2,1,occlusion,Occluded,1,1046.0,-1.3572850747519132,0.025977235287427902,-1.3572850747519132,0.03266694578765468,0.004928743876042058,44,1005.0,1125.0,1050.0,1080.0,training_occluded_only,42
un_un,un -> un,0,expert2,Expert2,2,familiar_2,Familiar 2,1,occlusion,Occluded,1,1047.0,-1.6208129858735412,0.024678373709321022,-1.6208129858735412,0.03266694578765468,0.004928743876042058,44,1005.0,1125.0,1050.0,1080.0,training_occluded_only,42
un_un,un -> un,0,expert2,Expert2,2,familiar_2,Familiar 2,1,occlusion,Occluded,1,1048.0,-1.8711645203348268,0.02344445511698723,-1.8711645203348268,0.03266694578765468,0.004928743876042058,44,1005.0,1125.0,1050.0,1080.0,training_occluded_only,42
un_un,un -> un,0,expert2,Expert2,2,familiar_2,Familiar 2,1,occlusion,Occluded,1,1049.0,-0.5946643895780666,0.029735997319221497,-0.5946643895780666,0.03266694578765468,0.004928743876042058,44,1005.0,1125.0,1050.0,1080.0,training_occluded_only,42
un_un,un -> un,0,expert2,Expert2,2,familiar_2,Familiar 2,1,occlusion,Occluded,1,1050.0,1.2862076362560242,0.03900633379817009,1.2862076362560242,0.03266694578765468,0.004928743876042058,44,1005.0,1125.0,1050.0,1080.0,training_occluded_only,42
un_un,un -> un,0,expert2,Expert2,2,familiar_2,Familiar 2,1,occlusion,Occluded,1,1051.0,1.4922717157626584,0.04002197086811066,1.4922717157626584,0.03266694578765468,0.004928743876042058,44,1005.0,1125.0,1050.0,1080.0,training_occluded_only,42
un_un,un -> un,0,expert2,Expert2,2,familiar_2,Familiar 2,1,occlusion,Occluded,1,1052.0,1.0862657761579124,0.038020871579647064,1.0862657761579124,0.03266694578765468,0.004928743876042058,44,1005.0,1125.0,1050.0,1080.0,training_occluded_only,42
un_un,un -> un,0,expert2,Expert2,2,familiar_2,Familiar 2,1,occlusion,Occluded,1,1053.0,1.8227030138317541,0.04165058210492134,1.8227030138317541,0.03266694578765468,0.004928743876042058,44,1005.0,1125.0,1050.0,1080.0,training_occluded_only,42
un_un,un -> un,0,expert2,Expert2,2,familiar_2,Familiar 2,1,occlusion,Occluded,1,1054.0,1.9822518307656358,0.042436957359313965,1.9822518307656358,0.03266694578765468,0.004928743876042058,44,1005.0,1125.0,1050.0,1080.0,training_occluded_only,42
un_un,un -> un,0,expert2,Expert2,2,familiar_2,Familiar 2,1,occlusion,Occluded,1,1055.0,1.5517471877425637,0.040315110236406326,1.5517471877425637,0.03266694578765468,0.004928743876042058,44,1005.0,1125.0,1050.0,1080.0,training_occluded_only,42
un_un,un -> un,0,expert2,Expert2,2,familiar_2,Familiar 2,1,occlusion,Occluded,1,1056.0,1.6343449975182127,0.04072221368551254,1.6343449975182127,0.03266694578765468,0.004928743876042058,44,1005.0,1125.0,1050.0,1080.0,training_occluded_only,42
un_un,un -> un,0,expert2,Expert2,2,familiar_2,Familiar 2,1,occlusion,Occluded,1,1057.0,1.3455107790970229,0.03929862380027771,1.3455107790970229,0.03266694578765468,0.004928743876042058,44,1005.0,1125.0,1050.0,1080.0,training_occluded_only,42
un_un,un -> un,0,expert2,Expert2,2,familiar_2,Familiar 2,1,occlusion,Occluded,1,1058.0,0.9468431886573815,0.037333693355321884,0.9468431886573815,0.03266694578765468,0.004928743876042058,44,1005.0,1125.0,1050.0,1080.0,training_occluded_only,42
un_un,un -> un,0,expert2,Expert2,2,familiar_2,Familiar 2,1,occlusion,Occluded,1,1059.0,0.5681090911141556,0.035467009991407394,0.5681090911141556,0.03266694578765468,0.004928743876042058,44,1005.0,1125.0,1050.0,1080.0,training_occluded_only,42
un_un,un -> un,0,expert2,Expert2,2,familiar_2,Familiar 2,1,occlusion,Occluded,1,1060.0,0.20831154728217977,0.03369366005063057,0.20831154728217977,0.03266694578765468,0.004928743876042058,44,1005.0,1125.0,1050.0,1080.0,training_occluded_only,42
un_un,un -> un,0,expert2,Expert2,2,familiar_2,Familiar 2,1,occlusion,Occluded,1,1061.0,1.3433060242803982,0.0392877571284771,1.3433060242803982,0.03266694578765468,0.004928743876042058,44,1005.0,1125.0,1050.0,1080.0,training_occluded_only,42
un_un,un -> un,0,expert2,Expert2,2,familiar_2,Familiar 2,1,occlusion,Occluded,1,1062.0,0.9447487849560215,0.037323370575904846,0.9447487849560215,0.03266694578765468,0.004928743876042058,44,1005.0,1125.0,1050.0,1080.0,training_occluded_only,42
un_un,un -> un,0,expert2,Expert2,2,familiar_2,Familiar 2,1,occlusion,Occluded,1,1063.0,0.9055325684114296,0.03713008388876915,0.9055325684114296,0.03266694578765468,0.004928743876042058,44,1005.0,1125.0,1050.0,1080.0,training_occluded_only,42
un_un,un -> un,0,expert2,Expert2,2,familiar_2,Familiar 2,1,occlusion,Occluded,1,1064.0,0.528863397216856,0.03527357801795006,0.528863397216856,0.03266694578765468,0.004928743876042058,44,1005.0,1125.0,1050.0,1080.0,training_occluded_only,42
un_un,un -> un,0,expert2,Expert2,2,familiar_2,Familiar 2,1,occlusion,Occluded,1,1065.0,0.1907929298191259,0.03360731527209282,0.1907929298191259,0.03266694578765468,0.004928743876042058,44,1005.0,1125.0,1050.0,1080.0,training_occluded_only,42
un_un,un -> un,0,expert2,Expert2,2,familiar_2,Familiar 2,1,occlusion,Occluded,1,1066.0,0.059065443034418165,0.03295806422829628,0.059065443034418165,0.03266694578765468,0.004928743876042058,44,1005.0,1125.0,1050.0,1080.0,training_occluded_only,42
un_un,un -> un,0,expert2,Expert2,2,familiar_2,Familiar 2,1,occlusion,Occluded,1,1067.0,0.9446104681471623,0.03732268884778023,0.9446104681471623,0.03266694578765468,0.004928743876042058,44,1005.0,1125.0,1050.0,1080.0,training_occluded_only,42
un_un,un -> un,0,expert2,Expert2,2,familiar_2,Familiar 2,1,occlusion,Occluded,1,1068.0,2.950433968790972,0.04720887914299965,2.950433968790972,0.03266694578765468,0.004928743876042058,44,1005.0,1125.0,1050.0,1080.0,training_occluded_only,42
un_un,un -> un,0,expert2,Expert2,2,familiar_2,Familiar 2,1,occlusion,Occluded,1,1069.0,3.470491565169598,0.04977210983633995,3.470491565169598,0.03266694578765468,0.004928743876042058,44,1005.0,1125.0,1050.0,1080.0,training_occluded_only,42
un_un,un -> un,0,expert2,Expert2,2,familiar_2,Familiar 2,1,occlusion,Occluded,1,1070.0,2.9655747464689384,0.04728350415825844,2.9655747464689384,0.03266694578765468,0.004928743876042058,44,1005.0,1125.0,1050.0,1080.0,training_occluded_only,42
un_un,un -> un,0,expert2,Expert2,2,familiar_2,Familiar 2,1,occlusion,Occluded,1,1071.0,2.4859033907885335,0.04491932690143585,2.4859033907885335,0.03266694578765468,0.004928743876042058,44,1005.0,1125.0,1050.0,1080.0,training_occluded_only,42
un_un,un -> un,0,expert2,Expert2,2,familiar_2,Familiar 2,1,occlusion,Occluded,1,1072.0,2.5637810449831675,0.045303165912628174,2.5637810449831675,0.03266694578765468,0.004928743876042058,44,1005.0,1125.0,1050.0,1080.0,training_occluded_only,42
un_un,un -> un,0,expert2,Expert2,2,familiar_2,Familiar 2,1,occlusion,Occluded,1,1073.0,2.1041996389173963,0.043038006871938705,2.1041996389173963,0.03266694578765468,0.004928743876042058,44,1005.0,1125.0,1050.0,1080.0,training_occluded_only,42
un_un,un -> un,0,expert2,Expert2,2,familiar_2,Familiar 2,1,occlusion,Occluded,1,1074.0,1.6675977188611695,0.040886107832193375,1.6675977188611695,0.03266694578765468,0.004928743876042058,44,1005.0,1125.0,1050.0,1080.0,training_occluded_only,42
un_un,un -> un,0,expert2,Expert2,2,familiar_2,Familiar 2,1,occlusion,Occluded,1,1075.0,1.2528256680588874,0.03884180262684822,1.2528256680588874,0.03266694578765468,0.004928743876042058,44,1005.0,1125.0,1050.0,1080.0,training_occluded_only,42
un_un,un -> un,0,expert2,Expert2,2,familiar_2,Familiar 2,1,occlusion,Occluded,1,1076.0,0.8587920686308078,0.036899711936712265,0.8587920686308078,0.03266694578765468,0.004928743876042058,44,1005.0,1125.0,1050.0,1080.0,training_occluded_only,42
un_un,un -> un,0,expert2,Expert2,2,familiar_2,Familiar 2,1,occlusion,Occluded,1,1077.0,0.5498323766058242,0.03537692874670029,0.5498323766058242,0.03266694578765468,0.004928743876042058,44,1005.0,1125.0,1050.0,1080.0,training_occluded_only,42
un_un,un -> un,0,expert2,Expert2,2,familiar_2,Familiar 2,1,occlusion,Occluded,1,1078.0,0.20983378800918773,0.03370116278529167,0.20983378800918773,0.03266694578765468,0.004928743876042058,44,1005.0,1125.0,1050.0,1080.0,training_occluded_only,42
un_un,un -> un,0,expert2,Expert2,2,familiar_2,Familiar 2,1,occlusion,Occluded,1,1079.0,0.1362855255148031,0.03333866223692894,0.1362855255148031,0.03266694578765468,0.004928743876042058,44,1005.0,1125.0,1050.0,1080.0,training_occluded_only,42
un_un,un -> un,0,expert2,Expert2,2,familiar_2,Familiar 2,1,occlusion,Occluded,1,1080.0,0.34619602163501406,0.03437325730919838,0.34619602163501406,0.03266694578765468,0.004928743876042058,44,1005.0,1125.0,1050.0,1080.0,training_occluded_only,42
un_un,un -> un,0,expert2,Expert2,2,familiar_2,Familiar 2,1,occlusion,Occluded,1,1081.0,1.3484290370150853,0.03931300714612007,1.3484290370150853,0.03266694578765468,0.004928743876042058,44,1005.0,1125.0,1050.0,1080.0,training_occluded_only,42
un_un,un -> un,0,expert2,Expert2,2,familiar_2,Familiar 2,1,occlusion,Occluded,1,1082.0,1.4361823601963555,0.0397455208003521,1.4361823601963555,0.03266694578765468,0.004928743876042058,44,1005.0,1125.0,1050.0,1080.0,training_occluded_only,42
un_un,un -> un,0,expert2,Expert2,2,familiar_2,Familiar 2,1,occlusion,Occluded,1,1083.0,1.032981304076181,0.037758246064186096,1.032981304076181,0.03266694578765468,0.004928743876042058,44,1005.0,1125.0,1050.0,1080.0,training_occluded_only,42
un_un,un -> un,0,expert2,Expert2,2,familiar_2,Familiar 2,1,occlusion,Occluded,1,1084.0,0.6499397338898477,0.03587033227086067,0.6499397338898477,0.03266694578765468,0.004928743876042058,44,1005.0,1125.0,1050.0,1080.0,training_occluded_only,42
un_un,un -> un,0,expert2,Expert2,2,familiar_2,Familiar 2,1,occlusion,Occluded,1,1085.0,0.9312867047232812,0.03725701943039894,0.9312867047232812,0.03266694578765468,0.004928743876042058,44,1005.0,1125.0,1050.0,1080.0,training_occluded_only,42
un_un,un -> un,0,expert2,Expert2,2,familiar_2,Familiar 2,1,occlusion,Occluded,1,1086.0,1.8094419842610716,0.04158522188663483,1.8094419842610716,0.03266694578765468,0.004928743876042058,44,1005.0,1125.0,1050.0,1080.0,training_occluded_only,42
un_un,un -> un,0,expert2,Expert2,2,familiar_2,Familiar 2,1,occlusion,Occluded,1,1087.0,2.408427082088459,0.044537466019392014,2.408427082088459,0.03266694578765468,0.004928743876042058,44,1005.0,1125.0,1050.0,1080.0,training_occluded_only,42
un_un,un -> un,0,expert2,Expert2,2,familiar_2,Familiar 2,1,occlusion,Occluded,1,1088.0,1.956613336375945,0.04231059178709984,1.956613336375945,0.03266694578765468,0.004928743876042058,44,1005.0,1125.0,1050.0,1080.0,training_occluded_only,42
un_un,un -> un,0,expert2,Expert2,2,familiar_2,Familiar 2,1,occlusion,Occluded,1,1089.0,1.5273905802808798,0.04019506275653839,1.5273905802808798,0.03266694578765468,0.004928743876042058,44,1005.0,1125.0,1050.0,1080.0,training_occluded_only,42
un_un,un -> un,0,expert2,Expert2,2,familiar_2,Familiar 2,1,occlusion,Occluded,1,1090.0,1.3460882328782713,0.039301469922065735,1.3460882328782713,0.03266694578765468,0.004928743876042058,44,1005.0,1125.0,1050.0,1080.0,training_occluded_only,42
un_un,un -> un,0,expert2,Expert2,2,familiar_2,Familiar 2,1,occlusion,Occluded,1,1091.0,1.3310185031786264,0.039227195084095,1.3310185031786264,0.03266694578765468,0.004928743876042058,44,1005.0,1125.0,1050.0,1080.0,training_occluded_only,42
un_un,un -> un,0,expert2,Expert2,2,familiar_2,Familiar 2,1,occlusion,Occluded,1,1092.0,0.9330749974542152,0.0372658334672451,0.9330749974542152,0.03266694578765468,0.004928743876042058,44,1005.0,1125.0,1050.0,1080.0,training_occluded_only,42
un_un,un -> un,0,expert2,Expert2,2,familiar_2,Familiar 2,1,occlusion,Occluded,1,1093.0,0.5664764992718829,0.03545896336436272,0.5664764992718829,0.03266694578765468,0.004928743876042058,44,1005.0,1125.0,1050.0,1080.0,training_occluded_only,42
un_un,un -> un,0,expert2,Expert2,2,familiar_2,Familiar 2,1,occlusion,Occluded,1,1094.0,0.20676058503202072,0.033686015754938126,0.20676058503202072,0.03266694578765468,0.004928743876042058,44,1005.0,1125.0,1050.0,1080.0,training_occluded_only,42
un_un,un -> un,0,expert2,Expert2,2,familiar_2,Familiar 2,1,occlusion,Occluded,1,1095.0,-0.1349696090788041,0.032001715153455734,-0.1349696090788041,0.03266694578765468,0.004928743876042058,44,1005.0,1125.0,1050.0,1080.0,training_occluded_only,42
un_un,un -> un,0,expert2,Expert2,2,familiar_2,Familiar 2,1,occlusion,Occluded,1,1096.0,1.3432206155405015,0.03928733617067337,1.3432206155405015,0.03266694578765468,0.004928743876042058,44,1005.0,1125.0,1050.0,1080.0,training_occluded_only,42
un_un,un -> un,0,expert2,Expert2,2,familiar_2,Familiar 2,1,occlusion,Occluded,1,1097.0,2.7001410111203237,0.045975249260663986,2.7001410111203237,0.03266694578765468,0.004928743876042058,44,1005.0,1125.0,1050.0,1080.0,training_occluded_only,42
un_un,un -> un,0,expert2,Expert2,2,familiar_2,Familiar 2,1,occlusion,Occluded,1,1098.0,2.233742022453951,0.04367648810148239,2.233742022453951,0.03266694578765468,0.004928743876042058,44,1005.0,1125.0,1050.0,1080.0,training_occluded_only,42
un_un,un -> un,0,expert2,Expert2,2,familiar_2,Familiar 2,1,occlusion,Occluded,1,1099.0,1.790662643097596,0.04149266332387924,1.790662643097596,0.03266694578765468,0.004928743876042058,44,1005.0,1125.0,1050.0,1080.0,training_occluded_only,42
un_un,un -> un,0,expert2,Expert2,2,familiar_2,Familiar 2,1,occlusion,Occluded,1,1100.0,2.553756477573879,0.04525375738739967,2.553756477573879,0.03266694578765468,0.004928743876042058,44,1005.0,1125.0,1050.0,1080.0,training_occluded_only,42
un_un,un -> un,0,expert2,Expert2,2,familiar_2,Familiar 2,1,occlusion,Occluded,1,1101.0,2.0946761865041386,0.042991068214178085,2.0946761865041386,0.03266694578765468,0.004928743876042058,44,1005.0,1125.0,1050.0,1080.0,training_occluded_only,42
un_un,un -> un,0,expert2,Expert2,2,familiar_2,Familiar 2,1,occlusion,Occluded,1,1102.0,2.7408235370047347,0.0461757630109787,2.7408235370047347,0.03266694578765468,0.004928743876042058,44,1005.0,1125.0,1050.0,1080.0,training_occluded_only,42
un_un,un -> un,0,expert2,Expert2,2,familiar_2,Familiar 2,1,occlusion,Occluded,1,1103.0,2.2723898551719737,0.043866973370313644,2.2723898551719737,0.03266694578765468,0.004928743876042058,44,1005.0,1125.0,1050.0,1080.0,training_occluded_only,42
un_un,un -> un,0,expert2,Expert2,2,familiar_2,Familiar 2,1,occlusion,Occluded,1,1104.0,1.827377819639373,0.04167362302541733,1.827377819639373,0.03266694578765468,0.004928743876042058,44,1005.0,1125.0,1050.0,1080.0,training_occluded_only,42
un_un,un -> un,0,expert2,Expert2,2,familiar_2,Familiar 2,1,occlusion,Occluded,1,1105.0,1.4046166504237472,0.03958994150161743,1.4046166504237472,0.03266694578765468,0.004928743876042058,44,1005.0,1125.0,1050.0,1080.0,training_occluded_only,42
un_un,un -> un,0,expert2,Expert2,2,familiar_2,Familiar 2,1,occlusion,Occluded,1,1106.0,1.0029937664177695,0.03761044517159462,1.0029937664177695,0.03266694578765468,0.004928743876042058,44,1005.0,1125.0,1050.0,1080.0,training_occluded_only,42
un_un,un -> un,0,expert2,Expert2,2,familiar_2,Familiar 2,1,occlusion,Occluded,1,1107.0,2.1440311007210666,0.04323432594537735,2.1440311007210666,0.03266694578765468,0.004928743876042058,44,1005.0,1125.0,1050.0,1080.0,training_occluded_only,42
un_un,un -> un,0,expert2,Expert2,2,familiar_2,Familiar 2,1,occlusion,Occluded,1,1108.0,1.7054375697831787,0.04107261076569557,1.7054375697831787,0.03266694578765468,0.004928743876042058,44,1005.0,1125.0,1050.0,1080.0,training_occluded_only,42
un_un,un -> un,0,expert2,Expert2,2,familiar_2,Familiar 2,1,occlusion,Occluded,1,1109.0,1.2887736776007073,0.03901898115873337,1.2887736776007073,0.03266694578765468,0.004928743876042058,44,1005.0,1125.0,1050.0,1080.0,training_occluded_only,42
un_un,un -> un,0,expert2,Expert2,2,familiar_2,Familiar 2,1,occlusion,Occluded,1,1110.0,1.7467459225404607,0.04127620905637741,1.7467459225404607,0.03266694578765468,0.004928743876042058,44,1005.0,1125.0,1050.0,1080.0,training_occluded_only,42
un_un,un -> un,0,expert2,Expert2,2,familiar_2,Familiar 2,1,occlusion,Occluded,1,1111.0,2.5244968037784807,0.045109543949365616,2.5244968037784807,0.03266694578765468,0.004928743876042058,44,1005.0,1125.0,1050.0,1080.0,training_occluded_only,42
un_un,un -> un,0,expert2,Expert2,2,familiar_2,Familiar 2,1,occlusion,Occluded,1,1112.0,2.066879798730333,0.04285406693816185,2.066879798730333,0.03266694578765468,0.004928743876042058,44,1005.0,1125.0,1050.0,1080.0,training_occluded_only,42
un_un,un -> un,0,expert2,Expert2,2,familiar_2,Familiar 2,1,occlusion,Occluded,1,1113.0,1.6321432660198143,0.04071136191487312,1.6321432660198143,0.03266694578765468,0.004928743876042058,44,1005.0,1125.0,1050.0,1080.0,training_occluded_only,42
un_un,un -> un,0,expert2,Expert2,2,familiar_2,Familiar 2,1,occlusion,Occluded,1,1114.0,1.2191436355277772,0.03867579251527786,1.2191436355277772,0.03266694578765468,0.004928743876042058,44,1005.0,1125.0,1050.0,1080.0,training_occluded_only,42
un_un,un -> un,0,expert2,Expert2,2,familiar_2,Familiar 2,1,occlusion,Occluded,1,1115.0,1.3984672211511866,0.039559632539749146,1.3984672211511866,0.03266694578765468,0.004928743876042058,44,1005.0,1125.0,1050.0,1080.0,training_occluded_only,42
un_un,un -> un,0,expert2,Expert2,2,familiar_2,Familiar 2,1,occlusion,Occluded,1,1116.0,0.9971512039451917,0.03758164867758751,0.9971512039451917,0.03266694578765468,0.004928743876042058,44,1005.0,1125.0,1050.0,1080.0,training_occluded_only,42
un_un,un -> un,0,expert2,Expert2,2,familiar_2,Familiar 2,1,occlusion,Occluded,1,1117.0,0.6159017056375754,0.03570256754755974,0.6159017056375754,0.03266694578765468,0.004928743876042058,44,1005.0,1125.0,1050.0,1080.0,training_occluded_only,42
un_un,un -> un,0,expert2,Expert2,2,familiar_2,Familiar 2,1,occlusion,Occluded,1,1118.0,0.2537142287476059,0.03391743823885918,0.2537142287476059,0.03266694578765468,0.004928743876042058,44,1005.0,1125.0,1050.0,1080.0,training_occluded_only,42
un_un,un -> un,0,expert2,Expert2,2,familiar_2,Familiar 2,1,occlusion,Occluded,1,1119.0,-0.09036357196604251,0.03222156688570976,-0.09036357196604251,0.03266694578765468,0.004928743876042058,44,1005.0,1125.0,1050.0,1080.0,training_occluded_only,42
un_un,un -> un,0,expert2,Expert2,2,familiar_2,Familiar 2,1,occlusion,Occluded,1,1120.0,-0.4172375582269642,0.03061048872768879,-0.4172375582269642,0.03266694578765468,0.004928743876042058,44,1005.0,1125.0,1050.0,1080.0,training_occluded_only,42
un_un,un -> un,0,expert2,Expert2,2,familiar_2,Familiar 2,1,occlusion,Occluded,1,1121.0,-0.7277678640705786,0.029079964384436607,-0.7277678640705786,0.03266694578765468,0.004928743876042058,44,1005.0,1125.0,1050.0,1080.0,training_occluded_only,42
un_un,un -> un,0,expert2,Expert2,2,familiar_2,Familiar 2,1,occlusion,Occluded,1,1122.0,0.28675607364426925,0.03408029302954674,0.28675607364426925,0.03266694578765468,0.004928743876042058,44,1005.0,1125.0,1050.0,1080.0,training_occluded_only,42
un_un,un -> un,0,expert2,Expert2,2,familiar_2,Familiar 2,1,occlusion,Occluded,1,1123.0,-0.05897397048012365,0.032376278191804886,-0.05897397048012365,0.03266694578765468,0.004928743876042058,44,1005.0,1125.0,1050.0,1080.0,training_occluded_only,42
un_un,un -> un,0,expert2,Expert2,2,familiar_2,Familiar 2,1,occlusion,Occluded,1,1124.0,1.5182276585661243,0.04014990106225014,1.5182276585661243,0.03266694578765468,0.004928743876042058,44,1005.0,1125.0,1050.0,1080.0,training_occluded_only,42
un_un,un -> un,0,expert2,Expert2,2,novel,Novel Image,2,full,Nonoccluded,0,1006.0,1.5611653823775338,0.04081634804606438,1.5611653823775338,0.03247482697902755,0.005343137351875774,44,1005.0,1125.0,1050.0,1080.0,training_occluded_only,42
un_un,un -> un,0,expert2,Expert2,2,novel,Novel Image,2,full,Nonoccluded,0,1007.0,1.1792140681540018,0.03877552971243858,1.1792140681540018,0.03247482697902755,0.005343137351875774,44,1005.0,1125.0,1050.0,1080.0,training_occluded_only,42
un_un,un -> un,0,expert2,Expert2,2,novel,Novel Image,2,full,Nonoccluded,0,1008.0,1.8673543413360918,0.042452357709407806,1.8673543413360918,0.03247482697902755,0.005343137351875774,44,1005.0,1125.0,1050.0,1080.0,training_occluded_only,42
un_un,un -> un,0,expert2,Expert2,2,novel,Novel Image,2,full,Nonoccluded,0,1009.0,1.8041445599835146,0.04211461916565895,1.8041445599835146,0.03247482697902755,0.005343137351875774,44,1005.0,1125.0,1050.0,1080.0,training_occluded_only,42
un_un,un -> un,0,expert2,Expert2,2,novel,Novel Image,2,full,Nonoccluded,0,1010.0,1.410044356600712,0.04000888764858246,1.410044356600712,0.03247482697902755,0.005343137351875774,44,1005.0,1125.0,1050.0,1080.0,training_occluded_only,42
un_un,un -> un,0,expert2,Expert2,2,novel,Novel Image,2,full,Nonoccluded,0,1011.0,1.035649407410648,0.038008444011211395,1.035649407410648,0.03247482697902755,0.005343137351875774,44,1005.0,1125.0,1050.0,1080.0,training_occluded_only,42
un_un,un -> un,0,expert2,Expert2,2,novel,Novel Image,2,full,Nonoccluded,0,1012.0,1.4803182725278503,0.04038437083363533,1.4803182725278503,0.03247482697902755,0.005343137351875774,44,1005.0,1125.0,1050.0,1080.0,training_occluded_only,42
un_un,un -> un,0,expert2,Expert2,2,novel,Novel Image,2,full,Nonoccluded,0,1013.0,1.3203147877616965,0.03952945023775101,1.3203147877616965,0.03247482697902755,0.005343137351875774,44,1005.0,1125.0,1050.0,1080.0,training_occluded_only,42
un_un,un -> un,0,expert2,Expert2,2,novel,Novel Image,2,full,Nonoccluded,0,1014.0,0.9504063867346115,0.037552978843450546,0.9504063867346115,0.03247482697902755,0.005343137351875774,44,1005.0,1125.0,1050.0,1080.0,training_occluded_only,42
un_un,un -> un,0,expert2,Expert2,2,novel,Novel Image,2,full,Nonoccluded,0,1015.0,1.3786566469271844,0.039841178804636,1.3786566469271844,0.03247482697902755,0.005343137351875774,44,1005.0,1125.0,1050.0,1080.0,training_occluded_only,42
un_un,un -> un,0,expert2,Expert2,2,novel,Novel Image,2,full,Nonoccluded,0,1016.0,1.0058311180813109,0.037849120795726776,1.0058311180813109,0.03247482697902755,0.005343137351875774,44,1005.0,1125.0,1050.0,1080.0,training_occluded_only,42
un_un,un -> un,0,expert2,Expert2,2,novel,Novel Image,2,full,Nonoccluded,0,1017.0,0.6516469005382451,0.03595666587352753,0.6516469005382451,0.03247482697902755,0.005343137351875774,44,1005.0,1125.0,1050.0,1080.0,training_occluded_only,42
un_un,un -> un,0,expert2,Expert2,2,novel,Novel Image,2,full,Nonoccluded,0,1018.0,0.31517182415130457,0.03415883332490921,0.31517182415130457,0.03247482697902755,0.005343137351875774,44,1005.0,1125.0,1050.0,1080.0,training_occluded_only,42
un_un,un -> un,0,expert2,Expert2,2,novel,Novel Image,2,full,Nonoccluded,0,1019.0,-0.0044795681373172224,0.03245089203119278,-0.0044795681373172224,0.03247482697902755,0.005343137351875774,44,1005.0,1125.0,1050.0,1080.0,training_occluded_only,42
un_un,un -> un,0,expert2,Expert2,2,novel,Novel Image,2,full,Nonoccluded,0,1020.0,0.11934009742723897,0.033112477511167526,0.11934009742723897,0.03247482697902755,0.005343137351875774,44,1005.0,1125.0,1050.0,1080.0,training_occluded_only,42
un_un,un -> un,0,expert2,Expert2,2,novel,Novel Image,2,full,Nonoccluded,0,1021.0,0.138471547558108,0.03321469947695732,0.138471547558108,0.03247482697902755,0.005343137351875774,44,1005.0,1125.0,1050.0,1080.0,training_occluded_only,42
un_un,un -> un,0,expert2,Expert2,2,novel,Novel Image,2,full,Nonoccluded,0,1022.0,-0.17234479604033986,0.031553965061903,-0.17234479604033986,0.03247482697902755,0.005343137351875774,44,1005.0,1125.0,1050.0,1080.0,training_occluded_only,42
un_un,un -> un,0,expert2,Expert2,2,novel,Novel Image,2,full,Nonoccluded,0,1023.0,-0.4676206710640062,0.029976265504956245,-0.4676206710640062,0.03247482697902755,0.005343137351875774,44,1005.0,1125.0,1050.0,1080.0,training_occluded_only,42
un_un,un -> un,0,expert2,Expert2,2,novel,Novel Image,2,full,Nonoccluded,0,1024.0,-0.7481324211616054,0.02847745269536972,-0.7481324211616054,0.03247482697902755,0.005343137351875774,44,1005.0,1125.0,1050.0,1080.0,training_occluded_only,42
un_un,un -> un,0,expert2,Expert2,2,novel,Novel Image,2,full,Nonoccluded,0,1025.0,-1.014618740626638,0.027053579688072205,-1.014618740626638,0.03247482697902755,0.005343137351875774,44,1005.0,1125.0,1050.0,1080.0,training_occluded_only,42
un_un,un -> un,0,expert2,Expert2,2,novel,Novel Image,2,full,Nonoccluded,0,1026.0,-0.55680781030383,0.029499726369976997,-0.55680781030383,0.03247482697902755,0.005343137351875774,44,1005.0,1125.0,1050.0,1080.0,training_occluded_only,42
un_un,un -> un,0,expert2,Expert2,2,novel,Novel Image,2,full,Nonoccluded,0,1027.0,0.5469496213708954,0.035397253930568695,0.5469496213708954,0.03247482697902755,0.005343137351875774,44,1005.0,1125.0,1050.0,1080.0,training_occluded_only,42
un_un,un -> un,0,expert2,Expert2,2,novel,Novel Image,2,full,Nonoccluded,0,1028.0,0.38665400549669365,0.034540772438049316,0.38665400549669365,0.03247482697902755,0.005343137351875774,44,1005.0,1125.0,1050.0,1080.0,training_occluded_only,42
un_un,un -> un,0,expert2,Expert2,2,novel,Novel Image,2,full,Nonoccluded,0,1029.0,0.06342801609360521,0.03281373158097267,0.06342801609360521,0.03247482697902755,0.005343137351875774,44,1005.0,1125.0,1050.0,1080.0,training_occluded_only,42
un_un,un -> un,0,expert2,Expert2,2,novel,Novel Image,2,full,Nonoccluded,0,1030.0,-0.24363629037367385,0.031173044815659523,-0.24363629037367385,0.03247482697902755,0.005343137351875774,44,1005.0,1125.0,1050.0,1080.0,training_occluded_only,42
un_un,un -> un,0,expert2,Expert2,2,novel,Novel Image,2,full,Nonoccluded,0,1031.0,-0.5353473292268178,0.029614392668008804,-0.5353473292268178,0.03247482697902755,0.005343137351875774,44,1005.0,1125.0,1050.0,1080.0,training_occluded_only,42
un_un,un -> un,0,expert2,Expert2,2,novel,Novel Image,2,full,Nonoccluded,0,1032.0,-0.8124727289860194,0.02813367359340191,-0.8124727289860194,0.03247482697902755,0.005343137351875774,44,1005.0,1125.0,1050.0,1080.0,training_occluded_only,42
un_un,un -> un,0,expert2,Expert2,2,novel,Novel Image,2,full,Nonoccluded,0,1033.0,0.4944733923056626,0.03511686623096466,0.4944733923056626,0.03247482697902755,0.005343137351875774,44,1005.0,1125.0,1050.0,1080.0,training_occluded_only,42
un_un,un -> un,0,expert2,Expert2,2,novel,Novel Image,2,full,Nonoccluded,0,1034.0,0.5616021926518846,0.03547554463148117,0.5616021926518846,0.03247482697902755,0.005343137351875774,44,1005.0,1125.0,1050.0,1080.0,training_occluded_only,42
un_un,un -> un,0,expert2,Expert2,2,novel,Novel Image,2,full,Nonoccluded,0,1035.0,0.22962900305412115,0.03370176628232002,0.22962900305412115,0.03247482697902755,0.005343137351875774,44,1005.0,1125.0,1050.0,1080.0,training_occluded_only,42
un_un,un -> un,0,expert2,Expert2,2,novel,Novel Image,2,full,Nonoccluded,0,1036.0,-0.08574570136632459,0.03201667591929436,-0.08574570136632459,0.03247482697902755,0.005343137351875774,44,1005.0,1125.0,1050.0,1080.0,training_occluded_only,42
un_un,un -> un,0,expert2,Expert2,2,novel,Novel Image,2,full,Nonoccluded,0,1037.0,-0.06446475193685976,0.03213038295507431,-0.06446475193685976,0.03247482697902755,0.005343137351875774,44,1005.0,1125.0,1050.0,1080.0,training_occluded_only,42
un_un,un -> un,0,expert2,Expert2,2,novel,Novel Image,2,full,Nonoccluded,0,1038.0,-0.365134594305186,0.030523862689733505,-0.365134594305186,0.03247482697902755,0.005343137351875774,44,1005.0,1125.0,1050.0,1080.0,training_occluded_only,42
un_un,un -> un,0,expert2,Expert2,2,novel,Novel Image,2,full,Nonoccluded,0,1039.0,-0.6507708399735537,0.028997668996453285,-0.6507708399735537,0.03247482697902755,0.005343137351875774,44,1005.0,1125.0,1050.0,1080.0,training_occluded_only,42
un_un,un -> un,0,expert2,Expert2,2,novel,Novel Image,2,full,Nonoccluded,0,1040.0,-0.7610642774672671,0.02840835601091385,-0.7610642774672671,0.03247482697902755,0.005343137351875774,44,1005.0,1125.0,1050.0,1080.0,training_occluded_only,42
un_un,un -> un,0,expert2,Expert2,2,novel,Novel Image,2,full,Nonoccluded,0,1041.0,-1.0269039343959885,0.026987938210368156,-1.0269039343959885,0.03247482697902755,0.005343137351875774,44,1005.0,1125.0,1050.0,1080.0,training_occluded_only,42
un_un,un -> un,0,expert2,Expert2,2,novel,Novel Image,2,full,Nonoccluded,0,1042.0,-1.279451625908531,0.02563854120671749,-1.279451625908531,0.03247482697902755,0.005343137351875774,44,1005.0,1125.0,1050.0,1080.0,training_occluded_only,42
un_un,un -> un,0,expert2,Expert2,2,novel,Novel Image,2,full,Nonoccluded,0,1043.0,-1.5193721420085307,0.02435661293566227,-1.5193721420085307,0.03247482697902755,0.005343137351875774,44,1005.0,1125.0,1050.0,1080.0,training_occluded_only,42
un_un,un -> un,0,expert2,Expert2,2,novel,Novel Image,2,full,Nonoccluded,0,1044.0,-1.6014107842297027,0.02391826920211315,-1.6014107842297027,0.03247482697902755,0.005343137351875774,44,1005.0,1125.0,1050.0,1080.0,training_occluded_only,42
un_un,un -> un,0,expert2,Expert2,2,novel,Novel Image,2,full,Nonoccluded,0,1045.0,-0.8572451330431969,0.02789444848895073,-0.8572451330431969,0.03247482697902755,0.005343137351875774,44,1005.0,1125.0,1050.0,1080.0,training_occluded_only,42
un_un,un -> un,0,expert2,Expert2,2,novel,Novel Image,2,full,Nonoccluded,0,1046.0,-1.1182757820536358,0.026499725878238678,-1.1182757820536358,0.03247482697902755,0.005343137351875774,44,1005.0,1125.0,1050.0,1080.0,training_occluded_only,42
un_un,un -> un,0,expert2,Expert2,2,novel,Novel Image,2,full,Nonoccluded,0,1047.0,-1.366255003195095,0.025174738839268684,-1.366255003195095,0.03247482697902755,0.005343137351875774,44,1005.0,1125.0,1050.0,1080.0,training_occluded_only,42
un_un,un -> un,0,expert2,Expert2,2,novel,Novel Image,2,full,Nonoccluded,0,1048.0,-1.6018350366861398,0.023916002362966537,-1.6018350366861398,0.03247482697902755,0.005343137351875774,44,1005.0,1125.0,1050.0,1080.0,training_occluded_only,42
un_un,un -> un,0,expert2,Expert2,2,novel,Novel Image,2,full,Nonoccluded,0,1049.0,-1.6470759660526448,0.02367427386343479,-1.6470759660526448,0.03247482697902755,0.005343137351875774,44,1005.0,1125.0,1050.0,1080.0,training_occluded_only,42
un_un,un -> un,0,expert2,Expert2,2,novel,Novel Image,2,full,Nonoccluded,0,1050.0,-1.8686152302849248,0.02249055914580822,-1.8686152302849248,0.03247482697902755,0.005343137351875774,44,1005.0,1125.0,1050.0,1080.0,training_occluded_only,42
un_un,un -> un,0,expert2,Expert2,2,novel,Novel Image,2,full,Nonoccluded,0,1051.0,-1.7507605472857712,0.023120272904634476,-1.7507605472857712,0.03247482697902755,0.005343137351875774,44,1005.0,1125.0,1050.0,1080.0,training_occluded_only,42
un_un,un -> un,0,expert2,Expert2,2,novel,Novel Image,2,full,Nonoccluded,0,1052.0,-1.9671153558630534,0.021964259445667267,-1.9671153558630534,0.03247482697902755,0.005343137351875774,44,1005.0,1125.0,1050.0,1080.0,training_occluded_only,42
un_un,un -> un,0,expert2,Expert2,2,novel,Novel Image,2,full,Nonoccluded,0,1053.0,-2.1726525983140417,0.020866045728325844,-2.1726525983140417,0.03247482697902755,0.005343137351875774,44,1005.0,1125.0,1050.0,1080.0,training_occluded_only,42
un_un,un -> un,0,expert2,Expert2,2,novel,Novel Image,2,full,Nonoccluded,0,1054.0,-2.3679129612122236,0.01982274278998375,-2.3679129612122236,0.03247482697902755,0.005343137351875774,44,1005.0,1125.0,1050.0,1080.0,training_occluded_only,42
un_un,un -> un,0,expert2,Expert2,2,novel,Novel Image,2,full,Nonoccluded,0,1055.0,-2.5534102885352397,0.018831605091691017,-2.5534102885352397,0.03247482697902755,0.005343137351875774,44,1005.0,1125.0,1050.0,1080.0,training_occluded_only,42
un_un,un -> un,0,expert2,Expert2,2,novel,Novel Image,2,full,Nonoccluded,0,1056.0,-2.729632627480305,0.017890024930238724,-2.729632627480305,0.03247482697902755,0.005343137351875774,44,1005.0,1125.0,1050.0,1080.0,training_occluded_only,42
un_un,un -> un,0,expert2,Expert2,2,novel,Novel Image,2,full,Nonoccluded,0,1057.0,-2.897043971489917,0.016995523124933243,-2.897043971489917,0.03247482697902755,0.005343137351875774,44,1005.0,1125.0,1050.0,1080.0,training_occluded_only,42
un_un,un -> un,0,expert2,Expert2,2,novel,Novel Image,2,full,Nonoccluded,0,1058.0,-3.0560846088569917,0.016145747154951096,-3.0560846088569917,0.03247482697902755,0.005343137351875774,44,1005.0,1125.0,1050.0,1080.0,training_occluded_only,42
un_un,un -> un,0,expert2,Expert2,2,novel,Novel Image,2,full,Nonoccluded,0,1059.0,-3.207173214355713,0.015338459983468056,-3.207173214355713,0.03247482697902755,0.005343137351875774,44,1005.0,1125.0,1050.0,1080.0,training_occluded_only,42
un_un,un -> un,0,expert2,Expert2,2,novel,Novel Image,2,full,Nonoccluded,0,1060.0,-3.3507073721492406,0.014571537263691425,-3.3507073721492406,0.03247482697902755,0.005343137351875774,44,1005.0,1125.0,1050.0,1080.0,training_occluded_only,42
un_un,un -> un,0,expert2,Expert2,2,novel,Novel Image,2,full,Nonoccluded,0,1061.0,-3.487064970210277,0.013842959888279438,-3.487064970210277,0.03247482697902755,0.005343137351875774,44,1005.0,1125.0,1050.0,1080.0,training_occluded_only,42
un_un,un -> un,0,expert2,Expert2,2,novel,Novel Image,2,full,Nonoccluded,0,1062.0,-3.6166045489262055,0.01315081212669611,-3.6166045489262055,0.03247482697902755,0.005343137351875774,44,1005.0,1125.0,1050.0,1080.0,training_occluded_only,42
un_un,un -> un,0,expert2,Expert2,2,novel,Novel Image,2,full,Nonoccluded,0,1063.0,-3.7396672184273654,0.012493271380662918,-3.7396672184273654,0.03247482697902755,0.005343137351875774,44,1005.0,1125.0,1050.0,1080.0,training_occluded_only,42
un_un,un -> un,0,expert2,Expert2,2,novel,Novel Image,2,full,Nonoccluded,0,1064.0,-3.856576832889624,0.011868607252836227,-3.856576832889624,0.03247482697902755,0.005343137351875774,44,1005.0,1125.0,1050.0,1080.0,training_occluded_only,42
un_un,un -> un,0,expert2,Expert2,2,novel,Novel Image,2,full,Nonoccluded,0,1065.0,-3.9676408620472277,0.011275176890194416,-3.9676408620472277,0.03247482697902755,0.005343137351875774,44,1005.0,1125.0,1050.0,1080.0,training_occluded_only,42
un_un,un -> un,0,expert2,Expert2,2,novel,Novel Image,2,full,Nonoccluded,0,1066.0,-4.073151785613365,0.01071141753345728,-4.073151785613365,0.03247482697902755,0.005343137351875774,44,1005.0,1125.0,1050.0,1080.0,training_occluded_only,42
un_un,un -> un,0,expert2,Expert2,2,novel,Novel Image,2,full,Nonoccluded,0,1067.0,-3.690274227530545,0.01275718491524458,-3.690274227530545,0.03247482697902755,0.005343137351875774,44,1005.0,1125.0,1050.0,1080.0,training_occluded_only,42
un_un,un -> un,0,expert2,Expert2,2,novel,Novel Image,2,full,Nonoccluded,0,1068.0,-3.809653360810717,0.012119325809180737,-3.809653360810717,0.03247482697902755,0.005343137351875774,44,1005.0,1125.0,1050.0,1080.0,training_occluded_only,42
un_un,un -> un,0,expert2,Expert2,2,novel,Novel Image,2,full,Nonoccluded,0,1069.0,-3.9230636768689364,0.011513358913362026,-3.9230636768689364,0.03247482697902755,0.005343137351875774,44,1005.0,1125.0,1050.0,1080.0,training_occluded_only,42
un_un,un -> un,0,expert2,Expert2,2,novel,Novel Image,2,full,Nonoccluded,0,1070.0,-4.030803407403217,0.010937690734863281,-4.030803407403217,0.03247482697902755,0.005343137351875774,44,1005.0,1125.0,1050.0,1080.0,training_occluded_only,42
un_un,un -> un,0,expert2,Expert2,2,novel,Novel Image,2,full,Nonoccluded,0,1071.0,-4.133156142695655,0.010390806011855602,-4.133156142695655,0.03247482697902755,0.005343137351875774,44,1005.0,1125.0,1050.0,1080.0,training_occluded_only,42
un_un,un -> un,0,expert2,Expert2,2,novel,Novel Image,2,full,Nonoccluded,0,1072.0,-4.2303911802175715,0.009871265850961208,-4.2303911802175715,0.03247482697902755,0.005343137351875774,44,1005.0,1125.0,1050.0,1080.0,training_occluded_only,42
un_un,un -> un,0,expert2,Expert2,2,novel,Novel Image,2,full,Nonoccluded,0,1073.0,-4.322764570444934,0.00937770213931799,-4.322764570444934,0.03247482697902755,0.005343137351875774,44,1005.0,1125.0,1050.0,1080.0,training_occluded_only,42
un_un,un -> un,0,expert2,Expert2,2,novel,Novel Image,2,full,Nonoccluded,0,1074.0,-4.410519291160929,0.008908816613256931,-4.410519291160929,0.03247482697902755,0.005343137351875774,44,1005.0,1125.0,1050.0,1080.0,training_occluded_only,42
un_un,un -> un,0,expert2,Expert2,2,novel,Novel Image,2,full,Nonoccluded,0,1075.0,-4.493886293271381,0.008463375270366669,-4.493886293271381,0.03247482697902755,0.005343137351875774,44,1005.0,1125.0,1050.0,1080.0,training_occluded_only,42
un_un,un -> un,0,expert2,Expert2,2,novel,Novel Image,2,full,Nonoccluded,0,1076.0,-4.573084849409897,0.008040206506848335,-4.573084849409897,0.03247482697902755,0.005343137351875774,44,1005.0,1125.0,1050.0,1080.0,training_occluded_only,42
un_un,un -> un,0,expert2,Expert2,2,novel,Novel Image,2,full,Nonoccluded,0,1077.0,-4.648323512602,0.007638195995241404,-4.648323512602,0.03247482697902755,0.005343137351875774,44,1005.0,1125.0,1050.0,1080.0,training_occluded_only,42
un_un,un -> un,0,expert2,Expert2,2,novel,Novel Image,2,full,Nonoccluded,0,1078.0,-4.719800203416421,0.007256286218762398,-4.719800203416421,0.03247482697902755,0.005343137351875774,44,1005.0,1125.0,1050.0,1080.0,training_occluded_only,42
un_un,un -> un,0,expert2,Expert2,2,novel,Novel Image,2,full,Nonoccluded,0,1079.0,-4.787703081477941,0.00689347181469202,-4.787703081477941,0.03247482697902755,0.005343137351875774,44,1005.0,1125.0,1050.0,1080.0,training_occluded_only,42
un_un,un -> un,0,expert2,Expert2,2,novel,Novel Image,2,full,Nonoccluded,0,1080.0,-4.852210806921258,0.006548798177391291,-4.852210806921258,0.03247482697902755,0.005343137351875774,44,1005.0,1125.0,1050.0,1080.0,training_occluded_only,42
un_un,un -> un,0,expert2,Expert2,2,novel,Novel Image,2,full,Nonoccluded,0,1081.0,-3.3463740359456735,0.01459469087421894,-3.3463740359456735,0.03247482697902755,0.005343137351875774,44,1005.0,1125.0,1050.0,1080.0,training_occluded_only,42
un_un,un -> un,0,expert2,Expert2,2,novel,Novel Image,2,full,Nonoccluded,0,1082.0,-2.873515913322413,0.01712123677134514,-2.873515913322413,0.03247482697902755,0.005343137351875774,44,1005.0,1125.0,1050.0,1080.0,training_occluded_only,42
un_un,un -> un,0,expert2,Expert2,2,novel,Novel Image,2,full,Nonoccluded,0,1083.0,-1.724599125884146,0.023260056972503662,-1.724599125884146,0.03247482697902755,0.005343137351875774,44,1005.0,1125.0,1050.0,1080.0,training_occluded_only,42
un_un,un -> un,0,expert2,Expert2,2,novel,Novel Image,2,full,Nonoccluded,0,1084.0,-0.3492632994517202,0.030608665198087692,-0.3492632994517202,0.03247482697902755,0.005343137351875774,44,1005.0,1125.0,1050.0,1080.0,training_occluded_only,42
un_un,un -> un,0,expert2,Expert2,2,novel,Novel Image,2,full,Nonoccluded,0,1085.0,1.5029043996047273,0.040505051612854004,1.5029043996047273,0.03247482697902755,0.005343137351875774,44,1005.0,1125.0,1050.0,1080.0,training_occluded_only,42
un_un,un -> un,0,expert2,Expert2,2,novel,Novel Image,2,full,Nonoccluded,0,1086.0,1.9986787783732671,0.0431540422141552,1.9986787783732671,0.03247482697902755,0.005343137351875774,44,1005.0,1125.0,1050.0,1080.0,training_occluded_only,42
un_un,un -> un,0,expert2,Expert2,2,novel,Novel Image,2,full,Nonoccluded,0,1087.0,1.5948517943499487,0.04099633917212486,1.5948517943499487,0.03247482697902755,0.005343137351875774,44,1005.0,1125.0,1050.0,1080.0,training_occluded_only,42
un_un,un -> un,0,expert2,Expert2,2,novel,Novel Image,2,full,Nonoccluded,0,1088.0,1.2293644037193594,0.03904348984360695,1.2293644037193594,0.03247482697902755,0.005343137351875774,44,1005.0,1125.0,1050.0,1080.0,training_occluded_only,42
un_un,un -> un,0,expert2,Expert2,2,novel,Novel Image,2,full,Nonoccluded,0,1089.0,1.055934740557792,0.038116831332445145,1.055934740557792,0.03247482697902755,0.005343137351875774,44,1005.0,1125.0,1050.0,1080.0,training_occluded_only,42
un_un,un -> un,0,expert2,Expert2,2,novel,Novel Image,2,full,Nonoccluded,0,1090.0,0.6992447492621627,0.03621098771691322,0.6992447492621627,0.03247482697902755,0.005343137351875774,44,1005.0,1125.0,1050.0,1080.0,training_occluded_only,42
un_un,un -> un,0,expert2,Expert2,2,novel,Novel Image,2,full,Nonoccluded,0,1091.0,0.36038939697337125,0.03440043702721596,0.36038939697337125,0.03247482697902755,0.005343137351875774,44,1005.0,1125.0,1050.0,1080.0,training_occluded_only,42
un_un,un -> un,0,expert2,Expert2,2,novel,Novel Image,2,full,Nonoccluded,0,1092.0,0.03847695174107571,0.032680414617061615,0.03847695174107571,0.03247482697902755,0.005343137351875774,44,1005.0,1125.0,1050.0,1080.0,training_occluded_only,42
un_un,un -> un,0,expert2,Expert2,2,novel,Novel Image,2,full,Nonoccluded,0,1093.0,0.7150128569939315,0.03629523888230324,0.7150128569939315,0.03247482697902755,0.005343137351875774,44,1005.0,1125.0,1050.0,1080.0,training_occluded_only,42
un_un,un -> un,0,expert2,Expert2,2,novel,Novel Image,2,full,Nonoccluded,0,1094.0,0.48724471610461123,0.03507824242115021,0.48724471610461123,0.03247482697902755,0.005343137351875774,44,1005.0,1125.0,1050.0,1080.0,training_occluded_only,42
un_un,un -> un,0,expert2,Expert2,2,novel,Novel Image,2,full,Nonoccluded,0,1095.0,0.306521536185791,0.03411261364817619,0.306521536185791,0.03247482697902755,0.005343137351875774,44,1005.0,1125.0,1050.0,1080.0,training_occluded_only,42
un_un,un -> un,0,expert2,Expert2,2,novel,Novel Image,2,full,Nonoccluded,0,1096.0,0.21129306985471427,0.03360379487276077,0.21129306985471427,0.03247482697902755,0.005343137351875774,44,1005.0,1125.0,1050.0,1080.0,training_occluded_only,42
un_un,un -> un,0,expert2,Expert2,2,novel,Novel Image,2,full,Nonoccluded,0,1097.0,1.491090868590972,0.040441930294036865,1.491090868590972,0.03247482697902755,0.005343137351875774,44,1005.0,1125.0,1050.0,1080.0,training_occluded_only,42
un_un,un -> un,0,expert2,Expert2,2,novel,Novel Image,2,full,Nonoccluded,0,1098.0,1.9723193492516284,0.04301320016384125,1.9723193492516284,0.03247482697902755,0.005343137351875774,44,1005.0,1125.0,1050.0,1080.0,training_occluded_only,42
un_un,un -> un,0,expert2,Expert2,2,novel,Novel Image,2,full,Nonoccluded,0,1099.0,1.5698100926607934,0.040862537920475006,1.5698100926607934,0.03247482697902755,0.005343137351875774,44,1005.0,1125.0,1050.0,1080.0,training_occluded_only,42
un_un,un -> un,0,expert2,Expert2,2,novel,Novel Image,2,full,Nonoccluded,0,1100.0,1.7456430396635088,0.04180203750729561,1.7456430396635088,0.03247482697902755,0.005343137351875774,44,1005.0,1125.0,1050.0,1080.0,training_occluded_only,42
un_un,un -> un,0,expert2,Expert2,2,novel,Novel Image,2,full,Nonoccluded,0,1101.0,2.702129789342306,0.046912677586078644,2.702129789342306,0.03247482697902755,0.005343137351875774,44,1005.0,1125.0,1050.0,1080.0,training_occluded_only,42
un_un,un -> un,0,expert2,Expert2,2,novel,Novel Image,2,full,Nonoccluded,0,1102.0,2.263130638236191,0.0445670448243618,2.263130638236191,0.03247482697902755,0.005343137351875774,44,1005.0,1125.0,1050.0,1080.0,training_occluded_only,42
un_un,un -> un,0,expert2,Expert2,2,novel,Novel Image,2,full,Nonoccluded,0,1103.0,4.028603724810025,0.054000210016965866,4.028603724810025,0.03247482697902755,0.005343137351875774,44,1005.0,1125.0,1050.0,1080.0,training_occluded_only,42
un_un,un -> un,0,expert2,Expert2,2,novel,Novel Image,2,full,Nonoccluded,0,1104.0,3.523280354022812,0.05130019783973694,3.523280354022812,0.03247482697902755,0.005343137351875774,44,1005.0,1125.0,1050.0,1080.0,training_occluded_only,42
un_un,un -> un,0,expert2,Expert2,2,novel,Novel Image,2,full,Nonoccluded,0,1105.0,3.043223186635474,0.04873518645763397,3.043223186635474,0.03247482697902755,0.005343137351875774,44,1005.0,1125.0,1050.0,1080.0,training_occluded_only,42
un_un,un -> un,0,expert2,Expert2,2,novel,Novel Image,2,full,Nonoccluded,0,1106.0,2.587168877617503,0.046298425644636154,2.587168877617503,0.03247482697902755,0.005343137351875774,44,1005.0,1125.0,1050.0,1080.0,training_occluded_only,42
un_un,un -> un,0,expert2,Expert2,2,novel,Novel Image,2,full,Nonoccluded,0,1107.0,3.798534789990972,0.05277092009782791,3.798534789990972,0.03247482697902755,0.005343137351875774,44,1005.0,1125.0,1050.0,1080.0,training_occluded_only,42
un_un,un -> un,0,expert2,Expert2,2,novel,Novel Image,2,full,Nonoccluded,0,1108.0,3.9468544248557738,0.05356341227889061,3.9468544248557738,0.03247482697902755,0.005343137351875774,44,1005.0,1125.0,1050.0,1080.0,training_occluded_only,42
un_un,un -> un,0,expert2,Expert2,2,novel,Novel Image,2,full,Nonoccluded,0,1109.0,3.4456187979503863,0.050885241478681564,3.4456187979503863,0.03247482697902755,0.005343137351875774,44,1005.0,1125.0,1050.0,1080.0,training_occluded_only,42
un_un,un -> un,0,expert2,Expert2,2,novel,Novel Image,2,full,Nonoccluded,0,1110.0,4.925299115147602,0.058791376650333405,4.925299115147602,0.03247482697902755,0.005343137351875774,44,1005.0,1125.0,1050.0,1080.0,training_occluded_only,42
un_un,un -> un,0,expert2,Expert2,2,novel,Novel Image,2,full,Nonoccluded,0,1111.0,4.375140939982997,0.055851805955171585,4.375140939982997,0.03247482697902755,0.005343137351875774,44,1005.0,1125.0,1050.0,1080.0,training_occluded_only,42
un_un,un -> un,0,expert2,Expert2,2,novel,Novel Image,2,full,Nonoccluded,0,1112.0,4.032760492509742,0.054022420197725296,4.032760492509742,0.03247482697902755,0.005343137351875774,44,1005.0,1125.0,1050.0,1080.0,training_occluded_only,42
un_un,un -> un,0,expert2,Expert2,2,novel,Novel Image,2,full,Nonoccluded,0,1113.0,3.5272293530585714,0.05132129788398743,3.5272293530585714,0.03247482697902755,0.005343137351875774,44,1005.0,1125.0,1050.0,1080.0,training_occluded_only,42
un_un,un -> un,0,expert2,Expert2,2,novel,Novel Image,2,full,Nonoccluded,0,1114.0,5.416176986107502,0.0614142045378685,5.416176986107502,0.03247482697902755,0.005343137351875774,44,1005.0,1125.0,1050.0,1080.0,training_occluded_only,42
un_un,un -> un,0,expert2,Expert2,2,novel,Novel Image,2,full,Nonoccluded,0,1115.0,7.1625911324197675,0.07074553519487381,7.1625911324197675,0.03247482697902755,0.005343137351875774,44,1005.0,1125.0,1050.0,1080.0,training_occluded_only,42
un_un,un -> un,0,expert2,Expert2,2,novel,Novel Image,2,full,Nonoccluded,0,1116.0,6.5005690536018355,0.06720826029777527,6.5005690536018355,0.03247482697902755,0.005343137351875774,44,1005.0,1125.0,1050.0,1080.0,training_occluded_only,42
un_un,un -> un,0,expert2,Expert2,2,novel,Novel Image,2,full,Nonoccluded,0,1117.0,5.871647730119659,0.0638478472828865,5.871647730119659,0.03247482697902755,0.005343137351875774,44,1005.0,1125.0,1050.0,1080.0,training_occluded_only,42
un_un,un -> un,0,expert2,Expert2,2,novel,Novel Image,2,full,Nonoccluded,0,1118.0,6.469674271597497,0.06704318523406982,6.469674271597497,0.03247482697902755,0.005343137351875774,44,1005.0,1125.0,1050.0,1080.0,training_occluded_only,42
un_un,un -> un,0,expert2,Expert2,2,novel,Novel Image,2,full,Nonoccluded,0,1119.0,5.8422979660996495,0.06369102746248245,5.8422979660996495,0.03247482697902755,0.005343137351875774,44,1005.0,1125.0,1050.0,1080.0,training_occluded_only,42
un_un,un -> un,0,expert2,Expert2,2,novel,Novel Image,2,full,Nonoccluded,0,1120.0,6.090534109229929,0.06501738727092743,6.090534109229929,0.03247482697902755,0.005343137351875774,44,1005.0,1125.0,1050.0,1080.0,training_occluded_only,42
un_un,un -> un,0,expert2,Expert2,2,novel,Novel Image,2,full,Nonoccluded,0,1121.0,7.041378336098627,0.07009787857532501,7.041378336098627,0.03247482697902755,0.005343137351875774,44,1005.0,1125.0,1050.0,1080.0,training_occluded_only,42
un_un,un -> un,0,expert2,Expert2,2,novel,Novel Image,2,full,Nonoccluded,0,1122.0,6.385416409049554,0.0665929839015007,6.385416409049554,0.03247482697902755,0.005343137351875774,44,1005.0,1125.0,1050.0,1080.0,training_occluded_only,42
un_un,un -> un,0,expert2,Expert2,2,novel,Novel Image,2,full,Nonoccluded,0,1123.0,6.356047123141656,0.06643605977296829,6.356047123141656,0.03247482697902755,0.005343137351875774,44,1005.0,1125.0,1050.0,1080.0,training_occluded_only,42
un_un,un -> un,0,expert2,Expert2,2,novel,Novel Image,2,full,Nonoccluded,0,1124.0,8.764551674879465,0.07930503040552139,8.764551674879465,0.03247482697902755,0.005343137351875774,44,1005.0,1125.0,1050.0,1080.0,training_occluded_only,42
un_un,un -> un,0,expert2,Expert2,2,novel,Novel Image,2,occlusion,Occluded,1,1006.0,-0.3276671711613656,0.03651193901896477,-0.3276671711613656,0.03748982539400458,0.002984389225120871,44,1005.0,1125.0,1050.0,1080.0,training_occluded_only,42
un_un,un -> un,0,expert2,Expert2,2,novel,Novel Image,2,occlusion,Occluded,1,1007.0,-0.9393826678686742,0.034686341881752014,-0.9393826678686742,0.03748982539400458,0.002984389225120871,44,1005.0,1125.0,1050.0,1080.0,training_occluded_only,42
un_un,un -> un,0,expert2,Expert2,2,novel,Novel Image,2,occlusion,Occluded,1,1008.0,-1.5205120776759018,0.03295202553272247,-1.5205120776759018,0.03748982539400458,0.002984389225120871,44,1005.0,1125.0,1050.0,1080.0,training_occluded_only,42
un_un,un -> un,0,expert2,Expert2,2,novel,Novel Image,2,occlusion,Occluded,1,1009.0,-0.2503075764364088,0.036742810159921646,-0.2503075764364088,0.03748982539400458,0.002984389225120871,44,1005.0,1125.0,1050.0,1080.0,training_occluded_only,42
un_un,un -> un,0,expert2,Expert2,2,novel,Novel Image,2,occlusion,Occluded,1,1010.0,-0.8658914273576238,0.03490566834807396,-0.8658914273576238,0.03748982539400458,0.002984389225120871,44,1005.0,1125.0,1050.0,1080.0,training_occluded_only,42
un_un,un -> un,0,expert2,Expert2,2,novel,Novel Image,2,occlusion,Occluded,1,1011.0,-1.4506957112551193,0.033160384744405746,-1.4506957112551193,0.03748982539400458,0.002984389225120871,44,1005.0,1125.0,1050.0,1080.0,training_occluded_only,42
un_un,un -> un,0,expert2,Expert2,2,novel,Novel Image,2,occlusion,Occluded,1,1012.0,-0.4215087759025927,0.036231879144907,-0.4215087759025927,0.03748982539400458,0.002984389225120871,44,1005.0,1125.0,1050.0,1080.0,training_occluded_only,42
un_un,un -> un,0,expert2,Expert2,2,novel,Novel Image,2,occlusion,Occluded,1,1013.0,-0.17299291903049052,0.03697354719042778,-0.17299291903049052,0.03748982539400458,0.002984389225120871,44,1005.0,1125.0,1050.0,1080.0,training_occluded_only,42
un_un,un -> un,0,expert2,Expert2,2,novel,Novel Image,2,occlusion,Occluded,1,1014.0,-0.7924426276478876,0.03512486815452576,-0.7924426276478876,0.03748982539400458,0.002984389225120871,44,1005.0,1125.0,1050.0,1080.0,training_occluded_only,42
un_un,un -> un,0,expert2,Expert2,2,novel,Novel Image,2,occlusion,Occluded,1,1015.0,-1.380919289117927,0.03336862474679947,-1.380919289117927,0.03748982539400458,0.002984389225120871,44,1005.0,1125.0,1050.0,1080.0,training_occluded_only,42
un_un,un -> un,0,expert2,Expert2,2,novel,Novel Image,2,occlusion,Occluded,1,1016.0,0.5608247630578783,0.03916354477405548,0.5608247630578783,0.03748982539400458,0.002984389225120871,44,1005.0,1125.0,1050.0,1080.0,training_occluded_only,42
un_un,un -> un,0,expert2,Expert2,2,novel,Novel Image,2,occlusion,Occluded,1,1017.0,0.7345287215427401,0.039681944996118546,0.7345287215427401,0.03748982539400458,0.002984389225120871,44,1005.0,1125.0,1050.0,1080.0,training_occluded_only,42
un_un,un -> un,0,expert2,Expert2,2,novel,Novel Image,2,occlusion,Occluded,1,1018.0,0.06970355502611247,0.03769784793257713,0.06970355502611247,0.03748982539400458,0.002984389225120871,44,1005.0,1125.0,1050.0,1080.0,training_occluded_only,42
un_un,un -> un,0,expert2,Expert2,2,novel,Novel Image,2,occlusion,Occluded,1,1019.0,0.35359381979363136,0.03854508697986603,0.35359381979363136,0.03748982539400458,0.002984389225120871,44,1005.0,1125.0,1050.0,1080.0,training_occluded_only,42
un_un,un -> un,0,expert2,Expert2,2,novel,Novel Image,2,occlusion,Occluded,1,1020.0,-0.2921854130038012,0.03661783039569855,-0.2921854130038012,0.03748982539400458,0.002984389225120871,44,1005.0,1125.0,1050.0,1080.0,training_occluded_only,42
un_un,un -> un,0,expert2,Expert2,2,novel,Novel Image,2,occlusion,Occluded,1,1021.0,0.47194998032927915,0.03889830783009529,0.47194998032927915,0.03748982539400458,0.002984389225120871,44,1005.0,1125.0,1050.0,1080.0,training_occluded_only,42
un_un,un -> un,0,expert2,Expert2,2,novel,Novel Image,2,occlusion,Occluded,1,1022.0,-0.17974599947490297,0.0369533933699131,-0.17974599947490297,0.03748982539400458,0.002984389225120871,44,1005.0,1125.0,1050.0,1080.0,training_occluded_only,42
un_un,un -> un,0,expert2,Expert2,2,novel,Novel Image,2,occlusion,Occluded,1,1023.0,-0.7988574299406483,0.03510572388768196,-0.7988574299406483,0.03748982539400458,0.002984389225120871,44,1005.0,1125.0,1050.0,1080.0,training_occluded_only,42
un_un,un -> un,0,expert2,Expert2,2,novel,Novel Image,2,occlusion,Occluded,1,1024.0,-1.1292715507606064,0.03411963954567909,-1.1292715507606064,0.03748982539400458,0.002984389225120871,44,1005.0,1125.0,1050.0,1080.0,training_occluded_only,42
un_un,un -> un,0,expert2,Expert2,2,novel,Novel Image,2,occlusion,Occluded,1,1025.0,-1.7009067036620666,0.03241365775465965,-1.7009067036620666,0.03748982539400458,0.002984389225120871,44,1005.0,1125.0,1050.0,1080.0,training_occluded_only,42
un_un,un -> un,0,expert2,Expert2,2,novel,Novel Image,2,occlusion,Occluded,1,1026.0,0.962751634092326,0.04036305099725723,0.962751634092326,0.03748982539400458,0.002984389225120871,44,1005.0,1125.0,1050.0,1080.0,training_occluded_only,42
un_un,un -> un,0,expert2,Expert2,2,novel,Novel Image,2,occlusion,Occluded,1,1027.0,0.4280150131570084,0.03876718878746033,0.4280150131570084,0.03748982539400458,0.002984389225120871,44,1005.0,1125.0,1050.0,1080.0,training_occluded_only,42
un_un,un -> un,0,expert2,Expert2,2,novel,Novel Image,2,occlusion,Occluded,1,1028.0,1.0029617968198414,0.040483053773641586,1.0029617968198414,0.03748982539400458,0.002984389225120871,44,1005.0,1125.0,1050.0,1080.0,training_occluded_only,42
un_un,un -> un,0,expert2,Expert2,2,novel,Novel Image,2,occlusion,Occluded,1,1029.0,0.9743417176276993,0.04039764031767845,0.9743417176276993,0.03748982539400458,0.002984389225120871,44,1005.0,1125.0,1050.0,1080.0,training_occluded_only,42
un_un,un -> un,0,expert2,Expert2,2,novel,Novel Image,2,occlusion,Occluded,1,1030.0,0.29752577648093753,0.038377758115530014,0.29752577648093753,0.03748982539400458,0.002984389225120871,44,1005.0,1125.0,1050.0,1080.0,training_occluded_only,42
un_un,un -> un,0,expert2,Expert2,2,novel,Novel Image,2,occlusion,Occluded,1,1031.0,0.4224203169367022,0.03875049203634262,0.4224203169367022,0.03748982539400458,0.002984389225120871,44,1005.0,1125.0,1050.0,1080.0,training_occluded_only,42
un_un,un -> un,0,expert2,Expert2,2,novel,Novel Image,2,occlusion,Occluded,1,1032.0,0.09447899692272951,0.037771787494421005,0.09447899692272951,0.03748982539400458,0.002984389225120871,44,1005.0,1125.0,1050.0,1080.0,training_occluded_only,42
un_un,un -> un,0,expert2,Expert2,2,novel,Novel Image,2,occlusion,Occluded,1,1033.0,0.3053174082986866,0.03840101137757301,0.3053174082986866,0.03748982539400458,0.002984389225120871,44,1005.0,1125.0,1050.0,1080.0,training_occluded_only,42
un_un,un -> un,0,expert2,Expert2,2,novel,Novel Image,2,occlusion,Occluded,1,1034.0,0.4020237671286247,0.03868962079286575,0.4020237671286247,0.03748982539400458,0.002984389225120871,44,1005.0,1125.0,1050.0,1080.0,training_occluded_only,42
un_un,un -> un,0,expert2,Expert2,2,novel,Novel Image,2,occlusion,Occluded,1,1035.0,-0.24617583960258158,0.036755140870809555,-0.24617583960258158,0.03748982539400458,0.002984389225120871,44,1005.0,1125.0,1050.0,1080.0,training_occluded_only,42
un_un,un -> un,0,expert2,Expert2,2,novel,Novel Image,2,occlusion,Occluded,1,1036.0,1.3803017130458617,0.041609182953834534,1.3803017130458617,0.03748982539400458,0.002984389225120871,44,1005.0,1125.0,1050.0,1080.0,training_occluded_only,42
un_un,un -> un,0,expert2,Expert2,2,novel,Novel Image,2,occlusion,Occluded,1,1037.0,0.683187834541135,0.03952872380614281,0.683187834541135,0.03748982539400458,0.002984389225120871,44,1005.0,1125.0,1050.0,1080.0,training_occluded_only,42
un_un,un -> un,0,expert2,Expert2,2,novel,Novel Image,2,occlusion,Occluded,1,1038.0,0.020929088245156515,0.03755228593945503,0.020929088245156515,0.03748982539400458,0.002984389225120871,44,1005.0,1125.0,1050.0,1080.0,training_occluded_only,42
un_un,un -> un,0,expert2,Expert2,2,novel,Novel Image,2,occlusion,Occluded,1,1039.0,1.9044368714646553,0.0431734062731266,1.9044368714646553,0.03748982539400458,0.002984389225120871,44,1005.0,1125.0,1050.0,1080.0,training_occluded_only,42
un_un,un -> un,0,expert2,Expert2,2,novel,Novel Image,2,occlusion,Occluded,1,1040.0,2.034775068818402,0.0435623861849308,2.034775068818402,0.03748982539400458,0.002984389225120871,44,1005.0,1125.0,1050.0,1080.0,training_occluded_only,42
un_un,un -> un,0,expert2,Expert2,2,novel,Novel Image,2,occlusion,Occluded,1,1041.0,1.6036913672810733,0.042275864630937576,1.6036913672810733,0.03748982539400458,0.002984389225120871,44,1005.0,1125.0,1050.0,1080.0,training_occluded_only,42
un_un,un -> un,0,expert2,Expert2,2,novel,Novel Image,2,occlusion,Occluded,1,1042.0,0.8954080684775291,0.04016207158565521,0.8954080684775291,0.03748982539400458,0.002984389225120871,44,1005.0,1125.0,1050.0,1080.0,training_occluded_only,42
un_un,un -> un,0,expert2,Expert2,2,novel,Novel Image,2,occlusion,Occluded,1,1043.0,0.22253912185299138,0.03815396875143051,0.22253912185299138,0.03748982539400458,0.002984389225120871,44,1005.0,1125.0,1050.0,1080.0,training_occluded_only,42
un_un,un -> un,0,expert2,Expert2,2,novel,Novel Image,2,occlusion,Occluded,1,1044.0,-0.4166867519179781,0.036246269941329956,-0.4166867519179781,0.03748982539400458,0.002984389225120871,44,1005.0,1125.0,1050.0,1080.0,training_occluded_only,42
un_un,un -> un,0,expert2,Expert2,2,novel,Novel Image,2,occlusion,Occluded,1,1045.0,-1.0239509575227403,0.03443395718932152,-1.0239509575227403,0.03748982539400458,0.002984389225120871,44,1005.0,1125.0,1050.0,1080.0,training_occluded_only,42
un_un,un -> un,0,expert2,Expert2,2,novel,Novel Image,2,occlusion,Occluded,1,1046.0,-1.6008525145637527,0.03271225839853287,-1.6008525145637527,0.03748982539400458,0.002984389225120871,44,1005.0,1125.0,1050.0,1080.0,training_occluded_only,42
un_un,un -> un,0,expert2,Expert2,2,novel,Novel Image,2,occlusion,Occluded,1,1047.0,-2.1489086816879985,0.031076645478606224,-2.1489086816879985,0.03748982539400458,0.002984389225120871,44,1005.0,1125.0,1050.0,1080.0,training_occluded_only,42
un_un,un -> un,0,expert2,Expert2,2,novel,Novel Image,2,occlusion,Occluded,1,1048.0,0.021584424147802827,0.037554241716861725,0.021584424147802827,0.03748982539400458,0.002984389225120871,44,1005.0,1125.0,1050.0,1080.0,training_occluded_only,42
un_un,un -> un,0,expert2,Expert2,2,novel,Novel Image,2,occlusion,Occluded,1,1049.0,1.8125712605022646,0.0428992435336113,1.8125712605022646,0.03748982539400458,0.002984389225120871,44,1005.0,1125.0,1050.0,1080.0,training_occluded_only,42
un_un,un -> un,0,expert2,Expert2,2,novel,Novel Image,2,occlusion,Occluded,1,1050.0,3.091225225979877,0.04671524465084076,3.091225225979877,0.03748982539400458,0.002984389225120871,44,1005.0,1125.0,1050.0,1080.0,training_occluded_only,42
un_un,un -> un,0,expert2,Expert2,2,novel,Novel Image,2,occlusion,Occluded,1,1051.0,2.3085644228731326,0.04437948018312454,2.3085644228731326,0.03748982539400458,0.002984389225120871,44,1005.0,1125.0,1050.0,1080.0,training_occluded_only,42
un_un,un -> un,0,expert2,Expert2,2,novel,Novel Image,2,occlusion,Occluded,1,1052.0,1.5650377833547007,0.042160507291555405,1.5650377833547007,0.03748982539400458,0.002984389225120871,44,1005.0,1125.0,1050.0,1080.0,training_occluded_only,42
un_un,un -> un,0,expert2,Expert2,2,novel,Novel Image,2,occlusion,Occluded,1,1053.0,0.9645628577013542,0.0403684563934803,0.9645628577013542,0.03748982539400458,0.002984389225120871,44,1005.0,1125.0,1050.0,1080.0,training_occluded_only,42
un_un,un -> un,0,expert2,Expert2,2,novel,Novel Image,2,occlusion,Occluded,1,1054.0,1.0588138913493774,0.040649738162755966,1.0588138913493774,0.03748982539400458,0.002984389225120871,44,1005.0,1125.0,1050.0,1080.0,training_occluded_only,42
un_un,un -> un,0,expert2,Expert2,2,novel,Novel Image,2,occlusion,Occluded,1,1055.0,2.1129210666265346,0.04379560425877571,2.1129210666265346,0.03748982539400458,0.002984389225120871,44,1005.0,1125.0,1050.0,1080.0,training_occluded_only,42
un_un,un -> un,0,expert2,Expert2,2,novel,Novel Image,2,occlusion,Occluded,1,1056.0,1.3791757835521723,0.04160582274198532,1.3791757835521723,0.03748982539400458,0.002984389225120871,44,1005.0,1125.0,1050.0,1080.0,training_occluded_only,42
un_un,un -> un,0,expert2,Expert2,2,novel,Novel Image,2,occlusion,Occluded,1,1057.0,1.355787157251441,0.04153602197766304,1.355787157251441,0.03748982539400458,0.002984389225120871,44,1005.0,1125.0,1050.0,1080.0,training_occluded_only,42
un_un,un -> un,0,expert2,Expert2,2,novel,Novel Image,2,occlusion,Occluded,1,1058.0,0.6598990689493783,0.0394592210650444,0.6598990689493783,0.03748982539400458,0.002984389225120871,44,1005.0,1125.0,1050.0,1080.0,training_occluded_only,42
un_un,un -> un,0,expert2,Expert2,2,novel,Novel Image,2,occlusion,Occluded,1,1059.0,0.534761118015488,0.039085760712623596,0.534761118015488,0.03748982539400458,0.002984389225120871,44,1005.0,1125.0,1050.0,1080.0,training_occluded_only,42
un_un,un -> un,0,expert2,Expert2,2,novel,Novel Image,2,occlusion,Occluded,1,1060.0,-0.1200754810859477,0.037131473422050476,-0.1200754810859477,0.03748982539400458,0.002984389225120871,44,1005.0,1125.0,1050.0,1080.0,training_occluded_only,42
un_un,un -> un,0,expert2,Expert2,2,novel,Novel Image,2,occlusion,Occluded,1,1061.0,-0.7421702502323115,0.03527490049600601,-0.7421702502323115,0.03748982539400458,0.002984389225120871,44,1005.0,1125.0,1050.0,1080.0,training_occluded_only,42
un_un,un -> un,0,expert2,Expert2,2,novel,Novel Image,2,occlusion,Occluded,1,1062.0,0.7542899075899662,0.039740920066833496,0.7542899075899662,0.03748982539400458,0.002984389225120871,44,1005.0,1125.0,1050.0,1080.0,training_occluded_only,42
un_un,un -> un,0,expert2,Expert2,2,novel,Novel Image,2,occlusion,Occluded,1,1063.0,0.08847612005448932,0.0377538725733757,0.08847612005448932,0.03748982539400458,0.002984389225120871,44,1005.0,1125.0,1050.0,1080.0,training_occluded_only,42
un_un,un -> un,0,expert2,Expert2,2,novel,Novel Image,2,occlusion,Occluded,1,1064.0,1.1504623052697482,0.04092325270175934,1.1504623052697482,0.03748982539400458,0.002984389225120871,44,1005.0,1125.0,1050.0,1080.0,training_occluded_only,42
un_un,un -> un,0,expert2,Expert2,2,novel,Novel Image,2,occlusion,Occluded,1,1065.0,0.46483989785028224,0.03887708857655525,0.46483989785028224,0.03748982539400458,0.002984389225120871,44,1005.0,1125.0,1050.0,1080.0,training_occluded_only,42
un_un,un -> un,0,expert2,Expert2,2,novel,Novel Image,2,occlusion,Occluded,1,1066.0,-0.18650157643703977,0.036933232098817825,-0.18650157643703977,0.03748982539400458,0.002984389225120871,44,1005.0,1125.0,1050.0,1080.0,training_occluded_only,42
un_un,un -> un,0,expert2,Expert2,2,novel,Novel Image,2,occlusion,Occluded,1,1067.0,-0.8052759770099956,0.03508656844496727,-0.8052759770099956,0.03748982539400458,0.002984389225120871,44,1005.0,1125.0,1050.0,1080.0,training_occluded_only,42
un_un,un -> un,0,expert2,Expert2,2,novel,Novel Image,2,occlusion,Occluded,1,1068.0,-1.3642725089318486,0.03341830521821976,-1.3642725089318486,0.03748982539400458,0.002984389225120871,44,1005.0,1125.0,1050.0,1080.0,training_occluded_only,42
un_un,un -> un,0,expert2,Expert2,2,novel,Novel Image,2,occlusion,Occluded,1,1069.0,-1.924157801163576,0.03174738958477974,-1.924157801163576,0.03748982539400458,0.002984389225120871,44,1005.0,1125.0,1050.0,1080.0,training_occluded_only,42
un_un,un -> un,0,expert2,Expert2,2,novel,Novel Image,2,occlusion,Occluded,1,1070.0,-1.5334303086406382,0.03291347250342369,-1.5334303086406382,0.03748982539400458,0.002984389225120871,44,1005.0,1125.0,1050.0,1080.0,training_occluded_only,42
un_un,un -> un,0,expert2,Expert2,2,novel,Novel Image,2,occlusion,Occluded,1,1071.0,-2.0848573988222108,0.03126779943704605,-2.0848573988222108,0.03748982539400458,0.002984389225120871,44,1005.0,1125.0,1050.0,1080.0,training_occluded_only,42
un_un,un -> un,0,expert2,Expert2,2,novel,Novel Image,2,occlusion,Occluded,1,1072.0,-2.608713571385306,0.02970440872013569,-2.608713571385306,0.03748982539400458,0.002984389225120871,44,1005.0,1125.0,1050.0,1080.0,training_occluded_only,42
un_un,un -> un,0,expert2,Expert2,2,novel,Novel Image,2,occlusion,Occluded,1,1073.0,-3.1063769041137754,0.028219187632203102,-3.1063769041137754,0.03748982539400458,0.002984389225120871,44,1005.0,1125.0,1050.0,1080.0,training_occluded_only,42
un_un,un -> un,0,expert2,Expert2,2,novel,Novel Image,2,occlusion,Occluded,1,1074.0,-2.5916442555743786,0.029755350202322006,-2.5916442555743786,0.03748982539400458,0.002984389225120871,44,1005.0,1125.0,1050.0,1080.0,training_occluded_only,42
un_un,un -> un,0,expert2,Expert2,2,novel,Novel Image,2,occlusion,Occluded,1,1075.0,-1.3282402686160613,0.03352583944797516,-1.3282402686160613,0.03748982539400458,0.002984389225120871,44,1005.0,1125.0,1050.0,1080.0,training_occluded_only,42
un_un,un -> un,0,expert2,Expert2,2,novel,Novel Image,2,occlusion,Occluded,1,1076.0,-1.874879037802298,0.03189445659518242,-1.874879037802298,0.03748982539400458,0.002984389225120871,44,1005.0,1125.0,1050.0,1080.0,training_occluded_only,42
un_un,un -> un,0,expert2,Expert2,2,novel,Novel Image,2,occlusion,Occluded,1,1077.0,-0.6414457461250049,0.0355755016207695,-0.6414457461250049,0.03748982539400458,0.002984389225120871,44,1005.0,1125.0,1050.0,1080.0,training_occluded_only,42
un_un,un -> un,0,expert2,Expert2,2,novel,Novel Image,2,occlusion,Occluded,1,1078.0,1.0123212417684928,0.040510986000299454,1.0123212417684928,0.03748982539400458,0.002984389225120871,44,1005.0,1125.0,1050.0,1080.0,training_occluded_only,42
un_un,un -> un,0,expert2,Expert2,2,novel,Novel Image,2,occlusion,Occluded,1,1079.0,1.4733431838564293,0.04188685491681099,1.4733431838564293,0.03748982539400458,0.002984389225120871,44,1005.0,1125.0,1050.0,1080.0,training_occluded_only,42
un_un,un -> un,0,expert2,Expert2,2,novel,Novel Image,2,occlusion,Occluded,1,1080.0,1.6424972387886323,0.04239167645573616,1.6424972387886323,0.03748982539400458,0.002984389225120871,44,1005.0,1125.0,1050.0,1080.0,training_occluded_only,42
un_un,un -> un,0,expert2,Expert2,2,novel,Novel Image,2,occlusion,Occluded,1,1081.0,1.4362923643091001,0.04177628085017204,1.4362923643091001,0.03748982539400458,0.002984389225120871,44,1005.0,1125.0,1050.0,1080.0,training_occluded_only,42
un_un,un -> un,0,expert2,Expert2,2,novel,Novel Image,2,occlusion,Occluded,1,1082.0,1.6081351688304464,0.0422891266644001,1.6081351688304464,0.03748982539400458,0.002984389225120871,44,1005.0,1125.0,1050.0,1080.0,training_occluded_only,42
un_un,un -> un,0,expert2,Expert2,2,novel,Novel Image,2,occlusion,Occluded,1,1083.0,1.9079706923034967,0.04318395256996155,1.9079706923034967,0.03748982539400458,0.002984389225120871,44,1005.0,1125.0,1050.0,1080.0,training_occluded_only,42
un_un,un -> un,0,expert2,Expert2,2,novel,Novel Image,2,occlusion,Occluded,1,1084.0,1.6591502602690216,0.04244137555360794,1.6591502602690216,0.03748982539400458,0.002984389225120871,44,1005.0,1125.0,1050.0,1080.0,training_occluded_only,42
un_un,un -> un,0,expert2,Expert2,2,novel,Novel Image,2,occlusion,Occluded,1,1085.0,2.6841742523161667,0.04550044611096382,2.6841742523161667,0.03748982539400458,0.002984389225120871,44,1005.0,1125.0,1050.0,1080.0,training_occluded_only,42
un_un,un -> un,0,expert2,Expert2,2,novel,Novel Image,2,occlusion,Occluded,1,1086.0,1.9218663099573228,0.043225422501564026,1.9218663099573228,0.03748982539400458,0.002984389225120871,44,1005.0,1125.0,1050.0,1080.0,training_occluded_only,42
un_un,un -> un,0,expert2,Expert2,2,novel,Novel Image,2,occlusion,Occluded,1,1087.0,3.2961868346326746,0.04732692986726761,3.2961868346326746,0.03748982539400458,0.002984389225120871,44,1005.0,1125.0,1050.0,1080.0,training_occluded_only,42
un_un,un -> un,0,expert2,Expert2,2,novel,Novel Image,2,occlusion,Occluded,1,1088.0,3.523899209307628,0.048006512224674225,3.523899209307628,0.03748982539400458,0.002984389225120871,44,1005.0,1125.0,1050.0,1080.0,training_occluded_only,42
un_un,un -> un,0,expert2,Expert2,2,novel,Novel Image,2,occlusion,Occluded,1,1089.0,2.7196048318603814,0.045606184750795364,2.7196048318603814,0.03748982539400458,0.002984389225120871,44,1005.0,1125.0,1050.0,1080.0,training_occluded_only,42
un_un,un -> un,0,expert2,Expert2,2,novel,Novel Image,2,occlusion,Occluded,1,1090.0,3.7063422280866356,0.04855099320411682,3.7063422280866356,0.03748982539400458,0.002984389225120871,44,1005.0,1125.0,1050.0,1080.0,training_occluded_only,42
un_un,un -> un,0,expert2,Expert2,2,novel,Novel Image,2,occlusion,Occluded,1,1091.0,5.444600113584745,0.053738631308078766,5.444600113584745,0.03748982539400458,0.002984389225120871,44,1005.0,1125.0,1050.0,1080.0,training_occluded_only,42
un_un,un -> un,0,expert2,Expert2,2,novel,Novel Image,2,occlusion,Occluded,1,1092.0,5.155286164061039,0.052875205874443054,5.155286164061039,0.03748982539400458,0.002984389225120871,44,1005.0,1125.0,1050.0,1080.0,training_occluded_only,42
un_un,un -> un,0,expert2,Expert2,2,novel,Novel Image,2,occlusion,Occluded,1,1093.0,6.044432185924067,0.05552876368165016,6.044432185924067,0.03748982539400458,0.002984389225120871,44,1005.0,1125.0,1050.0,1080.0,training_occluded_only,42
un_un,un -> un,0,expert2,Expert2,2,novel,Novel Image,2,occlusion,Occluded,1,1094.0,5.114111097233055,0.05275232344865799,5.114111097233055,0.03748982539400458,0.002984389225120871,44,1005.0,1125.0,1050.0,1080.0,training_occluded_only,42
un_un,un -> un,0,expert2,Expert2,2,novel,Novel Image,2,occlusion,Occluded,1,1095.0,4.733460798504525,0.05161631479859352,4.733460798504525,0.03748982539400458,0.002984389225120871,44,1005.0,1125.0,1050.0,1080.0,training_occluded_only,42
un_un,un -> un,0,expert2,Expert2,2,novel,Novel Image,2,occlusion,Occluded,1,1096.0,3.8686882791844903,0.04903549700975418,3.8686882791844903,0.03748982539400458,0.002984389225120871,44,1005.0,1125.0,1050.0,1080.0,training_occluded_only,42
un_un,un -> un,0,expert2,Expert2,2,novel,Novel Image,2,occlusion,Occluded,1,1097.0,4.943651363531008,0.05224360525608063,4.943651363531008,0.03748982539400458,0.002984389225120871,44,1005.0,1125.0,1050.0,1080.0,training_occluded_only,42
un_un,un -> un,0,expert2,Expert2,2,novel,Novel Image,2,occlusion,Occluded,1,1098.0,4.068369752850252,0.049631424248218536,4.068369752850252,0.03748982539400458,0.002984389225120871,44,1005.0,1125.0,1050.0,1080.0,training_occluded_only,42
un_un,un -> un,0,expert2,Expert2,2,novel,Novel Image,2,occlusion,Occluded,1,1099.0,3.2368520978776467,0.04714985191822052,3.2368520978776467,0.03748982539400458,0.002984389225120871,44,1005.0,1125.0,1050.0,1080.0,training_occluded_only,42
un_un,un -> un,0,expert2,Expert2,2,novel,Novel Image,2,occlusion,Occluded,1,1100.0,2.446910200827786,0.044792357832193375,2.446910200827786,0.03748982539400458,0.002984389225120871,44,1005.0,1125.0,1050.0,1080.0,training_occluded_only,42
un_un,un -> un,0,expert2,Expert2,2,novel,Novel Image,2,occlusion,Occluded,1,1101.0,2.431001141629258,0.04474487900733948,2.431001141629258,0.03748982539400458,0.002984389225120871,44,1005.0,1125.0,1050.0,1080.0,training_occluded_only,42
un_un,un -> un,0,expert2,Expert2,2,novel,Novel Image,2,occlusion,Occluded,1,1102.0,5.011022390840774,0.052444666624069214,5.011022390840774,0.03748982539400458,0.002984389225120871,44,1005.0,1125.0,1050.0,1080.0,training_occluded_only,42
un_un,un -> un,0,expert2,Expert2,2,novel,Novel Image,2,occlusion,Occluded,1,1103.0,5.596569388761268,0.05419216677546501,5.596569388761268,0.03748982539400458,0.002984389225120871,44,1005.0,1125.0,1050.0,1080.0,training_occluded_only,42
un_un,un -> un,0,expert2,Expert2,2,novel,Novel Image,2,occlusion,Occluded,1,1104.0,5.973057992443279,0.05531575530767441,5.973057992443279,0.03748982539400458,0.002984389225120871,44,1005.0,1125.0,1050.0,1080.0,training_occluded_only,42
un_un,un -> un,0,expert2,Expert2,2,novel,Novel Image,2,occlusion,Occluded,1,1105.0,5.513133269895202,0.05394316092133522,5.513133269895202,0.03748982539400458,0.002984389225120871,44,1005.0,1125.0,1050.0,1080.0,training_occluded_only,42
un_un,un -> un,0,expert2,Expert2,2,novel,Novel Image,2,occlusion,Occluded,1,1106.0,4.857726216493749,0.0519871711730957,4.857726216493749,0.03748982539400458,0.002984389225120871,44,1005.0,1125.0,1050.0,1080.0,training_occluded_only,42
un_un,un -> un,0,expert2,Expert2,2,novel,Novel Image,2,occlusion,Occluded,1,1107.0,3.9867411128166275,0.04938781261444092,3.9867411128166275,0.03748982539400458,0.002984389225120871,44,1005.0,1125.0,1050.0,1080.0,training_occluded_only,42
un_un,un -> un,0,expert2,Expert2,2,novel,Novel Image,2,occlusion,Occluded,1,1108.0,7.248637496343334,0.05912258103489876,7.248637496343334,0.03748982539400458,0.002984389225120871,44,1005.0,1125.0,1050.0,1080.0,training_occluded_only,42
un_un,un -> un,0,expert2,Expert2,2,novel,Novel Image,2,occlusion,Occluded,1,1109.0,6.258106641434904,0.056166451424360275,6.258106641434904,0.03748982539400458,0.002984389225120871,44,1005.0,1125.0,1050.0,1080.0,training_occluded_only,42
un_un,un -> un,0,expert2,Expert2,2,novel,Novel Image,2,occlusion,Occluded,1,1110.0,5.4023839988657,0.053612641990184784,5.4023839988657,0.03748982539400458,0.002984389225120871,44,1005.0,1125.0,1050.0,1080.0,training_occluded_only,42
un_un,un -> un,0,expert2,Expert2,2,novel,Novel Image,2,occlusion,Occluded,1,1111.0,4.504165631592323,0.050932008773088455,4.504165631592323,0.03748982539400458,0.002984389225120871,44,1005.0,1125.0,1050.0,1080.0,training_occluded_only,42
un_un,un -> un,0,expert2,Expert2,2,novel,Novel Image,2,occlusion,Occluded,1,1112.0,3.6508583699214436,0.04838540777564049,3.6508583699214436,0.03748982539400458,0.002984389225120871,44,1005.0,1125.0,1050.0,1080.0,training_occluded_only,42
un_un,un -> un,0,expert2,Expert2,2,novel,Novel Image,2,occlusion,Occluded,1,1113.0,2.8402165961599946,0.04596613720059395,2.8402165961599946,0.03748982539400458,0.002984389225120871,44,1005.0,1125.0,1050.0,1080.0,training_occluded_only,42
un_un,un -> un,0,expert2,Expert2,2,novel,Novel Image,2,occlusion,Occluded,1,1114.0,4.006880521299095,0.0494479164481163,4.006880521299095,0.03748982539400458,0.002984389225120871,44,1005.0,1125.0,1050.0,1080.0,training_occluded_only,42
un_un,un -> un,0,expert2,Expert2,2,novel,Novel Image,2,occlusion,Occluded,1,1115.0,3.178437327904048,0.0469755195081234,3.178437327904048,0.03748982539400458,0.002984389225120871,44,1005.0,1125.0,1050.0,1080.0,training_occluded_only,42
un_un,un -> un,0,expert2,Expert2,2,novel,Novel Image,2,occlusion,Occluded,1,1116.0,2.3914163565916966,0.04462674260139465,2.3914163565916966,0.03748982539400458,0.002984389225120871,44,1005.0,1125.0,1050.0,1080.0,training_occluded_only,42
un_un,un -> un,0,expert2,Expert2,2,novel,Novel Image,2,occlusion,Occluded,1,1117.0,5.046992218213451,0.05255201458930969,5.046992218213451,0.03748982539400458,0.002984389225120871,44,1005.0,1125.0,1050.0,1080.0,training_occluded_only,42
un_un,un -> un,0,expert2,Expert2,2,novel,Novel Image,2,occlusion,Occluded,1,1118.0,4.166544064102117,0.04992441460490227,4.166544064102117,0.03748982539400458,0.002984389225120871,44,1005.0,1125.0,1050.0,1080.0,training_occluded_only,42
un_un,un -> un,0,expert2,Expert2,2,novel,Novel Image,2,occlusion,Occluded,1,1119.0,3.3301182552834074,0.0474281944334507,3.3301182552834074,0.03748982539400458,0.002984389225120871,44,1005.0,1125.0,1050.0,1080.0,training_occluded_only,42
un_un,un -> un,0,expert2,Expert2,2,novel,Novel Image,2,occlusion,Occluded,1,1120.0,2.535512863124429,0.0450567826628685,2.535512863124429,0.03748982539400458,0.002984389225120871,44,1005.0,1125.0,1050.0,1080.0,training_occluded_only,42
un_un,un -> un,0,expert2,Expert2,2,novel,Novel Image,2,occlusion,Occluded,1,1121.0,3.566157764827986,0.048132628202438354,3.566157764827986,0.03748982539400458,0.002984389225120871,44,1005.0,1125.0,1050.0,1080.0,training_occluded_only,42
un_un,un -> un,0,expert2,Expert2,2,novel,Novel Image,2,occlusion,Occluded,1,1122.0,5.4278272592535854,0.05368857458233833,5.4278272592535854,0.03748982539400458,0.002984389225120871,44,1005.0,1125.0,1050.0,1080.0,training_occluded_only,42
un_un,un -> un,0,expert2,Expert2,2,novel,Novel Image,2,occlusion,Occluded,1,1123.0,4.528336916199643,0.05100414529442787,4.528336916199643,0.03748982539400458,0.002984389225120871,44,1005.0,1125.0,1050.0,1080.0,training_occluded_only,42
un_un,un -> un,0,expert2,Expert2,2,novel,Novel Image,2,occlusion,Occluded,1,1124.0,6.458583255995877,0.05676475167274475,6.458583255995877,0.03748982539400458,0.002984389225120871,44,1005.0,1125.0,1050.0,1080.0,training_occluded_only,42
