transition,image_group,image_idx_original,image_idx_within_group,neuron_idx,image_type,stage,response
post,familiar,1,1,1,Full,Pre,0.0999799443326596
post,familiar,1,1,2,Full,Pre,1.2524894840294
post,familiar,1,1,3,Full,Pre,-0.518338280588163
post,familiar,1,1,4,Full,Pre,0.0427933422876577
post,familiar,1,1,5,Full,Pre,3.31649740843939
post,familiar,1,1,6,Full,Pre,-0.186685864748532
post,familiar,1,1,7,Full,Pre,0.417892046987144
post,familiar,1,1,8,Full,Pre,0.303122051520594
post,familiar,1,1,9,Full,Pre,0.192648197264105
post,familiar,1,1,10,Full,Pre,-0.109064420622373
post,familiar,1,1,11,Full,Pre,1.68098055466163
post,familiar,1,1,12,Full,Pre,2.0468239593838
post,familiar,1,1,13,Full,Pre,2.45962197381198
post,familiar,1,1,14,Full,Pre,-0.303298321142703
post,familiar,1,1,15,Full,Pre,4.43703597744113
post,familiar,1,1,16,Full,Pre,0.43596490960356
post,familiar,1,1,17,Full,Pre,0.928335468536346
post,familiar,1,1,18,Full,Pre,-0.15541209752275
post,familiar,1,1,19,Full,Pre,1.21697391093681
post,familiar,1,1,20,Full,Pre,3.23880589362228
post,familiar,1,1,21,Full,Pre,0.535263509910017
post,familiar,1,1,22,Full,Pre,1.36224706083884
post,familiar,1,1,23,Full,Pre,0.0428644090649509
post,familiar,1,1,24,Full,Pre,3.81537515651375
post,familiar,1,1,25,Full,Pre,0.4343085395461
post,familiar,1,1,26,Full,Pre,-0.31481411916115
post,familiar,1,1,27,Full,Pre,0.0172934976845491
post,familiar,1,1,28,Full,Pre,0.207480294996451
post,familiar,1,1,29,Full,Pre,-0.254646909846901
post,familiar,1,1,30,Full,Pre,-0.135675585354867
post,familiar,1,1,31,Full,Pre,0.075264508844061
post,familiar,1,1,32,Full,Pre,-0.451386641628786
post,familiar,1,1,33,Full,Pre,0.182740755732247
post,familiar,1,1,34,Full,Pre,-0.02823430596776
post,familiar,1,1,35,Full,Pre,-0.137965981045119
post,familiar,1,1,36,Full,Pre,-0.607618433485469
post,familiar,1,1,37,Full,Pre,0.0097848074814868
post,familiar,1,1,38,Full,Pre,1.39434339728154
post,familiar,1,1,39,Full,Pre,0.500054729174973
post,familiar,1,1,40,Full,Pre,0.376875502258602
post,familiar,1,1,41,Full,Pre,-0.147220462915084
post,familiar,1,1,42,Full,Pre,0.0377872560796764
post,familiar,1,1,43,Full,Pre,0.164284614521325
post,familiar,1,1,44,Full,Pre,-0.117586806639852
post,familiar,1,1,45,Full,Pre,0.428434585832941
post,familiar,1,1,46,Full,Pre,1.21751822042445
post,familiar,1,1,47,Full,Pre,0.193955088099159
post,familiar,1,1,48,Full,Pre,0.0263486461219389
post,familiar,1,1,49,Full,Pre,-0.261278272446259
post,familiar,1,1,50,Full,Pre,0.583058408721656
post,familiar,1,1,51,Full,Pre,0.729780076322046
post,familiar,1,1,52,Full,Pre,0.541061026356955
post,familiar,1,1,53,Full,Pre,-0.292125057474502
post,familiar,1,1,54,Full,Pre,0.171902881830557
post,familiar,1,1,55,Full,Pre,-0.121486563223222
post,familiar,1,1,56,Full,Pre,0.276288295218316
post,familiar,1,1,57,Full,Pre,0.134288441105945
post,familiar,1,1,58,Full,Pre,0.367428961561389
post,familiar,1,1,59,Full,Pre,0.170324036325724
post,familiar,1,1,60,Full,Pre,-0.408896598037074
post,familiar,1,1,61,Full,Pre,0.0723654364968834
post,familiar,1,1,62,Full,Pre,1.11852942995125
post,familiar,1,1,63,Full,Pre,0.665227719442656
post,familiar,1,1,64,Full,Pre,0.32661936654945
post,familiar,1,1,65,Full,Pre,-0.03406434665587
post,familiar,1,1,66,Full,Pre,1.13806233668108
post,familiar,1,1,67,Full,Pre,0.0432191472210734
post,familiar,1,1,68,Full,Pre,0.071667009405599
post,familiar,1,1,69,Full,Pre,0.294382750318996
post,familiar,1,1,70,Full,Pre,0.0201688091232652
post,familiar,1,1,71,Full,Pre,0.295537743354048
post,familiar,1,1,72,Full,Pre,0.290888312679536
post,familiar,1,1,73,Full,Pre,0.170099829739948
post,familiar,1,1,74,Full,Pre,-0.118054026256207
post,familiar,1,1,75,Full,Pre,0.224228324093889
post,familiar,1,1,76,Full,Pre,0.187058615781957
post,familiar,1,1,77,Full,Pre,-0.00861088088660786
post,familiar,1,1,78,Full,Pre,-0.186468440575027
post,familiar,1,1,79,Full,Pre,0.189766666411839
post,familiar,1,1,80,Full,Pre,0.482763090159677
post,familiar,1,1,81,Full,Pre,0.116939217597286
post,familiar,1,1,82,Full,Pre,0.281439807544903
post,familiar,1,1,83,Full,Pre,1.0789336500366
post,familiar,1,1,84,Full,Pre,0.191880712939436
post,familiar,1,1,85,Full,Pre,0.012642875577646
post,familiar,1,1,86,Full,Pre,0.00545742942248975
post,familiar,1,1,87,Full,Pre,0.547412404796032
post,familiar,1,1,88,Full,Pre,0.314433358872651
post,familiar,1,1,89,Full,Pre,0.296155473350206
post,familiar,1,1,90,Full,Pre,-0.0160845148880612
post,familiar,1,1,91,Full,Pre,0.0482570648526466
post,familiar,1,1,92,Full,Pre,-0.118402955831611
post,familiar,1,1,93,Full,Pre,-0.184099723516994
post,familiar,1,1,94,Full,Pre,0.0176424544478526
post,familiar,1,1,95,Full,Pre,0.218721320912208
post,familiar,1,1,96,Full,Pre,0.0200054239965715
post,familiar,1,1,97,Full,Pre,0.00400862463387552
post,familiar,1,1,98,Full,Pre,0.708761623087305
post,familiar,1,1,99,Full,Pre,0.0959683403343483
post,familiar,1,1,100,Full,Pre,0.104434574533425
post,familiar,1,1,101,Full,Pre,0.173684397428429
post,familiar,1,1,102,Full,Pre,0.321557932441356
post,familiar,1,1,103,Full,Pre,0.0145243632718477
post,familiar,1,1,104,Full,Pre,-0.0529345163469893
post,familiar,1,1,105,Full,Pre,0.760337005702582
post,familiar,1,1,106,Full,Pre,0.115261094279478
post,familiar,1,1,107,Full,Pre,0.769455533061919
post,familiar,1,1,108,Full,Pre,0.824352168991285
post,familiar,1,1,109,Full,Pre,-0.0174993069676428
post,familiar,1,1,110,Full,Pre,0.279364916280252
post,familiar,1,1,111,Full,Pre,-0.273161065247124
post,familiar,1,1,112,Full,Pre,-0.0399688799833313
post,familiar,1,1,113,Full,Pre,0.108786568764013
post,familiar,1,1,114,Full,Pre,-0.0769542235455097
post,familiar,1,1,115,Full,Pre,0.625545196257523
post,familiar,1,1,116,Full,Pre,1.62287045898085
post,familiar,1,1,117,Full,Pre,0.138487910196289
post,familiar,1,1,118,Full,Pre,0.790139046396309
post,familiar,1,1,119,Full,Pre,-0.248428857731608
post,familiar,1,1,120,Full,Pre,0.169932501159671
post,familiar,1,1,121,Full,Pre,0.448359022634392
post,familiar,1,1,122,Full,Pre,0.142089957081353
post,familiar,1,1,123,Full,Pre,0.503348432300765
post,familiar,1,1,124,Full,Pre,0.0473252542063536
post,familiar,1,1,125,Full,Pre,-0.486958271137426
post,familiar,1,1,126,Full,Pre,0.511317383424897
post,familiar,1,1,127,Full,Pre,0.611702800817468
post,familiar,1,1,128,Full,Pre,-0.509408830357391
post,familiar,1,1,129,Full,Pre,-0.318870534592344
post,familiar,1,1,130,Full,Pre,0.442267309368601
post,familiar,1,1,131,Full,Pre,-0.537109963005739
post,familiar,1,1,132,Full,Pre,-0.134271775456852
post,familiar,1,1,133,Full,Pre,-0.73421960294299
post,familiar,1,1,134,Full,Pre,-0.0168893344548334
post,familiar,1,1,135,Full,Pre,2.64645020618719
post,familiar,1,1,136,Full,Pre,0.78763001790843
post,familiar,1,1,137,Full,Pre,0.375554206878354
post,familiar,1,1,138,Full,Pre,0.0958947710647162
post,familiar,1,1,139,Full,Pre,0.505372961214028
post,familiar,1,1,140,Full,Pre,0.0298774456448972
post,familiar,1,1,141,Full,Pre,0.0220369403432369
post,familiar,1,1,142,Full,Pre,0.080032697253523
post,familiar,1,1,143,Full,Pre,0.55629616007706
post,familiar,1,1,144,Full,Pre,-0.0990467169527196
post,familiar,1,1,145,Full,Pre,0.286662760626972
post,familiar,1,1,146,Full,Pre,0.518454961284272
post,familiar,1,1,147,Full,Pre,-0.297752912813245
post,familiar,1,1,148,Full,Pre,0.799577817525647
post,familiar,1,1,149,Full,Pre,1.21815819644188
post,familiar,1,1,150,Full,Pre,-0.228256742098323
post,familiar,1,1,151,Full,Pre,0.187581586406007
post,familiar,1,1,152,Full,Pre,-0.0380820897909591
post,familiar,1,1,153,Full,Pre,0.00400617987910222
post,familiar,1,1,154,Full,Pre,0.228832888561978
post,familiar,1,1,155,Full,Pre,0.355268317823254
post,familiar,1,1,156,Full,Pre,0.23802316392311
post,familiar,1,1,157,Full,Pre,0.5416799551959
post,familiar,1,1,158,Full,Pre,0.349228999009912
post,familiar,1,1,159,Full,Pre,1.17926692602988
post,familiar,1,1,160,Full,Pre,0.411618373881203
post,familiar,1,1,161,Full,Pre,1.48804931796098
post,familiar,1,1,162,Full,Pre,0.0514309016908409
post,familiar,1,1,163,Full,Pre,0.516485997626609
post,familiar,1,1,164,Full,Pre,0.125742599816202
post,familiar,1,1,165,Full,Pre,0.792898400157861
post,familiar,1,1,166,Full,Pre,0.922360243683232
post,familiar,2,2,1,Full,Pre,0.181006123820996
post,familiar,2,2,2,Full,Pre,0.147830340146495
post,familiar,2,2,3,Full,Pre,-0.225271364493194
post,familiar,2,2,4,Full,Pre,1.71654016310424
post,familiar,2,2,5,Full,Pre,1.67498015494455
post,familiar,2,2,6,Full,Pre,0.157745662667398
post,familiar,2,2,7,Full,Pre,0.453458501411515
post,familiar,2,2,8,Full,Pre,0.75598910133742
post,familiar,2,2,9,Full,Pre,0.318330535887822
post,familiar,2,2,10,Full,Pre,-0.0212766991832415
post,familiar,2,2,11,Full,Pre,-0.0699524542523621
post,familiar,2,2,12,Full,Pre,0.585367821195661
post,familiar,2,2,13,Full,Pre,2.69031470918516
post,familiar,2,2,14,Full,Pre,-0.16070069336647
post,familiar,2,2,15,Full,Pre,0.297718001653467
post,familiar,2,2,16,Full,Pre,4.26768762381257
post,familiar,2,2,17,Full,Pre,2.80998347030776
post,familiar,2,2,18,Full,Pre,0.127948031246808
post,familiar,2,2,19,Full,Pre,-0.012251574534453
post,familiar,2,2,20,Full,Pre,1.4831774379274
post,familiar,2,2,21,Full,Pre,1.63279210650481
post,familiar,2,2,22,Full,Pre,0.00292037900874217
post,familiar,2,2,23,Full,Pre,2.79348874973436
post,familiar,2,2,24,Full,Pre,1.59378359161831
post,familiar,2,2,25,Full,Pre,2.6420580211908
post,familiar,2,2,26,Full,Pre,-0.0959056689725597
post,familiar,2,2,27,Full,Pre,0.013684557475433
post,familiar,2,2,28,Full,Pre,0.093076266463194
post,familiar,2,2,29,Full,Pre,-0.0643659686186542
post,familiar,2,2,30,Full,Pre,-0.0285423253428659
post,familiar,2,2,31,Full,Pre,0.0978194730170452
post,familiar,2,2,32,Full,Pre,0.15492309299535
post,familiar,2,2,33,Full,Pre,-0.22609353542403
post,familiar,2,2,34,Full,Pre,0.135518239547545
post,familiar,2,2,35,Full,Pre,-0.0699228746648399
post,familiar,2,2,36,Full,Pre,-0.184116499293355
post,familiar,2,2,37,Full,Pre,-0.102682529030438
post,familiar,2,2,38,Full,Pre,1.49156608835182
post,familiar,2,2,39,Full,Pre,2.38034673633982
post,familiar,2,2,40,Full,Pre,-0.0323288910840095
post,familiar,2,2,41,Full,Pre,-0.29613393170008
post,familiar,2,2,42,Full,Pre,0.0261021189790911
post,familiar,2,2,43,Full,Pre,0.179933681182014
post,familiar,2,2,44,Full,Pre,-0.127029801789535
post,familiar,2,2,45,Full,Pre,1.62361332571865
post,familiar,2,2,46,Full,Pre,3.97100264460289
post,familiar,2,2,47,Full,Pre,0.0970322492565509
post,familiar,2,2,48,Full,Pre,-0.168636932268779
post,familiar,2,2,49,Full,Pre,-0.0566787213549599
post,familiar,2,2,50,Full,Pre,2.94757286235493
post,familiar,2,2,51,Full,Pre,3.20657907189951
post,familiar,2,2,52,Full,Pre,0.411047975215298
post,familiar,2,2,53,Full,Pre,-0.295328835777845
post,familiar,2,2,54,Full,Pre,0.168431179766163
post,familiar,2,2,55,Full,Pre,0.0179630816069898
post,familiar,2,2,56,Full,Pre,-0.0210463319447783
post,familiar,2,2,57,Full,Pre,0.112900178483227
post,familiar,2,2,58,Full,Pre,3.44379395215044
post,familiar,2,2,59,Full,Pre,-0.203967840989069
post,familiar,2,2,60,Full,Pre,0.00700064027563499
post,familiar,2,2,61,Full,Pre,0.186421427881666
post,familiar,2,2,62,Full,Pre,0.381645236685452
post,familiar,2,2,63,Full,Pre,4.1183771769608
post,familiar,2,2,64,Full,Pre,1.01690923388207
post,familiar,2,2,65,Full,Pre,0.145401545130955
post,familiar,2,2,66,Full,Pre,0.852620454825544
post,familiar,2,2,67,Full,Pre,0.127893085420126
post,familiar,2,2,68,Full,Pre,0.210690108968245
post,familiar,2,2,69,Full,Pre,0.209516413183295
post,familiar,2,2,70,Full,Pre,-0.364170446953207
post,familiar,2,2,71,Full,Pre,0.669935053765762
post,familiar,2,2,72,Full,Pre,0.261082916151146
post,familiar,2,2,73,Full,Pre,-0.00870143098582428
post,familiar,2,2,74,Full,Pre,0.179743220380673
post,familiar,2,2,75,Full,Pre,0.067127015385413
post,familiar,2,2,76,Full,Pre,0.0631860491077973
post,familiar,2,2,77,Full,Pre,-0.077789949442828
post,familiar,2,2,78,Full,Pre,-0.230550661975788
post,familiar,2,2,79,Full,Pre,0.0843635016072062
post,familiar,2,2,80,Full,Pre,0.767030816257246
post,familiar,2,2,81,Full,Pre,-0.186123555835143
post,familiar,2,2,82,Full,Pre,0.369665413630842
post,familiar,2,2,83,Full,Pre,-0.0399280720475588
post,familiar,2,2,84,Full,Pre,1.33255111378168
post,familiar,2,2,85,Full,Pre,0.504399110833416
post,familiar,2,2,86,Full,Pre,0.167457102613303
post,familiar,2,2,87,Full,Pre,0.473463959672337
post,familiar,2,2,88,Full,Pre,0.0140657630846507
post,familiar,2,2,89,Full,Pre,0.741812137636653
post,familiar,2,2,90,Full,Pre,0.443621393061868
post,familiar,2,2,91,Full,Pre,-0.0369693847104686
post,familiar,2,2,92,Full,Pre,-0.057777431648068
post,familiar,2,2,93,Full,Pre,0.251529198174429
post,familiar,2,2,94,Full,Pre,0.0757978973953923
post,familiar,2,2,95,Full,Pre,0.0854484847895337
post,familiar,2,2,96,Full,Pre,0.693623883792973
post,familiar,2,2,97,Full,Pre,-0.255649379810845
post,familiar,2,2,98,Full,Pre,0.987937308874594
post,familiar,2,2,99,Full,Pre,0.451829110284269
post,familiar,2,2,100,Full,Pre,0.210574402600587
post,familiar,2,2,101,Full,Pre,0.0995151716011347
post,familiar,2,2,102,Full,Pre,0.801799948906477
post,familiar,2,2,103,Full,Pre,-0.0618493344560479
post,familiar,2,2,104,Full,Pre,-0.0956420716425128
post,familiar,2,2,105,Full,Pre,1.06859737297755
post,familiar,2,2,106,Full,Pre,-0.31646119422404
post,familiar,2,2,107,Full,Pre,0.518471581740925
post,familiar,2,2,108,Full,Pre,0.400423938663479
post,familiar,2,2,109,Full,Pre,-0.183489589170415
post,familiar,2,2,110,Full,Pre,0.277363568296644
post,familiar,2,2,111,Full,Pre,-0.0952200847652404
post,familiar,2,2,112,Full,Pre,0.462013494965366
post,familiar,2,2,113,Full,Pre,0.315933952310074
post,familiar,2,2,114,Full,Pre,0.0416654924705717
post,familiar,2,2,115,Full,Pre,2.54097779055685
post,familiar,2,2,116,Full,Pre,1.73000461842613
post,familiar,2,2,117,Full,Pre,0.170370333877498
post,familiar,2,2,118,Full,Pre,0.881441758831893
post,familiar,2,2,119,Full,Pre,0.156319038807713
post,familiar,2,2,120,Full,Pre,1.56523129607575
post,familiar,2,2,121,Full,Pre,0.545308342762171
post,familiar,2,2,122,Full,Pre,1.52312026072235
post,familiar,2,2,123,Full,Pre,0.644166220071502
post,familiar,2,2,124,Full,Pre,0.172795776918621
post,familiar,2,2,125,Full,Pre,-0.0456888617017106
post,familiar,2,2,126,Full,Pre,1.16461803074107
post,familiar,2,2,127,Full,Pre,0.138715139865249
post,familiar,2,2,128,Full,Pre,0.0383424736337533
post,familiar,2,2,129,Full,Pre,-0.0563643957748764
post,familiar,2,2,130,Full,Pre,0.129849391681028
post,familiar,2,2,131,Full,Pre,-0.246168937712194
post,familiar,2,2,132,Full,Pre,0.310669194967921
post,familiar,2,2,133,Full,Pre,-0.155085082129184
post,familiar,2,2,134,Full,Pre,0.0718154822873469
post,familiar,2,2,135,Full,Pre,1.80535940219285
post,familiar,2,2,136,Full,Pre,0.463803997349272
post,familiar,2,2,137,Full,Pre,0.158582760198747
post,familiar,2,2,138,Full,Pre,0.629759840270515
post,familiar,2,2,139,Full,Pre,0.340764354769492
post,familiar,2,2,140,Full,Pre,0.277745206763593
post,familiar,2,2,141,Full,Pre,0.00930761787460677
post,familiar,2,2,142,Full,Pre,5.40810455586613
post,familiar,2,2,143,Full,Pre,0.526798018826064
post,familiar,2,2,144,Full,Pre,-0.0964991891694965
post,familiar,2,2,145,Full,Pre,-0.106886457465326
post,familiar,2,2,146,Full,Pre,3.91310332618674
post,familiar,2,2,147,Full,Pre,0.0423639567932887
post,familiar,2,2,148,Full,Pre,2.28329753788563
post,familiar,2,2,149,Full,Pre,0.790389646693918
post,familiar,2,2,150,Full,Pre,-0.115818148291676
post,familiar,2,2,151,Full,Pre,0.254800317887068
post,familiar,2,2,152,Full,Pre,0.00995418000628195
post,familiar,2,2,153,Full,Pre,-0.153614626189169
post,familiar,2,2,154,Full,Pre,0.0990978208769632
post,familiar,2,2,155,Full,Pre,0.239535719960876
post,familiar,2,2,156,Full,Pre,0.21294571738388
post,familiar,2,2,157,Full,Pre,0.441884472916003
post,familiar,2,2,158,Full,Pre,-0.236210400198346
post,familiar,2,2,159,Full,Pre,0.0831728444522451
post,familiar,2,2,160,Full,Pre,3.52609314948455
post,familiar,2,2,161,Full,Pre,0.801381436183458
post,familiar,2,2,162,Full,Pre,0.0907382462566223
post,familiar,2,2,163,Full,Pre,2.76833101989502
post,familiar,2,2,164,Full,Pre,3.20869046803558
post,familiar,2,2,165,Full,Pre,0.35277002163104
post,familiar,2,2,166,Full,Pre,1.34205622568148
post,familiar,4,3,1,Full,Pre,0.333669309563325
post,familiar,4,3,2,Full,Pre,1.63910090674824
post,familiar,4,3,3,Full,Pre,0.305603687951334
post,familiar,4,3,4,Full,Pre,-0.0205096605775195
post,familiar,4,3,5,Full,Pre,3.28466465602429
post,familiar,4,3,6,Full,Pre,-0.32032877705531
post,familiar,4,3,7,Full,Pre,0.311723517571188
post,familiar,4,3,8,Full,Pre,0.408658060682041
post,familiar,4,3,9,Full,Pre,0.248345108455236
post,familiar,4,3,10,Full,Pre,-0.0242081740033993
post,familiar,4,3,11,Full,Pre,0.995308845456069
post,familiar,4,3,12,Full,Pre,1.24896795158436
post,familiar,4,3,13,Full,Pre,1.13606088853808
post,familiar,4,3,14,Full,Pre,-0.00783658091214606
post,familiar,4,3,15,Full,Pre,0.0982358349694861
post,familiar,4,3,16,Full,Pre,0.881172125370663
post,familiar,4,3,17,Full,Pre,0.237505072833419
post,familiar,4,3,18,Full,Pre,-0.195301121817795
post,familiar,4,3,19,Full,Pre,0.329805853230075
post,familiar,4,3,20,Full,Pre,0.18381006894398
post,familiar,4,3,21,Full,Pre,1.19320741691891
post,familiar,4,3,22,Full,Pre,2.61242346761178
post,familiar,4,3,23,Full,Pre,0.0825692029934491
post,familiar,4,3,24,Full,Pre,0.704605666746477
post,familiar,4,3,25,Full,Pre,0.641813221164298
post,familiar,4,3,26,Full,Pre,-0.210245699911022
post,familiar,4,3,27,Full,Pre,-0.176222877920532
post,familiar,4,3,28,Full,Pre,0.217611537631549
post,familiar,4,3,29,Full,Pre,-0.319371852362736
post,familiar,4,3,30,Full,Pre,0.00907650464541002
post,familiar,4,3,31,Full,Pre,-0.183274617079021
post,familiar,4,3,32,Full,Pre,-0.0392218346813781
post,familiar,4,3,33,Full,Pre,-0.000673943840723445
post,familiar,4,3,34,Full,Pre,-0.0118992132832184
post,familiar,4,3,35,Full,Pre,0.243973501288139
post,familiar,4,3,36,Full,Pre,0.0869990640023827
post,familiar,4,3,37,Full,Pre,-0.30249449657885
post,familiar,4,3,38,Full,Pre,0.621796069131867
post,familiar,4,3,39,Full,Pre,0.417735594647969
post,familiar,4,3,40,Full,Pre,-0.133129436318157
post,familiar,4,3,41,Full,Pre,-0.103611877022291
post,familiar,4,3,42,Full,Pre,-0.0127917307790165
post,familiar,4,3,43,Full,Pre,0.0464604671968041
post,familiar,4,3,44,Full,Pre,0.347138284878376
post,familiar,4,3,45,Full,Pre,1.17898945292324
post,familiar,4,3,46,Full,Pre,1.29482944226171
post,familiar,4,3,47,Full,Pre,0.332265256771106
post,familiar,4,3,48,Full,Pre,-0.0401936416267646
post,familiar,4,3,49,Full,Pre,-0.107966788673463
post,familiar,4,3,50,Full,Pre,0.35608081315186
post,familiar,4,3,51,Full,Pre,1.38368998935427
post,familiar,4,3,52,Full,Pre,0.907911517924034
post,familiar,4,3,53,Full,Pre,-0.0120988707228298
post,familiar,4,3,54,Full,Pre,0.288813880163636
post,familiar,4,3,55,Full,Pre,-0.0610539285264998
post,familiar,4,3,56,Full,Pre,0.360605892518126
post,familiar,4,3,57,Full,Pre,0.242739566713886
post,familiar,4,3,58,Full,Pre,0.565094433052475
post,familiar,4,3,59,Full,Pre,0.29228839619038
post,familiar,4,3,60,Full,Pre,-0.0256635381455617
post,familiar,4,3,61,Full,Pre,0.0707301136296604
post,familiar,4,3,62,Full,Pre,1.43201588527606
post,familiar,4,3,63,Full,Pre,1.22604559765585
post,familiar,4,3,64,Full,Pre,0.530818045171127
post,familiar,4,3,65,Full,Pre,0.237122691353444
post,familiar,4,3,66,Full,Pre,0.67315369230627
post,familiar,4,3,67,Full,Pre,-0.386052954097737
post,familiar,4,3,68,Full,Pre,0.940753556653378
post,familiar,4,3,69,Full,Pre,1.10943398292848
post,familiar,4,3,70,Full,Pre,0.0100363573112111
post,familiar,4,3,71,Full,Pre,0.413238400149317
post,familiar,4,3,72,Full,Pre,0.562143689554192
post,familiar,4,3,73,Full,Pre,0.11958577263266
post,familiar,4,3,74,Full,Pre,0.159319928880905
post,familiar,4,3,75,Full,Pre,0.0672371796998613
post,familiar,4,3,76,Full,Pre,0.252083503081313
post,familiar,4,3,77,Full,Pre,-0.141649485755703
post,familiar,4,3,78,Full,Pre,-0.19514159736422
post,familiar,4,3,79,Full,Pre,-0.172813819829036
post,familiar,4,3,80,Full,Pre,0.863708748344881
post,familiar,4,3,81,Full,Pre,0.00879938217791609
post,familiar,4,3,82,Full,Pre,0.217471244193959
post,familiar,4,3,83,Full,Pre,1.03064412082159
post,familiar,4,3,84,Full,Pre,0.362037727405598
post,familiar,4,3,85,Full,Pre,0.376812729107267
post,familiar,4,3,86,Full,Pre,0.0814958123508753
post,familiar,4,3,87,Full,Pre,0.676869179091581
post,familiar,4,3,88,Full,Pre,-0.110018111809887
post,familiar,4,3,89,Full,Pre,0.119252250487233
post,familiar,4,3,90,Full,Pre,-0.078287732766565
post,familiar,4,3,91,Full,Pre,-0.363591951153991
post,familiar,4,3,92,Full,Pre,0.00830886877418594
post,familiar,4,3,93,Full,Pre,0.693276328357036
post,familiar,4,3,94,Full,Pre,0.126570558513558
post,familiar,4,3,95,Full,Pre,0.000249938213466513
post,familiar,4,3,96,Full,Pre,-0.177111612503136
post,familiar,4,3,97,Full,Pre,0.014034571082045
post,familiar,4,3,98,Full,Pre,0.627821496186765
post,familiar,4,3,99,Full,Pre,-0.0439017540834023
post,familiar,4,3,100,Full,Pre,-0.0759591456312106
post,familiar,4,3,101,Full,Pre,0.0654003245501711
post,familiar,4,3,102,Full,Pre,0.413908336856149
post,familiar,4,3,103,Full,Pre,0.139637264390588
post,familiar,4,3,104,Full,Pre,0.547381038950364
post,familiar,4,3,105,Full,Pre,1.48805511082346
post,familiar,4,3,106,Full,Pre,-0.0491138522138045
post,familiar,4,3,107,Full,Pre,0.331829496630092
post,familiar,4,3,108,Full,Pre,0.287211836204205
post,familiar,4,3,109,Full,Pre,0.118102977933778
post,familiar,4,3,110,Full,Pre,0.943323632123032
post,familiar,4,3,111,Full,Pre,-0.174535576425896
post,familiar,4,3,112,Full,Pre,0.309607552942126
post,familiar,4,3,113,Full,Pre,-0.084188979677656
post,familiar,4,3,114,Full,Pre,0.0172078865611224
post,familiar,4,3,115,Full,Pre,1.03506862644482
post,familiar,4,3,116,Full,Pre,0.424016754097336
post,familiar,4,3,117,Full,Pre,0.862609060594189
post,familiar,4,3,118,Full,Pre,5.229233167805
post,familiar,4,3,119,Full,Pre,-0.0920893784427259
post,familiar,4,3,120,Full,Pre,0.192788602712117
post,familiar,4,3,121,Full,Pre,1.14673956945672
post,familiar,4,3,122,Full,Pre,0.0382435682039083
post,familiar,4,3,123,Full,Pre,0.572283489732092
post,familiar,4,3,124,Full,Pre,0.224314803546749
post,familiar,4,3,125,Full,Pre,0.243664619270543
post,familiar,4,3,126,Full,Pre,0.616302498313779
post,familiar,4,3,127,Full,Pre,-0.238739065442026
post,familiar,4,3,128,Full,Pre,-0.155903570718092
post,familiar,4,3,129,Full,Pre,-0.0515333652923189
post,familiar,4,3,130,Full,Pre,1.30456633049034
post,familiar,4,3,131,Full,Pre,-0.9684951715152
post,familiar,4,3,132,Full,Pre,-0.112229648092457
post,familiar,4,3,133,Full,Pre,-0.36659476375935
post,familiar,4,3,134,Full,Pre,0.183496555845412
post,familiar,4,3,135,Full,Pre,0.892769701252199
post,familiar,4,3,136,Full,Pre,0.874696568617322
post,familiar,4,3,137,Full,Pre,1.06056540049588
post,familiar,4,3,138,Full,Pre,-0.213513007721064
post,familiar,4,3,139,Full,Pre,1.4130375606071
post,familiar,4,3,140,Full,Pre,0.109005088879462
post,familiar,4,3,141,Full,Pre,-0.256313774356689
post,familiar,4,3,142,Full,Pre,0.127375379739319
post,familiar,4,3,143,Full,Pre,0.452279798814773
post,familiar,4,3,144,Full,Pre,-0.0212143678003821
post,familiar,4,3,145,Full,Pre,0.00273553395638465
post,familiar,4,3,146,Full,Pre,1.26778832708272
post,familiar,4,3,147,Full,Pre,-0.000198300382910827
post,familiar,4,3,148,Full,Pre,0.49392445675337
post,familiar,4,3,149,Full,Pre,0.714200863125126
post,familiar,4,3,150,Full,Pre,-0.0552560204595845
post,familiar,4,3,151,Full,Pre,0.8975877633393
post,familiar,4,3,152,Full,Pre,0.29558636572186
post,familiar,4,3,153,Full,Pre,-0.0777264760679693
post,familiar,4,3,154,Full,Pre,0.395972692513479
post,familiar,4,3,155,Full,Pre,0.147719146312968
post,familiar,4,3,156,Full,Pre,0.0807875517615602
post,familiar,4,3,157,Full,Pre,1.564424212116
post,familiar,4,3,158,Full,Pre,0.72752004907709
post,familiar,4,3,159,Full,Pre,0.105088627747052
post,familiar,4,3,160,Full,Pre,1.63762656077467
post,familiar,4,3,161,Full,Pre,1.08519512446485
post,familiar,4,3,162,Full,Pre,0.00561212823497115
post,familiar,4,3,163,Full,Pre,0.293675201376151
post,familiar,4,3,164,Full,Pre,0.269734450485465
post,familiar,4,3,165,Full,Pre,2.48093642535942
post,familiar,4,3,166,Full,Pre,0.764836208296473
post,familiar,5,4,1,Full,Pre,1.0591380000589
post,familiar,5,4,2,Full,Pre,0.158231657971322
post,familiar,5,4,3,Full,Pre,-0.40167209230206
post,familiar,5,4,4,Full,Pre,2.9061643604056
post,familiar,5,4,5,Full,Pre,1.64256798843801
post,familiar,5,4,6,Full,Pre,0.00251306207053292
post,familiar,5,4,7,Full,Pre,1.43097891977001
post,familiar,5,4,8,Full,Pre,0.816547038026006
post,familiar,5,4,9,Full,Pre,0.514412672686504
post,familiar,5,4,10,Full,Pre,2.70127086966174
post,familiar,5,4,11,Full,Pre,-0.012451087067283
post,familiar,5,4,12,Full,Pre,0.43773455422645
post,familiar,5,4,13,Full,Pre,1.32742036114658
post,familiar,5,4,14,Full,Pre,0.628668129319054
post,familiar,5,4,15,Full,Pre,-0.0228707354622492
post,familiar,5,4,16,Full,Pre,3.28000966606452
post,familiar,5,4,17,Full,Pre,0.0475480490468201
post,familiar,5,4,18,Full,Pre,-0.288705856360862
post,familiar,5,4,19,Full,Pre,-0.131223610986418
post,familiar,5,4,20,Full,Pre,0.426692892281648
post,familiar,5,4,21,Full,Pre,0.0386212983488357
post,familiar,5,4,22,Full,Pre,0.117028250094886
post,familiar,5,4,23,Full,Pre,0.313214933542631
post,familiar,5,4,24,Full,Pre,0.369099692575748
post,familiar,5,4,25,Full,Pre,4.64691918730441
post,familiar,5,4,26,Full,Pre,-0.223529773574927
post,familiar,5,4,27,Full,Pre,-0.0620511369843591
post,familiar,5,4,28,Full,Pre,0.0557487913440957
post,familiar,5,4,29,Full,Pre,-0.116252608185621
post,familiar,5,4,30,Full,Pre,0.0334515008724307
post,familiar,5,4,31,Full,Pre,0.0636271782767499
post,familiar,5,4,32,Full,Pre,0.042525354186339
post,familiar,5,4,33,Full,Pre,0.0270595845606029
post,familiar,5,4,34,Full,Pre,0.281415808001069
post,familiar,5,4,35,Full,Pre,-0.165864353188993
post,familiar,5,4,36,Full,Pre,-0.164260481832241
post,familiar,5,4,37,Full,Pre,0.231118773789346
post,familiar,5,4,38,Full,Pre,0.122926527231698
post,familiar,5,4,39,Full,Pre,1.40112145818935
post,familiar,5,4,40,Full,Pre,0.065357741498607
post,familiar,5,4,41,Full,Pre,-0.290840037261541
post,familiar,5,4,42,Full,Pre,0.358296275760102
post,familiar,5,4,43,Full,Pre,-0.0478823187190657
post,familiar,5,4,44,Full,Pre,-0.15141456548809
post,familiar,5,4,45,Full,Pre,0.687065607954561
post,familiar,5,4,46,Full,Pre,0.618165902501352
post,familiar,5,4,47,Full,Pre,0.26957383759901
post,familiar,5,4,48,Full,Pre,0.201369394691489
post,familiar,5,4,49,Full,Pre,-0.251837887325577
post,familiar,5,4,50,Full,Pre,0.636255616433525
post,familiar,5,4,51,Full,Pre,2.97274788488997
post,familiar,5,4,52,Full,Pre,-0.00518639953098748
post,familiar,5,4,53,Full,Pre,-0.343196072071385
post,familiar,5,4,54,Full,Pre,0.189814902436001
post,familiar,5,4,55,Full,Pre,0.0312985461753424
post,familiar,5,4,56,Full,Pre,0.360794176368581
post,familiar,5,4,57,Full,Pre,0.146218708351805
post,familiar,5,4,58,Full,Pre,1.25501439756899
post,familiar,5,4,59,Full,Pre,0.386838534966653
post,familiar,5,4,60,Full,Pre,0.136121146890632
post,familiar,5,4,61,Full,Pre,0.0307990773733776
post,familiar,5,4,62,Full,Pre,0.395546033519996
post,familiar,5,4,63,Full,Pre,0.144154213931984
post,familiar,5,4,64,Full,Pre,0.142378955288567
post,familiar,5,4,65,Full,Pre,0.211065980344484
post,familiar,5,4,66,Full,Pre,1.07763720636339
post,familiar,5,4,67,Full,Pre,0.106100879591438
post,familiar,5,4,68,Full,Pre,0.373589163965944
post,familiar,5,4,69,Full,Pre,0.0247508159342324
post,familiar,5,4,70,Full,Pre,-0.0185143988562816
post,familiar,5,4,71,Full,Pre,1.06325177257415
post,familiar,5,4,72,Full,Pre,0.67914209527461
post,familiar,5,4,73,Full,Pre,0.104476831523895
post,familiar,5,4,74,Full,Pre,-0.055369941396328
post,familiar,5,4,75,Full,Pre,-0.0364692366932153
post,familiar,5,4,76,Full,Pre,0.116614930381061
post,familiar,5,4,77,Full,Pre,-0.116510488290864
post,familiar,5,4,78,Full,Pre,-0.324179403666805
post,familiar,5,4,79,Full,Pre,0.0113547823242199
post,familiar,5,4,80,Full,Pre,0.168209370705867
post,familiar,5,4,81,Full,Pre,-0.363632812194561
post,familiar,5,4,82,Full,Pre,0.146607669385036
post,familiar,5,4,83,Full,Pre,0.0194800742907293
post,familiar,5,4,84,Full,Pre,0.326213295556022
post,familiar,5,4,85,Full,Pre,1.15371139120154
post,familiar,5,4,86,Full,Pre,0.260562084050298
post,familiar,5,4,87,Full,Pre,0.395734785433854
post,familiar,5,4,88,Full,Pre,0.287942783207191
post,familiar,5,4,89,Full,Pre,0.36808345365567
post,familiar,5,4,90,Full,Pre,0.0192558476957003
post,familiar,5,4,91,Full,Pre,-0.362844842974568
post,familiar,5,4,92,Full,Pre,0.0557944703579014
post,familiar,5,4,93,Full,Pre,-0.133935137527549
post,familiar,5,4,94,Full,Pre,0.115791552986448
post,familiar,5,4,95,Full,Pre,0.848356656117619
post,familiar,5,4,96,Full,Pre,0.190615609528944
post,familiar,5,4,97,Full,Pre,0.156436744255574
post,familiar,5,4,98,Full,Pre,1.42096391467572
post,familiar,5,4,99,Full,Pre,0.254504145416812
post,familiar,5,4,100,Full,Pre,0.166394599414689
post,familiar,5,4,101,Full,Pre,0.454116263733317
post,familiar,5,4,102,Full,Pre,0.657306847480821
post,familiar,5,4,103,Full,Pre,0.0708061562559836
post,familiar,5,4,104,Full,Pre,0.0228452753366825
post,familiar,5,4,105,Full,Pre,0.670691626687682
post,familiar,5,4,106,Full,Pre,-0.374482568454468
post,familiar,5,4,107,Full,Pre,0.504264420613093
post,familiar,5,4,108,Full,Pre,-0.0779286376768611
post,familiar,5,4,109,Full,Pre,-0.260601049690954
post,familiar,5,4,110,Full,Pre,0.259108115682553
post,familiar,5,4,111,Full,Pre,0.0838794872731747
post,familiar,5,4,112,Full,Pre,0.629515062699475
post,familiar,5,4,113,Full,Pre,0.733534187701355
post,familiar,5,4,114,Full,Pre,0.05632629856452
post,familiar,5,4,115,Full,Pre,2.85407372941539
post,familiar,5,4,116,Full,Pre,0.309217998334037
post,familiar,5,4,117,Full,Pre,0.0334834642842544
post,familiar,5,4,118,Full,Pre,0.666437390067421
post,familiar,5,4,119,Full,Pre,-0.272212404676259
post,familiar,5,4,120,Full,Pre,0.0389623391740077
post,familiar,5,4,121,Full,Pre,0.220027214981631
post,familiar,5,4,122,Full,Pre,0.0143407447386162
post,familiar,5,4,123,Full,Pre,0.35899864775564
post,familiar,5,4,124,Full,Pre,0.174176655481213
post,familiar,5,4,125,Full,Pre,-0.282906765710936
post,familiar,5,4,126,Full,Pre,1.28389757001003
post,familiar,5,4,127,Full,Pre,0.213340836554822
post,familiar,5,4,128,Full,Pre,-0.289995072359374
post,familiar,5,4,129,Full,Pre,-0.564670705219267
post,familiar,5,4,130,Full,Pre,0.578450498775958
post,familiar,5,4,131,Full,Pre,0.188995288282195
post,familiar,5,4,132,Full,Pre,-0.0262934599749173
post,familiar,5,4,133,Full,Pre,-0.360639525040603
post,familiar,5,4,134,Full,Pre,-0.0455180531833184
post,familiar,5,4,135,Full,Pre,2.59231395286686
post,familiar,5,4,136,Full,Pre,0.489238416774166
post,familiar,5,4,137,Full,Pre,0.803028933764302
post,familiar,5,4,138,Full,Pre,0.12127204742832
post,familiar,5,4,139,Full,Pre,0.746210884371176
post,familiar,5,4,140,Full,Pre,0.107505173539661
post,familiar,5,4,141,Full,Pre,-0.220724390369392
post,familiar,5,4,142,Full,Pre,0.0167440508312355
post,familiar,5,4,143,Full,Pre,0.256864496869992
post,familiar,5,4,144,Full,Pre,0.013669067511531
post,familiar,5,4,145,Full,Pre,0.10000755322506
post,familiar,5,4,146,Full,Pre,1.52926737794524
post,familiar,5,4,147,Full,Pre,0.258872020379422
post,familiar,5,4,148,Full,Pre,1.43538241588469
post,familiar,5,4,149,Full,Pre,0.790783146095345
post,familiar,5,4,150,Full,Pre,-0.134267473529356
post,familiar,5,4,151,Full,Pre,0.179298225235233
post,familiar,5,4,152,Full,Pre,0.235318888720012
post,familiar,5,4,153,Full,Pre,-0.076928749965716
post,familiar,5,4,154,Full,Pre,2.10999551874507
post,familiar,5,4,155,Full,Pre,0.736763564217773
post,familiar,5,4,156,Full,Pre,-0.0268658920043537
post,familiar,5,4,157,Full,Pre,0.289589945920608
post,familiar,5,4,158,Full,Pre,0.343211827927191
post,familiar,5,4,159,Full,Pre,0.822624369874008
post,familiar,5,4,160,Full,Pre,0.457315723379113
post,familiar,5,4,161,Full,Pre,0.0427750034425881
post,familiar,5,4,162,Full,Pre,3.33656031751316
post,familiar,5,4,163,Full,Pre,2.98961320515005
post,familiar,5,4,164,Full,Pre,0.232900584327371
post,familiar,5,4,165,Full,Pre,0.31721370964854
post,familiar,5,4,166,Full,Pre,-0.0125397752413828
post,familiar,1,1,1,Full,Post,-0.130816987207368
post,familiar,1,1,2,Full,Post,-0.511724397533249
post,familiar,1,1,3,Full,Post,-0.295084399415751
post,familiar,1,1,4,Full,Post,-0.115199225047386
post,familiar,1,1,5,Full,Post,2.83645702129417
post,familiar,1,1,6,Full,Post,-0.0442780728614521
post,familiar,1,1,7,Full,Post,0.0535499780654532
post,familiar,1,1,8,Full,Post,-0.122049788680331
post,familiar,1,1,9,Full,Post,1.49014278795838
post,familiar,1,1,10,Full,Post,-0.0563306154576539
post,familiar,1,1,11,Full,Post,0.15157858165412
post,familiar,1,1,12,Full,Post,2.97473713878484
post,familiar,1,1,13,Full,Post,0.740043344749386
post,familiar,1,1,14,Full,Post,-0.0185581862309581
post,familiar,1,1,15,Full,Post,0.821782474060925
post,familiar,1,1,16,Full,Post,0.557780275271532
post,familiar,1,1,17,Full,Post,0.0156777573534315
post,familiar,1,1,18,Full,Post,-0.0115732202075157
post,familiar,1,1,19,Full,Post,-0.0735456658943391
post,familiar,1,1,20,Full,Post,0.709552991880007
post,familiar,1,1,21,Full,Post,0.0850758405159257
post,familiar,1,1,22,Full,Post,1.68022812278079
post,familiar,1,1,23,Full,Post,1.10546763375545
post,familiar,1,1,24,Full,Post,2.85168642219313
post,familiar,1,1,25,Full,Post,0.155453134368236
post,familiar,1,1,26,Full,Post,-0.377928355256346
post,familiar,1,1,27,Full,Post,-0.0900800746420533
post,familiar,1,1,28,Full,Post,0.0112907068858676
post,familiar,1,1,29,Full,Post,-0.0825559807708958
post,familiar,1,1,30,Full,Post,0.0387654166981645
post,familiar,1,1,31,Full,Post,0.242310480339596
post,familiar,1,1,32,Full,Post,0.0846453917356973
post,familiar,1,1,33,Full,Post,0.215227401486129
post,familiar,1,1,34,Full,Post,-0.0253801523303653
post,familiar,1,1,35,Full,Post,-0.186720464670025
post,familiar,1,1,36,Full,Post,-0.432641817045906
post,familiar,1,1,37,Full,Post,-0.103268157666631
post,familiar,1,1,38,Full,Post,-0.0592556857605402
post,familiar,1,1,39,Full,Post,0.332177265507946
post,familiar,1,1,40,Full,Post,-0.110992752124818
post,familiar,1,1,41,Full,Post,-0.116052463560825
post,familiar,1,1,42,Full,Post,0.632237384970647
post,familiar,1,1,43,Full,Post,0.33678963905199
post,familiar,1,1,44,Full,Post,0.274834067618636
post,familiar,1,1,45,Full,Post,0.0483049999644566
post,familiar,1,1,46,Full,Post,0.051149012016157
post,familiar,1,1,47,Full,Post,0.148206424662072
post,familiar,1,1,48,Full,Post,-0.2630243613841
post,familiar,1,1,49,Full,Post,-0.249037290464638
post,familiar,1,1,50,Full,Post,0.138785108588882
post,familiar,1,1,51,Full,Post,0.22652075923651
post,familiar,1,1,52,Full,Post,0.0694902847246965
post,familiar,1,1,53,Full,Post,-0.417950817538573
post,familiar,1,1,54,Full,Post,-0.25332648271445
post,familiar,1,1,55,Full,Post,-0.0242967286088575
post,familiar,1,1,56,Full,Post,-0.0506658751707957
post,familiar,1,1,57,Full,Post,-0.0918705009941558
post,familiar,1,1,58,Full,Post,0.0417219074877841
post,familiar,1,1,59,Full,Post,0.123357433314401
post,familiar,1,1,60,Full,Post,-0.366305263197671
post,familiar,1,1,61,Full,Post,-0.0802862700988469
post,familiar,1,1,62,Full,Post,1.59557806200001
post,familiar,1,1,63,Full,Post,-0.0167122531120211
post,familiar,1,1,64,Full,Post,-0.404391622678084
post,familiar,1,1,65,Full,Post,-0.0449049043589795
post,familiar,1,1,66,Full,Post,0.173354581140294
post,familiar,1,1,67,Full,Post,-0.11514711055372
post,familiar,1,1,68,Full,Post,0.693251068160329
post,familiar,1,1,69,Full,Post,0.00162464297097775
post,familiar,1,1,70,Full,Post,-0.363968627254836
post,familiar,1,1,71,Full,Post,0.357821895981803
post,familiar,1,1,72,Full,Post,0.0980861899472332
post,familiar,1,1,73,Full,Post,0.605236781020889
post,familiar,1,1,74,Full,Post,0.25277640644706
post,familiar,1,1,75,Full,Post,0.116448446786332
post,familiar,1,1,76,Full,Post,-0.434288828852238
post,familiar,1,1,77,Full,Post,0.206626603170674
post,familiar,1,1,78,Full,Post,-0.192268127103806
post,familiar,1,1,79,Full,Post,-0.112039620642166
post,familiar,1,1,80,Full,Post,0.33976088733303
post,familiar,1,1,81,Full,Post,-0.019161473338432
post,familiar,1,1,82,Full,Post,-0.124699825359077
post,familiar,1,1,83,Full,Post,-0.106597445492596
post,familiar,1,1,84,Full,Post,0.0372698159288708
post,familiar,1,1,85,Full,Post,0.178038546930626
post,familiar,1,1,86,Full,Post,0.312429652314467
post,familiar,1,1,87,Full,Post,0.953050147771127
post,familiar,1,1,88,Full,Post,0.245936985701258
post,familiar,1,1,89,Full,Post,0.316309166801357
post,familiar,1,1,90,Full,Post,-0.108400740065178
post,familiar,1,1,91,Full,Post,-0.14890293968537
post,familiar,1,1,92,Full,Post,0.0303711997581674
post,familiar,1,1,93,Full,Post,0.0515758446627173
post,familiar,1,1,94,Full,Post,0.0856037355321975
post,familiar,1,1,95,Full,Post,0.0111796834209753
post,familiar,1,1,96,Full,Post,-0.243196543977088
post,familiar,1,1,97,Full,Post,0.0626246572226301
post,familiar,1,1,98,Full,Post,0.267042101118681
post,familiar,1,1,99,Full,Post,0.283121997731593
post,familiar,1,1,100,Full,Post,0.379029953208408
post,familiar,1,1,101,Full,Post,-0.00271345992864086
post,familiar,1,1,102,Full,Post,0.251713009659778
post,familiar,1,1,103,Full,Post,-0.0421370629452197
post,familiar,1,1,104,Full,Post,-0.196507343090638
post,familiar,1,1,105,Full,Post,-0.0192225597273281
post,familiar,1,1,106,Full,Post,-0.0139633057417197
post,familiar,1,1,107,Full,Post,0.174414097267239
post,familiar,1,1,108,Full,Post,-0.104087643268794
post,familiar,1,1,109,Full,Post,0.0809561883286249
post,familiar,1,1,110,Full,Post,0.596310085423971
post,familiar,1,1,111,Full,Post,-0.0550105282023992
post,familiar,1,1,112,Full,Post,-0.154199086953757
post,familiar,1,1,113,Full,Post,0.125236175661231
post,familiar,1,1,114,Full,Post,-0.17155845852741
post,familiar,1,1,115,Full,Post,0.106914109720847
post,familiar,1,1,116,Full,Post,-0.519072573149603
post,familiar,1,1,117,Full,Post,0.514351799303192
post,familiar,1,1,118,Full,Post,1.12733441083492
post,familiar,1,1,119,Full,Post,-0.389977329329306
post,familiar,1,1,120,Full,Post,-0.170665742840844
post,familiar,1,1,121,Full,Post,0.260738664479044
post,familiar,1,1,122,Full,Post,0.0624671347565192
post,familiar,1,1,123,Full,Post,0.0500592504355458
post,familiar,1,1,124,Full,Post,-0.112669560898948
post,familiar,1,1,125,Full,Post,-0.304600459886483
post,familiar,1,1,126,Full,Post,0.151861425448211
post,familiar,1,1,127,Full,Post,0.140315132897663
post,familiar,1,1,128,Full,Post,-0.0133865044357492
post,familiar,1,1,129,Full,Post,0.131638646002474
post,familiar,1,1,130,Full,Post,0.239954292271522
post,familiar,1,1,131,Full,Post,-0.134346728802985
post,familiar,1,1,132,Full,Post,0.115433782346401
post,familiar,1,1,133,Full,Post,-0.290343763765441
post,familiar,1,1,134,Full,Post,0.350108852735334
post,familiar,1,1,135,Full,Post,0.551813438522412
post,familiar,1,1,136,Full,Post,-0.129534023160795
post,familiar,1,1,137,Full,Post,0.0225709780267828
post,familiar,1,1,138,Full,Post,0.0814438325779243
post,familiar,1,1,139,Full,Post,0.000908823963853111
post,familiar,1,1,140,Full,Post,0.21952164657783
post,familiar,1,1,141,Full,Post,0.19064369265323
post,familiar,1,1,142,Full,Post,0.0702994438100507
post,familiar,1,1,143,Full,Post,0.199413590983812
post,familiar,1,1,144,Full,Post,-0.0305582178878543
post,familiar,1,1,145,Full,Post,-0.0563669182037066
post,familiar,1,1,146,Full,Post,-0.0337704123077953
post,familiar,1,1,147,Full,Post,0.0837124706174427
post,familiar,1,1,148,Full,Post,0.235603100715049
post,familiar,1,1,149,Full,Post,0.0289369562232768
post,familiar,1,1,150,Full,Post,0.250594702500592
post,familiar,1,1,151,Full,Post,-0.113997356620655
post,familiar,1,1,152,Full,Post,0.201846007251173
post,familiar,1,1,153,Full,Post,0.155022125336349
post,familiar,1,1,154,Full,Post,-0.168321415255796
post,familiar,1,1,155,Full,Post,-0.0574551937269266
post,familiar,1,1,156,Full,Post,-0.207537061540645
post,familiar,1,1,157,Full,Post,0.807361542193477
post,familiar,1,1,158,Full,Post,-0.0759889737801964
post,familiar,1,1,159,Full,Post,-0.158542847133549
post,familiar,1,1,160,Full,Post,0.47261780752944
post,familiar,1,1,161,Full,Post,0.189957548223107
post,familiar,1,1,162,Full,Post,-0.083008014005301
post,familiar,1,1,163,Full,Post,0.0905665389683868
post,familiar,1,1,164,Full,Post,0.14379902502839
post,familiar,1,1,165,Full,Post,3.14967157699597
post,familiar,1,1,166,Full,Post,-0.0594443444474104
post,familiar,2,2,1,Full,Post,-0.0759458822530213
post,familiar,2,2,2,Full,Post,-0.06404042986126
post,familiar,2,2,3,Full,Post,-0.267717127376985
post,familiar,2,2,4,Full,Post,0.298106998739269
post,familiar,2,2,5,Full,Post,0.53362125460731
post,familiar,2,2,6,Full,Post,0.0735134664255604
post,familiar,2,2,7,Full,Post,0.0754344699355477
post,familiar,2,2,8,Full,Post,0.138775699585441
post,familiar,2,2,9,Full,Post,0.139159018287658
post,familiar,2,2,10,Full,Post,-0.0511446159206754
post,familiar,2,2,11,Full,Post,-0.0952524199249133
post,familiar,2,2,12,Full,Post,-0.110920215954103
post,familiar,2,2,13,Full,Post,4.69552970838057
post,familiar,2,2,14,Full,Post,-0.0874306373550906
post,familiar,2,2,15,Full,Post,0.144113112706034
post,familiar,2,2,16,Full,Post,3.78771635725722
post,familiar,2,2,17,Full,Post,1.48385802748604
post,familiar,2,2,18,Full,Post,0.0808344152211344
post,familiar,2,2,19,Full,Post,-0.152762483850506
post,familiar,2,2,20,Full,Post,0.299833773318573
post,familiar,2,2,21,Full,Post,0.592417131460751
post,familiar,2,2,22,Full,Post,0.120142995992256
post,familiar,2,2,23,Full,Post,0.456221329458325
post,familiar,2,2,24,Full,Post,0.0824637861574125
post,familiar,2,2,25,Full,Post,5.55648111439001
post,familiar,2,2,26,Full,Post,-0.318691672260261
post,familiar,2,2,27,Full,Post,0.0918656555103841
post,familiar,2,2,28,Full,Post,0.0677491290586688
post,familiar,2,2,29,Full,Post,0.0651588827969403
post,familiar,2,2,30,Full,Post,0.0798677176456507
post,familiar,2,2,31,Full,Post,-0.12467643960162
post,familiar,2,2,32,Full,Post,0.146071636716583
post,familiar,2,2,33,Full,Post,0.0919038811540237
post,familiar,2,2,34,Full,Post,0.175983401339047
post,familiar,2,2,35,Full,Post,0.00494827318849725
post,familiar,2,2,36,Full,Post,-0.0956778884419449
post,familiar,2,2,37,Full,Post,0.00742038194140857
post,familiar,2,2,38,Full,Post,0.037634375900513
post,familiar,2,2,39,Full,Post,4.0574628111066
post,familiar,2,2,40,Full,Post,-0.00839036235481155
post,familiar,2,2,41,Full,Post,0.450287568645866
post,familiar,2,2,42,Full,Post,0.271325681780528
post,familiar,2,2,43,Full,Post,-0.116558140146066
post,familiar,2,2,44,Full,Post,0.0111787899802908
post,familiar,2,2,45,Full,Post,0.905710060353576
post,familiar,2,2,46,Full,Post,2.20369640153402
post,familiar,2,2,47,Full,Post,0.0349529262712051
post,familiar,2,2,48,Full,Post,-0.11360006425904
post,familiar,2,2,49,Full,Post,-0.316032205520076
post,familiar,2,2,50,Full,Post,0.106820207234573
post,familiar,2,2,51,Full,Post,2.12055749280305
post,familiar,2,2,52,Full,Post,0.52499301746159
post,familiar,2,2,53,Full,Post,-0.167157882230815
post,familiar,2,2,54,Full,Post,-0.114441202158975
post,familiar,2,2,55,Full,Post,0.138544978296927
post,familiar,2,2,56,Full,Post,0.165626822128345
post,familiar,2,2,57,Full,Post,0.319969032492193
post,familiar,2,2,58,Full,Post,1.02977062893515
post,familiar,2,2,59,Full,Post,-0.0312788662368806
post,familiar,2,2,60,Full,Post,-0.161702567547334
post,familiar,2,2,61,Full,Post,-0.207568921997725
post,familiar,2,2,62,Full,Post,0.179048100959564
post,familiar,2,2,63,Full,Post,0.988328114292398
post,familiar,2,2,64,Full,Post,-0.264548619906343
post,familiar,2,2,65,Full,Post,-0.252572343698188
post,familiar,2,2,66,Full,Post,0.209008668706457
post,familiar,2,2,67,Full,Post,-0.235918935212016
post,familiar,2,2,68,Full,Post,0.37589298672752
post,familiar,2,2,69,Full,Post,-0.0665266635525182
post,familiar,2,2,70,Full,Post,-0.330867552722719
post,familiar,2,2,71,Full,Post,0.116707145936807
post,familiar,2,2,72,Full,Post,0.171356375978868
post,familiar,2,2,73,Full,Post,0.155758614282576
post,familiar,2,2,74,Full,Post,0.681247227471971
post,familiar,2,2,75,Full,Post,0.334852801336441
post,familiar,2,2,76,Full,Post,0.00443952505285453
post,familiar,2,2,77,Full,Post,0.035203330057036
post,familiar,2,2,78,Full,Post,-0.241136997822482
post,familiar,2,2,79,Full,Post,0.0171385994880604
post,familiar,2,2,80,Full,Post,-0.0464738717345484
post,familiar,2,2,81,Full,Post,-0.0132358724432548
post,familiar,2,2,82,Full,Post,0.111437937866163
post,familiar,2,2,83,Full,Post,-0.257626249790257
post,familiar,2,2,84,Full,Post,0.129755349578029
post,familiar,2,2,85,Full,Post,0.162139605486018
post,familiar,2,2,86,Full,Post,0.134195511141336
post,familiar,2,2,87,Full,Post,0.248823566002551
post,familiar,2,2,88,Full,Post,-0.201634519378536
post,familiar,2,2,89,Full,Post,-0.0463379943297741
post,familiar,2,2,90,Full,Post,1.89400289040159
post,familiar,2,2,91,Full,Post,0.068290661583476
post,familiar,2,2,92,Full,Post,-0.101110892357592
post,familiar,2,2,93,Full,Post,2.54005230852496
post,familiar,2,2,94,Full,Post,0.228893997377117
post,familiar,2,2,95,Full,Post,0.0651307952496824
post,familiar,2,2,96,Full,Post,-0.199423607562191
post,familiar,2,2,97,Full,Post,0.047673038463022
post,familiar,2,2,98,Full,Post,0.688318970926938
post,familiar,2,2,99,Full,Post,-0.0659428869591284
post,familiar,2,2,100,Full,Post,-0.624881857611004
post,familiar,2,2,101,Full,Post,1.03408383184094
post,familiar,2,2,102,Full,Post,-0.0535274454953153
post,familiar,2,2,103,Full,Post,0.061219756517378
post,familiar,2,2,104,Full,Post,-0.0756430090112817
post,familiar,2,2,105,Full,Post,0.147726222866394
post,familiar,2,2,106,Full,Post,0.241205184268903
post,familiar,2,2,107,Full,Post,2.40821003759384
post,familiar,2,2,108,Full,Post,-0.00524964910377931
post,familiar,2,2,109,Full,Post,0.240726072095584
post,familiar,2,2,110,Full,Post,0.173196201640517
post,familiar,2,2,111,Full,Post,0.178845257740332
post,familiar,2,2,112,Full,Post,-0.197061339316379
post,familiar,2,2,113,Full,Post,0.292152231346623
post,familiar,2,2,114,Full,Post,-0.0936648760047094
post,familiar,2,2,115,Full,Post,0.142633302043992
post,familiar,2,2,116,Full,Post,-0.399547608232982
post,familiar,2,2,117,Full,Post,-0.0941277833960333
post,familiar,2,2,118,Full,Post,0.973086130982445
post,familiar,2,2,119,Full,Post,-0.0899357184492222
post,familiar,2,2,120,Full,Post,-0.0377735031917637
post,familiar,2,2,121,Full,Post,1.05439600551867
post,familiar,2,2,122,Full,Post,0.756086148034664
post,familiar,2,2,123,Full,Post,0.0529293517886586
post,familiar,2,2,124,Full,Post,0.0186678404968986
post,familiar,2,2,125,Full,Post,0.145901380660753
post,familiar,2,2,126,Full,Post,-0.0580498105877303
post,familiar,2,2,127,Full,Post,0.163345264088345
post,familiar,2,2,128,Full,Post,-0.134674129273085
post,familiar,2,2,129,Full,Post,0.00832414708028997
post,familiar,2,2,130,Full,Post,-0.231826365770999
post,familiar,2,2,131,Full,Post,-0.303604715219629
post,familiar,2,2,132,Full,Post,2.00339112403356
post,familiar,2,2,133,Full,Post,-0.102069305894934
post,familiar,2,2,134,Full,Post,2.00981813794346
post,familiar,2,2,135,Full,Post,0.115739627141946
post,familiar,2,2,136,Full,Post,-0.0293631656742447
post,familiar,2,2,137,Full,Post,0.01728604543917
post,familiar,2,2,138,Full,Post,0.299523004641079
post,familiar,2,2,139,Full,Post,-0.00835659243594911
post,familiar,2,2,140,Full,Post,0.341885594065352
post,familiar,2,2,141,Full,Post,0.168819808092956
post,familiar,2,2,142,Full,Post,2.26344479259607
post,familiar,2,2,143,Full,Post,0.296164636623702
post,familiar,2,2,144,Full,Post,-0.0975508530321647
post,familiar,2,2,145,Full,Post,-0.187491216762231
post,familiar,2,2,146,Full,Post,0.0379619011936502
post,familiar,2,2,147,Full,Post,-0.0384555621953083
post,familiar,2,2,148,Full,Post,-0.319109224766163
post,familiar,2,2,149,Full,Post,0.256844172985891
post,familiar,2,2,150,Full,Post,0.297379399563149
post,familiar,2,2,151,Full,Post,-0.0110454065239631
post,familiar,2,2,152,Full,Post,0.0186634353798375
post,familiar,2,2,153,Full,Post,0.377281395292816
post,familiar,2,2,154,Full,Post,-0.0319231687938128
post,familiar,2,2,155,Full,Post,-0.0948167953810955
post,familiar,2,2,156,Full,Post,-0.0229075740591407
post,familiar,2,2,157,Full,Post,0.0202978483408964
post,familiar,2,2,158,Full,Post,-0.140819173682334
post,familiar,2,2,159,Full,Post,0.252895697695149
post,familiar,2,2,160,Full,Post,1.06536661923474
post,familiar,2,2,161,Full,Post,0.0912041151114099
post,familiar,2,2,162,Full,Post,-0.0792150599867341
post,familiar,2,2,163,Full,Post,0.178097468766341
post,familiar,2,2,164,Full,Post,4.41601096547824
post,familiar,2,2,165,Full,Post,0.186815799350496
post,familiar,2,2,166,Full,Post,-0.048998119773682
post,familiar,4,3,1,Full,Post,0.098859320402998
post,familiar,4,3,2,Full,Post,-0.504997401802226
post,familiar,4,3,3,Full,Post,-0.282300084619914
post,familiar,4,3,4,Full,Post,-0.0952848842907611
post,familiar,4,3,5,Full,Post,4.61882068093235
post,familiar,4,3,6,Full,Post,0.157120596501842
post,familiar,4,3,7,Full,Post,-0.0629947089645033
post,familiar,4,3,8,Full,Post,0.236375106392907
post,familiar,4,3,9,Full,Post,0.565395370182011
post,familiar,4,3,10,Full,Post,-0.0224208069449242
post,familiar,4,3,11,Full,Post,1.901355142768
post,familiar,4,3,12,Full,Post,1.35001380806962
post,familiar,4,3,13,Full,Post,0.196237054117125
post,familiar,4,3,14,Full,Post,-0.0388280072091734
post,familiar,4,3,15,Full,Post,-0.00491046716255453
post,familiar,4,3,16,Full,Post,1.0800646427846
post,familiar,4,3,17,Full,Post,0.741089031176869
post,familiar,4,3,18,Full,Post,-0.16699255281437
post,familiar,4,3,19,Full,Post,0.103710556162795
post,familiar,4,3,20,Full,Post,0.638704089850473
post,familiar,4,3,21,Full,Post,0.499779666598482
post,familiar,4,3,22,Full,Post,0.522737950896988
post,familiar,4,3,23,Full,Post,0.881349440663925
post,familiar,4,3,24,Full,Post,0.0640187382730712
post,familiar,4,3,25,Full,Post,0.0799166989294613
post,familiar,4,3,26,Full,Post,-0.708193935282013
post,familiar,4,3,27,Full,Post,0.182602223918468
post,familiar,4,3,28,Full,Post,-0.0133047062329591
post,familiar,4,3,29,Full,Post,-0.0844956964931016
post,familiar,4,3,30,Full,Post,0.38300769349469
post,familiar,4,3,31,Full,Post,-0.0519292321880779
post,familiar,4,3,32,Full,Post,0.113247322536101
post,familiar,4,3,33,Full,Post,0.0802815645897068
post,familiar,4,3,34,Full,Post,0.0490028418306544
post,familiar,4,3,35,Full,Post,0.119579316683517
post,familiar,4,3,36,Full,Post,0.0345545826809585
post,familiar,4,3,37,Full,Post,0.403067009216991
post,familiar,4,3,38,Full,Post,0.105963554769626
post,familiar,4,3,39,Full,Post,0.322659212360354
post,familiar,4,3,40,Full,Post,0.156081977935733
post,familiar,4,3,41,Full,Post,-0.0817022313829925
post,familiar,4,3,42,Full,Post,0.19456838651124
post,familiar,4,3,43,Full,Post,0.077870098503751
post,familiar,4,3,44,Full,Post,0.0129091880557444
post,familiar,4,3,45,Full,Post,0.541736877205925
post,familiar,4,3,46,Full,Post,3.28546743256431
post,familiar,4,3,47,Full,Post,0.276626656285292
post,familiar,4,3,48,Full,Post,0.0472302181270656
post,familiar,4,3,49,Full,Post,-0.375281627515634
post,familiar,4,3,50,Full,Post,-0.0088192480982185
post,familiar,4,3,51,Full,Post,0.13973596416185
post,familiar,4,3,52,Full,Post,0.369027099464875
post,familiar,4,3,53,Full,Post,0.0135774892381505
post,familiar,4,3,54,Full,Post,0.145944767347376
post,familiar,4,3,55,Full,Post,0.166603154234204
post,familiar,4,3,56,Full,Post,-0.053176157893502
post,familiar,4,3,57,Full,Post,0.387899524375838
post,familiar,4,3,58,Full,Post,0.168982601200631
post,familiar,4,3,59,Full,Post,0.115951905846446
post,familiar,4,3,60,Full,Post,-0.01503647319424
post,familiar,4,3,61,Full,Post,0.0565858052165429
post,familiar,4,3,62,Full,Post,1.53449963690979
post,familiar,4,3,63,Full,Post,0.672941639415482
post,familiar,4,3,64,Full,Post,-0.300949944283244
post,familiar,4,3,65,Full,Post,-0.146147396518396
post,familiar,4,3,66,Full,Post,0.0474907547691189
post,familiar,4,3,67,Full,Post,-0.252526223136466
post,familiar,4,3,68,Full,Post,1.45188493969848
post,familiar,4,3,69,Full,Post,0.496704800207137
post,familiar,4,3,70,Full,Post,-0.259831699511187
post,familiar,4,3,71,Full,Post,0.299258097929872
post,familiar,4,3,72,Full,Post,0.908050907910833
post,familiar,4,3,73,Full,Post,0.147966166574492
post,familiar,4,3,74,Full,Post,0.146591726481102
post,familiar,4,3,75,Full,Post,0.131108887883914
post,familiar,4,3,76,Full,Post,0.036299509271903
post,familiar,4,3,77,Full,Post,-0.0724455823173763
post,familiar,4,3,78,Full,Post,-0.708577235780531
post,familiar,4,3,79,Full,Post,-0.184705950359002
post,familiar,4,3,80,Full,Post,0.472427332111595
post,familiar,4,3,81,Full,Post,-0.0312297115762398
post,familiar,4,3,82,Full,Post,0.0644834258145404
post,familiar,4,3,83,Full,Post,-0.0489458190837489
post,familiar,4,3,84,Full,Post,2.47827766782758
post,familiar,4,3,85,Full,Post,2.69136720978689
post,familiar,4,3,86,Full,Post,0.293757983880988
post,familiar,4,3,87,Full,Post,1.42593542531566
post,familiar,4,3,88,Full,Post,-0.334261732800255
post,familiar,4,3,89,Full,Post,0.185071199132606
post,familiar,4,3,90,Full,Post,-0.128371413361315
post,familiar,4,3,91,Full,Post,-0.273754405255043
post,familiar,4,3,92,Full,Post,-0.0545463404792978
post,familiar,4,3,93,Full,Post,0.156358328802617
post,familiar,4,3,94,Full,Post,0.142431590109418
post,familiar,4,3,95,Full,Post,0.0664728738528989
post,familiar,4,3,96,Full,Post,-0.021196691011882
post,familiar,4,3,97,Full,Post,-0.386980827635547
post,familiar,4,3,98,Full,Post,0.0756972077788599
post,familiar,4,3,99,Full,Post,0.0666516457845519
post,familiar,4,3,100,Full,Post,-0.110318457019634
post,familiar,4,3,101,Full,Post,0.0366405238224458
post,familiar,4,3,102,Full,Post,0.106001614864231
post,familiar,4,3,103,Full,Post,-0.255260257014925
post,familiar,4,3,104,Full,Post,0.205251106044856
post,familiar,4,3,105,Full,Post,0.185308423544308
post,familiar,4,3,106,Full,Post,0.0427429726394491
post,familiar,4,3,107,Full,Post,0.0779063488887387
post,familiar,4,3,108,Full,Post,-0.0260850187060359
post,familiar,4,3,109,Full,Post,0.123439332867572
post,familiar,4,3,110,Full,Post,0.561515288692061
post,familiar,4,3,111,Full,Post,-0.0246629983982679
post,familiar,4,3,112,Full,Post,0.141072881248332
post,familiar,4,3,113,Full,Post,0.0862232174975922
post,familiar,4,3,114,Full,Post,-0.0235547833977295
post,familiar,4,3,115,Full,Post,0.140129789872313
post,familiar,4,3,116,Full,Post,-0.404929062836844
post,familiar,4,3,117,Full,Post,1.01141985322554
post,familiar,4,3,118,Full,Post,3.34913480022697
post,familiar,4,3,119,Full,Post,-0.0748652954025315
post,familiar,4,3,120,Full,Post,0.429953063206969
post,familiar,4,3,121,Full,Post,0.761423793429429
post,familiar,4,3,122,Full,Post,-0.064414287842099
post,familiar,4,3,123,Full,Post,-0.074560611816566
post,familiar,4,3,124,Full,Post,0.239444021160102
post,familiar,4,3,125,Full,Post,-0.146320787970765
post,familiar,4,3,126,Full,Post,0.374301069779158
post,familiar,4,3,127,Full,Post,-0.11548725578501
post,familiar,4,3,128,Full,Post,-0.0634280356906654
post,familiar,4,3,129,Full,Post,0.21559921053837
post,familiar,4,3,130,Full,Post,0.0628954840532759
post,familiar,4,3,131,Full,Post,-0.17856516994139
post,familiar,4,3,132,Full,Post,0.108981828008772
post,familiar,4,3,133,Full,Post,-0.300212479620635
post,familiar,4,3,134,Full,Post,0.414562326087121
post,familiar,4,3,135,Full,Post,0.0517853965607767
post,familiar,4,3,136,Full,Post,-0.311344257624109
post,familiar,4,3,137,Full,Post,-0.125261461938889
post,familiar,4,3,138,Full,Post,0.519133493834581
post,familiar,4,3,139,Full,Post,0.270608869170652
post,familiar,4,3,140,Full,Post,0.383775823357259
post,familiar,4,3,141,Full,Post,0.0761260988936489
post,familiar,4,3,142,Full,Post,0.322422128301979
post,familiar,4,3,143,Full,Post,0.363354883247026
post,familiar,4,3,144,Full,Post,0.143224680369406
post,familiar,4,3,145,Full,Post,-0.109369487982969
post,familiar,4,3,146,Full,Post,0.0579224155844477
post,familiar,4,3,147,Full,Post,-0.0665003858566662
post,familiar,4,3,148,Full,Post,0.585184775110095
post,familiar,4,3,149,Full,Post,-0.0833712494525877
post,familiar,4,3,150,Full,Post,0.273850789244164
post,familiar,4,3,151,Full,Post,-0.137892501381268
post,familiar,4,3,152,Full,Post,0.0797863723990033
post,familiar,4,3,153,Full,Post,0.538185916279741
post,familiar,4,3,154,Full,Post,0.0141127876102303
post,familiar,4,3,155,Full,Post,-0.0505166645543148
post,familiar,4,3,156,Full,Post,0.145744851217124
post,familiar,4,3,157,Full,Post,0.689936664768042
post,familiar,4,3,158,Full,Post,-0.160535307822449
post,familiar,4,3,159,Full,Post,-0.19162614472715
post,familiar,4,3,160,Full,Post,4.63450841134645
post,familiar,4,3,161,Full,Post,0.614095122081159
post,familiar,4,3,162,Full,Post,0.0288887773464041
post,familiar,4,3,163,Full,Post,0.158199040551611
post,familiar,4,3,164,Full,Post,0.765447943126681
post,familiar,4,3,165,Full,Post,3.35055725303809
post,familiar,4,3,166,Full,Post,-0.00373672301516087
post,familiar,5,4,1,Full,Post,-0.0661963619274478
post,familiar,5,4,2,Full,Post,-0.245961759392656
post,familiar,5,4,3,Full,Post,-0.075533769203364
post,familiar,5,4,4,Full,Post,2.14485761939781
post,familiar,5,4,5,Full,Post,0.544874824241731
post,familiar,5,4,6,Full,Post,0.0300879913122149
post,familiar,5,4,7,Full,Post,-0.0476201901603612
post,familiar,5,4,8,Full,Post,1.01534365440835
post,familiar,5,4,9,Full,Post,0.325504120255588
post,familiar,5,4,10,Full,Post,2.44412866516048
post,familiar,5,4,11,Full,Post,0.0665782591963504
post,familiar,5,4,12,Full,Post,0.0528318022025149
post,familiar,5,4,13,Full,Post,0.573534390562369
post,familiar,5,4,14,Full,Post,0.158397459573
post,familiar,5,4,15,Full,Post,-0.0866081114597303
post,familiar,5,4,16,Full,Post,2.92605864703458
post,familiar,5,4,17,Full,Post,0.0149813170912603
post,familiar,5,4,18,Full,Post,-0.0473070684644293
post,familiar,5,4,19,Full,Post,-0.248668350150726
post,familiar,5,4,20,Full,Post,0.165661468667467
post,familiar,5,4,21,Full,Post,0.00803552755345785
post,familiar,5,4,22,Full,Post,0.0229412746716137
post,familiar,5,4,23,Full,Post,0.229905489347232
post,familiar,5,4,24,Full,Post,0.124572760111566
post,familiar,5,4,25,Full,Post,0.155347846264873
post,familiar,5,4,26,Full,Post,-0.110009662160082
post,familiar,5,4,27,Full,Post,-0.198718445052895
post,familiar,5,4,28,Full,Post,0.0058259243161235
post,familiar,5,4,29,Full,Post,-0.034969053207959
post,familiar,5,4,30,Full,Post,-0.026797213958463
post,familiar,5,4,31,Full,Post,-0.128442385409206
post,familiar,5,4,32,Full,Post,-0.0946487519139835
post,familiar,5,4,33,Full,Post,-0.117915702150222
post,familiar,5,4,34,Full,Post,-0.00244976741217978
post,familiar,5,4,35,Full,Post,0.120307407853727
post,familiar,5,4,36,Full,Post,-0.0744919075976208
post,familiar,5,4,37,Full,Post,-0.0419150307259803
post,familiar,5,4,38,Full,Post,0.347721748025377
post,familiar,5,4,39,Full,Post,0.289490424820672
post,familiar,5,4,40,Full,Post,0.282082268105852
post,familiar,5,4,41,Full,Post,-0.0331095341589386
post,familiar,5,4,42,Full,Post,-0.0128814983674179
post,familiar,5,4,43,Full,Post,-0.109713808221536
post,familiar,5,4,44,Full,Post,0.204621524124079
post,familiar,5,4,45,Full,Post,0.22134993276584
post,familiar,5,4,46,Full,Post,0.104359675029705
post,familiar,5,4,47,Full,Post,-0.224516508658344
post,familiar,5,4,48,Full,Post,-0.207066646684554
post,familiar,5,4,49,Full,Post,-0.30357590547241
post,familiar,5,4,50,Full,Post,0.0651866597966129
post,familiar,5,4,51,Full,Post,-0.118346072198541
post,familiar,5,4,52,Full,Post,-0.0343128929913721
post,familiar,5,4,53,Full,Post,-0.0491621827771829
post,familiar,5,4,54,Full,Post,-0.0765500162656729
post,familiar,5,4,55,Full,Post,-0.165902494423599
post,familiar,5,4,56,Full,Post,-0.111985876134983
post,familiar,5,4,57,Full,Post,-0.0596808073068743
post,familiar,5,4,58,Full,Post,0.122557477209239
post,familiar,5,4,59,Full,Post,0.099465222972998
post,familiar,5,4,60,Full,Post,-0.0731768075801419
post,familiar,5,4,61,Full,Post,-0.22281577320685
post,familiar,5,4,62,Full,Post,0.177454862926166
post,familiar,5,4,63,Full,Post,-0.26556291549891
post,familiar,5,4,64,Full,Post,-0.387905406137265
post,familiar,5,4,65,Full,Post,0.335066282681229
post,familiar,5,4,66,Full,Post,0.895965494676856
post,familiar,5,4,67,Full,Post,-0.2284489057492
post,familiar,5,4,68,Full,Post,0.0961746372735712
post,familiar,5,4,69,Full,Post,-0.369979873950216
post,familiar,5,4,70,Full,Post,0.00272575308323136
post,familiar,5,4,71,Full,Post,0.203813774859111
post,familiar,5,4,72,Full,Post,-0.170879302988482
post,familiar,5,4,73,Full,Post,0.0533754252582312
post,familiar,5,4,74,Full,Post,0.762179184475918
post,familiar,5,4,75,Full,Post,-0.13887214450117
post,familiar,5,4,76,Full,Post,1.88803367246257
post,familiar,5,4,77,Full,Post,0.175149717077148
post,familiar,5,4,78,Full,Post,-0.257690961243696
post,familiar,5,4,79,Full,Post,-0.227452897480896
post,familiar,5,4,80,Full,Post,0.0818945266341206
post,familiar,5,4,81,Full,Post,-0.0492847625277612
post,familiar,5,4,82,Full,Post,0.0133937522424558
post,familiar,5,4,83,Full,Post,0.00343902001071789
post,familiar,5,4,84,Full,Post,0.283005841411579
post,familiar,5,4,85,Full,Post,0.936512708961459
post,familiar,5,4,86,Full,Post,0.369694351588012
post,familiar,5,4,87,Full,Post,0.61043603927462
post,familiar,5,4,88,Full,Post,-0.0252151019828245
post,familiar,5,4,89,Full,Post,0.657560786042205
post,familiar,5,4,90,Full,Post,0.152070997590272
post,familiar,5,4,91,Full,Post,-0.359640922521821
post,familiar,5,4,92,Full,Post,-0.0154364459198156
post,familiar,5,4,93,Full,Post,0.236946077635247
post,familiar,5,4,94,Full,Post,0.0726033351778501
post,familiar,5,4,95,Full,Post,0.10341922648083
post,familiar,5,4,96,Full,Post,-0.101581263917659
post,familiar,5,4,97,Full,Post,-0.0277336447781057
post,familiar,5,4,98,Full,Post,0.664528624812323
post,familiar,5,4,99,Full,Post,-0.104602899878635
post,familiar,5,4,100,Full,Post,0.263439205331553
post,familiar,5,4,101,Full,Post,0.0656092274166066
post,familiar,5,4,102,Full,Post,0.0827880041538233
post,familiar,5,4,103,Full,Post,-0.467156232516143
post,familiar,5,4,104,Full,Post,0.238341994202067
post,familiar,5,4,105,Full,Post,0.325917576532178
post,familiar,5,4,106,Full,Post,-0.21230166613287
post,familiar,5,4,107,Full,Post,2.00018068087964
post,familiar,5,4,108,Full,Post,0.347991269793457
post,familiar,5,4,109,Full,Post,0.253329218176492
post,familiar,5,4,110,Full,Post,0.147362845837095
post,familiar,5,4,111,Full,Post,0.176767284141133
post,familiar,5,4,112,Full,Post,0.115732196968402
post,familiar,5,4,113,Full,Post,0.00451687707605297
post,familiar,5,4,114,Full,Post,-0.154366336856709
post,familiar,5,4,115,Full,Post,2.99541156017609
post,familiar,5,4,116,Full,Post,-0.430960472652785
post,familiar,5,4,117,Full,Post,0.16182802183964
post,familiar,5,4,118,Full,Post,0.34838086095299
post,familiar,5,4,119,Full,Post,0.0967849407747422
post,familiar,5,4,120,Full,Post,0.0888561454785147
post,familiar,5,4,121,Full,Post,0.158174901641234
post,familiar,5,4,122,Full,Post,0.160914174792391
post,familiar,5,4,123,Full,Post,0.0486794114966003
post,familiar,5,4,124,Full,Post,0.0619279379431313
post,familiar,5,4,125,Full,Post,-0.313110106667173
post,familiar,5,4,126,Full,Post,0.373327631286483
post,familiar,5,4,127,Full,Post,-0.227181687380757
post,familiar,5,4,128,Full,Post,-0.11348520819649
post,familiar,5,4,129,Full,Post,-0.0723566092721488
post,familiar,5,4,130,Full,Post,0.0337277103905516
post,familiar,5,4,131,Full,Post,0.280524745275767
post,familiar,5,4,132,Full,Post,0.122617843005889
post,familiar,5,4,133,Full,Post,-0.00629261171410433
post,familiar,5,4,134,Full,Post,0.0196950601566431
post,familiar,5,4,135,Full,Post,0.534822516918347
post,familiar,5,4,136,Full,Post,-0.374807316564044
post,familiar,5,4,137,Full,Post,-0.31422577708127
post,familiar,5,4,138,Full,Post,0.103854801207799
post,familiar,5,4,139,Full,Post,-0.00555409546287841
post,familiar,5,4,140,Full,Post,0.299520345993698
post,familiar,5,4,141,Full,Post,0.135685728935124
post,familiar,5,4,142,Full,Post,0.692375347265127
post,familiar,5,4,143,Full,Post,0.963730474003387
post,familiar,5,4,144,Full,Post,0.022080319126318
post,familiar,5,4,145,Full,Post,-0.323562739691715
post,familiar,5,4,146,Full,Post,-0.0282547179446898
post,familiar,5,4,147,Full,Post,0.517566709496964
post,familiar,5,4,148,Full,Post,0.0254156609799619
post,familiar,5,4,149,Full,Post,-0.13160669624639
post,familiar,5,4,150,Full,Post,4.01964826255858
post,familiar,5,4,151,Full,Post,-0.309204077186501
post,familiar,5,4,152,Full,Post,0.0712148514269655
post,familiar,5,4,153,Full,Post,-0.0148645448552489
post,familiar,5,4,154,Full,Post,0.00595986376815098
post,familiar,5,4,155,Full,Post,0.107503612010845
post,familiar,5,4,156,Full,Post,-0.33385275026655
post,familiar,5,4,157,Full,Post,-0.0861466089822688
post,familiar,5,4,158,Full,Post,-0.0361094258316389
post,familiar,5,4,159,Full,Post,0.208533490487238
post,familiar,5,4,160,Full,Post,0.0202618387701704
post,familiar,5,4,161,Full,Post,0.270232625080007
post,familiar,5,4,162,Full,Post,0.138927596900289
post,familiar,5,4,163,Full,Post,4.48039817354634
post,familiar,5,4,164,Full,Post,0.170591397409244
post,familiar,5,4,165,Full,Post,0.166273037468779
post,familiar,5,4,166,Full,Post,-0.28449609235271
post,familiar,1,1,1,Occl,Pre,0.392569105379439
post,familiar,1,1,2,Occl,Pre,0.126211215553698
post,familiar,1,1,3,Occl,Pre,0.0394902832133907
post,familiar,1,1,4,Occl,Pre,0.0259500208632676
post,familiar,1,1,5,Occl,Pre,0.138464109150084
post,familiar,1,1,6,Occl,Pre,-0.0468866082332023
post,familiar,1,1,7,Occl,Pre,0.0370257110128124
post,familiar,1,1,8,Occl,Pre,-0.224748025393522
post,familiar,1,1,9,Occl,Pre,0.299572217190053
post,familiar,1,1,10,Occl,Pre,-0.000254549581590352
post,familiar,1,1,11,Occl,Pre,0.0129136725135832
post,familiar,1,1,12,Occl,Pre,-0.03540911632555
post,familiar,1,1,13,Occl,Pre,0.0373520951097269
post,familiar,1,1,14,Occl,Pre,-0.0844021287566725
post,familiar,1,1,15,Occl,Pre,-0.00180305942443906
post,familiar,1,1,16,Occl,Pre,0.246088190928779
post,familiar,1,1,17,Occl,Pre,0.0222961410429939
post,familiar,1,1,18,Occl,Pre,0.179707124654537
post,familiar,1,1,19,Occl,Pre,0.233686885236363
post,familiar,1,1,20,Occl,Pre,-0.00602138899400723
post,familiar,1,1,21,Occl,Pre,-0.00609163623522441
post,familiar,1,1,22,Occl,Pre,-0.0541648097395638
post,familiar,1,1,23,Occl,Pre,0.0363659863938455
post,familiar,1,1,24,Occl,Pre,0.0638646229889303
post,familiar,1,1,25,Occl,Pre,-0.00581691078815982
post,familiar,1,1,26,Occl,Pre,0.085170931988937
post,familiar,1,1,27,Occl,Pre,-0.0665037862059806
post,familiar,1,1,28,Occl,Pre,0.0174677980520037
post,familiar,1,1,29,Occl,Pre,-0.130618966150303
post,familiar,1,1,30,Occl,Pre,-0.363956304579493
post,familiar,1,1,31,Occl,Pre,0.63545854947845
post,familiar,1,1,32,Occl,Pre,0.166910205247528
post,familiar,1,1,33,Occl,Pre,-0.0336438355506176
post,familiar,1,1,34,Occl,Pre,0.0616781302832217
post,familiar,1,1,35,Occl,Pre,0.414624877884781
post,familiar,1,1,36,Occl,Pre,0.303987896843431
post,familiar,1,1,37,Occl,Pre,-0.2148281208845
post,familiar,1,1,38,Occl,Pre,0.186791128674913
post,familiar,1,1,39,Occl,Pre,0.392966576968667
post,familiar,1,1,40,Occl,Pre,-0.00124733504282024
post,familiar,1,1,41,Occl,Pre,-0.144063267601616
post,familiar,1,1,42,Occl,Pre,0.0144718232562114
post,familiar,1,1,43,Occl,Pre,-0.254762431751115
post,familiar,1,1,44,Occl,Pre,0.206320185478792
post,familiar,1,1,45,Occl,Pre,0.154559055996287
post,familiar,1,1,46,Occl,Pre,-0.046799704725006
post,familiar,1,1,47,Occl,Pre,-0.0171946304217854
post,familiar,1,1,48,Occl,Pre,-0.100103760232689
post,familiar,1,1,49,Occl,Pre,-0.101444047894231
post,familiar,1,1,50,Occl,Pre,0.0263878595077626
post,familiar,1,1,51,Occl,Pre,0.235455776083309
post,familiar,1,1,52,Occl,Pre,0.0444443642532697
post,familiar,1,1,53,Occl,Pre,0.12947293329879
post,familiar,1,1,54,Occl,Pre,-0.228813087668786
post,familiar,1,1,55,Occl,Pre,0.0588784807414943
post,familiar,1,1,56,Occl,Pre,0.0614082506135155
post,familiar,1,1,57,Occl,Pre,1.01886397131714
post,familiar,1,1,58,Occl,Pre,0.062727244015995
post,familiar,1,1,59,Occl,Pre,0.143070506019749
post,familiar,1,1,60,Occl,Pre,-0.0797877254546636
post,familiar,1,1,61,Occl,Pre,0.100627920206717
post,familiar,1,1,62,Occl,Pre,-0.303523314503892
post,familiar,1,1,63,Occl,Pre,-0.00808989153809836
post,familiar,1,1,64,Occl,Pre,-0.0361967950631228
post,familiar,1,1,65,Occl,Pre,-0.0872483723571725
post,familiar,1,1,66,Occl,Pre,0.600565914931483
post,familiar,1,1,67,Occl,Pre,0.196459533420879
post,familiar,1,1,68,Occl,Pre,-0.0902919915144061
post,familiar,1,1,69,Occl,Pre,0.273077335579661
post,familiar,1,1,70,Occl,Pre,-0.130559178571848
post,familiar,1,1,71,Occl,Pre,0.203957220645339
post,familiar,1,1,72,Occl,Pre,0.872327307815899
post,familiar,1,1,73,Occl,Pre,0.376859981537461
post,familiar,1,1,74,Occl,Pre,-0.181514415107675
post,familiar,1,1,75,Occl,Pre,-0.107076823968327
post,familiar,1,1,76,Occl,Pre,0.067172305328258
post,familiar,1,1,77,Occl,Pre,-0.184500465069711
post,familiar,1,1,78,Occl,Pre,0.105143716471189
post,familiar,1,1,79,Occl,Pre,-0.173183431269183
post,familiar,1,1,80,Occl,Pre,-0.156290093905935
post,familiar,1,1,81,Occl,Pre,0.24620251889211
post,familiar,1,1,82,Occl,Pre,-0.172997003204072
post,familiar,1,1,83,Occl,Pre,-0.00907563587068
post,familiar,1,1,84,Occl,Pre,-0.0369576197236
post,familiar,1,1,85,Occl,Pre,0.138327238835133
post,familiar,1,1,86,Occl,Pre,-0.0274029240487876
post,familiar,1,1,87,Occl,Pre,-0.0489794898789142
post,familiar,1,1,88,Occl,Pre,-0.0108202048304032
post,familiar,1,1,89,Occl,Pre,0.0462183498417224
post,familiar,1,1,90,Occl,Pre,1.21213964937463
post,familiar,1,1,91,Occl,Pre,-0.0733335893909821
post,familiar,1,1,92,Occl,Pre,0.392983923509502
post,familiar,1,1,93,Occl,Pre,-0.269122109874492
post,familiar,1,1,94,Occl,Pre,0.11574901488212
post,familiar,1,1,95,Occl,Pre,0.0574259728353914
post,familiar,1,1,96,Occl,Pre,-0.117296034742505
post,familiar,1,1,97,Occl,Pre,-0.188189084166408
post,familiar,1,1,98,Occl,Pre,0.114327552201102
post,familiar,1,1,99,Occl,Pre,-0.158768471121511
post,familiar,1,1,100,Occl,Pre,0.344158426840882
post,familiar,1,1,101,Occl,Pre,-0.181633033346228
post,familiar,1,1,102,Occl,Pre,0.0844159650747275
post,familiar,1,1,103,Occl,Pre,0.00882377036750441
post,familiar,1,1,104,Occl,Pre,0.0411444835244
post,familiar,1,1,105,Occl,Pre,-0.170625216131309
post,familiar,1,1,106,Occl,Pre,-0.0453935136921279
post,familiar,1,1,107,Occl,Pre,0.00284780327014833
post,familiar,1,1,108,Occl,Pre,0.00837208046405669
post,familiar,1,1,109,Occl,Pre,0.218985698254888
post,familiar,1,1,110,Occl,Pre,0.292747555163862
post,familiar,1,1,111,Occl,Pre,0.124426633674047
post,familiar,1,1,112,Occl,Pre,-0.0629562724827632
post,familiar,1,1,113,Occl,Pre,0.261028563605637
post,familiar,1,1,114,Occl,Pre,0.0386779806072988
post,familiar,1,1,115,Occl,Pre,0.808829190529922
post,familiar,1,1,116,Occl,Pre,-0.087090574685582
post,familiar,1,1,117,Occl,Pre,-0.184331799611315
post,familiar,1,1,118,Occl,Pre,0.0170898666592263
post,familiar,1,1,119,Occl,Pre,-0.0331075289141328
post,familiar,1,1,120,Occl,Pre,0.00542542388154872
post,familiar,1,1,121,Occl,Pre,-0.0359553172622925
post,familiar,1,1,122,Occl,Pre,0.0111931153704658
post,familiar,1,1,123,Occl,Pre,0.174871396425065
post,familiar,1,1,124,Occl,Pre,-0.00476234493226783
post,familiar,1,1,125,Occl,Pre,-0.37406071290704
post,familiar,1,1,126,Occl,Pre,0.24302092288778
post,familiar,1,1,127,Occl,Pre,-0.282604564558556
post,familiar,1,1,128,Occl,Pre,-0.17788284509325
post,familiar,1,1,129,Occl,Pre,0.2098371792981
post,familiar,1,1,130,Occl,Pre,0.0577702689642751
post,familiar,1,1,131,Occl,Pre,-0.163805086064961
post,familiar,1,1,132,Occl,Pre,0.10817495679518
post,familiar,1,1,133,Occl,Pre,-0.465290895667282
post,familiar,1,1,134,Occl,Pre,0.211259175653978
post,familiar,1,1,135,Occl,Pre,0.722654743261517
post,familiar,1,1,136,Occl,Pre,0.139826678554239
post,familiar,1,1,137,Occl,Pre,0.057482941187947
post,familiar,1,1,138,Occl,Pre,0.193288104439414
post,familiar,1,1,139,Occl,Pre,0.0255353088832888
post,familiar,1,1,140,Occl,Pre,1.20216097585381
post,familiar,1,1,141,Occl,Pre,0.364842179218101
post,familiar,1,1,142,Occl,Pre,0.01563016509923
post,familiar,1,1,143,Occl,Pre,-0.00432764072038172
post,familiar,1,1,144,Occl,Pre,0.455234475129123
post,familiar,1,1,145,Occl,Pre,0.164477862102927
post,familiar,1,1,146,Occl,Pre,0.694786926543298
post,familiar,1,1,147,Occl,Pre,-0.0554970766297596
post,familiar,1,1,148,Occl,Pre,0.0688627887052693
post,familiar,1,1,149,Occl,Pre,0.269255993988188
post,familiar,1,1,150,Occl,Pre,0.10221287321501
post,familiar,1,1,151,Occl,Pre,0.24857685650482
post,familiar,1,1,152,Occl,Pre,-0.084298469811313
post,familiar,1,1,153,Occl,Pre,-0.264034057109227
post,familiar,1,1,154,Occl,Pre,0.0833305574654236
post,familiar,1,1,155,Occl,Pre,-0.194179472134178
post,familiar,1,1,156,Occl,Pre,-0.0212250621761067
post,familiar,1,1,157,Occl,Pre,-0.0407647406146187
post,familiar,1,1,158,Occl,Pre,-0.0561396313090346
post,familiar,1,1,159,Occl,Pre,-0.0849631238396489
post,familiar,1,1,160,Occl,Pre,-0.051898770351959
post,familiar,1,1,161,Occl,Pre,-0.174098862346244
post,familiar,1,1,162,Occl,Pre,0.000784345962291655
post,familiar,1,1,163,Occl,Pre,0.0154030291161711
post,familiar,1,1,164,Occl,Pre,-0.00786214335906057
post,familiar,1,1,165,Occl,Pre,-0.0518354077592391
post,familiar,1,1,166,Occl,Pre,-0.024998151201945
post,familiar,2,2,1,Occl,Pre,0.154590456786501
post,familiar,2,2,2,Occl,Pre,-0.130557202566566
post,familiar,2,2,3,Occl,Pre,-0.0586746192525421
post,familiar,2,2,4,Occl,Pre,0.199012593491754
post,familiar,2,2,5,Occl,Pre,0.131001699482957
post,familiar,2,2,6,Occl,Pre,-0.0793959108479383
post,familiar,2,2,7,Occl,Pre,0.063349962593331
post,familiar,2,2,8,Occl,Pre,0.164357245999862
post,familiar,2,2,9,Occl,Pre,0.341523099790096
post,familiar,2,2,10,Occl,Pre,0.0558770481937426
post,familiar,2,2,11,Occl,Pre,0.0271049414048422
post,familiar,2,2,12,Occl,Pre,-0.0438700922604826
post,familiar,2,2,13,Occl,Pre,0.0472316228132669
post,familiar,2,2,14,Occl,Pre,0.119281615869966
post,familiar,2,2,15,Occl,Pre,0.0189979818949639
post,familiar,2,2,16,Occl,Pre,0.181995767419733
post,familiar,2,2,17,Occl,Pre,0.0503503769952907
post,familiar,2,2,18,Occl,Pre,0.290576526612158
post,familiar,2,2,19,Occl,Pre,-0.0204115013182703
post,familiar,2,2,20,Occl,Pre,-0.05411291028486
post,familiar,2,2,21,Occl,Pre,0.362555106158828
post,familiar,2,2,22,Occl,Pre,0.0403929652333908
post,familiar,2,2,23,Occl,Pre,0.0280989019502734
post,familiar,2,2,24,Occl,Pre,-0.00786794985030476
post,familiar,2,2,25,Occl,Pre,0.0185755437126457
post,familiar,2,2,26,Occl,Pre,-0.128856845355536
post,familiar,2,2,27,Occl,Pre,0.0637241039284233
post,familiar,2,2,28,Occl,Pre,0.100787053337065
post,familiar,2,2,29,Occl,Pre,0.219243379098302
post,familiar,2,2,30,Occl,Pre,-0.121619801661097
post,familiar,2,2,31,Occl,Pre,1.16690211830481
post,familiar,2,2,32,Occl,Pre,0.693120489883901
post,familiar,2,2,33,Occl,Pre,0.0788478827555633
post,familiar,2,2,34,Occl,Pre,0.0259821176760952
post,familiar,2,2,35,Occl,Pre,0.109073054516254
post,familiar,2,2,36,Occl,Pre,0.631296521815397
post,familiar,2,2,37,Occl,Pre,0.0884189995807699
post,familiar,2,2,38,Occl,Pre,0.315010793983772
post,familiar,2,2,39,Occl,Pre,0.442643310703837
post,familiar,2,2,40,Occl,Pre,0.211332029803179
post,familiar,2,2,41,Occl,Pre,-0.106134563007988
post,familiar,2,2,42,Occl,Pre,-0.147664403105548
post,familiar,2,2,43,Occl,Pre,-0.045413467347948
post,familiar,2,2,44,Occl,Pre,0.316887380224956
post,familiar,2,2,45,Occl,Pre,0.0773298833299689
post,familiar,2,2,46,Occl,Pre,-0.142754515306368
post,familiar,2,2,47,Occl,Pre,0.0206467066866374
post,familiar,2,2,48,Occl,Pre,-0.535483693225302
post,familiar,2,2,49,Occl,Pre,0.297082993186517
post,familiar,2,2,50,Occl,Pre,0.323040297598897
post,familiar,2,2,51,Occl,Pre,0.45207562446871
post,familiar,2,2,52,Occl,Pre,0.555218533043173
post,familiar,2,2,53,Occl,Pre,-0.161492064404238
post,familiar,2,2,54,Occl,Pre,-0.214039758303142
post,familiar,2,2,55,Occl,Pre,0.152913317368435
post,familiar,2,2,56,Occl,Pre,0.395401591404957
post,familiar,2,2,57,Occl,Pre,0.868202436498406
post,familiar,2,2,58,Occl,Pre,0.0736792432423072
post,familiar,2,2,59,Occl,Pre,0.321531906062756
post,familiar,2,2,60,Occl,Pre,0.0926385697576186
post,familiar,2,2,61,Occl,Pre,0.410523013448047
post,familiar,2,2,62,Occl,Pre,-0.246247939853751
post,familiar,2,2,63,Occl,Pre,0.0481481641084546
post,familiar,2,2,64,Occl,Pre,0.0630159043144589
post,familiar,2,2,65,Occl,Pre,-0.147099107199494
post,familiar,2,2,66,Occl,Pre,0.88787943077302
post,familiar,2,2,67,Occl,Pre,-0.0297403653936434
post,familiar,2,2,68,Occl,Pre,-0.334197803252428
post,familiar,2,2,69,Occl,Pre,-0.185885790464036
post,familiar,2,2,70,Occl,Pre,0.171663216832005
post,familiar,2,2,71,Occl,Pre,0.0995867610683754
post,familiar,2,2,72,Occl,Pre,0.34360961753637
post,familiar,2,2,73,Occl,Pre,0.057472171280102
post,familiar,2,2,74,Occl,Pre,0.271142646545741
post,familiar,2,2,75,Occl,Pre,-0.175051459223408
post,familiar,2,2,76,Occl,Pre,-0.0613751727020584
post,familiar,2,2,77,Occl,Pre,-0.157473569698797
post,familiar,2,2,78,Occl,Pre,-0.0599473278990279
post,familiar,2,2,79,Occl,Pre,-0.301267670489883
post,familiar,2,2,80,Occl,Pre,0.257408582127561
post,familiar,2,2,81,Occl,Pre,-0.200118600961455
post,familiar,2,2,82,Occl,Pre,-0.0414906521397467
post,familiar,2,2,83,Occl,Pre,0.289915346589322
post,familiar,2,2,84,Occl,Pre,-0.102753528994669
post,familiar,2,2,85,Occl,Pre,0.186310729129588
post,familiar,2,2,86,Occl,Pre,-0.0603481744524783
post,familiar,2,2,87,Occl,Pre,0.117830741879152
post,familiar,2,2,88,Occl,Pre,0.028847667097393
post,familiar,2,2,89,Occl,Pre,0.0874986603089555
post,familiar,2,2,90,Occl,Pre,0.966159938532781
post,familiar,2,2,91,Occl,Pre,-0.0417782852159101
post,familiar,2,2,92,Occl,Pre,7.77347124745892e-05
post,familiar,2,2,93,Occl,Pre,-0.134695319953754
post,familiar,2,2,94,Occl,Pre,-0.014613572527803
post,familiar,2,2,95,Occl,Pre,0.0984782326418183
post,familiar,2,2,96,Occl,Pre,0.092343031523687
post,familiar,2,2,97,Occl,Pre,0.0896302035941467
post,familiar,2,2,98,Occl,Pre,0.218124690092502
post,familiar,2,2,99,Occl,Pre,-0.0220678010532324
post,familiar,2,2,100,Occl,Pre,0.520704769522546
post,familiar,2,2,101,Occl,Pre,-0.0430943502782587
post,familiar,2,2,102,Occl,Pre,-0.0334140101560428
post,familiar,2,2,103,Occl,Pre,0.210661383836562
post,familiar,2,2,104,Occl,Pre,-0.0641341894552764
post,familiar,2,2,105,Occl,Pre,0.0369065191599612
post,familiar,2,2,106,Occl,Pre,-0.25913159133252
post,familiar,2,2,107,Occl,Pre,0.0355034037315192
post,familiar,2,2,108,Occl,Pre,0.010349513614686
post,familiar,2,2,109,Occl,Pre,0.149251169109278
post,familiar,2,2,110,Occl,Pre,0.0132083975940638
post,familiar,2,2,111,Occl,Pre,0.062982927680413
post,familiar,2,2,112,Occl,Pre,0.292612345454912
post,familiar,2,2,113,Occl,Pre,-0.0834107261454582
post,familiar,2,2,114,Occl,Pre,-0.0615459959701366
post,familiar,2,2,115,Occl,Pre,1.09746242090091
post,familiar,2,2,116,Occl,Pre,-0.0981190455758758
post,familiar,2,2,117,Occl,Pre,-0.025333879105877
post,familiar,2,2,118,Occl,Pre,0.0608283419533604
post,familiar,2,2,119,Occl,Pre,0.10443540450681
post,familiar,2,2,120,Occl,Pre,0.104697877167419
post,familiar,2,2,121,Occl,Pre,0.0396581198599085
post,familiar,2,2,122,Occl,Pre,0.0666212786505134
post,familiar,2,2,123,Occl,Pre,0.289834596726746
post,familiar,2,2,124,Occl,Pre,-0.02649713317473
post,familiar,2,2,125,Occl,Pre,-0.259419393824155
post,familiar,2,2,126,Occl,Pre,0.171645979016
post,familiar,2,2,127,Occl,Pre,-0.220967910754705
post,familiar,2,2,128,Occl,Pre,-0.0781706892245545
post,familiar,2,2,129,Occl,Pre,0.016323531448089
post,familiar,2,2,130,Occl,Pre,0.0824568471109062
post,familiar,2,2,131,Occl,Pre,-0.133364812947475
post,familiar,2,2,132,Occl,Pre,0.116579089587569
post,familiar,2,2,133,Occl,Pre,-0.447853227617954
post,familiar,2,2,134,Occl,Pre,0.414510067527365
post,familiar,2,2,135,Occl,Pre,0.219084771093839
post,familiar,2,2,136,Occl,Pre,0.166903149726769
post,familiar,2,2,137,Occl,Pre,0.231647824628721
post,familiar,2,2,138,Occl,Pre,-0.0595704747272913
post,familiar,2,2,139,Occl,Pre,0.112993004640717
post,familiar,2,2,140,Occl,Pre,3.40267821767244
post,familiar,2,2,141,Occl,Pre,0.0847503829760611
post,familiar,2,2,142,Occl,Pre,-0.0360531991569235
post,familiar,2,2,143,Occl,Pre,0.120595652865395
post,familiar,2,2,144,Occl,Pre,0.450353981270689
post,familiar,2,2,145,Occl,Pre,0.225892588636493
post,familiar,2,2,146,Occl,Pre,0.751332974524173
post,familiar,2,2,147,Occl,Pre,-0.390014879731536
post,familiar,2,2,148,Occl,Pre,-0.0985148624439891
post,familiar,2,2,149,Occl,Pre,0.0875464324180774
post,familiar,2,2,150,Occl,Pre,-0.162191657715785
post,familiar,2,2,151,Occl,Pre,0.28818573218021
post,familiar,2,2,152,Occl,Pre,0.0575083439880011
post,familiar,2,2,153,Occl,Pre,-0.421790677287948
post,familiar,2,2,154,Occl,Pre,0.070367287419511
post,familiar,2,2,155,Occl,Pre,0.0542266017085254
post,familiar,2,2,156,Occl,Pre,-0.0680972521219873
post,familiar,2,2,157,Occl,Pre,-0.0775135380867324
post,familiar,2,2,158,Occl,Pre,-0.116391468974132
post,familiar,2,2,159,Occl,Pre,0.00841885017243313
post,familiar,2,2,160,Occl,Pre,0.0774347616800996
post,familiar,2,2,161,Occl,Pre,0.0687469491020593
post,familiar,2,2,162,Occl,Pre,0.0419698422312528
post,familiar,2,2,163,Occl,Pre,0.0612968582560869
post,familiar,2,2,164,Occl,Pre,-0.0669367881113894
post,familiar,2,2,165,Occl,Pre,-0.0314360447533766
post,familiar,2,2,166,Occl,Pre,-0.0893525055394344
post,familiar,4,3,1,Occl,Pre,0.804199672598262
post,familiar,4,3,2,Occl,Pre,0.212394567528444
post,familiar,4,3,3,Occl,Pre,0.0556676284573623
post,familiar,4,3,4,Occl,Pre,0.408683260993367
post,familiar,4,3,5,Occl,Pre,0.0947943814578622
post,familiar,4,3,6,Occl,Pre,0.116426362236739
post,familiar,4,3,7,Occl,Pre,0.126646212576488
post,familiar,4,3,8,Occl,Pre,0.109468367542975
post,familiar,4,3,9,Occl,Pre,0.781503448597204
post,familiar,4,3,10,Occl,Pre,-0.0891011432882237
post,familiar,4,3,11,Occl,Pre,-0.0875216217048129
post,familiar,4,3,12,Occl,Pre,0.0217325905735189
post,familiar,4,3,13,Occl,Pre,0.0285600206707757
post,familiar,4,3,14,Occl,Pre,-0.0238547157172075
post,familiar,4,3,15,Occl,Pre,-0.0134275215647289
post,familiar,4,3,16,Occl,Pre,0.223091987833971
post,familiar,4,3,17,Occl,Pre,0.0192785267347789
post,familiar,4,3,18,Occl,Pre,0.0225480356228433
post,familiar,4,3,19,Occl,Pre,0.15120125617031
post,familiar,4,3,20,Occl,Pre,0.0900160193578622
post,familiar,4,3,21,Occl,Pre,-0.0743411021992441
post,familiar,4,3,22,Occl,Pre,0.047852715374045
post,familiar,4,3,23,Occl,Pre,0.161954654112905
post,familiar,4,3,24,Occl,Pre,-0.00819403549783548
post,familiar,4,3,25,Occl,Pre,0.00178170028283337
post,familiar,4,3,26,Occl,Pre,0.190561266797759
post,familiar,4,3,27,Occl,Pre,0.166492731522083
post,familiar,4,3,28,Occl,Pre,0.0709896486696659
post,familiar,4,3,29,Occl,Pre,-0.0205899056594947
post,familiar,4,3,30,Occl,Pre,-0.370454157822654
post,familiar,4,3,31,Occl,Pre,0.626265305836881
post,familiar,4,3,32,Occl,Pre,0.216419287722781
post,familiar,4,3,33,Occl,Pre,0.00905136137845698
post,familiar,4,3,34,Occl,Pre,0.0245842002796817
post,familiar,4,3,35,Occl,Pre,0.121450216827433
post,familiar,4,3,36,Occl,Pre,0.471923763124364
post,familiar,4,3,37,Occl,Pre,-0.133966349246174
post,familiar,4,3,38,Occl,Pre,0.473984431274319
post,familiar,4,3,39,Occl,Pre,0.237369387872022
post,familiar,4,3,40,Occl,Pre,0.242031063230956
post,familiar,4,3,41,Occl,Pre,-0.174587082947181
post,familiar,4,3,42,Occl,Pre,-0.0355625195967062
post,familiar,4,3,43,Occl,Pre,-0.281961398819516
post,familiar,4,3,44,Occl,Pre,0.129578321192749
post,familiar,4,3,45,Occl,Pre,0.243332283434695
post,familiar,4,3,46,Occl,Pre,-0.0582720301717899
post,familiar,4,3,47,Occl,Pre,0.0231782956513787
post,familiar,4,3,48,Occl,Pre,-0.418478126125639
post,familiar,4,3,49,Occl,Pre,0.109456791555946
post,familiar,4,3,50,Occl,Pre,0.122323509836655
post,familiar,4,3,51,Occl,Pre,0.301777923217601
post,familiar,4,3,52,Occl,Pre,0.30277640953422
post,familiar,4,3,53,Occl,Pre,-0.416695393743888
post,familiar,4,3,54,Occl,Pre,-0.246386849194408
post,familiar,4,3,55,Occl,Pre,0.034417530926023
post,familiar,4,3,56,Occl,Pre,-0.241860389630182
post,familiar,4,3,57,Occl,Pre,0.793546004098376
post,familiar,4,3,58,Occl,Pre,0.0951234628115481
post,familiar,4,3,59,Occl,Pre,0.155817004145404
post,familiar,4,3,60,Occl,Pre,0.0839738872854281
post,familiar,4,3,61,Occl,Pre,0.271257915139401
post,familiar,4,3,62,Occl,Pre,-0.229497483711879
post,familiar,4,3,63,Occl,Pre,-0.0440757622592633
post,familiar,4,3,64,Occl,Pre,-0.0336302699632962
post,familiar,4,3,65,Occl,Pre,-0.171826414318759
post,familiar,4,3,66,Occl,Pre,0.666749987547848
post,familiar,4,3,67,Occl,Pre,-0.122472445199928
post,familiar,4,3,68,Occl,Pre,0.0197235047086781
post,familiar,4,3,69,Occl,Pre,0.0372429477158483
post,familiar,4,3,70,Occl,Pre,-0.224908800018625
post,familiar,4,3,71,Occl,Pre,0.38250667663202
post,familiar,4,3,72,Occl,Pre,0.927164649184278
post,familiar,4,3,73,Occl,Pre,-0.0274996093655453
post,familiar,4,3,74,Occl,Pre,-0.0984036487935976
post,familiar,4,3,75,Occl,Pre,0.322003563338962
post,familiar,4,3,76,Occl,Pre,-0.00241071307066745
post,familiar,4,3,77,Occl,Pre,-0.170640488937285
post,familiar,4,3,78,Occl,Pre,-0.137932482026912
post,familiar,4,3,79,Occl,Pre,0.0254184835020452
post,familiar,4,3,80,Occl,Pre,-0.0294283742911589
post,familiar,4,3,81,Occl,Pre,-0.172516777825194
post,familiar,4,3,82,Occl,Pre,0.0637354593250645
post,familiar,4,3,83,Occl,Pre,-0.0261459299894251
post,familiar,4,3,84,Occl,Pre,0.0299240590703261
post,familiar,4,3,85,Occl,Pre,0.0786326322247444
post,familiar,4,3,86,Occl,Pre,0.0576625375197458
post,familiar,4,3,87,Occl,Pre,-0.136775698635451
post,familiar,4,3,88,Occl,Pre,-0.102953097612043
post,familiar,4,3,89,Occl,Pre,-0.16870874979244
post,familiar,4,3,90,Occl,Pre,0.772698599563882
post,familiar,4,3,91,Occl,Pre,-0.134072982288356
post,familiar,4,3,92,Occl,Pre,0.0595603969311259
post,familiar,4,3,93,Occl,Pre,-0.273316987564091
post,familiar,4,3,94,Occl,Pre,0.0544980504266022
post,familiar,4,3,95,Occl,Pre,0.21863212828525
post,familiar,4,3,96,Occl,Pre,-0.112152272482083
post,familiar,4,3,97,Occl,Pre,-0.0861253462472782
post,familiar,4,3,98,Occl,Pre,0.20113217061443
post,familiar,4,3,99,Occl,Pre,0.0916874005890347
post,familiar,4,3,100,Occl,Pre,0.419204948821908
post,familiar,4,3,101,Occl,Pre,0.0465719789107066
post,familiar,4,3,102,Occl,Pre,-0.0898763118749141
post,familiar,4,3,103,Occl,Pre,0.151761603416116
post,familiar,4,3,104,Occl,Pre,-0.0643015175829339
post,familiar,4,3,105,Occl,Pre,-0.0996709446677454
post,familiar,4,3,106,Occl,Pre,-0.0148027306000086
post,familiar,4,3,107,Occl,Pre,-0.142015950701969
post,familiar,4,3,108,Occl,Pre,0.0959991296548799
post,familiar,4,3,109,Occl,Pre,0.0700912034458488
post,familiar,4,3,110,Occl,Pre,0.241160449504493
post,familiar,4,3,111,Occl,Pre,-0.0518663579994728
post,familiar,4,3,112,Occl,Pre,0.283015693088187
post,familiar,4,3,113,Occl,Pre,0.398514843387815
post,familiar,4,3,114,Occl,Pre,-0.116936729604008
post,familiar,4,3,115,Occl,Pre,0.796403464665662
post,familiar,4,3,116,Occl,Pre,-0.0167283602539235
post,familiar,4,3,117,Occl,Pre,0.0473019120263544
post,familiar,4,3,118,Occl,Pre,0.0102961378164376
post,familiar,4,3,119,Occl,Pre,0.0339128253755607
post,familiar,4,3,120,Occl,Pre,0.173338694635598
post,familiar,4,3,121,Occl,Pre,0.152907462729755
post,familiar,4,3,122,Occl,Pre,0.0139073793683099
post,familiar,4,3,123,Occl,Pre,0.35331084866144
post,familiar,4,3,124,Occl,Pre,-0.00321150289261166
post,familiar,4,3,125,Occl,Pre,-0.140321989486427
post,familiar,4,3,126,Occl,Pre,0.34306497253813
post,familiar,4,3,127,Occl,Pre,-0.0802772083696303
post,familiar,4,3,128,Occl,Pre,0.0238363124324223
post,familiar,4,3,129,Occl,Pre,-0.0825188176936757
post,familiar,4,3,130,Occl,Pre,0.0636778583670416
post,familiar,4,3,131,Occl,Pre,-0.377048946077985
post,familiar,4,3,132,Occl,Pre,0.08101480508614
post,familiar,4,3,133,Occl,Pre,-0.263805835459114
post,familiar,4,3,134,Occl,Pre,-0.0424366322516943
post,familiar,4,3,135,Occl,Pre,0.500747605261051
post,familiar,4,3,136,Occl,Pre,0.153728289966802
post,familiar,4,3,137,Occl,Pre,0.521270855617101
post,familiar,4,3,138,Occl,Pre,0.170133864812679
post,familiar,4,3,139,Occl,Pre,-0.0269395264985535
post,familiar,4,3,140,Occl,Pre,1.62289913057986
post,familiar,4,3,141,Occl,Pre,0.0892724030759766
post,familiar,4,3,142,Occl,Pre,0.00934854024501119
post,familiar,4,3,143,Occl,Pre,0.210879641060338
post,familiar,4,3,144,Occl,Pre,0.093604364051871
post,familiar,4,3,145,Occl,Pre,0.516164385012357
post,familiar,4,3,146,Occl,Pre,0.62851323501567
post,familiar,4,3,147,Occl,Pre,-0.0334883486984894
post,familiar,4,3,148,Occl,Pre,0.0582740284620631
post,familiar,4,3,149,Occl,Pre,0.0946407632050679
post,familiar,4,3,150,Occl,Pre,-0.44950494939957
post,familiar,4,3,151,Occl,Pre,0.455331552950776
post,familiar,4,3,152,Occl,Pre,-0.0280221623146389
post,familiar,4,3,153,Occl,Pre,-0.0274034031647635
post,familiar,4,3,154,Occl,Pre,0.0656078483358581
post,familiar,4,3,155,Occl,Pre,0.0487052368118977
post,familiar,4,3,156,Occl,Pre,-0.0560451211630458
post,familiar,4,3,157,Occl,Pre,0.14771137603835
post,familiar,4,3,158,Occl,Pre,-0.0204642127501352
post,familiar,4,3,159,Occl,Pre,0.120098617789463
post,familiar,4,3,160,Occl,Pre,0.144792252130551
post,familiar,4,3,161,Occl,Pre,-0.0229402817610291
post,familiar,4,3,162,Occl,Pre,-0.0244583491148065
post,familiar,4,3,163,Occl,Pre,0.0277393590671152
post,familiar,4,3,164,Occl,Pre,-0.116675951287787
post,familiar,4,3,165,Occl,Pre,0.00201896449272496
post,familiar,4,3,166,Occl,Pre,-0.0900374437397716
post,familiar,5,4,1,Occl,Pre,0.206716476454046
post,familiar,5,4,2,Occl,Pre,0.00380685283945298
post,familiar,5,4,3,Occl,Pre,-0.0529489629211709
post,familiar,5,4,4,Occl,Pre,0.328837912894526
post,familiar,5,4,5,Occl,Pre,0.37885533682079
post,familiar,5,4,6,Occl,Pre,-0.0503365875503042
post,familiar,5,4,7,Occl,Pre,0.0952209723065025
post,familiar,5,4,8,Occl,Pre,-0.0907503288182548
post,familiar,5,4,9,Occl,Pre,0.164064327567903
post,familiar,5,4,10,Occl,Pre,0.116472024306207
post,familiar,5,4,11,Occl,Pre,0.0865626577663424
post,familiar,5,4,12,Occl,Pre,-0.0526172187025154
post,familiar,5,4,13,Occl,Pre,0.166977135413564
post,familiar,5,4,14,Occl,Pre,0.0382882395765519
post,familiar,5,4,15,Occl,Pre,-0.0623246923540636
post,familiar,5,4,16,Occl,Pre,0.0810030907696252
post,familiar,5,4,17,Occl,Pre,0.139228033949797
post,familiar,5,4,18,Occl,Pre,0.58826369921801
post,familiar,5,4,19,Occl,Pre,0.128763071812301
post,familiar,5,4,20,Occl,Pre,-0.0327466217558652
post,familiar,5,4,21,Occl,Pre,0.0409707127420051
post,familiar,5,4,22,Occl,Pre,0.0250770304746401
post,familiar,5,4,23,Occl,Pre,-0.0147061941082953
post,familiar,5,4,24,Occl,Pre,0.0417442340366033
post,familiar,5,4,25,Occl,Pre,0.0224210154604745
post,familiar,5,4,26,Occl,Pre,-0.164017774571089
post,familiar,5,4,27,Occl,Pre,-0.0959904155757206
post,familiar,5,4,28,Occl,Pre,0.152619173247837
post,familiar,5,4,29,Occl,Pre,-0.247475626856122
post,familiar,5,4,30,Occl,Pre,-0.0273117745380823
post,familiar,5,4,31,Occl,Pre,0.721260897921484
post,familiar,5,4,32,Occl,Pre,0.592834907225263
post,familiar,5,4,33,Occl,Pre,0.167330494818442
post,familiar,5,4,34,Occl,Pre,-0.0104848350945274
post,familiar,5,4,35,Occl,Pre,0.255579659775512
post,familiar,5,4,36,Occl,Pre,0.560027524930284
post,familiar,5,4,37,Occl,Pre,0.143396558664707
post,familiar,5,4,38,Occl,Pre,0.117707035559621
post,familiar,5,4,39,Occl,Pre,0.635236174365809
post,familiar,5,4,40,Occl,Pre,0.276260781704795
post,familiar,5,4,41,Occl,Pre,0.0225956777823737
post,familiar,5,4,42,Occl,Pre,0.0199792722000646
post,familiar,5,4,43,Occl,Pre,-0.0648732060693609
post,familiar,5,4,44,Occl,Pre,0.400790487620244
post,familiar,5,4,45,Occl,Pre,0.0584380733682231
post,familiar,5,4,46,Occl,Pre,-0.00242923204506218
post,familiar,5,4,47,Occl,Pre,0.0512755064458832
post,familiar,5,4,48,Occl,Pre,-0.199222958561017
post,familiar,5,4,49,Occl,Pre,0.813501509863616
post,familiar,5,4,50,Occl,Pre,0.0824635372258013
post,familiar,5,4,51,Occl,Pre,0.518998399093111
post,familiar,5,4,52,Occl,Pre,0.444593011463128
post,familiar,5,4,53,Occl,Pre,-0.0432884911174561
post,familiar,5,4,54,Occl,Pre,-0.319758583541908
post,familiar,5,4,55,Occl,Pre,-0.0467909457695885
post,familiar,5,4,56,Occl,Pre,0.285906175896914
post,familiar,5,4,57,Occl,Pre,0.930688403708432
post,familiar,5,4,58,Occl,Pre,0.0370476564682522
post,familiar,5,4,59,Occl,Pre,0.252639654403272
post,familiar,5,4,60,Occl,Pre,-0.125799091053552
post,familiar,5,4,61,Occl,Pre,0.0970700242862154
post,familiar,5,4,62,Occl,Pre,-0.00841139492769666
post,familiar,5,4,63,Occl,Pre,0.184036796740512
post,familiar,5,4,64,Occl,Pre,0.0483024900816624
post,familiar,5,4,65,Occl,Pre,-0.0800734840575976
post,familiar,5,4,66,Occl,Pre,1.25100690220155
post,familiar,5,4,67,Occl,Pre,-0.0568847694568717
post,familiar,5,4,68,Occl,Pre,-0.0415323411771205
post,familiar,5,4,69,Occl,Pre,-0.31770327403604
post,familiar,5,4,70,Occl,Pre,0.0464961005365836
post,familiar,5,4,71,Occl,Pre,-0.182744917405867
post,familiar,5,4,72,Occl,Pre,0.570392376808675
post,familiar,5,4,73,Occl,Pre,-0.0365895568451775
post,familiar,5,4,74,Occl,Pre,-0.176214117016226
post,familiar,5,4,75,Occl,Pre,-0.00232540912814544
post,familiar,5,4,76,Occl,Pre,0.0285466319566104
post,familiar,5,4,77,Occl,Pre,-0.034131669684898
post,familiar,5,4,78,Occl,Pre,-0.232177511600981
post,familiar,5,4,79,Occl,Pre,-0.0435468128576227
post,familiar,5,4,80,Occl,Pre,0.0617191882191479
post,familiar,5,4,81,Occl,Pre,0.308194115692759
post,familiar,5,4,82,Occl,Pre,-0.056224101860789
post,familiar,5,4,83,Occl,Pre,-0.0761120679129509
post,familiar,5,4,84,Occl,Pre,0.118596819322489
post,familiar,5,4,85,Occl,Pre,0.196474886004563
post,familiar,5,4,86,Occl,Pre,-0.0196405765128271
post,familiar,5,4,87,Occl,Pre,-0.00200331276854696
post,familiar,5,4,88,Occl,Pre,-0.00644077670111491
post,familiar,5,4,89,Occl,Pre,0.135350302069401
post,familiar,5,4,90,Occl,Pre,0.896728940951918
post,familiar,5,4,91,Occl,Pre,0.258740817355952
post,familiar,5,4,92,Occl,Pre,0.431139009538669
post,familiar,5,4,93,Occl,Pre,-0.560892772547214
post,familiar,5,4,94,Occl,Pre,0.0195498522446403
post,familiar,5,4,95,Occl,Pre,0.503299604642691
post,familiar,5,4,96,Occl,Pre,0.0680701364913593
post,familiar,5,4,97,Occl,Pre,0.0392939144541439
post,familiar,5,4,98,Occl,Pre,0.291435280396071
post,familiar,5,4,99,Occl,Pre,-0.167715172872005
post,familiar,5,4,100,Occl,Pre,0.543387936580319
post,familiar,5,4,101,Occl,Pre,-0.0229716868215508
post,familiar,5,4,102,Occl,Pre,-0.0793553803600449
post,familiar,5,4,103,Occl,Pre,-0.0985932644029786
post,familiar,5,4,104,Occl,Pre,0.0583127589341603
post,familiar,5,4,105,Occl,Pre,-0.015430432914688
post,familiar,5,4,106,Occl,Pre,-0.262831326118411
post,familiar,5,4,107,Occl,Pre,0.00405811021782643
post,familiar,5,4,108,Occl,Pre,0.210001164704318
post,familiar,5,4,109,Occl,Pre,0.0743411150659794
post,familiar,5,4,110,Occl,Pre,0.299097333738154
post,familiar,5,4,111,Occl,Pre,0.133996574442215
post,familiar,5,4,112,Occl,Pre,0.594478680266482
post,familiar,5,4,113,Occl,Pre,0.212384572482067
post,familiar,5,4,114,Occl,Pre,0.0627350997758812
post,familiar,5,4,115,Occl,Pre,0.843167890719808
post,familiar,5,4,116,Occl,Pre,0.0345353016995902
post,familiar,5,4,117,Occl,Pre,-0.269567743723105
post,familiar,5,4,118,Occl,Pre,0.0584492812140227
post,familiar,5,4,119,Occl,Pre,-0.117624162645904
post,familiar,5,4,120,Occl,Pre,0.0622144888643577
post,familiar,5,4,121,Occl,Pre,0.111532067691186
post,familiar,5,4,122,Occl,Pre,0.106091106031163
post,familiar,5,4,123,Occl,Pre,0.277871239172235
post,familiar,5,4,124,Occl,Pre,-0.0211493283531518
post,familiar,5,4,125,Occl,Pre,-0.49144080095664
post,familiar,5,4,126,Occl,Pre,0.687064583872623
post,familiar,5,4,127,Occl,Pre,-0.141819234002744
post,familiar,5,4,128,Occl,Pre,-0.156872293203236
post,familiar,5,4,129,Occl,Pre,-0.0450458086208678
post,familiar,5,4,130,Occl,Pre,0.210055076151514
post,familiar,5,4,131,Occl,Pre,-0.140523839559498
post,familiar,5,4,132,Occl,Pre,0.35126445514334
post,familiar,5,4,133,Occl,Pre,-0.239078978565563
post,familiar,5,4,134,Occl,Pre,-0.0406739392090023
post,familiar,5,4,135,Occl,Pre,0.215762065621071
post,familiar,5,4,136,Occl,Pre,0.264979749947351
post,familiar,5,4,137,Occl,Pre,0.288630202896032
post,familiar,5,4,138,Occl,Pre,-0.200336860040129
post,familiar,5,4,139,Occl,Pre,0.235933990824537
post,familiar,5,4,140,Occl,Pre,1.06942082670745
post,familiar,5,4,141,Occl,Pre,1.09493427753093
post,familiar,5,4,142,Occl,Pre,0.00576954305295124
post,familiar,5,4,143,Occl,Pre,0.141611980471996
post,familiar,5,4,144,Occl,Pre,0.435514029457645
post,familiar,5,4,145,Occl,Pre,0.838644652638186
post,familiar,5,4,146,Occl,Pre,0.621167123612761
post,familiar,5,4,147,Occl,Pre,-0.0400635971512725
post,familiar,5,4,148,Occl,Pre,-0.14516293977945
post,familiar,5,4,149,Occl,Pre,0.239955528938571
post,familiar,5,4,150,Occl,Pre,0.12982965971244
post,familiar,5,4,151,Occl,Pre,0.510152819362856
post,familiar,5,4,152,Occl,Pre,-0.0948487523446457
post,familiar,5,4,153,Occl,Pre,-0.0563008115747498
post,familiar,5,4,154,Occl,Pre,0.106013739680968
post,familiar,5,4,155,Occl,Pre,0.0495955647835117
post,familiar,5,4,156,Occl,Pre,0.161030449150898
post,familiar,5,4,157,Occl,Pre,-0.0444642222908154
post,familiar,5,4,158,Occl,Pre,0.0141896097363489
post,familiar,5,4,159,Occl,Pre,0.0258713240350881
post,familiar,5,4,160,Occl,Pre,-0.000460589657927113
post,familiar,5,4,161,Occl,Pre,0.468113384463176
post,familiar,5,4,162,Occl,Pre,-0.0114251496142291
post,familiar,5,4,163,Occl,Pre,0.0947303925551291
post,familiar,5,4,164,Occl,Pre,0.0310134639631449
post,familiar,5,4,165,Occl,Pre,-0.0370633331620074
post,familiar,5,4,166,Occl,Pre,0.00431060233988066
post,familiar,1,1,1,Occl,Post,0.481450877241167
post,familiar,1,1,2,Occl,Post,0.147208352888704
post,familiar,1,1,3,Occl,Post,-0.0133954868137506
post,familiar,1,1,4,Occl,Post,0.289322379381518
post,familiar,1,1,5,Occl,Post,-0.0112516969028203
post,familiar,1,1,6,Occl,Post,0.219397322247837
post,familiar,1,1,7,Occl,Post,-0.477792211789177
post,familiar,1,1,8,Occl,Post,0.0871406157158625
post,familiar,1,1,9,Occl,Post,0.288609616979696
post,familiar,1,1,10,Occl,Post,-0.0794032183383635
post,familiar,1,1,11,Occl,Post,-0.403099680492573
post,familiar,1,1,12,Occl,Post,-0.0010201291849406
post,familiar,1,1,13,Occl,Post,-0.0362962529033201
post,familiar,1,1,14,Occl,Post,-0.0785707009286863
post,familiar,1,1,15,Occl,Post,0.0532724196676935
post,familiar,1,1,16,Occl,Post,0.118050918495888
post,familiar,1,1,17,Occl,Post,0.11018416488954
post,familiar,1,1,18,Occl,Post,0.0820807379409754
post,familiar,1,1,19,Occl,Post,0.702149958528299
post,familiar,1,1,20,Occl,Post,-0.0914192763854059
post,familiar,1,1,21,Occl,Post,-0.00865017926578204
post,familiar,1,1,22,Occl,Post,0.0836850807996178
post,familiar,1,1,23,Occl,Post,0.252212225511882
post,familiar,1,1,24,Occl,Post,-0.0154810948191672
post,familiar,1,1,25,Occl,Post,-0.00696221670247613
post,familiar,1,1,26,Occl,Post,-0.344799802347023
post,familiar,1,1,27,Occl,Post,0.294006230404923
post,familiar,1,1,28,Occl,Post,0.00675587821459704
post,familiar,1,1,29,Occl,Post,1.02413916775141
post,familiar,1,1,30,Occl,Post,0.0364809629049736
post,familiar,1,1,31,Occl,Post,-0.0135294694951528
post,familiar,1,1,32,Occl,Post,0.179522855869319
post,familiar,1,1,33,Occl,Post,-0.134577245060139
post,familiar,1,1,34,Occl,Post,0.00255475988223833
post,familiar,1,1,35,Occl,Post,-0.12708651048186
post,familiar,1,1,36,Occl,Post,0.102858967765818
post,familiar,1,1,37,Occl,Post,-0.223141856912781
post,familiar,1,1,38,Occl,Post,0.0946783409076705
post,familiar,1,1,39,Occl,Post,0.145230453251124
post,familiar,1,1,40,Occl,Post,0.0264805534779856
post,familiar,1,1,41,Occl,Post,-0.147784936994582
post,familiar,1,1,42,Occl,Post,0.211941351655202
post,familiar,1,1,43,Occl,Post,-0.222395506530822
post,familiar,1,1,44,Occl,Post,0.131957675802382
post,familiar,1,1,45,Occl,Post,0.277367259746626
post,familiar,1,1,46,Occl,Post,0.027765845362505
post,familiar,1,1,47,Occl,Post,0.0484477663353325
post,familiar,1,1,48,Occl,Post,0.036193961685108
post,familiar,1,1,49,Occl,Post,-0.30888018951727
post,familiar,1,1,50,Occl,Post,-0.0240823041831796
post,familiar,1,1,51,Occl,Post,0.13609686427186
post,familiar,1,1,52,Occl,Post,0.0536511824518014
post,familiar,1,1,53,Occl,Post,0.357848241049165
post,familiar,1,1,54,Occl,Post,-0.233001409340138
post,familiar,1,1,55,Occl,Post,0.0943935221331842
post,familiar,1,1,56,Occl,Post,0.143664420512985
post,familiar,1,1,57,Occl,Post,0.201194491931198
post,familiar,1,1,58,Occl,Post,-0.022588787367123
post,familiar,1,1,59,Occl,Post,0.278683182599079
post,familiar,1,1,60,Occl,Post,-0.0854061909213416
post,familiar,1,1,61,Occl,Post,0.264377189632451
post,familiar,1,1,62,Occl,Post,0.0552283733737985
post,familiar,1,1,63,Occl,Post,0.282502780979782
post,familiar,1,1,64,Occl,Post,-0.407955693302742
post,familiar,1,1,65,Occl,Post,-0.304910230231733
post,familiar,1,1,66,Occl,Post,0.132206842067515
post,familiar,1,1,67,Occl,Post,-0.225911284737024
post,familiar,1,1,68,Occl,Post,0.484755744626781
post,familiar,1,1,69,Occl,Post,-0.432415911551556
post,familiar,1,1,70,Occl,Post,0.179428631099549
post,familiar,1,1,71,Occl,Post,0.0592414823791686
post,familiar,1,1,72,Occl,Post,0.125108393116951
post,familiar,1,1,73,Occl,Post,-0.0562002560076631
post,familiar,1,1,74,Occl,Post,0.0319696986091807
post,familiar,1,1,75,Occl,Post,0.047479923919146
post,familiar,1,1,76,Occl,Post,0.0467853129281092
post,familiar,1,1,77,Occl,Post,0.0877458485198166
post,familiar,1,1,78,Occl,Post,-0.0969931778483891
post,familiar,1,1,79,Occl,Post,0.401801059744229
post,familiar,1,1,80,Occl,Post,0.221079426149191
post,familiar,1,1,81,Occl,Post,0.39075294796334
post,familiar,1,1,82,Occl,Post,0.199413969522543
post,familiar,1,1,83,Occl,Post,0.101349389384128
post,familiar,1,1,84,Occl,Post,0.270147254333667
post,familiar,1,1,85,Occl,Post,-0.0185158538080893
post,familiar,1,1,86,Occl,Post,1.05189857067696
post,familiar,1,1,87,Occl,Post,-0.0125872888588692
post,familiar,1,1,88,Occl,Post,0.0311293846079508
post,familiar,1,1,89,Occl,Post,0.0613877787577554
post,familiar,1,1,90,Occl,Post,0.293431278766866
post,familiar,1,1,91,Occl,Post,0.179019537783438
post,familiar,1,1,92,Occl,Post,0.289374946719249
post,familiar,1,1,93,Occl,Post,-0.0321358089782152
post,familiar,1,1,94,Occl,Post,0.0378573735469553
post,familiar,1,1,95,Occl,Post,0.280862930513305
post,familiar,1,1,96,Occl,Post,-0.00602726528664484
post,familiar,1,1,97,Occl,Post,0.18932535055605
post,familiar,1,1,98,Occl,Post,0.209859726634247
post,familiar,1,1,99,Occl,Post,0.0912250789114281
post,familiar,1,1,100,Occl,Post,0.0329889897229146
post,familiar,1,1,101,Occl,Post,0.177070830532914
post,familiar,1,1,102,Occl,Post,-0.075337306728224
post,familiar,1,1,103,Occl,Post,0.0530296889998385
post,familiar,1,1,104,Occl,Post,0.271373682980872
post,familiar,1,1,105,Occl,Post,0.117443611762892
post,familiar,1,1,106,Occl,Post,-0.0476890558284986
post,familiar,1,1,107,Occl,Post,-0.0733330472493617
post,familiar,1,1,108,Occl,Post,-0.0180286175143987
post,familiar,1,1,109,Occl,Post,0.102351552868317
post,familiar,1,1,110,Occl,Post,0.148095956497779
post,familiar,1,1,111,Occl,Post,0.0136692261841503
post,familiar,1,1,112,Occl,Post,0.496851850989663
post,familiar,1,1,113,Occl,Post,0.0669010581490516
post,familiar,1,1,114,Occl,Post,-0.108747345575033
post,familiar,1,1,115,Occl,Post,-0.0465977843313772
post,familiar,1,1,116,Occl,Post,0.12532283293348
post,familiar,1,1,117,Occl,Post,0.0841147653744463
post,familiar,1,1,118,Occl,Post,0.317074121266786
post,familiar,1,1,119,Occl,Post,0.0179669611124999
post,familiar,1,1,120,Occl,Post,0.206586205403055
post,familiar,1,1,121,Occl,Post,-0.155646230664873
post,familiar,1,1,122,Occl,Post,0.107272117704066
post,familiar,1,1,123,Occl,Post,-0.29579379430766
post,familiar,1,1,124,Occl,Post,-0.00194181897751973
post,familiar,1,1,125,Occl,Post,0.146509691057819
post,familiar,1,1,126,Occl,Post,-0.202414718066344
post,familiar,1,1,127,Occl,Post,-0.0510641232891643
post,familiar,1,1,128,Occl,Post,0.087862244385103
post,familiar,1,1,129,Occl,Post,0.0656074484776659
post,familiar,1,1,130,Occl,Post,0.133579199583743
post,familiar,1,1,131,Occl,Post,-0.117768056661606
post,familiar,1,1,132,Occl,Post,-0.0253947991611243
post,familiar,1,1,133,Occl,Post,0.0129354592151096
post,familiar,1,1,134,Occl,Post,-0.185092507168841
post,familiar,1,1,135,Occl,Post,0.304306067910586
post,familiar,1,1,136,Occl,Post,-0.135751939689346
post,familiar,1,1,137,Occl,Post,-0.127543417577138
post,familiar,1,1,138,Occl,Post,-0.0347501581812642
post,familiar,1,1,139,Occl,Post,0.17890279896011
post,familiar,1,1,140,Occl,Post,-0.214540172025864
post,familiar,1,1,141,Occl,Post,0.259529198416401
post,familiar,1,1,142,Occl,Post,0.290094415117204
post,familiar,1,1,143,Occl,Post,0.556654013672607
post,familiar,1,1,144,Occl,Post,0.0423155023806655
post,familiar,1,1,145,Occl,Post,-0.198114137418102
post,familiar,1,1,146,Occl,Post,1.77317098955833
post,familiar,1,1,147,Occl,Post,0.539531548857928
post,familiar,1,1,148,Occl,Post,0.379790190262888
post,familiar,1,1,149,Occl,Post,0.0159940554264205
post,familiar,1,1,150,Occl,Post,-0.0263998105362212
post,familiar,1,1,151,Occl,Post,0.873515108112974
post,familiar,1,1,152,Occl,Post,0.515693093353479
post,familiar,1,1,153,Occl,Post,0.135059052495099
post,familiar,1,1,154,Occl,Post,0.064660154634034
post,familiar,1,1,155,Occl,Post,0.0961118376592192
post,familiar,1,1,156,Occl,Post,-0.308991257866358
post,familiar,1,1,157,Occl,Post,0.178838006215453
post,familiar,1,1,158,Occl,Post,-0.205541353871732
post,familiar,1,1,159,Occl,Post,0.160064623096325
post,familiar,1,1,160,Occl,Post,-0.00749471818420772
post,familiar,1,1,161,Occl,Post,0.0305284259469131
post,familiar,1,1,162,Occl,Post,1.32188510934126
post,familiar,1,1,163,Occl,Post,0.00566566093000037
post,familiar,1,1,164,Occl,Post,0.14052298238788
post,familiar,1,1,165,Occl,Post,-0.0667113039053961
post,familiar,1,1,166,Occl,Post,0.151253151452478
post,familiar,2,2,1,Occl,Post,1.04931441836463
post,familiar,2,2,2,Occl,Post,0.192572940457112
post,familiar,2,2,3,Occl,Post,0.369348091046155
post,familiar,2,2,4,Occl,Post,0.0902564012068529
post,familiar,2,2,5,Occl,Post,0.0115573162738473
post,familiar,2,2,6,Occl,Post,0.0125373873753836
post,familiar,2,2,7,Occl,Post,0.0364222148330899
post,familiar,2,2,8,Occl,Post,-0.249041102511572
post,familiar,2,2,9,Occl,Post,0.25107550203974
post,familiar,2,2,10,Occl,Post,0.144964609743398
post,familiar,2,2,11,Occl,Post,0.0279863189043739
post,familiar,2,2,12,Occl,Post,-0.0413347406502047
post,familiar,2,2,13,Occl,Post,0.0116864273042629
post,familiar,2,2,14,Occl,Post,-0.0326291640056444
post,familiar,2,2,15,Occl,Post,0.509695168913774
post,familiar,2,2,16,Occl,Post,0.0705669182473986
post,familiar,2,2,17,Occl,Post,-0.210467284627143
post,familiar,2,2,18,Occl,Post,-0.0662598062141917
post,familiar,2,2,19,Occl,Post,0.945739658197811
post,familiar,2,2,20,Occl,Post,-0.0847855889365416
post,familiar,2,2,21,Occl,Post,0.512204480183635
post,familiar,2,2,22,Occl,Post,-0.0100838129128371
post,familiar,2,2,23,Occl,Post,0.401062134394765
post,familiar,2,2,24,Occl,Post,0.123241794289216
post,familiar,2,2,25,Occl,Post,0.00212560023944741
post,familiar,2,2,26,Occl,Post,-0.187026109255338
post,familiar,2,2,27,Occl,Post,-0.0774393683095058
post,familiar,2,2,28,Occl,Post,0.141694278676953
post,familiar,2,2,29,Occl,Post,0.562549540200511
post,familiar,2,2,30,Occl,Post,-0.0456730422572974
post,familiar,2,2,31,Occl,Post,-0.0190873493800633
post,familiar,2,2,32,Occl,Post,0.947686448975771
post,familiar,2,2,33,Occl,Post,-0.306619940820104
post,familiar,2,2,34,Occl,Post,0.211021934443414
post,familiar,2,2,35,Occl,Post,0.172985625592858
post,familiar,2,2,36,Occl,Post,0.307329102480637
post,familiar,2,2,37,Occl,Post,-0.130573230820773
post,familiar,2,2,38,Occl,Post,0.100520265437296
post,familiar,2,2,39,Occl,Post,0.210133942092005
post,familiar,2,2,40,Occl,Post,0.000798557196423466
post,familiar,2,2,41,Occl,Post,-0.0510251481289568
post,familiar,2,2,42,Occl,Post,0.1140178224783
post,familiar,2,2,43,Occl,Post,-0.505338635876136
post,familiar,2,2,44,Occl,Post,-0.0439215532843443
post,familiar,2,2,45,Occl,Post,0.398611613463944
post,familiar,2,2,46,Occl,Post,0.00121152036742719
post,familiar,2,2,47,Occl,Post,-0.0499269056013915
post,familiar,2,2,48,Occl,Post,0.0471635941044459
post,familiar,2,2,49,Occl,Post,-0.16089598476764
post,familiar,2,2,50,Occl,Post,0.194032364990636
post,familiar,2,2,51,Occl,Post,-0.0116796897934606
post,familiar,2,2,52,Occl,Post,0.930860026588822
post,familiar,2,2,53,Occl,Post,0.118017558558588
post,familiar,2,2,54,Occl,Post,-0.0557282617516664
post,familiar,2,2,55,Occl,Post,1.247038540519
post,familiar,2,2,56,Occl,Post,0.0840769996930984
post,familiar,2,2,57,Occl,Post,0.158310994568163
post,familiar,2,2,58,Occl,Post,0.00245459354561897
post,familiar,2,2,59,Occl,Post,0.124281472372142
post,familiar,2,2,60,Occl,Post,-0.116029197045954
post,familiar,2,2,61,Occl,Post,0.0292985891599099
post,familiar,2,2,62,Occl,Post,-0.306437445364248
post,familiar,2,2,63,Occl,Post,0.377333329635039
post,familiar,2,2,64,Occl,Post,-0.232826751061854
post,familiar,2,2,65,Occl,Post,-0.277558588898645
post,familiar,2,2,66,Occl,Post,0.200732672446304
post,familiar,2,2,67,Occl,Post,-0.0733846683414189
post,familiar,2,2,68,Occl,Post,0.0367714607252809
post,familiar,2,2,69,Occl,Post,-0.388380780102381
post,familiar,2,2,70,Occl,Post,0.240720081729568
post,familiar,2,2,71,Occl,Post,0.0506435989540481
post,familiar,2,2,72,Occl,Post,-0.0661799183743738
post,familiar,2,2,73,Occl,Post,-0.0659649873975537
post,familiar,2,2,74,Occl,Post,0.360920860129707
post,familiar,2,2,75,Occl,Post,0.127505026855225
post,familiar,2,2,76,Occl,Post,-0.0178252722555939
post,familiar,2,2,77,Occl,Post,0.113874674527636
post,familiar,2,2,78,Occl,Post,0.150517971809998
post,familiar,2,2,79,Occl,Post,0.218383656208286
post,familiar,2,2,80,Occl,Post,0.0142466780759445
post,familiar,2,2,81,Occl,Post,0.0687251438470133
post,familiar,2,2,82,Occl,Post,-0.0476943719686642
post,familiar,2,2,83,Occl,Post,0.548701621858795
post,familiar,2,2,84,Occl,Post,0.14234831161516
post,familiar,2,2,85,Occl,Post,-0.0299579619373055
post,familiar,2,2,86,Occl,Post,0.749990187637233
post,familiar,2,2,87,Occl,Post,0.0235222599380459
post,familiar,2,2,88,Occl,Post,0.368731702923254
post,familiar,2,2,89,Occl,Post,0.0321528866284747
post,familiar,2,2,90,Occl,Post,0.460550458727907
post,familiar,2,2,91,Occl,Post,-0.0234201202575144
post,familiar,2,2,92,Occl,Post,-0.13997198077915
post,familiar,2,2,93,Occl,Post,0.338539377734642
post,familiar,2,2,94,Occl,Post,0.0224147376444432
post,familiar,2,2,95,Occl,Post,0.767556531863723
post,familiar,2,2,96,Occl,Post,0.17935109490374
post,familiar,2,2,97,Occl,Post,0.0496320738182867
post,familiar,2,2,98,Occl,Post,0.261365303385717
post,familiar,2,2,99,Occl,Post,0.196209839009401
post,familiar,2,2,100,Occl,Post,0.155741234059833
post,familiar,2,2,101,Occl,Post,0.41421976326773
post,familiar,2,2,102,Occl,Post,-0.0735223021310562
post,familiar,2,2,103,Occl,Post,-0.00521051716916369
post,familiar,2,2,104,Occl,Post,0.00123117835129195
post,familiar,2,2,105,Occl,Post,0.118255112080933
post,familiar,2,2,106,Occl,Post,0.206171227875999
post,familiar,2,2,107,Occl,Post,0.0385414196639415
post,familiar,2,2,108,Occl,Post,-0.236266771944825
post,familiar,2,2,109,Occl,Post,0.024440723274156
post,familiar,2,2,110,Occl,Post,0.180149827521657
post,familiar,2,2,111,Occl,Post,0.0203652770752797
post,familiar,2,2,112,Occl,Post,1.42317791572881
post,familiar,2,2,113,Occl,Post,-0.0914860655903093
post,familiar,2,2,114,Occl,Post,-0.167842468874608
post,familiar,2,2,115,Occl,Post,-0.0241271352430363
post,familiar,2,2,116,Occl,Post,0.193185896473176
post,familiar,2,2,117,Occl,Post,0.0381802202101276
post,familiar,2,2,118,Occl,Post,0.269174910706477
post,familiar,2,2,119,Occl,Post,0.202883886779945
post,familiar,2,2,120,Occl,Post,0.216999919997186
post,familiar,2,2,121,Occl,Post,0.151897306366688
post,familiar,2,2,122,Occl,Post,0.101983470378223
post,familiar,2,2,123,Occl,Post,-0.145884133751384
post,familiar,2,2,124,Occl,Post,0.037069875348118
post,familiar,2,2,125,Occl,Post,0.132934859594126
post,familiar,2,2,126,Occl,Post,0.0946338452789643
post,familiar,2,2,127,Occl,Post,-0.00377200165674976
post,familiar,2,2,128,Occl,Post,0.122439707972306
post,familiar,2,2,129,Occl,Post,0.0552124573813139
post,familiar,2,2,130,Occl,Post,0.0897388507819415
post,familiar,2,2,131,Occl,Post,-0.0329015599393854
post,familiar,2,2,132,Occl,Post,0.486266802537419
post,familiar,2,2,133,Occl,Post,0.20760316539782
post,familiar,2,2,134,Occl,Post,0.209189103407415
post,familiar,2,2,135,Occl,Post,0.265626653375383
post,familiar,2,2,136,Occl,Post,0.0138622385674718
post,familiar,2,2,137,Occl,Post,0.521904894282652
post,familiar,2,2,138,Occl,Post,0.26888404132942
post,familiar,2,2,139,Occl,Post,-0.0022291787756468
post,familiar,2,2,140,Occl,Post,-0.0865828409516886
post,familiar,2,2,141,Occl,Post,-0.218267613206434
post,familiar,2,2,142,Occl,Post,0.395769977369568
post,familiar,2,2,143,Occl,Post,0.980951049215404
post,familiar,2,2,144,Occl,Post,-0.117217316303884
post,familiar,2,2,145,Occl,Post,-0.244907521481942
post,familiar,2,2,146,Occl,Post,2.6977493842565
post,familiar,2,2,147,Occl,Post,0.181665442612477
post,familiar,2,2,148,Occl,Post,0.223902017236583
post,familiar,2,2,149,Occl,Post,0.315764127054728
post,familiar,2,2,150,Occl,Post,0.0958816699765364
post,familiar,2,2,151,Occl,Post,0.767193206435455
post,familiar,2,2,152,Occl,Post,1.01774022299169
post,familiar,2,2,153,Occl,Post,-0.0605032264966991
post,familiar,2,2,154,Occl,Post,0.110689302767683
post,familiar,2,2,155,Occl,Post,-0.306625106106548
post,familiar,2,2,156,Occl,Post,-0.19933198173645
post,familiar,2,2,157,Occl,Post,0.261811565737109
post,familiar,2,2,158,Occl,Post,0.11592329148139
post,familiar,2,2,159,Occl,Post,0.534749574157435
post,familiar,2,2,160,Occl,Post,0.0583471168225179
post,familiar,2,2,161,Occl,Post,-0.0164494986504809
post,familiar,2,2,162,Occl,Post,0.5756943728907
post,familiar,2,2,163,Occl,Post,0.0799068520730081
post,familiar,2,2,164,Occl,Post,0.0837689789702905
post,familiar,2,2,165,Occl,Post,0.0490065510375718
post,familiar,2,2,166,Occl,Post,0.0535770016989828
post,familiar,4,3,1,Occl,Post,1.51689914518981
post,familiar,4,3,2,Occl,Post,0.871290222326714
post,familiar,4,3,3,Occl,Post,0.220767867065023
post,familiar,4,3,4,Occl,Post,0.146984631978508
post,familiar,4,3,5,Occl,Post,-0.0139753778652559
post,familiar,4,3,6,Occl,Post,-0.0311778941538452
post,familiar,4,3,7,Occl,Post,0.0455843787329826
post,familiar,4,3,8,Occl,Post,0.0369170707721668
post,familiar,4,3,9,Occl,Post,0.335593889508388
post,familiar,4,3,10,Occl,Post,0.0187592024872935
post,familiar,4,3,11,Occl,Post,0.029291118675045
post,familiar,4,3,12,Occl,Post,0.119983594681846
post,familiar,4,3,13,Occl,Post,-0.0231384859630644
post,familiar,4,3,14,Occl,Post,-0.0715961352279047
post,familiar,4,3,15,Occl,Post,0.0223200883079304
post,familiar,4,3,16,Occl,Post,0.0642914421028027
post,familiar,4,3,17,Occl,Post,-0.0505972585266314
post,familiar,4,3,18,Occl,Post,0.793206934167657
post,familiar,4,3,19,Occl,Post,1.09139706955328
post,familiar,4,3,20,Occl,Post,-0.0398823330997265
post,familiar,4,3,21,Occl,Post,0.0642014481926548
post,familiar,4,3,22,Occl,Post,0.080737834010572
post,familiar,4,3,23,Occl,Post,0.115457873438896
post,familiar,4,3,24,Occl,Post,0.0741403328417297
post,familiar,4,3,25,Occl,Post,0.0043182704545105
post,familiar,4,3,26,Occl,Post,-0.297465358594171
post,familiar,4,3,27,Occl,Post,0.243359971766586
post,familiar,4,3,28,Occl,Post,0.0897736043731244
post,familiar,4,3,29,Occl,Post,0.834998505625425
post,familiar,4,3,30,Occl,Post,0.0235093393622283
post,familiar,4,3,31,Occl,Post,0.275119884353248
post,familiar,4,3,32,Occl,Post,0.0644878896573912
post,familiar,4,3,33,Occl,Post,-0.0133351709068538
post,familiar,4,3,34,Occl,Post,-0.202217097116995
post,familiar,4,3,35,Occl,Post,-0.331150738321908
post,familiar,4,3,36,Occl,Post,0.90071068484596
post,familiar,4,3,37,Occl,Post,-0.0193997975701671
post,familiar,4,3,38,Occl,Post,0.016710744611147
post,familiar,4,3,39,Occl,Post,0.162210498259337
post,familiar,4,3,40,Occl,Post,0.0690840606924309
post,familiar,4,3,41,Occl,Post,0.0552177962939557
post,familiar,4,3,42,Occl,Post,-0.0408519999313942
post,familiar,4,3,43,Occl,Post,-0.619647093679992
post,familiar,4,3,44,Occl,Post,0.0220439577387608
post,familiar,4,3,45,Occl,Post,0.524289810757718
post,familiar,4,3,46,Occl,Post,0.00711064961747085
post,familiar,4,3,47,Occl,Post,0.0452627214115033
post,familiar,4,3,48,Occl,Post,-0.172935465363428
post,familiar,4,3,49,Occl,Post,-0.105825952015153
post,familiar,4,3,50,Occl,Post,0.199259968194104
post,familiar,4,3,51,Occl,Post,-0.0420303116408726
post,familiar,4,3,52,Occl,Post,0.0512428320377283
post,familiar,4,3,53,Occl,Post,0.644849385356235
post,familiar,4,3,54,Occl,Post,0.0726817160119441
post,familiar,4,3,55,Occl,Post,0.678128014336678
post,familiar,4,3,56,Occl,Post,0.142351315104149
post,familiar,4,3,57,Occl,Post,0.0288864937148798
post,familiar,4,3,58,Occl,Post,0.0978497837107436
post,familiar,4,3,59,Occl,Post,0.356425579274325
post,familiar,4,3,60,Occl,Post,0.0392593212416273
post,familiar,4,3,61,Occl,Post,0.149219837907879
post,familiar,4,3,62,Occl,Post,-0.0640793987636707
post,familiar,4,3,63,Occl,Post,0.215855743810085
post,familiar,4,3,64,Occl,Post,-0.418098359713059
post,familiar,4,3,65,Occl,Post,0.0714115825415321
post,familiar,4,3,66,Occl,Post,0.109119534438259
post,familiar,4,3,67,Occl,Post,-0.134759110457079
post,familiar,4,3,68,Occl,Post,-0.257599929403222
post,familiar,4,3,69,Occl,Post,-0.450752591412711
post,familiar,4,3,70,Occl,Post,0.515100553606165
post,familiar,4,3,71,Occl,Post,0.170667270701577
post,familiar,4,3,72,Occl,Post,0.0055955470153619
post,familiar,4,3,73,Occl,Post,0.0270151709285799
post,familiar,4,3,74,Occl,Post,0.115214564370063
post,familiar,4,3,75,Occl,Post,-0.225594389989951
post,familiar,4,3,76,Occl,Post,-0.00756964911022385
post,familiar,4,3,77,Occl,Post,0.293870252808656
post,familiar,4,3,78,Occl,Post,-0.357743534472073
post,familiar,4,3,79,Occl,Post,0.226171377115715
post,familiar,4,3,80,Occl,Post,0.41784687723012
post,familiar,4,3,81,Occl,Post,0.150878610829622
post,familiar,4,3,82,Occl,Post,0.228724240348925
post,familiar,4,3,83,Occl,Post,0.572564406702366
post,familiar,4,3,84,Occl,Post,0.302853295325902
post,familiar,4,3,85,Occl,Post,-0.015280930228901
post,familiar,4,3,86,Occl,Post,1.26686751833226
post,familiar,4,3,87,Occl,Post,0.0992647228356603
post,familiar,4,3,88,Occl,Post,0.19826265814747
post,familiar,4,3,89,Occl,Post,-0.00177020429393351
post,familiar,4,3,90,Occl,Post,0.242290885947863
post,familiar,4,3,91,Occl,Post,0.08058412359355
post,familiar,4,3,92,Occl,Post,0.453835051831524
post,familiar,4,3,93,Occl,Post,0.136779798910846
post,familiar,4,3,94,Occl,Post,0.103324245411473
post,familiar,4,3,95,Occl,Post,0.346133773451138
post,familiar,4,3,96,Occl,Post,0.0299314212350446
post,familiar,4,3,97,Occl,Post,0.0263508082998581
post,familiar,4,3,98,Occl,Post,0.0410504925345943
post,familiar,4,3,99,Occl,Post,-0.0770214658230503
post,familiar,4,3,100,Occl,Post,0.0834065531895169
post,familiar,4,3,101,Occl,Post,0.192449211343393
post,familiar,4,3,102,Occl,Post,-0.0895741674068476
post,familiar,4,3,103,Occl,Post,0.125395276987689
post,familiar,4,3,104,Occl,Post,0.293287779541182
post,familiar,4,3,105,Occl,Post,-0.0321110113977153
post,familiar,4,3,106,Occl,Post,-0.0198644754580521
post,familiar,4,3,107,Occl,Post,-0.115684579929999
post,familiar,4,3,108,Occl,Post,-0.12326600839678
post,familiar,4,3,109,Occl,Post,-0.196329743910114
post,familiar,4,3,110,Occl,Post,0.0886295466854601
post,familiar,4,3,111,Occl,Post,-0.174588301563471
post,familiar,4,3,112,Occl,Post,0.387678356248627
post,familiar,4,3,113,Occl,Post,0.0089576408189945
post,familiar,4,3,114,Occl,Post,-0.48977822416757
post,familiar,4,3,115,Occl,Post,-0.0637545964958403
post,familiar,4,3,116,Occl,Post,-0.0447493197515412
post,familiar,4,3,117,Occl,Post,0.210394001971534
post,familiar,4,3,118,Occl,Post,0.265987629853519
post,familiar,4,3,119,Occl,Post,0.385687144562666
post,familiar,4,3,120,Occl,Post,0.0113732135159878
post,familiar,4,3,121,Occl,Post,0.0046865045317554
post,familiar,4,3,122,Occl,Post,0.0775569594283438
post,familiar,4,3,123,Occl,Post,-0.0977041487147141
post,familiar,4,3,124,Occl,Post,0.126385945063289
post,familiar,4,3,125,Occl,Post,-0.0119125860115195
post,familiar,4,3,126,Occl,Post,0.248277796290832
post,familiar,4,3,127,Occl,Post,-0.336124452588792
post,familiar,4,3,128,Occl,Post,0.22921493078097
post,familiar,4,3,129,Occl,Post,-0.0183942474225314
post,familiar,4,3,130,Occl,Post,0.459578285993304
post,familiar,4,3,131,Occl,Post,-0.0127326650564628
post,familiar,4,3,132,Occl,Post,-0.0305751085907828
post,familiar,4,3,133,Occl,Post,0.107266978604573
post,familiar,4,3,134,Occl,Post,-0.1586588191215
post,familiar,4,3,135,Occl,Post,0.438209392546648
post,familiar,4,3,136,Occl,Post,-0.0172634071850243
post,familiar,4,3,137,Occl,Post,-0.112541037672197
post,familiar,4,3,138,Occl,Post,-0.055898958857683
post,familiar,4,3,139,Occl,Post,-0.15351130451722
post,familiar,4,3,140,Occl,Post,-0.328386077581513
post,familiar,4,3,141,Occl,Post,0.0146556896127831
post,familiar,4,3,142,Occl,Post,0.596774295100053
post,familiar,4,3,143,Occl,Post,0.33255053035799
post,familiar,4,3,144,Occl,Post,-0.14918847312058
post,familiar,4,3,145,Occl,Post,0.177963393702886
post,familiar,4,3,146,Occl,Post,1.05714067365035
post,familiar,4,3,147,Occl,Post,0.0877414882541771
post,familiar,4,3,148,Occl,Post,0.188720883583424
post,familiar,4,3,149,Occl,Post,0.158582966582055
post,familiar,4,3,150,Occl,Post,0.0447461948713198
post,familiar,4,3,151,Occl,Post,0.828315859405853
post,familiar,4,3,152,Occl,Post,0.203057438692705
post,familiar,4,3,153,Occl,Post,0.114765124235614
post,familiar,4,3,154,Occl,Post,0.145760028067137
post,familiar,4,3,155,Occl,Post,0.184625367768567
post,familiar,4,3,156,Occl,Post,0.52490490106537
post,familiar,4,3,157,Occl,Post,0.219890870039937
post,familiar,4,3,158,Occl,Post,-0.127346536683334
post,familiar,4,3,159,Occl,Post,0.0634725430934453
post,familiar,4,3,160,Occl,Post,0.057410126417785
post,familiar,4,3,161,Occl,Post,0.149199887000546
post,familiar,4,3,162,Occl,Post,0.989058537044435
post,familiar,4,3,163,Occl,Post,0.00155846298802947
post,familiar,4,3,164,Occl,Post,0.0635567948308642
post,familiar,4,3,165,Occl,Post,0.000683075796999805
post,familiar,4,3,166,Occl,Post,-0.0591135971947194
post,familiar,5,4,1,Occl,Post,1.1345507908898
post,familiar,5,4,2,Occl,Post,0.204049340079849
post,familiar,5,4,3,Occl,Post,-0.00850233612133794
post,familiar,5,4,4,Occl,Post,0.141759108348248
post,familiar,5,4,5,Occl,Post,-0.0128095876886456
post,familiar,5,4,6,Occl,Post,0.0653668837862665
post,familiar,5,4,7,Occl,Post,-0.0110903005208835
post,familiar,5,4,8,Occl,Post,-0.0341778033264452
post,familiar,5,4,9,Occl,Post,0.303030607260259
post,familiar,5,4,10,Occl,Post,0.0128583641893677
post,familiar,5,4,11,Occl,Post,0.0520065960484768
post,familiar,5,4,12,Occl,Post,0.00707845913788913
post,familiar,5,4,13,Occl,Post,0.0388411095416809
post,familiar,5,4,14,Occl,Post,0.0335515173231051
post,familiar,5,4,15,Occl,Post,0.0738410320054031
post,familiar,5,4,16,Occl,Post,0.0295100322010377
post,familiar,5,4,17,Occl,Post,-0.0287577299564486
post,familiar,5,4,18,Occl,Post,0.695573833070694
post,familiar,5,4,19,Occl,Post,0.895742090929184
post,familiar,5,4,20,Occl,Post,-0.112410143817885
post,familiar,5,4,21,Occl,Post,-0.0151584796335864
post,familiar,5,4,22,Occl,Post,0.120711372027021
post,familiar,5,4,23,Occl,Post,0.147615243567708
post,familiar,5,4,24,Occl,Post,-0.021575427395196
post,familiar,5,4,25,Occl,Post,0.00565943968970112
post,familiar,5,4,26,Occl,Post,0.0775776893541468
post,familiar,5,4,27,Occl,Post,0.209975934444817
post,familiar,5,4,28,Occl,Post,0.843574162758806
post,familiar,5,4,29,Occl,Post,0.550764571880268
post,familiar,5,4,30,Occl,Post,-0.0454668818955246
post,familiar,5,4,31,Occl,Post,0.0847968550854648
post,familiar,5,4,32,Occl,Post,1.58380130355098
post,familiar,5,4,33,Occl,Post,0.292066663403792
post,familiar,5,4,34,Occl,Post,0.467886166228561
post,familiar,5,4,35,Occl,Post,0.0480372983180883
post,familiar,5,4,36,Occl,Post,-0.171446912077873
post,familiar,5,4,37,Occl,Post,-0.121085936660156
post,familiar,5,4,38,Occl,Post,0.125857317172927
post,familiar,5,4,39,Occl,Post,0.171289905500758
post,familiar,5,4,40,Occl,Post,-0.067279778125892
post,familiar,5,4,41,Occl,Post,0.0412572419355475
post,familiar,5,4,42,Occl,Post,-0.0865394079605799
post,familiar,5,4,43,Occl,Post,-0.0957846956823458
post,familiar,5,4,44,Occl,Post,-0.0043385127763651
post,familiar,5,4,45,Occl,Post,0.570835342089835
post,familiar,5,4,46,Occl,Post,0.0293634697189917
post,familiar,5,4,47,Occl,Post,0.12236553102942
post,familiar,5,4,48,Occl,Post,-0.0140902308891434
post,familiar,5,4,49,Occl,Post,0.126120975417728
post,familiar,5,4,50,Occl,Post,0.287348179277794
post,familiar,5,4,51,Occl,Post,0.431597445069994
post,familiar,5,4,52,Occl,Post,0.491822861131777
post,familiar,5,4,53,Occl,Post,0.157834750931346
post,familiar,5,4,54,Occl,Post,-0.0353427614748092
post,familiar,5,4,55,Occl,Post,0.0402141125399809
post,familiar,5,4,56,Occl,Post,0.19356422079155
post,familiar,5,4,57,Occl,Post,0.123413769979747
post,familiar,5,4,58,Occl,Post,-0.0298813677421356
post,familiar,5,4,59,Occl,Post,0.0764593093239652
post,familiar,5,4,60,Occl,Post,-0.0701203544813107
post,familiar,5,4,61,Occl,Post,0.163453693164447
post,familiar,5,4,62,Occl,Post,0.157932195224743
post,familiar,5,4,63,Occl,Post,0.314851599409396
post,familiar,5,4,64,Occl,Post,-0.17363105140904
post,familiar,5,4,65,Occl,Post,0.00108275074967781
post,familiar,5,4,66,Occl,Post,0.189353290496507
post,familiar,5,4,67,Occl,Post,0.0115950209777539
post,familiar,5,4,68,Occl,Post,0.167409195142117
post,familiar,5,4,69,Occl,Post,-0.0379529921872376
post,familiar,5,4,70,Occl,Post,0.621262007553928
post,familiar,5,4,71,Occl,Post,0.084739468298187
post,familiar,5,4,72,Occl,Post,-0.0391833023558448
post,familiar,5,4,73,Occl,Post,-0.0603227937201703
post,familiar,5,4,74,Occl,Post,0.609760069373345
post,familiar,5,4,75,Occl,Post,0.152356230272365
post,familiar,5,4,76,Occl,Post,0.194334876515916
post,familiar,5,4,77,Occl,Post,0.27709668903057
post,familiar,5,4,78,Occl,Post,0.0623991392980182
post,familiar,5,4,79,Occl,Post,0.248598235486773
post,familiar,5,4,80,Occl,Post,0.168033690398716
post,familiar,5,4,81,Occl,Post,0.152428356334784
post,familiar,5,4,82,Occl,Post,-0.067393524739819
post,familiar,5,4,83,Occl,Post,0.799067919001808
post,familiar,5,4,84,Occl,Post,0.192148092781855
post,familiar,5,4,85,Occl,Post,-0.0131990431763995
post,familiar,5,4,86,Occl,Post,1.02081500440403
post,familiar,5,4,87,Occl,Post,0.159373053951301
post,familiar,5,4,88,Occl,Post,0.232324728646238
post,familiar,5,4,89,Occl,Post,0.0728595137808704
post,familiar,5,4,90,Occl,Post,0.618656431499692
post,familiar,5,4,91,Occl,Post,0.159160476529287
post,familiar,5,4,92,Occl,Post,0.336013198700225
post,familiar,5,4,93,Occl,Post,0.31974221623427
post,familiar,5,4,94,Occl,Post,0.0644512284883344
post,familiar,5,4,95,Occl,Post,0.330228730910856
post,familiar,5,4,96,Occl,Post,0.0609440792458233
post,familiar,5,4,97,Occl,Post,0.00152873889588856
post,familiar,5,4,98,Occl,Post,0.231475826463107
post,familiar,5,4,99,Occl,Post,-0.0868832908793328
post,familiar,5,4,100,Occl,Post,0.236301395598525
post,familiar,5,4,101,Occl,Post,0.63969366948467
post,familiar,5,4,102,Occl,Post,0.0370682930243485
post,familiar,5,4,103,Occl,Post,0.0501358340236724
post,familiar,5,4,104,Occl,Post,-0.0399621519856864
post,familiar,5,4,105,Occl,Post,0.141755221045582
post,familiar,5,4,106,Occl,Post,0.345293358220215
post,familiar,5,4,107,Occl,Post,0.00697755223143109
post,familiar,5,4,108,Occl,Post,-0.194563837136978
post,familiar,5,4,109,Occl,Post,0.0258835739617401
post,familiar,5,4,110,Occl,Post,0.38638090731059
post,familiar,5,4,111,Occl,Post,0.214665255574303
post,familiar,5,4,112,Occl,Post,0.295235968972113
post,familiar,5,4,113,Occl,Post,0.109831091670218
post,familiar,5,4,114,Occl,Post,-0.0676834033548025
post,familiar,5,4,115,Occl,Post,0.00241613863053375
post,familiar,5,4,116,Occl,Post,-0.219332906163089
post,familiar,5,4,117,Occl,Post,0.13590820137664
post,familiar,5,4,118,Occl,Post,0.0841800781185804
post,familiar,5,4,119,Occl,Post,0.783176703879463
post,familiar,5,4,120,Occl,Post,-0.124512665162866
post,familiar,5,4,121,Occl,Post,0.347275252517364
post,familiar,5,4,122,Occl,Post,-0.075219857919732
post,familiar,5,4,123,Occl,Post,-0.196513085402083
post,familiar,5,4,124,Occl,Post,-0.0458182132968768
post,familiar,5,4,125,Occl,Post,0.111584462211779
post,familiar,5,4,126,Occl,Post,-0.0452811627581899
post,familiar,5,4,127,Occl,Post,-0.219164673930178
post,familiar,5,4,128,Occl,Post,0.548693564674132
post,familiar,5,4,129,Occl,Post,0.224602263343422
post,familiar,5,4,130,Occl,Post,0.0879300769774748
post,familiar,5,4,131,Occl,Post,-0.0476991914415393
post,familiar,5,4,132,Occl,Post,0.414605603271657
post,familiar,5,4,133,Occl,Post,-0.0258718098963489
post,familiar,5,4,134,Occl,Post,0.20844368227001
post,familiar,5,4,135,Occl,Post,0.159752618798017
post,familiar,5,4,136,Occl,Post,-0.105988369713247
post,familiar,5,4,137,Occl,Post,0.681820537787648
post,familiar,5,4,138,Occl,Post,0.27491304381193
post,familiar,5,4,139,Occl,Post,0.301765882155443
post,familiar,5,4,140,Occl,Post,0.143748148416022
post,familiar,5,4,141,Occl,Post,0.542308536923938
post,familiar,5,4,142,Occl,Post,0.352544812823343
post,familiar,5,4,143,Occl,Post,1.00418066350821
post,familiar,5,4,144,Occl,Post,0.059185673614397
post,familiar,5,4,145,Occl,Post,-0.434336476937584
post,familiar,5,4,146,Occl,Post,2.49338531406836
post,familiar,5,4,147,Occl,Post,0.112748071866319
post,familiar,5,4,148,Occl,Post,0.706467465229009
post,familiar,5,4,149,Occl,Post,0.436401845861335
post,familiar,5,4,150,Occl,Post,-0.00907242483085716
post,familiar,5,4,151,Occl,Post,0.681409611249055
post,familiar,5,4,152,Occl,Post,0.273130962867298
post,familiar,5,4,153,Occl,Post,-0.0316701245701917
post,familiar,5,4,154,Occl,Post,0.264473121709963
post,familiar,5,4,155,Occl,Post,-0.057138861797177
post,familiar,5,4,156,Occl,Post,0.11774066195716
post,familiar,5,4,157,Occl,Post,0.229832628495518
post,familiar,5,4,158,Occl,Post,0.424112108820913
post,familiar,5,4,159,Occl,Post,0.222465371786749
post,familiar,5,4,160,Occl,Post,-0.00023273879570157
post,familiar,5,4,161,Occl,Post,0.165611616030064
post,familiar,5,4,162,Occl,Post,0.666901495119846
post,familiar,5,4,163,Occl,Post,0.0662516823657795
post,familiar,5,4,164,Occl,Post,0.0880463686790447
post,familiar,5,4,165,Occl,Post,-0.0466932628923531
post,familiar,5,4,166,Occl,Post,-0.177963719431347
post,novel,3,1,1,Full,Pre,0.643514875650482
post,novel,3,1,2,Full,Pre,-0.0649278148451804
post,novel,3,1,3,Full,Pre,-0.342620698863415
post,novel,3,1,4,Full,Pre,0.0602692325276556
post,novel,3,1,5,Full,Pre,0.602020793689598
post,novel,3,1,6,Full,Pre,-0.270785095157201
post,novel,3,1,7,Full,Pre,2.73296710885828
post,novel,3,1,8,Full,Pre,2.16548675334878
post,novel,3,1,9,Full,Pre,1.02565987435112
post,novel,3,1,10,Full,Pre,1.61180257328769
post,novel,3,1,11,Full,Pre,-0.244013895805071
post,novel,3,1,12,Full,Pre,0.158973641568382
post,novel,3,1,13,Full,Pre,0.204542664729968
post,novel,3,1,14,Full,Pre,3.60978829493716
post,novel,3,1,15,Full,Pre,0.00702867944593821
post,novel,3,1,16,Full,Pre,0.666262030837145
post,novel,3,1,17,Full,Pre,0.00661606772844328
post,novel,3,1,18,Full,Pre,0.1312050826799
post,novel,3,1,19,Full,Pre,-0.0750092749229516
post,novel,3,1,20,Full,Pre,0.157974552454203
post,novel,3,1,21,Full,Pre,0.101098325367404
post,novel,3,1,22,Full,Pre,0.0564418037020957
post,novel,3,1,23,Full,Pre,0.0889526268973683
post,novel,3,1,24,Full,Pre,0.0341195287772346
post,novel,3,1,25,Full,Pre,2.10574414775248
post,novel,3,1,26,Full,Pre,-0.173719482591229
post,novel,3,1,27,Full,Pre,1.22647036653573
post,novel,3,1,28,Full,Pre,0.233696118846953
post,novel,3,1,29,Full,Pre,-0.330106505486101
post,novel,3,1,30,Full,Pre,0.0445077329104779
post,novel,3,1,31,Full,Pre,0.346751483169877
post,novel,3,1,32,Full,Pre,-0.117896472718236
post,novel,3,1,33,Full,Pre,-0.111965092035193
post,novel,3,1,34,Full,Pre,1.29193714884638
post,novel,3,1,35,Full,Pre,0.0962207336461393
post,novel,3,1,36,Full,Pre,-0.361787567414001
post,novel,3,1,37,Full,Pre,1.67344660944926
post,novel,3,1,38,Full,Pre,0.15167266253255
post,novel,3,1,39,Full,Pre,1.3135510401442
post,novel,3,1,40,Full,Pre,0.101003421761224
post,novel,3,1,41,Full,Pre,-0.209799575098254
post,novel,3,1,42,Full,Pre,-0.409373777572866
post,novel,3,1,43,Full,Pre,-0.119690569570923
post,novel,3,1,44,Full,Pre,-0.518569315831225
post,novel,3,1,45,Full,Pre,0.43178673677288
post,novel,3,1,46,Full,Pre,0.0511080106176502
post,novel,3,1,47,Full,Pre,0.0554486574828973
post,novel,3,1,48,Full,Pre,0.217052345507213
post,novel,3,1,49,Full,Pre,-0.0200960653674339
post,novel,3,1,50,Full,Pre,0.130032175832111
post,novel,3,1,51,Full,Pre,2.32544612079768
post,novel,3,1,52,Full,Pre,-0.100290935444391
post,novel,3,1,53,Full,Pre,-0.149259761793459
post,novel,3,1,54,Full,Pre,-0.063635877717903
post,novel,3,1,55,Full,Pre,0.172874686437282
post,novel,3,1,56,Full,Pre,0.0790885961438728
post,novel,3,1,57,Full,Pre,0.39954142294388
post,novel,3,1,58,Full,Pre,1.0625952587745
post,novel,3,1,59,Full,Pre,0.306618182254884
post,novel,3,1,60,Full,Pre,0.0128956449450648
post,novel,3,1,61,Full,Pre,-0.0670823960025445
post,novel,3,1,62,Full,Pre,0.0842361473857381
post,novel,3,1,63,Full,Pre,-0.0554313205026135
post,novel,3,1,64,Full,Pre,-0.348314867908723
post,novel,3,1,65,Full,Pre,0.0311957196382694
post,novel,3,1,66,Full,Pre,3.41951225233886
post,novel,3,1,67,Full,Pre,0.0888701493450725
post,novel,3,1,68,Full,Pre,0.199240016269617
post,novel,3,1,69,Full,Pre,0.155668307448751
post,novel,3,1,70,Full,Pre,-0.242227449775891
post,novel,3,1,71,Full,Pre,0.0558959854123038
post,novel,3,1,72,Full,Pre,0.928277528484547
post,novel,3,1,73,Full,Pre,-0.0633479063450221
post,novel,3,1,74,Full,Pre,0.655716453155773
post,novel,3,1,75,Full,Pre,-0.154465226663266
post,novel,3,1,76,Full,Pre,-0.285449022882561
post,novel,3,1,77,Full,Pre,-0.016360161304239
post,novel,3,1,78,Full,Pre,-0.016691158500203
post,novel,3,1,79,Full,Pre,0.0753347544134317
post,novel,3,1,80,Full,Pre,0.436382620608034
post,novel,3,1,81,Full,Pre,0.221933396760603
post,novel,3,1,82,Full,Pre,0.275096905006933
post,novel,3,1,83,Full,Pre,0.0984659842855994
post,novel,3,1,84,Full,Pre,1.00512128800611
post,novel,3,1,85,Full,Pre,3.35009317608502
post,novel,3,1,86,Full,Pre,-0.371602826120568
post,novel,3,1,87,Full,Pre,0.0686989887743764
post,novel,3,1,88,Full,Pre,0.149109203476224
post,novel,3,1,89,Full,Pre,0.7692284300319
post,novel,3,1,90,Full,Pre,-0.0570557379622631
post,novel,3,1,91,Full,Pre,0.107797978954365
post,novel,3,1,92,Full,Pre,1.39187524893422
post,novel,3,1,93,Full,Pre,-0.219920129783325
post,novel,3,1,94,Full,Pre,0.383325483493622
post,novel,3,1,95,Full,Pre,0.53515885061463
post,novel,3,1,96,Full,Pre,0.136713230957959
post,novel,3,1,97,Full,Pre,-0.032065742810796
post,novel,3,1,98,Full,Pre,0.516030216673455
post,novel,3,1,99,Full,Pre,-0.0179505711985916
post,novel,3,1,100,Full,Pre,0.0214666581374961
post,novel,3,1,101,Full,Pre,0.134987548470242
post,novel,3,1,102,Full,Pre,0.0553192807750676
post,novel,3,1,103,Full,Pre,0.0771004941481727
post,novel,3,1,104,Full,Pre,-0.20968554246375
post,novel,3,1,105,Full,Pre,0.747167337845438
post,novel,3,1,106,Full,Pre,-0.0176669335289606
post,novel,3,1,107,Full,Pre,2.12385664980347
post,novel,3,1,108,Full,Pre,-0.101943806690467
post,novel,3,1,109,Full,Pre,-0.279826393629178
post,novel,3,1,110,Full,Pre,-0.150431680891702
post,novel,3,1,111,Full,Pre,0.192446008842922
post,novel,3,1,112,Full,Pre,0.489395469606952
post,novel,3,1,113,Full,Pre,-0.0777826703443381
post,novel,3,1,114,Full,Pre,0.408621462760045
post,novel,3,1,115,Full,Pre,3.01351851170787
post,novel,3,1,116,Full,Pre,0.207448773783908
post,novel,3,1,117,Full,Pre,0.039590207883014
post,novel,3,1,118,Full,Pre,0.352514916204356
post,novel,3,1,119,Full,Pre,0.352859622238889
post,novel,3,1,120,Full,Pre,0.0082942558723741
post,novel,3,1,121,Full,Pre,-0.134744997753658
post,novel,3,1,122,Full,Pre,0.0680430619506196
post,novel,3,1,123,Full,Pre,0.403351597054904
post,novel,3,1,124,Full,Pre,0.231372600456058
post,novel,3,1,125,Full,Pre,-0.276003371954543
post,novel,3,1,126,Full,Pre,0.0377803545260522
post,novel,3,1,127,Full,Pre,-0.0347586628926975
post,novel,3,1,128,Full,Pre,0.0854024979294503
post,novel,3,1,129,Full,Pre,0.0986052691910983
post,novel,3,1,130,Full,Pre,0.370133389654779
post,novel,3,1,131,Full,Pre,-0.210141078409423
post,novel,3,1,132,Full,Pre,0.492223902202867
post,novel,3,1,133,Full,Pre,-0.237159731955098
post,novel,3,1,134,Full,Pre,0.949504498168814
post,novel,3,1,135,Full,Pre,2.81904601275078
post,novel,3,1,136,Full,Pre,0.211542652661305
post,novel,3,1,137,Full,Pre,0.855966496312093
post,novel,3,1,138,Full,Pre,0.00212757980320968
post,novel,3,1,139,Full,Pre,0.768618154578021
post,novel,3,1,140,Full,Pre,0.175543428895155
post,novel,3,1,141,Full,Pre,0.0791232357357355
post,novel,3,1,142,Full,Pre,0.040916937603403
post,novel,3,1,143,Full,Pre,0.462365304897739
post,novel,3,1,144,Full,Pre,0.0818594727962901
post,novel,3,1,145,Full,Pre,0.959081619117389
post,novel,3,1,146,Full,Pre,2.14079664193135
post,novel,3,1,147,Full,Pre,0.471622278125654
post,novel,3,1,148,Full,Pre,3.14453013140886
post,novel,3,1,149,Full,Pre,0.52787111366576
post,novel,3,1,150,Full,Pre,-0.1453203052715
post,novel,3,1,151,Full,Pre,-0.160375573040418
post,novel,3,1,152,Full,Pre,0.266358936664977
post,novel,3,1,153,Full,Pre,0.226742334247123
post,novel,3,1,154,Full,Pre,0.408154493922021
post,novel,3,1,155,Full,Pre,0.412639905478369
post,novel,3,1,156,Full,Pre,-0.0110181806109229
post,novel,3,1,157,Full,Pre,0.339838912591857
post,novel,3,1,158,Full,Pre,1.17740233548036
post,novel,3,1,159,Full,Pre,0.246009039014165
post,novel,3,1,160,Full,Pre,0.204431049458167
post,novel,3,1,161,Full,Pre,-0.0586230994455125
post,novel,3,1,162,Full,Pre,3.02463642851806
post,novel,3,1,163,Full,Pre,3.07838792383746
post,novel,3,1,164,Full,Pre,-0.247846187958392
post,novel,3,1,165,Full,Pre,0.221894687341032
post,novel,3,1,166,Full,Pre,-0.0137840084057045
post,novel,6,2,1,Full,Pre,0.115352119300863
post,novel,6,2,2,Full,Pre,0.133902905339127
post,novel,6,2,3,Full,Pre,-0.0800590352292222
post,novel,6,2,4,Full,Pre,0.714263215244733
post,novel,6,2,5,Full,Pre,0.38346915890286
post,novel,6,2,6,Full,Pre,-0.169144877464425
post,novel,6,2,7,Full,Pre,0.0715051692649627
post,novel,6,2,8,Full,Pre,0.0482987911536284
post,novel,6,2,9,Full,Pre,0.428219309284541
post,novel,6,2,10,Full,Pre,0.14886985036624
post,novel,6,2,11,Full,Pre,0.00581667926813123
post,novel,6,2,12,Full,Pre,0.581949494375832
post,novel,6,2,13,Full,Pre,0.117972904467907
post,novel,6,2,14,Full,Pre,0.162676061818964
post,novel,6,2,15,Full,Pre,-0.00574149619363723
post,novel,6,2,16,Full,Pre,0.769898621216622
post,novel,6,2,17,Full,Pre,0.0364371270232712
post,novel,6,2,18,Full,Pre,0.21697017824719
post,novel,6,2,19,Full,Pre,0.081467081627639
post,novel,6,2,20,Full,Pre,0.182570656435446
post,novel,6,2,21,Full,Pre,0.0361794620712117
post,novel,6,2,22,Full,Pre,0.1818495265007
post,novel,6,2,23,Full,Pre,0.148844475829142
post,novel,6,2,24,Full,Pre,0.893582740728319
post,novel,6,2,25,Full,Pre,0.197345141514429
post,novel,6,2,26,Full,Pre,-0.158574151568132
post,novel,6,2,27,Full,Pre,0.43069073438486
post,novel,6,2,28,Full,Pre,1.13402096182956
post,novel,6,2,29,Full,Pre,0.0253320147443413
post,novel,6,2,30,Full,Pre,-0.150213768407489
post,novel,6,2,31,Full,Pre,0.666309398142521
post,novel,6,2,32,Full,Pre,1.47460022543995
post,novel,6,2,33,Full,Pre,0.106133240933979
post,novel,6,2,34,Full,Pre,0.519578686555718
post,novel,6,2,35,Full,Pre,-0.0594251313342921
post,novel,6,2,36,Full,Pre,1.1290590801837
post,novel,6,2,37,Full,Pre,0.418062576480798
post,novel,6,2,38,Full,Pre,3.73829537960125
post,novel,6,2,39,Full,Pre,1.25951170452919
post,novel,6,2,40,Full,Pre,0.266356844755154
post,novel,6,2,41,Full,Pre,-0.00996389604324719
post,novel,6,2,42,Full,Pre,-0.0432209078984078
post,novel,6,2,43,Full,Pre,-0.0407485456546858
post,novel,6,2,44,Full,Pre,0.403656020755661
post,novel,6,2,45,Full,Pre,0.355687547856068
post,novel,6,2,46,Full,Pre,0.596319083312588
post,novel,6,2,47,Full,Pre,0.0880944661052918
post,novel,6,2,48,Full,Pre,0.196560681931449
post,novel,6,2,49,Full,Pre,-0.502753276360871
post,novel,6,2,50,Full,Pre,0.295096598897197
post,novel,6,2,51,Full,Pre,0.325842287031493
post,novel,6,2,52,Full,Pre,1.32512164423766
post,novel,6,2,53,Full,Pre,-0.330825289156594
post,novel,6,2,54,Full,Pre,0.099429965948607
post,novel,6,2,55,Full,Pre,0.245395656171864
post,novel,6,2,56,Full,Pre,0.173884117575484
post,novel,6,2,57,Full,Pre,0.152357457299433
post,novel,6,2,58,Full,Pre,1.73139699946481
post,novel,6,2,59,Full,Pre,0.435577511289988
post,novel,6,2,60,Full,Pre,-0.221929498265032
post,novel,6,2,61,Full,Pre,0.0971522815640594
post,novel,6,2,62,Full,Pre,0.0904487871441876
post,novel,6,2,63,Full,Pre,0.134535386005361
post,novel,6,2,64,Full,Pre,-0.430389706495169
post,novel,6,2,65,Full,Pre,0.0539705283615809
post,novel,6,2,66,Full,Pre,0.272282647068663
post,novel,6,2,67,Full,Pre,-0.172610004604621
post,novel,6,2,68,Full,Pre,0.173196686063623
post,novel,6,2,69,Full,Pre,-0.135126803863481
post,novel,6,2,70,Full,Pre,0.423677706642596
post,novel,6,2,71,Full,Pre,0.305474728338562
post,novel,6,2,72,Full,Pre,0.30429956106075
post,novel,6,2,73,Full,Pre,-0.0699516556933474
post,novel,6,2,74,Full,Pre,-0.242994922027784
post,novel,6,2,75,Full,Pre,-0.162576022502495
post,novel,6,2,76,Full,Pre,-0.109536545227868
post,novel,6,2,77,Full,Pre,-0.0752255239280205
post,novel,6,2,78,Full,Pre,-0.465820256784368
post,novel,6,2,79,Full,Pre,-0.651548456416143
post,novel,6,2,80,Full,Pre,0.388593892591645
post,novel,6,2,81,Full,Pre,-0.0325338491030498
post,novel,6,2,82,Full,Pre,-0.239934058464392
post,novel,6,2,83,Full,Pre,-0.094470999005995
post,novel,6,2,84,Full,Pre,0.530023374788446
post,novel,6,2,85,Full,Pre,0.490863573894468
post,novel,6,2,86,Full,Pre,0.0874782683467171
post,novel,6,2,87,Full,Pre,1.08111268341309
post,novel,6,2,88,Full,Pre,-0.106581153192599
post,novel,6,2,89,Full,Pre,0.115842354845938
post,novel,6,2,90,Full,Pre,0.11874985128381
post,novel,6,2,91,Full,Pre,-0.141963582216504
post,novel,6,2,92,Full,Pre,0.0055756786691466
post,novel,6,2,93,Full,Pre,0.263423575098795
post,novel,6,2,94,Full,Pre,-0.140569498284532
post,novel,6,2,95,Full,Pre,-0.0428735330425018
post,novel,6,2,96,Full,Pre,0.527055447371092
post,novel,6,2,97,Full,Pre,0.267257219964149
post,novel,6,2,98,Full,Pre,0.11032122839911
post,novel,6,2,99,Full,Pre,1.06588693562137
post,novel,6,2,100,Full,Pre,0.236300664647817
post,novel,6,2,101,Full,Pre,0.295895139704704
post,novel,6,2,102,Full,Pre,0.487425890321268
post,novel,6,2,103,Full,Pre,0.0471676690969032
post,novel,6,2,104,Full,Pre,0.132538991629292
post,novel,6,2,105,Full,Pre,0.625135690944339
post,novel,6,2,106,Full,Pre,0.175268712217911
post,novel,6,2,107,Full,Pre,0.0292040113493094
post,novel,6,2,108,Full,Pre,0.0822791333125976
post,novel,6,2,109,Full,Pre,-0.263129786487285
post,novel,6,2,110,Full,Pre,0.141526313744627
post,novel,6,2,111,Full,Pre,0.783854267306238
post,novel,6,2,112,Full,Pre,0.615514896495299
post,novel,6,2,113,Full,Pre,2.37555540103968
post,novel,6,2,114,Full,Pre,0.171244858874164
post,novel,6,2,115,Full,Pre,1.76826703496995
post,novel,6,2,116,Full,Pre,0.45270866279236
post,novel,6,2,117,Full,Pre,-0.182136151450956
post,novel,6,2,118,Full,Pre,0.0694946604825714
post,novel,6,2,119,Full,Pre,0.0448007722805867
post,novel,6,2,120,Full,Pre,0.0563174746385343
post,novel,6,2,121,Full,Pre,0.155020917428957
post,novel,6,2,122,Full,Pre,0.391888425221561
post,novel,6,2,123,Full,Pre,0.297449056515262
post,novel,6,2,124,Full,Pre,0.544034381366787
post,novel,6,2,125,Full,Pre,-0.400629261968966
post,novel,6,2,126,Full,Pre,0.0997090444903226
post,novel,6,2,127,Full,Pre,-0.0320636665267313
post,novel,6,2,128,Full,Pre,0.18888291302242
post,novel,6,2,129,Full,Pre,0.136757942313752
post,novel,6,2,130,Full,Pre,0.215945383794976
post,novel,6,2,131,Full,Pre,-0.191720934505215
post,novel,6,2,132,Full,Pre,0.523661220655218
post,novel,6,2,133,Full,Pre,-0.472084722402625
post,novel,6,2,134,Full,Pre,0.117209712130548
post,novel,6,2,135,Full,Pre,0.751760482191312
post,novel,6,2,136,Full,Pre,0.20403120084984
post,novel,6,2,137,Full,Pre,0.358332690284867
post,novel,6,2,138,Full,Pre,0.0310907492221079
post,novel,6,2,139,Full,Pre,0.373805550870354
post,novel,6,2,140,Full,Pre,0.0670167561283361
post,novel,6,2,141,Full,Pre,0.106368007565894
post,novel,6,2,142,Full,Pre,0.0509363783593083
post,novel,6,2,143,Full,Pre,0.252995373234012
post,novel,6,2,144,Full,Pre,0.0833536105417984
post,novel,6,2,145,Full,Pre,0.0109627666275077
post,novel,6,2,146,Full,Pre,0.540418817159838
post,novel,6,2,147,Full,Pre,-0.381021498502272
post,novel,6,2,148,Full,Pre,-0.0280987498763938
post,novel,6,2,149,Full,Pre,-0.209227470028178
post,novel,6,2,150,Full,Pre,0.341540232975184
post,novel,6,2,151,Full,Pre,0.774248631829145
post,novel,6,2,152,Full,Pre,0.000206222308135315
post,novel,6,2,153,Full,Pre,0.0132175130847624
post,novel,6,2,154,Full,Pre,0.0342812845955883
post,novel,6,2,155,Full,Pre,-0.164295456390605
post,novel,6,2,156,Full,Pre,0.104900121077226
post,novel,6,2,157,Full,Pre,0.169662398053888
post,novel,6,2,158,Full,Pre,0.13087085873113
post,novel,6,2,159,Full,Pre,0.0366948218351191
post,novel,6,2,160,Full,Pre,0.0604521314457642
post,novel,6,2,161,Full,Pre,0.269256271285246
post,novel,6,2,162,Full,Pre,0.0759314230445348
post,novel,6,2,163,Full,Pre,0.0291176981603216
post,novel,6,2,164,Full,Pre,-0.0175998276996097
post,novel,6,2,165,Full,Pre,0.2278020607968
post,novel,6,2,166,Full,Pre,-0.0608880446611725
post,novel,3,1,1,Full,Post,0.187750896741947
post,novel,3,1,2,Full,Post,-0.350601426505457
post,novel,3,1,3,Full,Post,-0.186964487366573
post,novel,3,1,4,Full,Post,0.0488868480893291
post,novel,3,1,5,Full,Post,1.25565752454617
post,novel,3,1,6,Full,Post,-0.215884304340183
post,novel,3,1,7,Full,Post,-0.295771827696413
post,novel,3,1,8,Full,Post,1.93082207498223
post,novel,3,1,9,Full,Post,1.2074176972755
post,novel,3,1,10,Full,Post,0.181576293893419
post,novel,3,1,11,Full,Post,0.310026221517783
post,novel,3,1,12,Full,Post,-0.00347091934808003
post,novel,3,1,13,Full,Post,0.223396486984668
post,novel,3,1,14,Full,Post,4.11460870093614
post,novel,3,1,15,Full,Post,-0.283748742532106
post,novel,3,1,16,Full,Post,3.41274171579196
post,novel,3,1,17,Full,Post,0.203831810483289
post,novel,3,1,18,Full,Post,0.542098069277832
post,novel,3,1,19,Full,Post,0.00809619375913156
post,novel,3,1,20,Full,Post,3.81906472958091
post,novel,3,1,21,Full,Post,0.165039540548978
post,novel,3,1,22,Full,Post,-0.0288797776258366
post,novel,3,1,23,Full,Post,0.0669437600450132
post,novel,3,1,24,Full,Post,-0.0354059609741968
post,novel,3,1,25,Full,Post,0.215581959433278
post,novel,3,1,26,Full,Post,-0.311513844200379
post,novel,3,1,27,Full,Post,0.324667342599191
post,novel,3,1,28,Full,Post,1.50921250182024
post,novel,3,1,29,Full,Post,0.112708722824466
post,novel,3,1,30,Full,Post,0.175168740064297
post,novel,3,1,31,Full,Post,-0.0472223428967202
post,novel,3,1,32,Full,Post,0.0923259972657624
post,novel,3,1,33,Full,Post,0.596923935053611
post,novel,3,1,34,Full,Post,1.60584053161634
post,novel,3,1,35,Full,Post,0.0602450971126558
post,novel,3,1,36,Full,Post,-0.333379114497598
post,novel,3,1,37,Full,Post,0.711428358110249
post,novel,3,1,38,Full,Post,0.153179941358165
post,novel,3,1,39,Full,Post,1.47976431149679
post,novel,3,1,40,Full,Post,0.472289557364677
post,novel,3,1,41,Full,Post,-0.0280865092479205
post,novel,3,1,42,Full,Post,0.000862780559309384
post,novel,3,1,43,Full,Post,-0.0834335529834791
post,novel,3,1,44,Full,Post,0.286091438448174
post,novel,3,1,45,Full,Post,1.44683984584382
post,novel,3,1,46,Full,Post,0.0912347804386454
post,novel,3,1,47,Full,Post,0.0536010799369489
post,novel,3,1,48,Full,Post,0.449583034351855
post,novel,3,1,49,Full,Post,-0.265882207345948
post,novel,3,1,50,Full,Post,0.126957410735473
post,novel,3,1,51,Full,Post,0.712880724722736
post,novel,3,1,52,Full,Post,0.0128643589095969
post,novel,3,1,53,Full,Post,-0.0798220340206045
post,novel,3,1,54,Full,Post,-0.317989765203657
post,novel,3,1,55,Full,Post,-0.219487123545323
post,novel,3,1,56,Full,Post,-0.0980346446516427
post,novel,3,1,57,Full,Post,1.02025444954585
post,novel,3,1,58,Full,Post,0.542443456200471
post,novel,3,1,59,Full,Post,0.24923526805777
post,novel,3,1,60,Full,Post,-0.253035690629826
post,novel,3,1,61,Full,Post,0.0316431735777308
post,novel,3,1,62,Full,Post,0.510624147917753
post,novel,3,1,63,Full,Post,0.0106288584545726
post,novel,3,1,64,Full,Post,-0.425139435941276
post,novel,3,1,65,Full,Post,-0.254412520658332
post,novel,3,1,66,Full,Post,5.05047615200303
post,novel,3,1,67,Full,Post,-0.132029995930714
post,novel,3,1,68,Full,Post,0.0677781853314226
post,novel,3,1,69,Full,Post,0.0720508446544203
post,novel,3,1,70,Full,Post,-0.281015015939021
post,novel,3,1,71,Full,Post,-0.0777773165512357
post,novel,3,1,72,Full,Post,-0.14748864168967
post,novel,3,1,73,Full,Post,-0.175649902199137
post,novel,3,1,74,Full,Post,0.59537483410704
post,novel,3,1,75,Full,Post,0.0363498511676646
post,novel,3,1,76,Full,Post,0.389630472889396
post,novel,3,1,77,Full,Post,0.00576166552206814
post,novel,3,1,78,Full,Post,-0.464368587438413
post,novel,3,1,79,Full,Post,0.217869970515216
post,novel,3,1,80,Full,Post,0.659560324927262
post,novel,3,1,81,Full,Post,0.0718663326380636
post,novel,3,1,82,Full,Post,0.233588989775851
post,novel,3,1,83,Full,Post,-0.408969964988814
post,novel,3,1,84,Full,Post,0.589216668344068
post,novel,3,1,85,Full,Post,4.27474925259891
post,novel,3,1,86,Full,Post,2.03250174537824
post,novel,3,1,87,Full,Post,0.858778691596369
post,novel,3,1,88,Full,Post,0.35825414668538
post,novel,3,1,89,Full,Post,2.2904586589397
post,novel,3,1,90,Full,Post,0.646786176139529
post,novel,3,1,91,Full,Post,0.183826482156513
post,novel,3,1,92,Full,Post,-0.209029616660087
post,novel,3,1,93,Full,Post,0.314996370858795
post,novel,3,1,94,Full,Post,0.218044303913959
post,novel,3,1,95,Full,Post,0.013850434522458
post,novel,3,1,96,Full,Post,0.163183513503711
post,novel,3,1,97,Full,Post,-0.123542851181967
post,novel,3,1,98,Full,Post,0.818609121814654
post,novel,3,1,99,Full,Post,-0.0920978446605191
post,novel,3,1,100,Full,Post,0.286523465087472
post,novel,3,1,101,Full,Post,-0.0396094626261208
post,novel,3,1,102,Full,Post,0.626465151611724
post,novel,3,1,103,Full,Post,-0.136556620542727
post,novel,3,1,104,Full,Post,0.871129303518349
post,novel,3,1,105,Full,Post,0.342356776275122
post,novel,3,1,106,Full,Post,-0.222186923280231
post,novel,3,1,107,Full,Post,2.94989133435993
post,novel,3,1,108,Full,Post,0.0135847062407725
post,novel,3,1,109,Full,Post,0.0497698118302434
post,novel,3,1,110,Full,Post,0.485650864920136
post,novel,3,1,111,Full,Post,0.341891157940296
post,novel,3,1,112,Full,Post,0.20806641523991
post,novel,3,1,113,Full,Post,0.474140951785765
post,novel,3,1,114,Full,Post,0.222386869133481
post,novel,3,1,115,Full,Post,4.46317987780715
post,novel,3,1,116,Full,Post,0.0364598161996335
post,novel,3,1,117,Full,Post,0.660598491586685
post,novel,3,1,118,Full,Post,0.504975567155442
post,novel,3,1,119,Full,Post,0.238969569607883
post,novel,3,1,120,Full,Post,0.189919862270137
post,novel,3,1,121,Full,Post,0.0904854056940762
post,novel,3,1,122,Full,Post,0.105476596990484
post,novel,3,1,123,Full,Post,3.95095544365556
post,novel,3,1,124,Full,Post,0.520053440452103
post,novel,3,1,125,Full,Post,0.111706055565826
post,novel,3,1,126,Full,Post,0.114494068967097
post,novel,3,1,127,Full,Post,-0.139512660573963
post,novel,3,1,128,Full,Post,-0.220737564471322
post,novel,3,1,129,Full,Post,0.491223644597072
post,novel,3,1,130,Full,Post,1.34006645590269
post,novel,3,1,131,Full,Post,-0.134749617564057
post,novel,3,1,132,Full,Post,2.99616757824695
post,novel,3,1,133,Full,Post,-0.570062550128951
post,novel,3,1,134,Full,Post,0.391150433893645
post,novel,3,1,135,Full,Post,1.91900263252055
post,novel,3,1,136,Full,Post,-0.0119457644468779
post,novel,3,1,137,Full,Post,0.0320815810783659
post,novel,3,1,138,Full,Post,0.116464139259321
post,novel,3,1,139,Full,Post,0.132143140196429
post,novel,3,1,140,Full,Post,0.939017085283355
post,novel,3,1,141,Full,Post,0.0607591249261867
post,novel,3,1,142,Full,Post,1.43556132694259
post,novel,3,1,143,Full,Post,1.13770308818511
post,novel,3,1,144,Full,Post,3.21057589594936
post,novel,3,1,145,Full,Post,0.614242247648142
post,novel,3,1,146,Full,Post,-0.11140193768773
post,novel,3,1,147,Full,Post,0.441253576610686
post,novel,3,1,148,Full,Post,1.19832580919714
post,novel,3,1,149,Full,Post,0.327422121278439
post,novel,3,1,150,Full,Post,0.901460627546013
post,novel,3,1,151,Full,Post,-0.116607905105215
post,novel,3,1,152,Full,Post,0.0930296686091405
post,novel,3,1,153,Full,Post,0.177906705544782
post,novel,3,1,154,Full,Post,0.347438467409384
post,novel,3,1,155,Full,Post,0.879592361345819
post,novel,3,1,156,Full,Post,-0.405516676074896
post,novel,3,1,157,Full,Post,-0.0407962286121112
post,novel,3,1,158,Full,Post,-0.181670106348785
post,novel,3,1,159,Full,Post,0.927233889411524
post,novel,3,1,160,Full,Post,0.691568460287882
post,novel,3,1,161,Full,Post,0.37769561825019
post,novel,3,1,162,Full,Post,0.586317434990904
post,novel,3,1,163,Full,Post,2.69015511003017
post,novel,3,1,164,Full,Post,0.225954263995386
post,novel,3,1,165,Full,Post,0.21345392232445
post,novel,3,1,166,Full,Post,-0.00813412078376247
post,novel,6,2,1,Full,Post,0.358554316167011
post,novel,6,2,2,Full,Post,-0.294257391974572
post,novel,6,2,3,Full,Post,0.0311475866012139
post,novel,6,2,4,Full,Post,0.676749288503431
post,novel,6,2,5,Full,Post,0.16013889225047
post,novel,6,2,6,Full,Post,-0.0378977301286209
post,novel,6,2,7,Full,Post,-0.0127034235506492
post,novel,6,2,8,Full,Post,0.0596463141327348
post,novel,6,2,9,Full,Post,0.197073887881464
post,novel,6,2,10,Full,Post,0.270136773099348
post,novel,6,2,11,Full,Post,0.083905008180095
post,novel,6,2,12,Full,Post,0.510344321851408
post,novel,6,2,13,Full,Post,0.302736950093905
post,novel,6,2,14,Full,Post,0.0990064784024819
post,novel,6,2,15,Full,Post,0.000891377109080022
post,novel,6,2,16,Full,Post,1.25317803438645
post,novel,6,2,17,Full,Post,0.191436766175516
post,novel,6,2,18,Full,Post,1.05804262546725
post,novel,6,2,19,Full,Post,-0.459700473665742
post,novel,6,2,20,Full,Post,0.585751175521434
post,novel,6,2,21,Full,Post,0.709863421242226
post,novel,6,2,22,Full,Post,0.116116048460221
post,novel,6,2,23,Full,Post,0.46236158631024
post,novel,6,2,24,Full,Post,0.508408867610619
post,novel,6,2,25,Full,Post,0.444642569065716
post,novel,6,2,26,Full,Post,-0.203998910305739
post,novel,6,2,27,Full,Post,0.972784200405843
post,novel,6,2,28,Full,Post,1.10930465755028
post,novel,6,2,29,Full,Post,0.198607885695936
post,novel,6,2,30,Full,Post,0.0390683358497186
post,novel,6,2,31,Full,Post,0.362908072349891
post,novel,6,2,32,Full,Post,1.62430162007628
post,novel,6,2,33,Full,Post,0.0893115279100811
post,novel,6,2,34,Full,Post,0.134840613604624
post,novel,6,2,35,Full,Post,-0.17308156584856
post,novel,6,2,36,Full,Post,0.356966654494102
post,novel,6,2,37,Full,Post,0.264237467092395
post,novel,6,2,38,Full,Post,3.01782690136917
post,novel,6,2,39,Full,Post,1.60096738296975
post,novel,6,2,40,Full,Post,0.0800300885690956
post,novel,6,2,41,Full,Post,-0.0917453363469936
post,novel,6,2,42,Full,Post,0.220012063824943
post,novel,6,2,43,Full,Post,-0.150659770737046
post,novel,6,2,44,Full,Post,0.32674548492552
post,novel,6,2,45,Full,Post,1.04905124554969
post,novel,6,2,46,Full,Post,0.36821921439884
post,novel,6,2,47,Full,Post,-0.14682595115167
post,novel,6,2,48,Full,Post,0.0997185397422755
post,novel,6,2,49,Full,Post,0.0756766635987965
post,novel,6,2,50,Full,Post,2.21025482970231
post,novel,6,2,51,Full,Post,0.0974181743987369
post,novel,6,2,52,Full,Post,1.0012899482372
post,novel,6,2,53,Full,Post,0.864168907665596
post,novel,6,2,54,Full,Post,-0.000142864965101491
post,novel,6,2,55,Full,Post,0.0626583435983864
post,novel,6,2,56,Full,Post,0.145030208560432
post,novel,6,2,57,Full,Post,-0.0139127412588792
post,novel,6,2,58,Full,Post,0.0621075021727787
post,novel,6,2,59,Full,Post,0.38270398949323
post,novel,6,2,60,Full,Post,0.176809752315209
post,novel,6,2,61,Full,Post,0.37167574311978
post,novel,6,2,62,Full,Post,0.301809739842572
post,novel,6,2,63,Full,Post,0.240192848154981
post,novel,6,2,64,Full,Post,-0.469902007960139
post,novel,6,2,65,Full,Post,-0.0657033487339151
post,novel,6,2,66,Full,Post,0.328027832866821
post,novel,6,2,67,Full,Post,-0.0816957213566892
post,novel,6,2,68,Full,Post,0.640680702784689
post,novel,6,2,69,Full,Post,0.062201279228236
post,novel,6,2,70,Full,Post,-0.138416462822092
post,novel,6,2,71,Full,Post,0.321326591432885
post,novel,6,2,72,Full,Post,-0.0307199537817646
post,novel,6,2,73,Full,Post,-0.0417079421865159
post,novel,6,2,74,Full,Post,0.162853850694442
post,novel,6,2,75,Full,Post,0.429420053844197
post,novel,6,2,76,Full,Post,-0.089979801832803
post,novel,6,2,77,Full,Post,0.202057353461008
post,novel,6,2,78,Full,Post,-0.431434654913193
post,novel,6,2,79,Full,Post,0.17921503812994
post,novel,6,2,80,Full,Post,1.33216056204415
post,novel,6,2,81,Full,Post,0.231209120080354
post,novel,6,2,82,Full,Post,0.105010907470047
post,novel,6,2,83,Full,Post,-0.0885528908494425
post,novel,6,2,84,Full,Post,1.54488956155828
post,novel,6,2,85,Full,Post,0.152389569299315
post,novel,6,2,86,Full,Post,2.04753095368747
post,novel,6,2,87,Full,Post,1.9810419848279
post,novel,6,2,88,Full,Post,-0.169330882645791
post,novel,6,2,89,Full,Post,0.284277862154657
post,novel,6,2,90,Full,Post,0.315079792091409
post,novel,6,2,91,Full,Post,-0.187389991050119
post,novel,6,2,92,Full,Post,0.386156960541652
post,novel,6,2,93,Full,Post,0.0122666319348008
post,novel,6,2,94,Full,Post,0.233384328348244
post,novel,6,2,95,Full,Post,0.00236530992776856
post,novel,6,2,96,Full,Post,0.899513578132546
post,novel,6,2,97,Full,Post,2.68205779669239
post,novel,6,2,98,Full,Post,0.201568095383925
post,novel,6,2,99,Full,Post,0.583119484454376
post,novel,6,2,100,Full,Post,0.414897426989494
post,novel,6,2,101,Full,Post,1.54992962905317
post,novel,6,2,102,Full,Post,0.424938758656931
post,novel,6,2,103,Full,Post,0.525522537926753
post,novel,6,2,104,Full,Post,0.821626135240615
post,novel,6,2,105,Full,Post,0.297982576546169
post,novel,6,2,106,Full,Post,-0.0434575453686456
post,novel,6,2,107,Full,Post,0.00523114710769179
post,novel,6,2,108,Full,Post,0.0723403133041779
post,novel,6,2,109,Full,Post,0.105864792917361
post,novel,6,2,110,Full,Post,0.57201144316218
post,novel,6,2,111,Full,Post,-0.0910913461147677
post,novel,6,2,112,Full,Post,0.764174572742614
post,novel,6,2,113,Full,Post,3.25427824351714
post,novel,6,2,114,Full,Post,-0.166347159880681
post,novel,6,2,115,Full,Post,0.0480253478271343
post,novel,6,2,116,Full,Post,0.170064579896595
post,novel,6,2,117,Full,Post,0.641908493006877
post,novel,6,2,118,Full,Post,0.567999312225121
post,novel,6,2,119,Full,Post,0.0911146946551347
post,novel,6,2,120,Full,Post,0.524414872452113
post,novel,6,2,121,Full,Post,0.204657678688517
post,novel,6,2,122,Full,Post,0.485222589945676
post,novel,6,2,123,Full,Post,0.279737509752963
post,novel,6,2,124,Full,Post,0.10883298027347
post,novel,6,2,125,Full,Post,1.07560949726178
post,novel,6,2,126,Full,Post,0.186136020065314
post,novel,6,2,127,Full,Post,-0.0344961061411825
post,novel,6,2,128,Full,Post,0.293950305853786
post,novel,6,2,129,Full,Post,-0.271858652974782
post,novel,6,2,130,Full,Post,0.293580734936211
post,novel,6,2,131,Full,Post,0.459825244573802
post,novel,6,2,132,Full,Post,0.936040902331674
post,novel,6,2,133,Full,Post,0.0799591641379296
post,novel,6,2,134,Full,Post,-0.0809309491726735
post,novel,6,2,135,Full,Post,0.0435803442185717
post,novel,6,2,136,Full,Post,-0.198571879678536
post,novel,6,2,137,Full,Post,0.1076418710245
post,novel,6,2,138,Full,Post,0.351102367894297
post,novel,6,2,139,Full,Post,0.134340124466805
post,novel,6,2,140,Full,Post,0.377206697062735
post,novel,6,2,141,Full,Post,0.0130486688839752
post,novel,6,2,142,Full,Post,0.136915394328476
post,novel,6,2,143,Full,Post,0.716682643300154
post,novel,6,2,144,Full,Post,0.14515538401138
post,novel,6,2,145,Full,Post,0.219390647178759
post,novel,6,2,146,Full,Post,0.00469590015871474
post,novel,6,2,147,Full,Post,-0.100446808931452
post,novel,6,2,148,Full,Post,0.116812745534464
post,novel,6,2,149,Full,Post,-0.168569904681266
post,novel,6,2,150,Full,Post,0.216509693660183
post,novel,6,2,151,Full,Post,0.168262932157116
post,novel,6,2,152,Full,Post,-0.09256600926023
post,novel,6,2,153,Full,Post,0.0464651227302489
post,novel,6,2,154,Full,Post,-0.36782200723973
post,novel,6,2,155,Full,Post,0.845660682175576
post,novel,6,2,156,Full,Post,-0.00957245837007733
post,novel,6,2,157,Full,Post,0.0336754743706798
post,novel,6,2,158,Full,Post,-0.131116942665387
post,novel,6,2,159,Full,Post,0.0659449129089506
post,novel,6,2,160,Full,Post,0.0477646671644182
post,novel,6,2,161,Full,Post,0.331567213851658
post,novel,6,2,162,Full,Post,1.09336390844156
post,novel,6,2,163,Full,Post,0.0440427544740484
post,novel,6,2,164,Full,Post,0.00384243822132638
post,novel,6,2,165,Full,Post,0.0897647464086002
post,novel,6,2,166,Full,Post,-0.0568430268964976
post,novel,3,1,1,Occl,Pre,0.338080299480121
post,novel,3,1,2,Occl,Pre,0.0758607329590551
post,novel,3,1,3,Occl,Pre,-0.314058260200976
post,novel,3,1,4,Occl,Pre,0.0578100909675136
post,novel,3,1,5,Occl,Pre,0.0781693102958366
post,novel,3,1,6,Occl,Pre,0.120378397168182
post,novel,3,1,7,Occl,Pre,0.0512551403811165
post,novel,3,1,8,Occl,Pre,0.0342292605092318
post,novel,3,1,9,Occl,Pre,0.638213032567714
post,novel,3,1,10,Occl,Pre,0.0816811378329474
post,novel,3,1,11,Occl,Pre,-0.019436105731565
post,novel,3,1,12,Occl,Pre,0.000659113460157401
post,novel,3,1,13,Occl,Pre,0.0789420131864152
post,novel,3,1,14,Occl,Pre,-0.0231288325628181
post,novel,3,1,15,Occl,Pre,0.00931936949254975
post,novel,3,1,16,Occl,Pre,0.364869685281056
post,novel,3,1,17,Occl,Pre,0.0399728145627026
post,novel,3,1,18,Occl,Pre,0.0434020405226607
post,novel,3,1,19,Occl,Pre,0.497887171645226
post,novel,3,1,20,Occl,Pre,-0.036982596427151
post,novel,3,1,21,Occl,Pre,0.011901962503251
post,novel,3,1,22,Occl,Pre,-0.0367395838579491
post,novel,3,1,23,Occl,Pre,0.0330696159986218
post,novel,3,1,24,Occl,Pre,0.0872931692636758
post,novel,3,1,25,Occl,Pre,0.0156193657015928
post,novel,3,1,26,Occl,Pre,-0.0208364132065731
post,novel,3,1,27,Occl,Pre,-0.0214096569018466
post,novel,3,1,28,Occl,Pre,-0.0211749924491151
post,novel,3,1,29,Occl,Pre,-0.214635855589742
post,novel,3,1,30,Occl,Pre,-0.0849038577755346
post,novel,3,1,31,Occl,Pre,0.779933142205043
post,novel,3,1,32,Occl,Pre,0.186770788498097
post,novel,3,1,33,Occl,Pre,-0.0300042033746263
post,novel,3,1,34,Occl,Pre,-0.046022992339548
post,novel,3,1,35,Occl,Pre,0.632534992102112
post,novel,3,1,36,Occl,Pre,0.577616944391111
post,novel,3,1,37,Occl,Pre,0.00318840959335958
post,novel,3,1,38,Occl,Pre,0.151383247156895
post,novel,3,1,39,Occl,Pre,0.192121408584438
post,novel,3,1,40,Occl,Pre,-0.0839584596228329
post,novel,3,1,41,Occl,Pre,-0.155734205541045
post,novel,3,1,42,Occl,Pre,0.108954445057237
post,novel,3,1,43,Occl,Pre,-0.0856297056518533
post,novel,3,1,44,Occl,Pre,0.124903367764015
post,novel,3,1,45,Occl,Pre,0.284786245126601
post,novel,3,1,46,Occl,Pre,0.0241183138035916
post,novel,3,1,47,Occl,Pre,0.0644876192141796
post,novel,3,1,48,Occl,Pre,-0.272768450792124
post,novel,3,1,49,Occl,Pre,0.492810229789944
post,novel,3,1,50,Occl,Pre,-0.0221909691117889
post,novel,3,1,51,Occl,Pre,0.560294124421101
post,novel,3,1,52,Occl,Pre,0.317822873913943
post,novel,3,1,53,Occl,Pre,-0.149765693753982
post,novel,3,1,54,Occl,Pre,-0.154023869455165
post,novel,3,1,55,Occl,Pre,0.122425305158525
post,novel,3,1,56,Occl,Pre,0.178915525461239
post,novel,3,1,57,Occl,Pre,1.28515983671875
post,novel,3,1,58,Occl,Pre,0.0666011994906334
post,novel,3,1,59,Occl,Pre,0.291391936082656
post,novel,3,1,60,Occl,Pre,-0.00928750354105086
post,novel,3,1,61,Occl,Pre,0.3805135995615
post,novel,3,1,62,Occl,Pre,-0.128501466070817
post,novel,3,1,63,Occl,Pre,0.0525861214712098
post,novel,3,1,64,Occl,Pre,0.0762772375674146
post,novel,3,1,65,Occl,Pre,-0.336563267542904
post,novel,3,1,66,Occl,Pre,0.72156290450474
post,novel,3,1,67,Occl,Pre,0.217269184681762
post,novel,3,1,68,Occl,Pre,0.0337373539185997
post,novel,3,1,69,Occl,Pre,0.197132391842448
post,novel,3,1,70,Occl,Pre,0.11029196728303
post,novel,3,1,71,Occl,Pre,0.145773752624407
post,novel,3,1,72,Occl,Pre,1.07452120400644
post,novel,3,1,73,Occl,Pre,-0.00226658297257014
post,novel,3,1,74,Occl,Pre,-0.0139162885183057
post,novel,3,1,75,Occl,Pre,-0.0317917333894065
post,novel,3,1,76,Occl,Pre,-0.0335883347772793
post,novel,3,1,77,Occl,Pre,-0.166005670149619
post,novel,3,1,78,Occl,Pre,-3.83111123807844e-05
post,novel,3,1,79,Occl,Pre,0.0979921760095908
post,novel,3,1,80,Occl,Pre,0.171167099708733
post,novel,3,1,81,Occl,Pre,-0.161285517312034
post,novel,3,1,82,Occl,Pre,-0.110304061314128
post,novel,3,1,83,Occl,Pre,-0.0748668850495676
post,novel,3,1,84,Occl,Pre,0.00573024674499402
post,novel,3,1,85,Occl,Pre,0.408657691327118
post,novel,3,1,86,Occl,Pre,0.0238930544740412
post,novel,3,1,87,Occl,Pre,-0.14445046824868
post,novel,3,1,88,Occl,Pre,0.0436538218393754
post,novel,3,1,89,Occl,Pre,0.106954335994263
post,novel,3,1,90,Occl,Pre,1.80538120774433
post,novel,3,1,91,Occl,Pre,-0.00608204522994778
post,novel,3,1,92,Occl,Pre,-0.043313609432042
post,novel,3,1,93,Occl,Pre,-0.443253301823641
post,novel,3,1,94,Occl,Pre,-0.0649634626817581
post,novel,3,1,95,Occl,Pre,0.0622390118946838
post,novel,3,1,96,Occl,Pre,0.088366158067241
post,novel,3,1,97,Occl,Pre,0.00365871851264138
post,novel,3,1,98,Occl,Pre,0.14375903877247
post,novel,3,1,99,Occl,Pre,0.0146604724145782
post,novel,3,1,100,Occl,Pre,0.428621226873669
post,novel,3,1,101,Occl,Pre,-0.0675594296274775
post,novel,3,1,102,Occl,Pre,0.0446665510171792
post,novel,3,1,103,Occl,Pre,-0.00658728418763799
post,novel,3,1,104,Occl,Pre,0.0710592604969216
post,novel,3,1,105,Occl,Pre,0.0822649499986818
post,novel,3,1,106,Occl,Pre,-0.329471387950321
post,novel,3,1,107,Occl,Pre,-0.195002310315149
post,novel,3,1,108,Occl,Pre,0.0928169499769087
post,novel,3,1,109,Occl,Pre,0.0256452143805319
post,novel,3,1,110,Occl,Pre,0.0209742868982968
post,novel,3,1,111,Occl,Pre,-0.0264130062999591
post,novel,3,1,112,Occl,Pre,0.0536305150453363
post,novel,3,1,113,Occl,Pre,0.0276238921174768
post,novel,3,1,114,Occl,Pre,0.246720581829602
post,novel,3,1,115,Occl,Pre,0.925890627875077
post,novel,3,1,116,Occl,Pre,-0.00418197507595054
post,novel,3,1,117,Occl,Pre,0.0663563602082493
post,novel,3,1,118,Occl,Pre,0.054714355688817
post,novel,3,1,119,Occl,Pre,0.0949525834099734
post,novel,3,1,120,Occl,Pre,0.273588908012531
post,novel,3,1,121,Occl,Pre,0.190677425455004
post,novel,3,1,122,Occl,Pre,0.10983983047828
post,novel,3,1,123,Occl,Pre,0.365097807167221
post,novel,3,1,124,Occl,Pre,-0.06346682044071
post,novel,3,1,125,Occl,Pre,-0.374363790733062
post,novel,3,1,126,Occl,Pre,0.190532581951567
post,novel,3,1,127,Occl,Pre,-0.190039096947183
post,novel,3,1,128,Occl,Pre,-0.226860449232931
post,novel,3,1,129,Occl,Pre,-0.15119367668549
post,novel,3,1,130,Occl,Pre,0.149221400403368
post,novel,3,1,131,Occl,Pre,-0.199569293083248
post,novel,3,1,132,Occl,Pre,0.090917395075375
post,novel,3,1,133,Occl,Pre,-0.427691333094106
post,novel,3,1,134,Occl,Pre,0.134963770517777
post,novel,3,1,135,Occl,Pre,0.367914242384999
post,novel,3,1,136,Occl,Pre,0.0355359154138294
post,novel,3,1,137,Occl,Pre,0.0480042308017321
post,novel,3,1,138,Occl,Pre,-0.0212927173795049
post,novel,3,1,139,Occl,Pre,0.041012182012819
post,novel,3,1,140,Occl,Pre,1.24417248047782
post,novel,3,1,141,Occl,Pre,0.409906545507669
post,novel,3,1,142,Occl,Pre,0.00877801159573147
post,novel,3,1,143,Occl,Pre,0.0537143210880399
post,novel,3,1,144,Occl,Pre,0.233505637265666
post,novel,3,1,145,Occl,Pre,0.264561376762815
post,novel,3,1,146,Occl,Pre,0.737863801040135
post,novel,3,1,147,Occl,Pre,-0.0807933256293163
post,novel,3,1,148,Occl,Pre,-0.0684189991340576
post,novel,3,1,149,Occl,Pre,0.150879153940245
post,novel,3,1,150,Occl,Pre,-0.109332746587419
post,novel,3,1,151,Occl,Pre,0.0214229430083906
post,novel,3,1,152,Occl,Pre,-0.0746327930694252
post,novel,3,1,153,Occl,Pre,-0.00322602499732245
post,novel,3,1,154,Occl,Pre,0.0281361105996561
post,novel,3,1,155,Occl,Pre,0.234633988783849
post,novel,3,1,156,Occl,Pre,0.0158929233349372
post,novel,3,1,157,Occl,Pre,0.337216508985949
post,novel,3,1,158,Occl,Pre,0.129056908284106
post,novel,3,1,159,Occl,Pre,0.0502115737337925
post,novel,3,1,160,Occl,Pre,-0.0521213364492963
post,novel,3,1,161,Occl,Pre,0.115343464256251
post,novel,3,1,162,Occl,Pre,0.0386645938580427
post,novel,3,1,163,Occl,Pre,0.052292624274951
post,novel,3,1,164,Occl,Pre,0.0417975982478643
post,novel,3,1,165,Occl,Pre,0.0185412678154758
post,novel,3,1,166,Occl,Pre,-0.0570747444892109
post,novel,6,2,1,Occl,Pre,0.113010874750429
post,novel,6,2,2,Occl,Pre,0.116323626254582
post,novel,6,2,3,Occl,Pre,-0.456559891675596
post,novel,6,2,4,Occl,Pre,0.00522383118966682
post,novel,6,2,5,Occl,Pre,0.0302061351814084
post,novel,6,2,6,Occl,Pre,-0.148308908793804
post,novel,6,2,7,Occl,Pre,-0.0262576408810407
post,novel,6,2,8,Occl,Pre,0.0521630877692
post,novel,6,2,9,Occl,Pre,0.210888514887022
post,novel,6,2,10,Occl,Pre,-0.0482982334814538
post,novel,6,2,11,Occl,Pre,-0.0862060602906938
post,novel,6,2,12,Occl,Pre,0.0835747068536851
post,novel,6,2,13,Occl,Pre,-0.0691617650504542
post,novel,6,2,14,Occl,Pre,0.0419755318843902
post,novel,6,2,15,Occl,Pre,0.0247907747122442
post,novel,6,2,16,Occl,Pre,0.0975089332096649
post,novel,6,2,17,Occl,Pre,0.0135742385767519
post,novel,6,2,18,Occl,Pre,-0.0488547090151048
post,novel,6,2,19,Occl,Pre,0.0609632816887391
post,novel,6,2,20,Occl,Pre,-0.0274599898908361
post,novel,6,2,21,Occl,Pre,0.00591177760807801
post,novel,6,2,22,Occl,Pre,-0.0455642071771641
post,novel,6,2,23,Occl,Pre,0.000739837029242907
post,novel,6,2,24,Occl,Pre,0.424393846378002
post,novel,6,2,25,Occl,Pre,-0.00436566087088147
post,novel,6,2,26,Occl,Pre,0.0665864831415921
post,novel,6,2,27,Occl,Pre,-0.0751896237127378
post,novel,6,2,28,Occl,Pre,0.059055380294898
post,novel,6,2,29,Occl,Pre,-0.122590060216153
post,novel,6,2,30,Occl,Pre,-0.171134693675517
post,novel,6,2,31,Occl,Pre,0.806022911382962
post,novel,6,2,32,Occl,Pre,0.0474941097355155
post,novel,6,2,33,Occl,Pre,0.0270387246276835
post,novel,6,2,34,Occl,Pre,0.115962666170647
post,novel,6,2,35,Occl,Pre,0.142040579645496
post,novel,6,2,36,Occl,Pre,0.43748554140032
post,novel,6,2,37,Occl,Pre,-0.106552080203532
post,novel,6,2,38,Occl,Pre,0.0698659459904372
post,novel,6,2,39,Occl,Pre,-0.101228659048782
post,novel,6,2,40,Occl,Pre,-0.0740637151780549
post,novel,6,2,41,Occl,Pre,-0.133727722828195
post,novel,6,2,42,Occl,Pre,-0.0912570204462435
post,novel,6,2,43,Occl,Pre,-0.200602725501679
post,novel,6,2,44,Occl,Pre,-0.0671235141909481
post,novel,6,2,45,Occl,Pre,0.108072632713716
post,novel,6,2,46,Occl,Pre,-0.0153488192732216
post,novel,6,2,47,Occl,Pre,-0.0707971347609477
post,novel,6,2,48,Occl,Pre,-0.153831912090997
post,novel,6,2,49,Occl,Pre,-0.0368104337869076
post,novel,6,2,50,Occl,Pre,0.114923610915976
post,novel,6,2,51,Occl,Pre,0.0794327916015034
post,novel,6,2,52,Occl,Pre,0.210076916032628
post,novel,6,2,53,Occl,Pre,-0.139151106886988
post,novel,6,2,54,Occl,Pre,-0.0200342743725997
post,novel,6,2,55,Occl,Pre,0.0113729121041334
post,novel,6,2,56,Occl,Pre,0.0221456454753261
post,novel,6,2,57,Occl,Pre,0.8115124600827
post,novel,6,2,58,Occl,Pre,0.0786307037160983
post,novel,6,2,59,Occl,Pre,0.161246952752658
post,novel,6,2,60,Occl,Pre,0.0209577403025655
post,novel,6,2,61,Occl,Pre,-0.085182196152225
post,novel,6,2,62,Occl,Pre,-0.0374056628735821
post,novel,6,2,63,Occl,Pre,-0.00141208688520381
post,novel,6,2,64,Occl,Pre,0.0852878484434441
post,novel,6,2,65,Occl,Pre,-0.0984663307525046
post,novel,6,2,66,Occl,Pre,0.264451323652308
post,novel,6,2,67,Occl,Pre,-0.05236115665443
post,novel,6,2,68,Occl,Pre,-0.0011676043120771
post,novel,6,2,69,Occl,Pre,0.024606355048775
post,novel,6,2,70,Occl,Pre,-0.262597159038683
post,novel,6,2,71,Occl,Pre,0.0755365761549127
post,novel,6,2,72,Occl,Pre,0.135388036785761
post,novel,6,2,73,Occl,Pre,0.0826467707190911
post,novel,6,2,74,Occl,Pre,-0.154669863708891
post,novel,6,2,75,Occl,Pre,-0.07481924373858
post,novel,6,2,76,Occl,Pre,0.0606844966025519
post,novel,6,2,77,Occl,Pre,0.0847433400758612
post,novel,6,2,78,Occl,Pre,0.0387910561112704
post,novel,6,2,79,Occl,Pre,-0.259751808072892
post,novel,6,2,80,Occl,Pre,0.174069002227714
post,novel,6,2,81,Occl,Pre,0.102583282305518
post,novel,6,2,82,Occl,Pre,-0.113558167204631
post,novel,6,2,83,Occl,Pre,-0.0355141053964454
post,novel,6,2,84,Occl,Pre,0.00049041034810926
post,novel,6,2,85,Occl,Pre,0.18690568219392
post,novel,6,2,86,Occl,Pre,0.0375044512657245
post,novel,6,2,87,Occl,Pre,0.0854677068353906
post,novel,6,2,88,Occl,Pre,0.100908636822736
post,novel,6,2,89,Occl,Pre,0.14583940952837
post,novel,6,2,90,Occl,Pre,1.06951190232375
post,novel,6,2,91,Occl,Pre,-0.0142962050148005
post,novel,6,2,92,Occl,Pre,0.297693950159862
post,novel,6,2,93,Occl,Pre,-0.136560154731927
post,novel,6,2,94,Occl,Pre,0.057839471907237
post,novel,6,2,95,Occl,Pre,0.274286085924251
post,novel,6,2,96,Occl,Pre,-0.338348222619089
post,novel,6,2,97,Occl,Pre,0.176412021017457
post,novel,6,2,98,Occl,Pre,0.117420117360034
post,novel,6,2,99,Occl,Pre,-0.127861944599972
post,novel,6,2,100,Occl,Pre,0.174869515029507
post,novel,6,2,101,Occl,Pre,-0.0905940843013984
post,novel,6,2,102,Occl,Pre,-0.0890749320072596
post,novel,6,2,103,Occl,Pre,-0.0353939070316782
post,novel,6,2,104,Occl,Pre,0.145530378989059
post,novel,6,2,105,Occl,Pre,-0.00834941816001139
post,novel,6,2,106,Occl,Pre,-0.217759035446286
post,novel,6,2,107,Occl,Pre,0.0289849113528031
post,novel,6,2,108,Occl,Pre,-0.0845849099766489
post,novel,6,2,109,Occl,Pre,-0.0863826310208632
post,novel,6,2,110,Occl,Pre,-0.0117491505992468
post,novel,6,2,111,Occl,Pre,-0.0346689548996807
post,novel,6,2,112,Occl,Pre,-0.0425422582648878
post,novel,6,2,113,Occl,Pre,0.149773612483438
post,novel,6,2,114,Occl,Pre,-0.158066011979989
post,novel,6,2,115,Occl,Pre,0.397917002696142
post,novel,6,2,116,Occl,Pre,-0.137163197411265
post,novel,6,2,117,Occl,Pre,0.432293379933336
post,novel,6,2,118,Occl,Pre,0.0130523308328617
post,novel,6,2,119,Occl,Pre,0.320123091519963
post,novel,6,2,120,Occl,Pre,0.104089873194037
post,novel,6,2,121,Occl,Pre,0.0419795195166198
post,novel,6,2,122,Occl,Pre,0.268622365022568
post,novel,6,2,123,Occl,Pre,0.114857158079409
post,novel,6,2,124,Occl,Pre,-0.0859031723227249
post,novel,6,2,125,Occl,Pre,-0.264079514877383
post,novel,6,2,126,Occl,Pre,0.105258100685094
post,novel,6,2,127,Occl,Pre,-0.0673851372840499
post,novel,6,2,128,Occl,Pre,-0.0452021016514044
post,novel,6,2,129,Occl,Pre,-0.157924594529026
post,novel,6,2,130,Occl,Pre,0.05865250757784
post,novel,6,2,131,Occl,Pre,-0.112195331430224
post,novel,6,2,132,Occl,Pre,0.0530425402734158
post,novel,6,2,133,Occl,Pre,-0.264385375357632
post,novel,6,2,134,Occl,Pre,0.106043897976263
post,novel,6,2,135,Occl,Pre,0.471290287156728
post,novel,6,2,136,Occl,Pre,-0.119072925910545
post,novel,6,2,137,Occl,Pre,0.0763826778566417
post,novel,6,2,138,Occl,Pre,-0.024155918977153
post,novel,6,2,139,Occl,Pre,-0.0139534101792528
post,novel,6,2,140,Occl,Pre,0.704761653390611
post,novel,6,2,141,Occl,Pre,0.0255621759544762
post,novel,6,2,142,Occl,Pre,-0.00417287036403541
post,novel,6,2,143,Occl,Pre,-0.0776162156576498
post,novel,6,2,144,Occl,Pre,0.127271529344186
post,novel,6,2,145,Occl,Pre,0.147129350089344
post,novel,6,2,146,Occl,Pre,0.179899293407724
post,novel,6,2,147,Occl,Pre,-0.0747165800976064
post,novel,6,2,148,Occl,Pre,0.0307302036206517
post,novel,6,2,149,Occl,Pre,0.29151411587329
post,novel,6,2,150,Occl,Pre,0.320235122557999
post,novel,6,2,151,Occl,Pre,0.0506898381463983
post,novel,6,2,152,Occl,Pre,0.0961789411698219
post,novel,6,2,153,Occl,Pre,0.0368343079989998
post,novel,6,2,154,Occl,Pre,-0.0305879798618185
post,novel,6,2,155,Occl,Pre,0.0445175306052404
post,novel,6,2,156,Occl,Pre,-0.186623274059198
post,novel,6,2,157,Occl,Pre,0.0843590478585772
post,novel,6,2,158,Occl,Pre,0.163173984948111
post,novel,6,2,159,Occl,Pre,0.0249870561036927
post,novel,6,2,160,Occl,Pre,0.0514140556083314
post,novel,6,2,161,Occl,Pre,0.012646011155088
post,novel,6,2,162,Occl,Pre,-0.0627508349530655
post,novel,6,2,163,Occl,Pre,0.0216098227101817
post,novel,6,2,164,Occl,Pre,-0.0131907939777863
post,novel,6,2,165,Occl,Pre,0.00824594351896554
post,novel,6,2,166,Occl,Pre,-0.0651236263153619
post,novel,3,1,1,Occl,Post,0.468350947250157
post,novel,3,1,2,Occl,Post,0.233092299586294
post,novel,3,1,3,Occl,Post,0.343552014797218
post,novel,3,1,4,Occl,Post,0.0584484243958378
post,novel,3,1,5,Occl,Post,-0.0219311203000591
post,novel,3,1,6,Occl,Post,-0.20431033886627
post,novel,3,1,7,Occl,Post,-0.0549262825900643
post,novel,3,1,8,Occl,Post,0.196386467526495
post,novel,3,1,9,Occl,Post,0.180925148905383
post,novel,3,1,10,Occl,Post,0.0403013103138972
post,novel,3,1,11,Occl,Post,-0.00976210314432001
post,novel,3,1,12,Occl,Post,0.0137099273014622
post,novel,3,1,13,Occl,Post,-0.00637214551325802
post,novel,3,1,14,Occl,Post,0.061770244200103
post,novel,3,1,15,Occl,Post,0.658912567525597
post,novel,3,1,16,Occl,Post,0.139753828450065
post,novel,3,1,17,Occl,Post,-0.0375402113897254
post,novel,3,1,18,Occl,Post,-0.0649353220999996
post,novel,3,1,19,Occl,Post,0.746069922020513
post,novel,3,1,20,Occl,Post,0.0880765971424321
post,novel,3,1,21,Occl,Post,0.0897236349645666
post,novel,3,1,22,Occl,Post,0.097626231881057
post,novel,3,1,23,Occl,Post,-0.204114776563422
post,novel,3,1,24,Occl,Post,0.183571993232378
post,novel,3,1,25,Occl,Post,0.00601439621517705
post,novel,3,1,26,Occl,Post,0.246232716838405
post,novel,3,1,27,Occl,Post,0.102426548108173
post,novel,3,1,28,Occl,Post,0.0998998086030078
post,novel,3,1,29,Occl,Post,0.400746327588184
post,novel,3,1,30,Occl,Post,-0.37134997389886
post,novel,3,1,31,Occl,Post,0.0365779924969137
post,novel,3,1,32,Occl,Post,-0.0587153487002581
post,novel,3,1,33,Occl,Post,-0.0662450499614336
post,novel,3,1,34,Occl,Post,0.553611800648168
post,novel,3,1,35,Occl,Post,0.0938773792241733
post,novel,3,1,36,Occl,Post,0.0204590424085859
post,novel,3,1,37,Occl,Post,0.0996071353385541
post,novel,3,1,38,Occl,Post,0.103228038800584
post,novel,3,1,39,Occl,Post,0.048587635914922
post,novel,3,1,40,Occl,Post,0.241356077682813
post,novel,3,1,41,Occl,Post,-0.0961360396961612
post,novel,3,1,42,Occl,Post,0.134339984653477
post,novel,3,1,43,Occl,Post,-0.15575476119754
post,novel,3,1,44,Occl,Post,0.0589796580816455
post,novel,3,1,45,Occl,Post,0.363947488763291
post,novel,3,1,46,Occl,Post,-0.00655858937314929
post,novel,3,1,47,Occl,Post,-0.00163938226102623
post,novel,3,1,48,Occl,Post,-0.040128971045883
post,novel,3,1,49,Occl,Post,-0.0501220542943456
post,novel,3,1,50,Occl,Post,0.123984252815315
post,novel,3,1,51,Occl,Post,0.750192334463356
post,novel,3,1,52,Occl,Post,0.1482377186408
post,novel,3,1,53,Occl,Post,0.303191074419698
post,novel,3,1,54,Occl,Post,-0.0804430323434314
post,novel,3,1,55,Occl,Post,0.145210241405112
post,novel,3,1,56,Occl,Post,-0.175096736460018
post,novel,3,1,57,Occl,Post,0.425884568414677
post,novel,3,1,58,Occl,Post,0.0324575983951369
post,novel,3,1,59,Occl,Post,0.229489570082533
post,novel,3,1,60,Occl,Post,-0.0421437797017892
post,novel,3,1,61,Occl,Post,0.224554989318679
post,novel,3,1,62,Occl,Post,-0.21555757713412
post,novel,3,1,63,Occl,Post,0.162887772796471
post,novel,3,1,64,Occl,Post,-0.234599181964228
post,novel,3,1,65,Occl,Post,-0.304611659039321
post,novel,3,1,66,Occl,Post,0.155494095107971
post,novel,3,1,67,Occl,Post,-0.0907155776438262
post,novel,3,1,68,Occl,Post,-0.298584312350094
post,novel,3,1,69,Occl,Post,-0.118330147660381
post,novel,3,1,70,Occl,Post,0.352228563010057
post,novel,3,1,71,Occl,Post,0.0102206501550171
post,novel,3,1,72,Occl,Post,0.521185081222626
post,novel,3,1,73,Occl,Post,-0.120366464861646
post,novel,3,1,74,Occl,Post,0.223411896565212
post,novel,3,1,75,Occl,Post,-0.124341134646365
post,novel,3,1,76,Occl,Post,0.131236270906493
post,novel,3,1,77,Occl,Post,0.145592035103673
post,novel,3,1,78,Occl,Post,0.125973957338375
post,novel,3,1,79,Occl,Post,0.664173040692264
post,novel,3,1,80,Occl,Post,0.126676308110797
post,novel,3,1,81,Occl,Post,0.0319295540904486
post,novel,3,1,82,Occl,Post,0.102006657738753
post,novel,3,1,83,Occl,Post,0.197853757927152
post,novel,3,1,84,Occl,Post,0.167243196346166
post,novel,3,1,85,Occl,Post,-0.0333587402752486
post,novel,3,1,86,Occl,Post,1.5910298893796
post,novel,3,1,87,Occl,Post,0.034274454907855
post,novel,3,1,88,Occl,Post,0.0863579753581155
post,novel,3,1,89,Occl,Post,0.0976303140936247
post,novel,3,1,90,Occl,Post,0.809152202318441
post,novel,3,1,91,Occl,Post,0.339847323325338
post,novel,3,1,92,Occl,Post,-0.0195200232430776
post,novel,3,1,93,Occl,Post,0.224385253250104
post,novel,3,1,94,Occl,Post,0.114054187449894
post,novel,3,1,95,Occl,Post,0.529058100024741
post,novel,3,1,96,Occl,Post,0.371206726943792
post,novel,3,1,97,Occl,Post,0.0713564008886965
post,novel,3,1,98,Occl,Post,0.258420116870701
post,novel,3,1,99,Occl,Post,0.161761404606742
post,novel,3,1,100,Occl,Post,0.371387533539902
post,novel,3,1,101,Occl,Post,0.262564951343483
post,novel,3,1,102,Occl,Post,0.048685506462721
post,novel,3,1,103,Occl,Post,-0.165847370922163
post,novel,3,1,104,Occl,Post,0.0747009676003395
post,novel,3,1,105,Occl,Post,0.134864623263931
post,novel,3,1,106,Occl,Post,0.322279912062714
post,novel,3,1,107,Occl,Post,0.00327071982032442
post,novel,3,1,108,Occl,Post,-0.0757736167223377
post,novel,3,1,109,Occl,Post,0.162040845950172
post,novel,3,1,110,Occl,Post,0.0237197322671215
post,novel,3,1,111,Occl,Post,-0.145221341004819
post,novel,3,1,112,Occl,Post,0.665031301153536
post,novel,3,1,113,Occl,Post,0.0120469850624548
post,novel,3,1,114,Occl,Post,-0.159671838685783
post,novel,3,1,115,Occl,Post,-0.056994146388215
post,novel,3,1,116,Occl,Post,-0.397903553005111
post,novel,3,1,117,Occl,Post,0.135014431885834
post,novel,3,1,118,Occl,Post,0.294448640836257
post,novel,3,1,119,Occl,Post,0.557075551359201
post,novel,3,1,120,Occl,Post,0.150935539232396
post,novel,3,1,121,Occl,Post,0.120999415575516
post,novel,3,1,122,Occl,Post,0.139003383512735
post,novel,3,1,123,Occl,Post,-0.286759611466752
post,novel,3,1,124,Occl,Post,-0.0399294491079518
post,novel,3,1,125,Occl,Post,-0.0700201529095377
post,novel,3,1,126,Occl,Post,-0.127248767127938
post,novel,3,1,127,Occl,Post,-0.262057438167194
post,novel,3,1,128,Occl,Post,0.109112590382148
post,novel,3,1,129,Occl,Post,-0.276195265158899
post,novel,3,1,130,Occl,Post,0.0370667543237035
post,novel,3,1,131,Occl,Post,-0.130732663072284
post,novel,3,1,132,Occl,Post,0.0784980188343515
post,novel,3,1,133,Occl,Post,0.42523488445448
post,novel,3,1,134,Occl,Post,0.278059225899176
post,novel,3,1,135,Occl,Post,0.186966468677212
post,novel,3,1,136,Occl,Post,0.213426942272203
post,novel,3,1,137,Occl,Post,0.110819839623218
post,novel,3,1,138,Occl,Post,0.125827188020303
post,novel,3,1,139,Occl,Post,-0.147294090369256
post,novel,3,1,140,Occl,Post,-0.230747981933666
post,novel,3,1,141,Occl,Post,0.233643998385448
post,novel,3,1,142,Occl,Post,0.653471371895025
post,novel,3,1,143,Occl,Post,0.736028973954297
post,novel,3,1,144,Occl,Post,-0.0776651630954024
post,novel,3,1,145,Occl,Post,0.0756535171983813
post,novel,3,1,146,Occl,Post,2.0086174584197
post,novel,3,1,147,Occl,Post,0.447753715411034
post,novel,3,1,148,Occl,Post,0.541522454384543
post,novel,3,1,149,Occl,Post,0.172228363621611
post,novel,3,1,150,Occl,Post,-0.191618945934487
post,novel,3,1,151,Occl,Post,0.671460733893776
post,novel,3,1,152,Occl,Post,0.701419616355209
post,novel,3,1,153,Occl,Post,0.204367091541241
post,novel,3,1,154,Occl,Post,0.25094211824683
post,novel,3,1,155,Occl,Post,0.233890440649155
post,novel,3,1,156,Occl,Post,0.266748824996088
post,novel,3,1,157,Occl,Post,0.028537879838263
post,novel,3,1,158,Occl,Post,0.0521817726994061
post,novel,3,1,159,Occl,Post,0.198848337427866
post,novel,3,1,160,Occl,Post,0.017544937239818
post,novel,3,1,161,Occl,Post,0.0753363463030872
post,novel,3,1,162,Occl,Post,1.45937518188979
post,novel,3,1,163,Occl,Post,0.0841327637496813
post,novel,3,1,164,Occl,Post,0.190282350478227
post,novel,3,1,165,Occl,Post,-0.0703351219391575
post,novel,3,1,166,Occl,Post,-0.0699031109792109
post,novel,6,2,1,Occl,Post,0.207618592019875
post,novel,6,2,2,Occl,Post,0.099044426659169
post,novel,6,2,3,Occl,Post,0.817136258334522
post,novel,6,2,4,Occl,Post,0.215542003595381
post,novel,6,2,5,Occl,Post,-0.0563429971237768
post,novel,6,2,6,Occl,Post,-0.170322938214183
post,novel,6,2,7,Occl,Post,0.0314521696857943
post,novel,6,2,8,Occl,Post,-0.0507954568360448
post,novel,6,2,9,Occl,Post,0.0808194193170554
post,novel,6,2,10,Occl,Post,0.0586439369321385
post,novel,6,2,11,Occl,Post,0.044927991574539
post,novel,6,2,12,Occl,Post,-0.00161996845685081
post,novel,6,2,13,Occl,Post,-0.0244214223027659
post,novel,6,2,14,Occl,Post,-0.0681904647065894
post,novel,6,2,15,Occl,Post,0.0437357788852449
post,novel,6,2,16,Occl,Post,0.132313826817634
post,novel,6,2,17,Occl,Post,0.0796473366331726
post,novel,6,2,18,Occl,Post,0.135280478177848
post,novel,6,2,19,Occl,Post,0.113406409037016
post,novel,6,2,20,Occl,Post,0.263003418739733
post,novel,6,2,21,Occl,Post,0.165444146370558
post,novel,6,2,22,Occl,Post,0.0344944574960151
post,novel,6,2,23,Occl,Post,-0.0917916285205305
post,novel,6,2,24,Occl,Post,0.0330598359924819
post,novel,6,2,25,Occl,Post,-0.0259295037230262
post,novel,6,2,26,Occl,Post,-0.0924014111253583
post,novel,6,2,27,Occl,Post,0.114160355224553
post,novel,6,2,28,Occl,Post,-0.0214030521482345
post,novel,6,2,29,Occl,Post,0.71332667584741
post,novel,6,2,30,Occl,Post,0.0930273907341584
post,novel,6,2,31,Occl,Post,0.0947923778363349
post,novel,6,2,32,Occl,Post,0.0932394377380981
post,novel,6,2,33,Occl,Post,-0.0179441672570342
post,novel,6,2,34,Occl,Post,0.109509981218688
post,novel,6,2,35,Occl,Post,-0.244771828825231
post,novel,6,2,36,Occl,Post,0.45743059534598
post,novel,6,2,37,Occl,Post,-0.0264056176114396
post,novel,6,2,38,Occl,Post,0.126486255329094
post,novel,6,2,39,Occl,Post,0.0239250500672336
post,novel,6,2,40,Occl,Post,-0.247063933216721
post,novel,6,2,41,Occl,Post,-0.0570603665400503
post,novel,6,2,42,Occl,Post,-0.061708332106051
post,novel,6,2,43,Occl,Post,-0.267639767844401
post,novel,6,2,44,Occl,Post,0.0729041473980215
post,novel,6,2,45,Occl,Post,0.452175584531699
post,novel,6,2,46,Occl,Post,-0.00743238126260304
post,novel,6,2,47,Occl,Post,0.00943864047484672
post,novel,6,2,48,Occl,Post,-0.250555355423644
post,novel,6,2,49,Occl,Post,-0.276637548640797
post,novel,6,2,50,Occl,Post,0.117256687766586
post,novel,6,2,51,Occl,Post,-0.0222162700457771
post,novel,6,2,52,Occl,Post,-0.186308503743974
post,novel,6,2,53,Occl,Post,0.623275184915032
post,novel,6,2,54,Occl,Post,-0.291559045865742
post,novel,6,2,55,Occl,Post,0.0422273034125771
post,novel,6,2,56,Occl,Post,-0.153500448100724
post,novel,6,2,57,Occl,Post,0.20659092747552
post,novel,6,2,58,Occl,Post,0.113309175551599
post,novel,6,2,59,Occl,Post,0.128863953110874
post,novel,6,2,60,Occl,Post,0.062649804092495
post,novel,6,2,61,Occl,Post,-0.0443783459287604
post,novel,6,2,62,Occl,Post,-0.292148566436947
post,novel,6,2,63,Occl,Post,-0.226355513097233
post,novel,6,2,64,Occl,Post,0.0254435031625185
post,novel,6,2,65,Occl,Post,-0.18117292193443
post,novel,6,2,66,Occl,Post,0.114701133790154
post,novel,6,2,67,Occl,Post,-0.000134512382628904
post,novel,6,2,68,Occl,Post,-0.460675898708384
post,novel,6,2,69,Occl,Post,-0.411876745800261
post,novel,6,2,70,Occl,Post,0.0848776801958764
post,novel,6,2,71,Occl,Post,0.145068815975905
post,novel,6,2,72,Occl,Post,0.00466668122593465
post,novel,6,2,73,Occl,Post,0.119068021426751
post,novel,6,2,74,Occl,Post,0.124260524078244
post,novel,6,2,75,Occl,Post,-0.124585777575198
post,novel,6,2,76,Occl,Post,-0.18987933765322
post,novel,6,2,77,Occl,Post,0.00732554384361472
post,novel,6,2,78,Occl,Post,0.0131991099109272
post,novel,6,2,79,Occl,Post,0.0769355042346013
post,novel,6,2,80,Occl,Post,0.155622118364446
post,novel,6,2,81,Occl,Post,-0.16126421031141
post,novel,6,2,82,Occl,Post,0.172329228987382
post,novel,6,2,83,Occl,Post,0.206384834193076
post,novel,6,2,84,Occl,Post,0.13647843174524
post,novel,6,2,85,Occl,Post,0.0327937683756439
post,novel,6,2,86,Occl,Post,1.011764441603
post,novel,6,2,87,Occl,Post,0.149236507848354
post,novel,6,2,88,Occl,Post,-0.0706648496592862
post,novel,6,2,89,Occl,Post,0.0486186076730168
post,novel,6,2,90,Occl,Post,0.0494923615731503
post,novel,6,2,91,Occl,Post,-0.218704237330336
post,novel,6,2,92,Occl,Post,0.138984194228288
post,novel,6,2,93,Occl,Post,-0.0570718796790518
post,novel,6,2,94,Occl,Post,0.246197452892071
post,novel,6,2,95,Occl,Post,0.0100727130302157
post,novel,6,2,96,Occl,Post,-0.0272887458112845
post,novel,6,2,97,Occl,Post,0.262028715872614
post,novel,6,2,98,Occl,Post,0.167819346256701
post,novel,6,2,99,Occl,Post,-0.098844275058494
post,novel,6,2,100,Occl,Post,0.0116600495699735
post,novel,6,2,101,Occl,Post,0.281650001106351
post,novel,6,2,102,Occl,Post,0.0128215144589351
post,novel,6,2,103,Occl,Post,-0.0474167253770856
post,novel,6,2,104,Occl,Post,0.91320226200792
post,novel,6,2,105,Occl,Post,0.156543195520891
post,novel,6,2,106,Occl,Post,-0.112921832886673
post,novel,6,2,107,Occl,Post,-0.109486160180864
post,novel,6,2,108,Occl,Post,-0.251705581058806
post,novel,6,2,109,Occl,Post,0.227530338140234
post,novel,6,2,110,Occl,Post,0.0523865949467261
post,novel,6,2,111,Occl,Post,-0.0416015174408638
post,novel,6,2,112,Occl,Post,0.444429049176174
post,novel,6,2,113,Occl,Post,0.0795446855342969
post,novel,6,2,114,Occl,Post,-0.241076135050597
post,novel,6,2,115,Occl,Post,0.0160042670431227
post,novel,6,2,116,Occl,Post,-0.208561797546523
post,novel,6,2,117,Occl,Post,0.123766167617546
post,novel,6,2,118,Occl,Post,0.0625803676468059
post,novel,6,2,119,Occl,Post,0.317307031568607
post,novel,6,2,120,Occl,Post,0.0741680146854635
post,novel,6,2,121,Occl,Post,0.230369009614597
post,novel,6,2,122,Occl,Post,0.0305124192893082
post,novel,6,2,123,Occl,Post,-0.104663944656171
post,novel,6,2,124,Occl,Post,0.161258244182752
post,novel,6,2,125,Occl,Post,0.248922071816977
post,novel,6,2,126,Occl,Post,0.163356182376864
post,novel,6,2,127,Occl,Post,-0.0188956999489492
post,novel,6,2,128,Occl,Post,0.110210364965052
post,novel,6,2,129,Occl,Post,0.116767336278482
post,novel,6,2,130,Occl,Post,0.265869964505635
post,novel,6,2,131,Occl,Post,0.136423062444479
post,novel,6,2,132,Occl,Post,0.0669015793875105
post,novel,6,2,133,Occl,Post,-0.0375525192660366
post,novel,6,2,134,Occl,Post,0.167752376947926
post,novel,6,2,135,Occl,Post,-0.0302960593694808
post,novel,6,2,136,Occl,Post,-0.0120956305616341
post,novel,6,2,137,Occl,Post,0.162735786352449
post,novel,6,2,138,Occl,Post,0.159449293998938
post,novel,6,2,139,Occl,Post,0.44572856560026
post,novel,6,2,140,Occl,Post,-0.200535144152821
post,novel,6,2,141,Occl,Post,0.123442166526438
post,novel,6,2,142,Occl,Post,0.00725902720245175
post,novel,6,2,143,Occl,Post,0.45651643838843
post,novel,6,2,144,Occl,Post,0.0190543280780001
post,novel,6,2,145,Occl,Post,0.0542424937422304
post,novel,6,2,146,Occl,Post,0.705857335477623
post,novel,6,2,147,Occl,Post,0.327486282487351
post,novel,6,2,148,Occl,Post,0.18890851998979
post,novel,6,2,149,Occl,Post,0.236281865030098
post,novel,6,2,150,Occl,Post,-0.0047600139628976
post,novel,6,2,151,Occl,Post,0.433880997425648
post,novel,6,2,152,Occl,Post,0.301027158884116
post,novel,6,2,153,Occl,Post,0.022952658797552
post,novel,6,2,154,Occl,Post,0.111408481588111
post,novel,6,2,155,Occl,Post,0.28906248815432
post,novel,6,2,156,Occl,Post,0.1091118583069
post,novel,6,2,157,Occl,Post,-0.00970805244109425
post,novel,6,2,158,Occl,Post,0.0249914337961693
post,novel,6,2,159,Occl,Post,-0.115928591019346
post,novel,6,2,160,Occl,Post,-0.00911950499188555
post,novel,6,2,161,Occl,Post,-0.0415783701186145
post,novel,6,2,162,Occl,Post,1.17393344680276
post,novel,6,2,163,Occl,Post,-0.0481703066436822
post,novel,6,2,164,Occl,Post,0.152560771070599
post,novel,6,2,165,Occl,Post,-0.0759383242906187
post,novel,6,2,166,Occl,Post,-0.141912173342705
