transition,transition_label,transition_row,experiment_phase,phase_label,phase_index,condition,condition_label,condition_index,image_type,trace_label,trace_index,y,y_sem,y_raw_mean,trial_step,relative_step,baseline_mean,baseline_std,baseline_n,n_trials,trial_len,stim_start,stim_end
un_un,un -> un,0,naive,Naive,0,familiar_1,Familiar 1,0,full,Nonoccluded,0,-2.2110128651552285,0.06280712915878457,0.008214247995056212,0.0,-90.0,0.03479314242774207,0.012021139655747701,900,10,120,90.0,120.0
un_un,un -> un,0,naive,Naive,0,familiar_1,Familiar 1,0,full,Nonoccluded,0,-2.0722395481448723,0.07419688461140234,0.009882461419329048,1.0,-89.0,0.03479314242774207,0.012021139655747701,900,10,120,90.0,120.0
un_un,un -> un,0,naive,Naive,0,familiar_1,Familiar 1,0,full,Nonoccluded,0,-1.923166289962753,0.10272275287787772,0.011674491874873637,2.0,-88.0,0.03479314242774207,0.012021139655747701,900,10,120,90.0,120.0
un_un,un -> un,0,naive,Naive,0,familiar_1,Familiar 1,0,full,Nonoccluded,0,-1.7499486176489003,0.15552591177537478,0.013756765704602002,3.0,-87.0,0.03479314242774207,0.012021139655747701,900,10,120,90.0,120.0
un_un,un -> un,0,naive,Naive,0,familiar_1,Familiar 1,0,full,Nonoccluded,0,-1.6979627466783995,0.13843015367403383,0.014381695119664074,4.0,-86.0,0.03479314242774207,0.012021139655747701,900,10,120,90.0,120.0
un_un,un -> un,0,naive,Naive,0,familiar_1,Familiar 1,0,full,Nonoccluded,0,-1.5692428339238567,0.1476363186317416,0.015929055167362094,5.0,-85.0,0.03479314242774207,0.012021139655747701,900,10,120,90.0,120.0
un_un,un -> un,0,naive,Naive,0,familiar_1,Familiar 1,0,full,Nonoccluded,0,-1.5788028796317959,0.12575522679807238,0.015814132522791624,6.0,-84.0,0.03479314242774207,0.012021139655747701,900,10,120,90.0,120.0
un_un,un -> un,0,naive,Naive,0,familiar_1,Familiar 1,0,full,Nonoccluded,0,-1.3668241763206885,0.1062723411634693,0.01836235811933875,7.0,-83.0,0.03479314242774207,0.012021139655747701,900,10,120,90.0,120.0
un_un,un -> un,0,naive,Naive,0,familiar_1,Familiar 1,0,full,Nonoccluded,0,-1.298423709058289,0.12864952669615817,0.019184609688818455,8.0,-82.0,0.03479314242774207,0.012021139655747701,900,10,120,90.0,120.0
un_un,un -> un,0,naive,Naive,0,familiar_1,Familiar 1,0,full,Nonoccluded,0,-1.1369813702726075,0.16345820769122074,0.021125330589711666,9.0,-81.0,0.03479314242774207,0.012021139655747701,900,10,120,90.0,120.0
un_un,un -> un,0,naive,Naive,0,familiar_1,Familiar 1,0,full,Nonoccluded,0,-0.9225946825966773,0.19904466203266097,0.023702502902597188,10.0,-80.0,0.03479314242774207,0.012021139655747701,900,10,120,90.0,120.0
un_un,un -> un,0,naive,Naive,0,familiar_1,Familiar 1,0,full,Nonoccluded,0,-0.8287805373993397,0.21363039681537715,0.024830255843698978,11.0,-79.0,0.03479314242774207,0.012021139655747701,900,10,120,90.0,120.0
un_un,un -> un,0,naive,Naive,0,familiar_1,Familiar 1,0,full,Nonoccluded,0,-0.7165307657302002,0.17012657057261862,0.026179626025259493,12.0,-78.0,0.03479314242774207,0.012021139655747701,900,10,120,90.0,120.0
un_un,un -> un,0,naive,Naive,0,familiar_1,Familiar 1,0,full,Nonoccluded,0,-0.574947517065752,0.20800784318968765,0.02788161803036928,13.0,-77.0,0.03479314242774207,0.012021139655747701,900,10,120,90.0,120.0
un_un,un -> un,0,naive,Naive,0,familiar_1,Familiar 1,0,full,Nonoccluded,0,-0.5660294535799169,0.21784283530924464,0.02798882331699133,14.0,-76.0,0.03479314242774207,0.012021139655747701,900,10,120,90.0,120.0
un_un,un -> un,0,naive,Naive,0,familiar_1,Familiar 1,0,full,Nonoccluded,0,-0.4896168774335468,0.2681639332723133,0.0289073895663023,15.0,-75.0,0.03479314242774207,0.012021139655747701,900,10,120,90.0,120.0
un_un,un -> un,0,naive,Naive,0,familiar_1,Familiar 1,0,full,Nonoccluded,0,-0.3919367541787643,0.25439264499678504,0.030081615969538688,16.0,-74.0,0.03479314242774207,0.012021139655747701,900,10,120,90.0,120.0
un_un,un -> un,0,naive,Naive,0,familiar_1,Familiar 1,0,full,Nonoccluded,0,-0.32349498566883356,0.2249238655747732,0.03090436402708292,17.0,-73.0,0.03479314242774207,0.012021139655747701,900,10,120,90.0,120.0
un_un,un -> un,0,naive,Naive,0,familiar_1,Familiar 1,0,full,Nonoccluded,0,-0.21101511701007264,0.21340528426073915,0.03225650023669004,18.0,-72.0,0.03479314242774207,0.012021139655747701,900,10,120,90.0,120.0
un_un,un -> un,0,naive,Naive,0,familiar_1,Familiar 1,0,full,Nonoccluded,0,-0.20662739209181763,0.22309224464823432,0.03230924569070339,19.0,-71.0,0.03479314242774207,0.012021139655747701,900,10,120,90.0,120.0
un_un,un -> un,0,naive,Naive,0,familiar_1,Familiar 1,0,full,Nonoccluded,0,-0.18230911528019908,0.21914850710883554,0.03260157909244299,20.0,-70.0,0.03479314242774207,0.012021139655747701,900,10,120,90.0,120.0
un_un,un -> un,0,naive,Naive,0,familiar_1,Familiar 1,0,full,Nonoccluded,0,-0.207034268647405,0.22513926908364662,0.03230435457080603,21.0,-69.0,0.03479314242774207,0.012021139655747701,900,10,120,90.0,120.0
un_un,un -> un,0,naive,Naive,0,familiar_1,Familiar 1,0,full,Nonoccluded,0,-0.2743128232747515,0.2130028161485826,0.03149558966979384,22.0,-68.0,0.03479314242774207,0.012021139655747701,900,10,120,90.0,120.0
un_un,un -> un,0,naive,Naive,0,familiar_1,Familiar 1,0,full,Nonoccluded,0,-0.15102850642604815,0.19821078895034383,0.03297760765999556,23.0,-67.0,0.03479314242774207,0.012021139655747701,900,10,120,90.0,120.0
un_un,un -> un,0,naive,Naive,0,familiar_1,Familiar 1,0,full,Nonoccluded,0,-0.12291533370781912,0.16821812226235755,0.033315560035407546,24.0,-66.0,0.03479314242774207,0.012021139655747701,900,10,120,90.0,120.0
un_un,un -> un,0,naive,Naive,0,familiar_1,Familiar 1,0,full,Nonoccluded,0,-0.02825340118801344,0.18792621012175115,0.034453504346311094,25.0,-65.0,0.03479314242774207,0.012021139655747701,900,10,120,90.0,120.0
un_un,un -> un,0,naive,Naive,0,familiar_1,Familiar 1,0,full,Nonoccluded,0,0.21256009618816823,0.21958468531639813,0.037348357029259205,26.0,-64.0,0.03479314242774207,0.012021139655747701,900,10,120,90.0,120.0
un_un,un -> un,0,naive,Naive,0,familiar_1,Familiar 1,0,full,Nonoccluded,0,0.3082159702294053,0.27577856350017393,0.03849824965000152,27.0,-63.0,0.03479314242774207,0.012021139655747701,900,10,120,90.0,120.0
un_un,un -> un,0,naive,Naive,0,familiar_1,Familiar 1,0,full,Nonoccluded,0,0.22757630320460548,0.2555703467090243,0.03752886895090342,28.0,-62.0,0.03479314242774207,0.012021139655747701,900,10,120,90.0,120.0
un_un,un -> un,0,naive,Naive,0,familiar_1,Familiar 1,0,full,Nonoccluded,0,0.2989676517107894,0.20697479190488896,0.03838707432150841,29.0,-61.0,0.03479314242774207,0.012021139655747701,900,10,120,90.0,120.0
un_un,un -> un,0,naive,Naive,0,familiar_1,Familiar 1,0,full,Nonoccluded,0,0.3831510293022161,0.2393535029942095,0.03939905446022749,30.0,-60.0,0.03479314242774207,0.012021139655747701,900,10,120,90.0,120.0
un_un,un -> un,0,naive,Naive,0,familiar_1,Familiar 1,0,full,Nonoccluded,0,0.3642007990478679,0.2551566583526631,0.039171251095831396,31.0,-59.0,0.03479314242774207,0.012021139655747701,900,10,120,90.0,120.0
un_un,un -> un,0,naive,Naive,0,familiar_1,Familiar 1,0,full,Nonoccluded,0,0.36894922617631826,0.2116354555619662,0.039228332601487635,32.0,-58.0,0.03479314242774207,0.012021139655747701,900,10,120,90.0,120.0
un_un,un -> un,0,naive,Naive,0,familiar_1,Familiar 1,0,full,Nonoccluded,0,0.32951083457638347,0.18188262129776278,0.03875423818826675,33.0,-57.0,0.03479314242774207,0.012021139655747701,900,10,120,90.0,120.0
un_un,un -> un,0,naive,Naive,0,familiar_1,Familiar 1,0,full,Nonoccluded,0,0.34319384259073193,0.17879962277014017,0.038918723538517955,34.0,-56.0,0.03479314242774207,0.012021139655747701,900,10,120,90.0,120.0
un_un,un -> un,0,naive,Naive,0,familiar_1,Familiar 1,0,full,Nonoccluded,0,0.38426265342541005,0.24168311481742874,0.0394124174490571,35.0,-55.0,0.03479314242774207,0.012021139655747701,900,10,120,90.0,120.0
un_un,un -> un,0,naive,Naive,0,familiar_1,Familiar 1,0,full,Nonoccluded,0,0.30589115391790156,0.2635566256637616,0.03847030270844698,36.0,-54.0,0.03479314242774207,0.012021139655747701,900,10,120,90.0,120.0
un_un,un -> un,0,naive,Naive,0,familiar_1,Familiar 1,0,full,Nonoccluded,0,0.3199556271031249,0.26473324730370157,0.03863937370479107,37.0,-53.0,0.03479314242774207,0.012021139655747701,900,10,120,90.0,120.0
un_un,un -> un,0,naive,Naive,0,familiar_1,Familiar 1,0,full,Nonoccluded,0,0.30366556596475036,0.2841021873860131,0.038443548604846,38.0,-52.0,0.03479314242774207,0.012021139655747701,900,10,120,90.0,120.0
un_un,un -> un,0,naive,Naive,0,familiar_1,Familiar 1,0,full,Nonoccluded,0,0.2677179238869628,0.2987967300320029,0.038011416979134086,39.0,-51.0,0.03479314242774207,0.012021139655747701,900,10,120,90.0,120.0
un_un,un -> un,0,naive,Naive,0,familiar_1,Familiar 1,0,full,Nonoccluded,0,0.38363726995078945,0.34522477107721505,0.03940489962697029,40.0,-50.0,0.03479314242774207,0.012021139655747701,900,10,120,90.0,120.0
un_un,un -> un,0,naive,Naive,0,familiar_1,Familiar 1,0,full,Nonoccluded,0,0.3001200425127507,0.30813583661873295,0.03840092737227678,41.0,-49.0,0.03479314242774207,0.012021139655747701,900,10,120,90.0,120.0
un_un,un -> un,0,naive,Naive,0,familiar_1,Familiar 1,0,full,Nonoccluded,0,0.27877407649090563,0.28733835998136414,0.03814432453364134,42.0,-48.0,0.03479314242774207,0.012021139655747701,900,10,120,90.0,120.0
un_un,un -> un,0,naive,Naive,0,familiar_1,Familiar 1,0,full,Nonoccluded,0,0.23568388297083548,0.3134596453871495,0.03762633129954338,43.0,-47.0,0.03479314242774207,0.012021139655747701,900,10,120,90.0,120.0
un_un,un -> un,0,naive,Naive,0,familiar_1,Familiar 1,0,full,Nonoccluded,0,0.3034566038097311,0.3104690085379336,0.038441036641597745,44.0,-46.0,0.03479314242774207,0.012021139655747701,900,10,120,90.0,120.0
un_un,un -> un,0,naive,Naive,0,familiar_1,Familiar 1,0,full,Nonoccluded,0,0.24077344244430315,0.2813499106629479,0.03768751360476017,45.0,-45.0,0.03479314242774207,0.012021139655747701,900,10,120,90.0,120.0
un_un,un -> un,0,naive,Naive,0,familiar_1,Familiar 1,0,full,Nonoccluded,0,0.17373213563221543,0.264905648157444,0.036881600692868236,46.0,-44.0,0.03479314242774207,0.012021139655747701,900,10,120,90.0,120.0
un_un,un -> un,0,naive,Naive,0,familiar_1,Familiar 1,0,full,Nonoccluded,0,0.12332727502267653,0.31445073516206323,0.03627567682415247,47.0,-43.0,0.03479314242774207,0.012021139655747701,900,10,120,90.0,120.0
un_un,un -> un,0,naive,Naive,0,familiar_1,Familiar 1,0,full,Nonoccluded,0,0.2666718580373776,0.25288983020334893,0.03799884207546711,48.0,-42.0,0.03479314242774207,0.012021139655747701,900,10,120,90.0,120.0
un_un,un -> un,0,naive,Naive,0,familiar_1,Familiar 1,0,full,Nonoccluded,0,0.3990462997874884,0.2627881629507548,0.03959013372659683,49.0,-41.0,0.03479314242774207,0.012021139655747701,900,10,120,90.0,120.0
un_un,un -> un,0,naive,Naive,0,familiar_1,Familiar 1,0,full,Nonoccluded,0,0.45622578907711686,0.288539063721986,0.040277496352791785,50.0,-40.0,0.03479314242774207,0.012021139655747701,900,10,120,90.0,120.0
un_un,un -> un,0,naive,Naive,0,familiar_1,Familiar 1,0,full,Nonoccluded,0,0.3180340615764631,0.2803798342509475,0.03861627429723739,51.0,-39.0,0.03479314242774207,0.012021139655747701,900,10,120,90.0,120.0
un_un,un -> un,0,naive,Naive,0,familiar_1,Familiar 1,0,full,Nonoccluded,0,0.3110221463442479,0.2792363953991321,0.03853198308497667,52.0,-38.0,0.03479314242774207,0.012021139655747701,900,10,120,90.0,120.0
un_un,un -> un,0,naive,Naive,0,familiar_1,Familiar 1,0,full,Nonoccluded,0,0.23899311153450326,0.27602621137106453,0.03766611199826002,53.0,-37.0,0.03479314242774207,0.012021139655747701,900,10,120,90.0,120.0
un_un,un -> un,0,naive,Naive,0,familiar_1,Familiar 1,0,full,Nonoccluded,0,0.25475658370370013,0.2667033887371805,0.03785560689866543,54.0,-36.0,0.03479314242774207,0.012021139655747701,900,10,120,90.0,120.0
un_un,un -> un,0,naive,Naive,0,familiar_1,Familiar 1,0,full,Nonoccluded,0,0.2801483830561908,0.26142802380520785,0.038160845264792444,55.0,-35.0,0.03479314242774207,0.012021139655747701,900,10,120,90.0,120.0
un_un,un -> un,0,naive,Naive,0,familiar_1,Familiar 1,0,full,Nonoccluded,0,0.32192288663802876,0.28983605808705754,0.03866302240639925,56.0,-34.0,0.03479314242774207,0.012021139655747701,900,10,120,90.0,120.0
un_un,un -> un,0,naive,Naive,0,familiar_1,Familiar 1,0,full,Nonoccluded,0,0.24799408741033604,0.28790603690633865,0.03777431398630142,57.0,-33.0,0.03479314242774207,0.012021139655747701,900,10,120,90.0,120.0
un_un,un -> un,0,naive,Naive,0,familiar_1,Familiar 1,0,full,Nonoccluded,0,0.32558878877773023,0.2624238200015922,0.03870709072798491,58.0,-32.0,0.03479314242774207,0.012021139655747701,900,10,120,90.0,120.0
un_un,un -> un,0,naive,Naive,0,familiar_1,Familiar 1,0,full,Nonoccluded,0,0.26853648036963806,0.2617445789528302,0.03802125696092844,59.0,-31.0,0.03479314242774207,0.012021139655747701,900,10,120,90.0,120.0
un_un,un -> un,0,naive,Naive,0,familiar_1,Familiar 1,0,full,Nonoccluded,0,0.3464216462600926,0.3125411326723207,0.03895752541720867,60.0,-30.0,0.03479314242774207,0.012021139655747701,900,10,120,90.0,120.0
un_un,un -> un,0,naive,Naive,0,familiar_1,Familiar 1,0,full,Nonoccluded,0,0.36673395772451983,0.27785300053391215,0.0392017025500536,61.0,-29.0,0.03479314242774207,0.012021139655747701,900,10,120,90.0,120.0
un_un,un -> un,0,naive,Naive,0,familiar_1,Familiar 1,0,full,Nonoccluded,0,0.41223095026128487,0.2518128159590806,0.03974862825125456,62.0,-28.0,0.03479314242774207,0.012021139655747701,900,10,120,90.0,120.0
un_un,un -> un,0,naive,Naive,0,familiar_1,Familiar 1,0,full,Nonoccluded,0,0.49741947207606174,0.25574508343366326,0.0407726913690567,63.0,-27.0,0.03479314242774207,0.012021139655747701,900,10,120,90.0,120.0
un_un,un -> un,0,naive,Naive,0,familiar_1,Familiar 1,0,full,Nonoccluded,0,0.5361792712409474,0.2622000453909524,0.04123862832784653,64.0,-26.0,0.03479314242774207,0.012021139655747701,900,10,120,90.0,120.0
un_un,un -> un,0,naive,Naive,0,familiar_1,Familiar 1,0,full,Nonoccluded,0,0.4816405826338229,0.2788604472177065,0.040583011135458945,65.0,-25.0,0.03479314242774207,0.012021139655747701,900,10,120,90.0,120.0
un_un,un -> un,0,naive,Naive,0,familiar_1,Familiar 1,0,full,Nonoccluded,0,0.4813555567668809,0.2780096416568512,0.040579584799706934,66.0,-24.0,0.03479314242774207,0.012021139655747701,900,10,120,90.0,120.0
un_un,un -> un,0,naive,Naive,0,familiar_1,Familiar 1,0,full,Nonoccluded,0,0.4867050716070073,0.28534673997444265,0.04064389206469059,67.0,-23.0,0.03479314242774207,0.012021139655747701,900,10,120,90.0,120.0
un_un,un -> un,0,naive,Naive,0,familiar_1,Familiar 1,0,full,Nonoccluded,0,0.5285677402979999,0.28129118689402255,0.04114712905138731,68.0,-22.0,0.03479314242774207,0.012021139655747701,900,10,120,90.0,120.0
un_un,un -> un,0,naive,Naive,0,familiar_1,Familiar 1,0,full,Nonoccluded,0,0.4366160559157476,0.2573695505139935,0.040041765011847016,69.0,-21.0,0.03479314242774207,0.012021139655747701,900,10,120,90.0,120.0
un_un,un -> un,0,naive,Naive,0,familiar_1,Familiar 1,0,full,Nonoccluded,0,0.467885431078486,0.23178130754580195,0.040417658537626265,70.0,-20.0,0.03479314242774207,0.012021139655747701,900,10,120,90.0,120.0
un_un,un -> un,0,naive,Naive,0,familiar_1,Familiar 1,0,full,Nonoccluded,0,0.5133157497198744,0.2572013181349785,0.04096378274261951,71.0,-19.0,0.03479314242774207,0.012021139655747701,900,10,120,90.0,120.0
un_un,un -> un,0,naive,Naive,0,familiar_1,Familiar 1,0,full,Nonoccluded,0,0.4841318590099397,0.26174506685297066,0.04061295911669731,72.0,-18.0,0.03479314242774207,0.012021139655747701,900,10,120,90.0,120.0
un_un,un -> un,0,naive,Naive,0,familiar_1,Familiar 1,0,full,Nonoccluded,0,0.4538289221931054,0.2581686070585567,0.04024868328124285,73.0,-17.0,0.03479314242774207,0.012021139655747701,900,10,120,90.0,120.0
un_un,un -> un,0,naive,Naive,0,familiar_1,Familiar 1,0,full,Nonoccluded,0,0.3942635827844231,0.24304237434040143,0.039532640017569065,74.0,-16.0,0.03479314242774207,0.012021139655747701,900,10,120,90.0,120.0
un_un,un -> un,0,naive,Naive,0,familiar_1,Familiar 1,0,full,Nonoccluded,0,0.3990886779199204,0.2348806779059398,0.039590643160045146,75.0,-15.0,0.03479314242774207,0.012021139655747701,900,10,120,90.0,120.0
un_un,un -> un,0,naive,Naive,0,familiar_1,Familiar 1,0,full,Nonoccluded,0,0.44092706634271533,0.22464282266429023,0.040093588270246984,76.0,-14.0,0.03479314242774207,0.012021139655747701,900,10,120,90.0,120.0
un_un,un -> un,0,naive,Naive,0,familiar_1,Familiar 1,0,full,Nonoccluded,0,0.48113751469025096,0.26814211961273043,0.04057696368545294,77.0,-13.0,0.03479314242774207,0.012021139655747701,900,10,120,90.0,120.0
un_un,un -> un,0,naive,Naive,0,familiar_1,Familiar 1,0,full,Nonoccluded,0,0.48152310146376837,0.27398162289524663,0.0405815988779068,78.0,-12.0,0.03479314242774207,0.012021139655747701,900,10,120,90.0,120.0
un_un,un -> un,0,naive,Naive,0,familiar_1,Familiar 1,0,full,Nonoccluded,0,0.34820828353183025,0.27095694612064813,0.038979002833366395,79.0,-11.0,0.03479314242774207,0.012021139655747701,900,10,120,90.0,120.0
un_un,un -> un,0,naive,Naive,0,familiar_1,Familiar 1,0,full,Nonoccluded,0,0.43375619050332653,0.27265159600976585,0.04000738617032766,80.0,-10.0,0.03479314242774207,0.012021139655747701,900,10,120,90.0,120.0
un_un,un -> un,0,naive,Naive,0,familiar_1,Familiar 1,0,full,Nonoccluded,0,0.45124757485398054,0.3055593617308106,0.040217652544379236,81.0,-9.0,0.03479314242774207,0.012021139655747701,900,10,120,90.0,120.0
un_un,un -> un,0,naive,Naive,0,familiar_1,Familiar 1,0,full,Nonoccluded,0,0.34179341188238266,0.28541670294063476,0.03890188876539469,82.0,-8.0,0.03479314242774207,0.012021139655747701,900,10,120,90.0,120.0
un_un,un -> un,0,naive,Naive,0,familiar_1,Familiar 1,0,full,Nonoccluded,0,0.4229546785678983,0.28063939036967417,0.03987753968685866,83.0,-7.0,0.03479314242774207,0.012021139655747701,900,10,120,90.0,120.0
un_un,un -> un,0,naive,Naive,0,familiar_1,Familiar 1,0,full,Nonoccluded,0,0.32734975125406035,0.23939597996482567,0.0387282595038414,84.0,-6.0,0.03479314242774207,0.012021139655747701,900,10,120,90.0,120.0
un_un,un -> un,0,naive,Naive,0,familiar_1,Familiar 1,0,full,Nonoccluded,0,0.38724268059907796,0.253876777125051,0.03944824077188969,85.0,-5.0,0.03479314242774207,0.012021139655747701,900,10,120,90.0,120.0
un_un,un -> un,0,naive,Naive,0,familiar_1,Familiar 1,0,full,Nonoccluded,0,0.3623475653544876,0.2725850639542492,0.03914897311478853,86.0,-4.0,0.03479314242774207,0.012021139655747701,900,10,120,90.0,120.0
un_un,un -> un,0,naive,Naive,0,familiar_1,Familiar 1,0,full,Nonoccluded,0,0.365146706854294,0.2634773721667632,0.039182621985673904,87.0,-3.0,0.03479314242774207,0.012021139655747701,900,10,120,90.0,120.0
un_un,un -> un,0,naive,Naive,0,familiar_1,Familiar 1,0,full,Nonoccluded,0,0.24369369088490975,0.26253734168188786,0.03772261831909418,88.0,-2.0,0.03479314242774207,0.012021139655747701,900,10,120,90.0,120.0
un_un,un -> un,0,naive,Naive,0,familiar_1,Familiar 1,0,full,Nonoccluded,0,0.28205594133176726,0.23971134817965883,0.038183776289224626,89.0,-1.0,0.03479314242774207,0.012021139655747701,900,10,120,90.0,120.0
un_un,un -> un,0,naive,Naive,0,familiar_1,Familiar 1,0,full,Nonoccluded,0,0.12577502665509993,0.22826668051750468,0.036305101588368416,90.0,0.0,0.03479314242774207,0.012021139655747701,900,10,120,90.0,120.0
un_un,un -> un,0,naive,Naive,0,familiar_1,Familiar 1,0,full,Nonoccluded,0,-0.0062524877146994395,0.22606810122537763,0.03471798039972782,91.0,1.0,0.03479314242774207,0.012021139655747701,900,10,120,90.0,120.0
un_un,un -> un,0,naive,Naive,0,familiar_1,Familiar 1,0,full,Nonoccluded,0,-0.08357214183207531,0.2278642480818327,0.03378851003944874,92.0,2.0,0.03479314242774207,0.012021139655747701,900,10,120,90.0,120.0
un_un,un -> un,0,naive,Naive,0,familiar_1,Familiar 1,0,full,Nonoccluded,0,-0.22411009938427712,0.21647102075533634,0.03209908362478018,93.0,3.0,0.03479314242774207,0.012021139655747701,900,10,120,90.0,120.0
un_un,un -> un,0,naive,Naive,0,familiar_1,Familiar 1,0,full,Nonoccluded,0,-0.32932455875356975,0.21705552168008982,0.030834285914897917,94.0,4.0,0.03479314242774207,0.012021139655747701,900,10,120,90.0,120.0
un_un,un -> un,0,naive,Naive,0,familiar_1,Familiar 1,0,full,Nonoccluded,0,-0.4470791955940103,0.20972167904881395,0.02941874098032713,95.0,5.0,0.03479314242774207,0.012021139655747701,900,10,120,90.0,120.0
un_un,un -> un,0,naive,Naive,0,familiar_1,Familiar 1,0,full,Nonoccluded,0,-0.5694417686938844,0.19923558925534612,0.027947803400456904,96.0,6.0,0.03479314242774207,0.012021139655747701,900,10,120,90.0,120.0
un_un,un -> un,0,naive,Naive,0,familiar_1,Familiar 1,0,full,Nonoccluded,0,-0.6856862100398156,0.18927381649629577,0.026550412736833097,97.0,7.0,0.03479314242774207,0.012021139655747701,900,10,120,90.0,120.0
un_un,un -> un,0,naive,Naive,0,familiar_1,Familiar 1,0,full,Nonoccluded,0,-0.7699126475325324,0.1849348454204526,0.02553791496902704,98.0,8.0,0.03479314242774207,0.012021139655747701,900,10,120,90.0,120.0
un_un,un -> un,0,naive,Naive,0,familiar_1,Familiar 1,0,full,Nonoccluded,0,-0.8616849414839871,0.17110055568025537,0.024434707406908274,99.0,9.0,0.03479314242774207,0.012021139655747701,900,10,120,90.0,120.0
un_un,un -> un,0,naive,Naive,0,familiar_1,Familiar 1,0,full,Nonoccluded,0,-0.963317209083035,0.1625455242881429,0.0232129717245698,100.0,10.0,0.03479314242774207,0.012021139655747701,900,10,120,90.0,120.0
un_un,un -> un,0,naive,Naive,0,familiar_1,Familiar 1,0,full,Nonoccluded,0,-1.059867858266338,0.1544182477488023,0.02205232288688421,101.0,11.0,0.03479314242774207,0.012021139655747701,900,10,120,90.0,120.0
un_un,un -> un,0,naive,Naive,0,familiar_1,Familiar 1,0,full,Nonoccluded,0,-1.1515909563967794,0.14669733309076058,0.020949706714600325,102.0,12.0,0.03479314242774207,0.012021139655747701,900,10,120,90.0,120.0
un_un,un -> un,0,naive,Naive,0,familiar_1,Familiar 1,0,full,Nonoccluded,0,-1.2387279116291272,0.13936246722426796,0.019902221206575633,103.0,13.0,0.03479314242774207,0.012021139655747701,900,10,120,90.0,120.0
un_un,un -> un,0,naive,Naive,0,familiar_1,Familiar 1,0,full,Nonoccluded,0,-1.3215080307209184,0.13239434684466947,0.01890710983425379,104.0,14.0,0.03479314242774207,0.012021139655747701,900,10,120,90.0,120.0
un_un,un -> un,0,naive,Naive,0,familiar_1,Familiar 1,0,full,Nonoccluded,0,-1.4001491155802066,0.12577463070192837,0.017961754370480774,105.0,15.0,0.03479314242774207,0.012021139655747701,900,10,120,90.0,120.0
un_un,un -> un,0,naive,Naive,0,familiar_1,Familiar 1,0,full,Nonoccluded,0,-1.4748581682765451,0.11948589046884842,0.01706366641446948,106.0,16.0,0.03479314242774207,0.012021139655747701,900,10,120,90.0,120.0
un_un,un -> un,0,naive,Naive,0,familiar_1,Familiar 1,0,full,Nonoccluded,0,-1.536700158576378,0.10882237626505671,0.01632025521248579,107.0,17.0,0.03479314242774207,0.012021139655747701,900,10,120,90.0,120.0
un_un,un -> un,0,naive,Naive,0,familiar_1,Familiar 1,0,full,Nonoccluded,0,-1.6045816602850134,0.10338125405055262,0.015504242200404406,108.0,18.0,0.03479314242774207,0.012021139655747701,900,10,120,90.0,120.0
un_un,un -> un,0,naive,Naive,0,familiar_1,Familiar 1,0,full,Nonoccluded,0,-1.66906909194401,0.0982121892108647,0.014729029778391124,109.0,19.0,0.03479314242774207,0.012021139655747701,900,10,120,90.0,120.0
un_un,un -> un,0,naive,Naive,0,familiar_1,Familiar 1,0,full,Nonoccluded,0,-1.7303321442726838,0.09330158131928552,0.013992578070610762,110.0,20.0,0.03479314242774207,0.012021139655747701,900,10,120,90.0,120.0
un_un,un -> un,0,naive,Naive,0,familiar_1,Familiar 1,0,full,Nonoccluded,0,-1.7358753976791217,0.07743831969553142,0.013925941847264766,111.0,21.0,0.03479314242774207,0.012021139655747701,900,10,120,90.0,120.0
un_un,un -> un,0,naive,Naive,0,familiar_1,Familiar 1,0,full,Nonoccluded,0,-1.7937981157399752,0.07356640086276615,0.013229644764214754,112.0,22.0,0.03479314242774207,0.012021139655747701,900,10,120,90.0,120.0
un_un,un -> un,0,naive,Naive,0,familiar_1,Familiar 1,0,full,Nonoccluded,0,-1.842379748233265,0.07161941314196021,0.012645638175308704,113.0,23.0,0.03479314242774207,0.012021139655747701,900,10,120,90.0,120.0
un_un,un -> un,0,naive,Naive,0,familiar_1,Familiar 1,0,full,Nonoccluded,0,-1.8949772549643096,0.06803843998870698,0.012013356201350689,114.0,24.0,0.03479314242774207,0.012021139655747701,900,10,120,90.0,120.0
un_un,un -> un,0,naive,Naive,0,familiar_1,Familiar 1,0,full,Nonoccluded,0,-1.9449449003040737,0.0646365171433497,0.01141268815845251,115.0,25.0,0.03479314242774207,0.012021139655747701,900,10,120,90.0,120.0
un_un,un -> un,0,naive,Naive,0,familiar_1,Familiar 1,0,full,Nonoccluded,0,-1.9808733792537865,0.05756344156724507,0.010980786895379424,116.0,26.0,0.03479314242774207,0.012021139655747701,900,10,120,90.0,120.0
un_un,un -> un,0,naive,Naive,0,familiar_1,Familiar 1,0,full,Nonoccluded,0,-2.0260402833262985,0.054597456645325323,0.010437829233705998,117.0,27.0,0.03479314242774207,0.012021139655747701,900,10,120,90.0,120.0
un_un,un -> un,0,naive,Naive,0,familiar_1,Familiar 1,0,full,Nonoccluded,0,-2.0694547664016403,0.05186758449852138,0.009915937669575214,118.0,28.0,0.03479314242774207,0.012021139655747701,900,10,120,90.0,120.0
un_un,un -> un,0,naive,Naive,0,familiar_1,Familiar 1,0,full,Nonoccluded,0,-2.1106985245484777,0.049274204969138605,0.009420140692964197,119.0,29.0,0.03479314242774207,0.012021139655747701,900,10,120,90.0,120.0
un_un,un -> un,0,naive,Naive,0,familiar_1,Familiar 1,0,occlusion,Occluded,1,-0.3140189860347862,0.5736780831938166,0.04012654339894652,0.0,-90.0,0.04278152684474157,0.008454850069164077,900,10,120,90.0,120.0
un_un,un -> un,0,naive,Naive,0,familiar_1,Familiar 1,0,occlusion,Occluded,1,-0.35016969213664695,0.5679094960613379,0.039820894598960876,1.0,-89.0,0.04278152684474157,0.008454850069164077,900,10,120,90.0,120.0
un_un,un -> un,0,naive,Naive,0,familiar_1,Familiar 1,0,occlusion,Occluded,1,-0.48582829061594757,0.551563648017301,0.03867392148822546,2.0,-88.0,0.04278152684474157,0.008454850069164077,900,10,120,90.0,120.0
un_un,un -> un,0,naive,Naive,0,familiar_1,Familiar 1,0,occlusion,Occluded,1,-0.5186350432677047,0.4949305779225019,0.038396545313298704,3.0,-87.0,0.04278152684474157,0.008454850069164077,900,10,120,90.0,120.0
un_un,un -> un,0,naive,Naive,0,familiar_1,Familiar 1,0,occlusion,Occluded,1,-0.6164165711405987,0.427898553871644,0.037569817155599594,4.0,-86.0,0.04278152684474157,0.008454850069164077,900,10,120,90.0,120.0
un_un,un -> un,0,naive,Naive,0,familiar_1,Familiar 1,0,occlusion,Occluded,1,-0.5603800736145048,0.375402196821337,0.0380435973405838,5.0,-85.0,0.04278152684474157,0.008454850069164077,900,10,120,90.0,120.0
un_un,un -> un,0,naive,Naive,0,familiar_1,Familiar 1,0,occlusion,Occluded,1,-0.4262383186364579,0.25922066551964257,0.039177745766937735,6.0,-84.0,0.04278152684474157,0.008454850069164077,900,10,120,90.0,120.0
un_un,un -> un,0,naive,Naive,0,familiar_1,Familiar 1,0,occlusion,Occluded,1,-0.5470314674728958,0.25185424528089057,0.03815645780414343,7.0,-83.0,0.04278152684474157,0.008454850069164077,900,10,120,90.0,120.0
un_un,un -> un,0,naive,Naive,0,familiar_1,Familiar 1,0,occlusion,Occluded,1,-0.5139708133897793,0.24137467313080513,0.038435980677604675,8.0,-82.0,0.04278152684474157,0.008454850069164077,900,10,120,90.0,120.0
un_un,un -> un,0,naive,Naive,0,familiar_1,Familiar 1,0,occlusion,Occluded,1,-0.49067801724459237,0.27208183565177524,0.038632917776703836,9.0,-81.0,0.04278152684474157,0.008454850069164077,900,10,120,90.0,120.0
un_un,un -> un,0,naive,Naive,0,familiar_1,Familiar 1,0,occlusion,Occluded,1,-0.5535246248153403,0.22720865073946128,0.03810155913233757,10.0,-80.0,0.04278152684474157,0.008454850069164077,900,10,120,90.0,120.0
un_un,un -> un,0,naive,Naive,0,familiar_1,Familiar 1,0,occlusion,Occluded,1,-0.4796656787898688,0.2855076547858292,0.038726025447249415,11.0,-79.0,0.04278152684474157,0.008454850069164077,900,10,120,90.0,120.0
un_un,un -> un,0,naive,Naive,0,familiar_1,Familiar 1,0,occlusion,Occluded,1,-0.4369606256513685,0.25291816504583253,0.03908709026873112,12.0,-78.0,0.04278152684474157,0.008454850069164077,900,10,120,90.0,120.0
un_un,un -> un,0,naive,Naive,0,familiar_1,Familiar 1,0,occlusion,Occluded,1,-0.39720318637938234,0.2600356308422631,0.03942323345690966,13.0,-77.0,0.04278152684474157,0.008454850069164077,900,10,120,90.0,120.0
un_un,un -> un,0,naive,Naive,0,familiar_1,Familiar 1,0,occlusion,Occluded,1,-0.490471018732744,0.26690012172666,0.03863466791808605,14.0,-76.0,0.04278152684474157,0.008454850069164077,900,10,120,90.0,120.0
un_un,un -> un,0,naive,Naive,0,familiar_1,Familiar 1,0,occlusion,Occluded,1,-0.5539440633707977,0.30210931758392273,0.03809801284223795,15.0,-75.0,0.04278152684474157,0.008454850069164077,900,10,120,90.0,120.0
un_un,un -> un,0,naive,Naive,0,familiar_1,Familiar 1,0,occlusion,Occluded,1,-0.5827916720718014,0.2673785617905928,0.03785411063581705,16.0,-74.0,0.04278152684474157,0.008454850069164077,900,10,120,90.0,120.0
un_un,un -> un,0,naive,Naive,0,familiar_1,Familiar 1,0,occlusion,Occluded,1,-0.3806604231245484,0.33130807350063846,0.03956310003995896,17.0,-73.0,0.04278152684474157,0.008454850069164077,900,10,120,90.0,120.0
un_un,un -> un,0,naive,Naive,0,familiar_1,Familiar 1,0,occlusion,Occluded,1,-0.5655165932004979,0.3301768499156918,0.03800016883760691,18.0,-72.0,0.04278152684474157,0.008454850069164077,900,10,120,90.0,120.0
un_un,un -> un,0,naive,Naive,0,familiar_1,Familiar 1,0,occlusion,Occluded,1,-0.24030415247900994,0.3907659509300098,0.040749791264534,19.0,-71.0,0.04278152684474157,0.008454850069164077,900,10,120,90.0,120.0
un_un,un -> un,0,naive,Naive,0,familiar_1,Familiar 1,0,occlusion,Occluded,1,-0.3584734696039609,0.3744727584212566,0.039750687405467035,20.0,-70.0,0.04278152684474157,0.008454850069164077,900,10,120,90.0,120.0
un_un,un -> un,0,naive,Naive,0,familiar_1,Familiar 1,0,occlusion,Occluded,1,-0.3156768577367205,0.38963798654918563,0.04011252634227276,21.0,-69.0,0.04278152684474157,0.008454850069164077,900,10,120,90.0,120.0
un_un,un -> un,0,naive,Naive,0,familiar_1,Familiar 1,0,occlusion,Occluded,1,-0.19369675000060588,0.43375110889061774,0.04114384986460209,22.0,-68.0,0.04278152684474157,0.008454850069164077,900,10,120,90.0,120.0
un_un,un -> un,0,naive,Naive,0,familiar_1,Familiar 1,0,occlusion,Occluded,1,-0.118420163783678,0.3991731852550205,0.041780302114784715,23.0,-67.0,0.04278152684474157,0.008454850069164077,900,10,120,90.0,120.0
un_un,un -> un,0,naive,Naive,0,familiar_1,Familiar 1,0,occlusion,Occluded,1,0.03395125132561157,0.3494083924038608,0.043068579584360125,24.0,-66.0,0.04278152684474157,0.008454850069164077,900,10,120,90.0,120.0
un_un,un -> un,0,naive,Naive,0,familiar_1,Familiar 1,0,occlusion,Occluded,1,0.0680978985591709,0.3439446900099283,0.043357284367084505,25.0,-65.0,0.04278152684474157,0.008454850069164077,900,10,120,90.0,120.0
un_un,un -> un,0,naive,Naive,0,familiar_1,Familiar 1,0,occlusion,Occluded,1,0.14784213656534564,0.3756602937807504,0.04403150994330644,26.0,-64.0,0.04278152684474157,0.008454850069164077,900,10,120,90.0,120.0
un_un,un -> un,0,naive,Naive,0,familiar_1,Familiar 1,0,occlusion,Occluded,1,0.17247714049409552,0.3228978491645551,0.044239795207977294,27.0,-63.0,0.04278152684474157,0.008454850069164077,900,10,120,90.0,120.0
un_un,un -> un,0,naive,Naive,0,familiar_1,Familiar 1,0,occlusion,Occluded,1,0.23883095848302394,0.29764466419839897,0.044800806790590286,28.0,-62.0,0.04278152684474157,0.008454850069164077,900,10,120,90.0,120.0
un_un,un -> un,0,naive,Naive,0,familiar_1,Familiar 1,0,occlusion,Occluded,1,0.1934705259671185,0.31304098610632186,0.044417291134595874,29.0,-61.0,0.04278152684474157,0.008454850069164077,900,10,120,90.0,120.0
un_un,un -> un,0,naive,Naive,0,familiar_1,Familiar 1,0,occlusion,Occluded,1,0.18566994698949452,0.34595009753294964,0.044351338408887386,30.0,-60.0,0.04278152684474157,0.008454850069164077,900,10,120,90.0,120.0
un_un,un -> un,0,naive,Naive,0,familiar_1,Familiar 1,0,occlusion,Occluded,1,0.05688283550823322,0.3465696208146179,0.043262462690472604,31.0,-59.0,0.04278152684474157,0.008454850069164077,900,10,120,90.0,120.0
un_un,un -> un,0,naive,Naive,0,familiar_1,Familiar 1,0,occlusion,Occluded,1,0.11722246110215165,0.2850962753431949,0.04377262517809868,32.0,-58.0,0.04278152684474157,0.008454850069164077,900,10,120,90.0,120.0
un_un,un -> un,0,naive,Naive,0,familiar_1,Familiar 1,0,occlusion,Occluded,1,-0.06805761971932615,0.27065465688224183,0.04220610987395048,33.0,-57.0,0.04278152684474157,0.008454850069164077,900,10,120,90.0,120.0
un_un,un -> un,0,naive,Naive,0,familiar_1,Familiar 1,0,occlusion,Occluded,1,-0.16018510969611377,0.2612673188744278,0.041427185758948326,34.0,-56.0,0.04278152684474157,0.008454850069164077,900,10,120,90.0,120.0
un_un,un -> un,0,naive,Naive,0,familiar_1,Familiar 1,0,occlusion,Occluded,1,-0.2068871992332581,0.17467811862035063,0.0410323265939951,35.0,-55.0,0.04278152684474157,0.008454850069164077,900,10,120,90.0,120.0
un_un,un -> un,0,naive,Naive,0,familiar_1,Familiar 1,0,occlusion,Occluded,1,0.014983437497265073,0.2679173115272949,0.04290820956230164,36.0,-54.0,0.04278152684474157,0.008454850069164077,900,10,120,90.0,120.0
un_un,un -> un,0,naive,Naive,0,familiar_1,Familiar 1,0,occlusion,Occluded,1,-0.01861231522934681,0.30899638723064243,0.04262416251003742,37.0,-53.0,0.04278152684474157,0.008454850069164077,900,10,120,90.0,120.0
un_un,un -> un,0,naive,Naive,0,familiar_1,Familiar 1,0,occlusion,Occluded,1,-0.20030946682834183,0.28102046689923077,0.04108794033527374,38.0,-52.0,0.04278152684474157,0.008454850069164077,900,10,120,90.0,120.0
un_un,un -> un,0,naive,Naive,0,familiar_1,Familiar 1,0,occlusion,Occluded,1,0.077913364392386,0.30229201557867746,0.04344027265906334,39.0,-51.0,0.04278152684474157,0.008454850069164077,900,10,120,90.0,120.0
un_un,un -> un,0,naive,Naive,0,familiar_1,Familiar 1,0,occlusion,Occluded,1,0.12049513489228444,0.27595318957095694,0.04380029514431953,40.0,-50.0,0.04278152684474157,0.008454850069164077,900,10,120,90.0,120.0
un_un,un -> un,0,naive,Naive,0,familiar_1,Familiar 1,0,occlusion,Occluded,1,0.1526346279732815,0.287962314063139,0.0440720297396183,41.0,-49.0,0.04278152684474157,0.008454850069164077,900,10,120,90.0,120.0
un_un,un -> un,0,naive,Naive,0,familiar_1,Familiar 1,0,occlusion,Occluded,1,0.28210787915776925,0.24122474813167483,0.045166706666350365,42.0,-48.0,0.04278152684474157,0.008454850069164077,900,10,120,90.0,120.0
un_un,un -> un,0,naive,Naive,0,familiar_1,Familiar 1,0,occlusion,Occluded,1,0.34564267526758863,0.16036548858808453,0.0457038838416338,43.0,-47.0,0.04278152684474157,0.008454850069164077,900,10,120,90.0,120.0
un_un,un -> un,0,naive,Naive,0,familiar_1,Familiar 1,0,occlusion,Occluded,1,0.4403487242928311,0.19865384644599837,0.046504609286785126,44.0,-46.0,0.04278152684474157,0.008454850069164077,900,10,120,90.0,120.0
un_un,un -> un,0,naive,Naive,0,familiar_1,Familiar 1,0,occlusion,Occluded,1,0.6150300451039158,0.2609264131502615,0.047981513664126396,45.0,-45.0,0.04278152684474157,0.008454850069164077,900,10,120,90.0,120.0
un_un,un -> un,0,naive,Naive,0,familiar_1,Familiar 1,0,occlusion,Occluded,1,0.5096257683925673,0.2686242170036206,0.047090336307883264,46.0,-44.0,0.04278152684474157,0.008454850069164077,900,10,120,90.0,120.0
un_un,un -> un,0,naive,Naive,0,familiar_1,Familiar 1,0,occlusion,Occluded,1,0.3381076298216064,0.26002294489119027,0.04564017616212368,47.0,-43.0,0.04278152684474157,0.008454850069164077,900,10,120,90.0,120.0
un_un,un -> un,0,naive,Naive,0,familiar_1,Familiar 1,0,occlusion,Occluded,1,0.3909484721609543,0.22137768294304674,0.0460869375616312,48.0,-42.0,0.04278152684474157,0.008454850069164077,900,10,120,90.0,120.0
un_un,un -> un,0,naive,Naive,0,familiar_1,Familiar 1,0,occlusion,Occluded,1,0.5336539423927453,0.2715907608883408,0.04729349091649056,49.0,-41.0,0.04278152684474157,0.008454850069164077,900,10,120,90.0,120.0
un_un,un -> un,0,naive,Naive,0,familiar_1,Familiar 1,0,occlusion,Occluded,1,0.3992704468154528,0.2581452882708895,0.04615729860961437,50.0,-40.0,0.04278152684474157,0.008454850069164077,900,10,120,90.0,120.0
un_un,un -> un,0,naive,Naive,0,familiar_1,Familiar 1,0,occlusion,Occluded,1,0.6313977760921858,0.24247494811746995,0.04811990037560463,51.0,-39.0,0.04278152684474157,0.008454850069164077,900,10,120,90.0,120.0
un_un,un -> un,0,naive,Naive,0,familiar_1,Familiar 1,0,occlusion,Occluded,1,0.5766207618485917,0.20605928169119295,0.047656768932938576,52.0,-38.0,0.04278152684474157,0.008454850069164077,900,10,120,90.0,120.0
un_un,un -> un,0,naive,Naive,0,familiar_1,Familiar 1,0,occlusion,Occluded,1,0.5582824032650864,0.25352896051798035,0.04750172086060047,53.0,-37.0,0.04278152684474157,0.008454850069164077,900,10,120,90.0,120.0
un_un,un -> un,0,naive,Naive,0,familiar_1,Familiar 1,0,occlusion,Occluded,1,0.532285320048124,0.2671850030458073,0.04728191941976547,54.0,-36.0,0.04278152684474157,0.008454850069164077,900,10,120,90.0,120.0
un_un,un -> un,0,naive,Naive,0,familiar_1,Familiar 1,0,occlusion,Occluded,1,0.4272710711841322,0.3119741872503372,0.046394039690494535,55.0,-35.0,0.04278152684474157,0.008454850069164077,900,10,120,90.0,120.0
un_un,un -> un,0,naive,Naive,0,familiar_1,Familiar 1,0,occlusion,Occluded,1,0.5183079416069554,0.343554316824107,0.04716374278068543,56.0,-34.0,0.04278152684474157,0.008454850069164077,900,10,120,90.0,120.0
un_un,un -> un,0,naive,Naive,0,familiar_1,Familiar 1,0,occlusion,Occluded,1,0.4629625406450037,0.2923259596375901,0.04669580571353436,57.0,-33.0,0.04278152684474157,0.008454850069164077,900,10,120,90.0,120.0
un_un,un -> un,0,naive,Naive,0,familiar_1,Familiar 1,0,occlusion,Occluded,1,0.5963830393140468,0.3243686221963785,0.04782385602593422,58.0,-32.0,0.04278152684474157,0.008454850069164077,900,10,120,90.0,120.0
un_un,un -> un,0,naive,Naive,0,familiar_1,Familiar 1,0,occlusion,Occluded,1,0.4063998227640771,0.3449827516459165,0.04621757641434669,59.0,-31.0,0.04278152684474157,0.008454850069164077,900,10,120,90.0,120.0
un_un,un -> un,0,naive,Naive,0,familiar_1,Familiar 1,0,occlusion,Occluded,1,0.2829924034500967,0.33971735322604185,0.04517418518662453,60.0,-30.0,0.04278152684474157,0.008454850069164077,900,10,120,90.0,120.0
un_un,un -> un,0,naive,Naive,0,familiar_1,Familiar 1,0,occlusion,Occluded,1,0.16133658457034716,0.30314366934529025,0.04414560347795486,61.0,-29.0,0.04278152684474157,0.008454850069164077,900,10,120,90.0,120.0
un_un,un -> un,0,naive,Naive,0,familiar_1,Familiar 1,0,occlusion,Occluded,1,0.16427007689087417,0.2686995743840712,0.044170405715703964,62.0,-28.0,0.04278152684474157,0.008454850069164077,900,10,120,90.0,120.0
un_un,un -> un,0,naive,Naive,0,familiar_1,Familiar 1,0,occlusion,Occluded,1,0.12053219018144246,0.29018537474858436,0.04380060844123364,63.0,-27.0,0.04278152684474157,0.008454850069164077,900,10,120,90.0,120.0
un_un,un -> un,0,naive,Naive,0,familiar_1,Familiar 1,0,occlusion,Occluded,1,0.25664274422380895,0.27863995479114684,0.0449514027684927,64.0,-26.0,0.04278152684474157,0.008454850069164077,900,10,120,90.0,120.0
un_un,un -> un,0,naive,Naive,0,familiar_1,Familiar 1,0,occlusion,Occluded,1,0.29132552553403285,0.33345338058073565,0.045244640484452245,65.0,-25.0,0.04278152684474157,0.008454850069164077,900,10,120,90.0,120.0
un_un,un -> un,0,naive,Naive,0,familiar_1,Familiar 1,0,occlusion,Occluded,1,0.16561895991380388,0.35447793479619516,0.04418181031942368,66.0,-24.0,0.04278152684474157,0.008454850069164077,900,10,120,90.0,120.0
un_un,un -> un,0,naive,Naive,0,familiar_1,Familiar 1,0,occlusion,Occluded,1,0.19046201981806424,0.31627329088680356,0.04439185466617346,67.0,-23.0,0.04278152684474157,0.008454850069164077,900,10,120,90.0,120.0
un_un,un -> un,0,naive,Naive,0,familiar_1,Familiar 1,0,occlusion,Occluded,1,0.09842985578431267,0.318674671576069,0.043613736517727375,68.0,-22.0,0.04278152684474157,0.008454850069164077,900,10,120,90.0,120.0
un_un,un -> un,0,naive,Naive,0,familiar_1,Familiar 1,0,occlusion,Occluded,1,-0.0025553684052577186,0.343669506988572,0.04275992158800364,69.0,-21.0,0.04278152684474157,0.008454850069164077,900,10,120,90.0,120.0
un_un,un -> un,0,naive,Naive,0,familiar_1,Familiar 1,0,occlusion,Occluded,1,0.1292514407154813,0.3172405664396399,0.04387432839721441,70.0,-20.0,0.04278152684474157,0.008454850069164077,900,10,120,90.0,120.0
un_un,un -> un,0,naive,Naive,0,familiar_1,Familiar 1,0,occlusion,Occluded,1,0.049502091634940015,0.3065730333019772,0.043200059607625005,71.0,-19.0,0.04278152684474157,0.008454850069164077,900,10,120,90.0,120.0
un_un,un -> un,0,naive,Naive,0,familiar_1,Familiar 1,0,occlusion,Occluded,1,-0.03994503638542626,0.3104207274672953,0.04244379755109549,72.0,-18.0,0.04278152684474157,0.008454850069164077,900,10,120,90.0,120.0
un_un,un -> un,0,naive,Naive,0,familiar_1,Familiar 1,0,occlusion,Occluded,1,-0.1462857632610079,0.32225325100178365,0.04154470264911651,73.0,-17.0,0.04278152684474157,0.008454850069164077,900,10,120,90.0,120.0
un_un,un -> un,0,naive,Naive,0,familiar_1,Familiar 1,0,occlusion,Occluded,1,-0.051839387656279975,0.27018636907559157,0.042343232594430444,74.0,-16.0,0.04278152684474157,0.008454850069164077,900,10,120,90.0,120.0
un_un,un -> un,0,naive,Naive,0,familiar_1,Familiar 1,0,occlusion,Occluded,1,0.06136357341029801,0.27378713711806657,0.043300346657633784,75.0,-15.0,0.04278152684474157,0.008454850069164077,900,10,120,90.0,120.0
un_un,un -> un,0,naive,Naive,0,familiar_1,Familiar 1,0,occlusion,Occluded,1,0.027570912137613333,0.314286503547639,0.043014634773135184,76.0,-14.0,0.04278152684474157,0.008454850069164077,900,10,120,90.0,120.0
un_un,un -> un,0,naive,Naive,0,familiar_1,Familiar 1,0,occlusion,Occluded,1,-0.11188631612073732,0.29145165678685747,0.04183554481714964,77.0,-13.0,0.04278152684474157,0.008454850069164077,900,10,120,90.0,120.0
un_un,un -> un,0,naive,Naive,0,familiar_1,Familiar 1,0,occlusion,Occluded,1,-0.22054398994087884,0.29688397511913867,0.040916860476136206,78.0,-12.0,0.04278152684474157,0.008454850069164077,900,10,120,90.0,120.0
un_un,un -> un,0,naive,Naive,0,familiar_1,Familiar 1,0,occlusion,Occluded,1,-0.3011604371938167,0.24625258420092724,0.040235260501503944,79.0,-11.0,0.04278152684474157,0.008454850069164077,900,10,120,90.0,120.0
un_un,un -> un,0,naive,Naive,0,familiar_1,Familiar 1,0,occlusion,Occluded,1,-0.21697531444734103,0.2027303497873418,0.04094703309237957,80.0,-10.0,0.04278152684474157,0.008454850069164077,900,10,120,90.0,120.0
un_un,un -> un,0,naive,Naive,0,familiar_1,Familiar 1,0,occlusion,Occluded,1,-0.21537924929340474,0.301285999553954,0.04096052758395672,81.0,-9.0,0.04278152684474157,0.008454850069164077,900,10,120,90.0,120.0
un_un,un -> un,0,naive,Naive,0,familiar_1,Familiar 1,0,occlusion,Occluded,1,-0.07822044033503503,0.25322550686807027,0.04212018474936485,82.0,-8.0,0.04278152684474157,0.008454850069164077,900,10,120,90.0,120.0
un_un,un -> un,0,naive,Naive,0,familiar_1,Familiar 1,0,occlusion,Occluded,1,-0.14789279960043805,0.2358587745216943,0.04153111539781094,83.0,-7.0,0.04278152684474157,0.008454850069164077,900,10,120,90.0,120.0
un_un,un -> un,0,naive,Naive,0,familiar_1,Familiar 1,0,occlusion,Occluded,1,-0.0051725248773780265,0.23080663713553687,0.042737793922424314,84.0,-6.0,0.04278152684474157,0.008454850069164077,900,10,120,90.0,120.0
un_un,un -> un,0,naive,Naive,0,familiar_1,Familiar 1,0,occlusion,Occluded,1,-0.05868648689861304,0.2064833547806303,0.042285341396927835,85.0,-5.0,0.04278152684474157,0.008454850069164077,900,10,120,90.0,120.0
un_un,un -> un,0,naive,Naive,0,familiar_1,Familiar 1,0,occlusion,Occluded,1,0.05325648418412715,0.34821177687166777,0.04323180243372917,86.0,-4.0,0.04278152684474157,0.008454850069164077,900,10,120,90.0,120.0
un_un,un -> un,0,naive,Naive,0,familiar_1,Familiar 1,0,occlusion,Occluded,1,0.18240394843872837,0.3168172355496203,0.044323724880814555,87.0,-3.0,0.04278152684474157,0.008454850069164077,900,10,120,90.0,120.0
un_un,un -> un,0,naive,Naive,0,familiar_1,Familiar 1,0,occlusion,Occluded,1,0.036758244555564555,0.2887133124546607,0.043092312291264534,88.0,-2.0,0.04278152684474157,0.008454850069164077,900,10,120,90.0,120.0
un_un,un -> un,0,naive,Naive,0,familiar_1,Familiar 1,0,occlusion,Occluded,1,0.3244363430496183,0.2691454405552298,0.045524587482213975,89.0,-1.0,0.04278152684474157,0.008454850069164077,900,10,120,90.0,120.0
un_un,un -> un,0,naive,Naive,0,familiar_1,Familiar 1,0,occlusion,Occluded,1,0.20728117763756906,0.22869359182177074,0.04453405812382698,90.0,0.0,0.04278152684474157,0.008454850069164077,900,10,120,90.0,120.0
un_un,un -> un,0,naive,Naive,0,familiar_1,Familiar 1,0,occlusion,Occluded,1,0.20243676035772737,0.1945961251122546,0.04449309930205345,91.0,1.0,0.04278152684474157,0.008454850069164077,900,10,120,90.0,120.0
un_un,un -> un,0,naive,Naive,0,familiar_1,Familiar 1,0,occlusion,Occluded,1,0.12277141354684092,0.19432242242653353,0.04381954073905945,92.0,2.0,0.04278152684474157,0.008454850069164077,900,10,120,90.0,120.0
un_un,un -> un,0,naive,Naive,0,familiar_1,Familiar 1,0,occlusion,Occluded,1,-0.0984926796515188,0.186168207574923,0.04194878600537777,93.0,3.0,0.04278152684474157,0.008454850069164077,900,10,120,90.0,120.0
un_un,un -> un,0,naive,Naive,0,familiar_1,Familiar 1,0,occlusion,Occluded,1,-0.12792815002665608,0.23237531301650968,0.041699913516640666,94.0,4.0,0.04278152684474157,0.008454850069164077,900,10,120,90.0,120.0
un_un,un -> un,0,naive,Naive,0,familiar_1,Familiar 1,0,occlusion,Occluded,1,0.009964450591211621,0.25567997918288005,0.04286577478051186,95.0,5.0,0.04278152684474157,0.008454850069164077,900,10,120,90.0,120.0
un_un,un -> un,0,naive,Naive,0,familiar_1,Familiar 1,0,occlusion,Occluded,1,0.20065235651947955,0.33503395911228817,0.04447801243513823,96.0,6.0,0.04278152684474157,0.008454850069164077,900,10,120,90.0,120.0
un_un,un -> un,0,naive,Naive,0,familiar_1,Familiar 1,0,occlusion,Occluded,1,0.12001610385337114,0.3225086605438911,0.043796245008707047,97.0,7.0,0.04278152684474157,0.008454850069164077,900,10,120,90.0,120.0
un_un,un -> un,0,naive,Naive,0,familiar_1,Familiar 1,0,occlusion,Occluded,1,-0.010408203712181974,0.35837637597692795,0.042693527042865755,98.0,8.0,0.04278152684474157,0.008454850069164077,900,10,120,90.0,120.0
un_un,un -> un,0,naive,Naive,0,familiar_1,Familiar 1,0,occlusion,Occluded,1,0.04392687884264285,0.3576258311639136,0.04315292201936245,99.0,9.0,0.04278152684474157,0.008454850069164077,900,10,120,90.0,120.0
un_un,un -> un,0,naive,Naive,0,familiar_1,Familiar 1,0,occlusion,Occluded,1,-0.06390163331397865,0.39486456048188134,0.042241248115897176,100.0,10.0,0.04278152684474157,0.008454850069164077,900,10,120,90.0,120.0
un_un,un -> un,0,naive,Naive,0,familiar_1,Familiar 1,0,occlusion,Occluded,1,-0.15757716197005064,0.34149013681247026,0.041449235565960404,101.0,11.0,0.04278152684474157,0.008454850069164077,900,10,120,90.0,120.0
un_un,un -> un,0,naive,Naive,0,familiar_1,Familiar 1,0,occlusion,Occluded,1,-0.3674358266278089,0.3369606886349751,0.03967491202056408,102.0,12.0,0.04278152684474157,0.008454850069164077,900,10,120,90.0,120.0
un_un,un -> un,0,naive,Naive,0,familiar_1,Familiar 1,0,occlusion,Occluded,1,-0.29333842254654285,0.3796595933735525,0.040301394462585446,103.0,13.0,0.04278152684474157,0.008454850069164077,900,10,120,90.0,120.0
un_un,un -> un,0,naive,Naive,0,familiar_1,Familiar 1,0,occlusion,Occluded,1,-0.15468823733678083,0.3506482434537268,0.041473660990595816,104.0,14.0,0.04278152684474157,0.008454850069164077,900,10,120,90.0,120.0
un_un,un -> un,0,naive,Naive,0,familiar_1,Familiar 1,0,occlusion,Occluded,1,-0.22371111563924231,0.37154866364477995,0.04089008290320635,105.0,15.0,0.04278152684474157,0.008454850069164077,900,10,120,90.0,120.0
un_un,un -> un,0,naive,Naive,0,familiar_1,Familiar 1,0,occlusion,Occluded,1,-0.21916622494167912,0.4003356171565598,0.040928509272634986,106.0,16.0,0.04278152684474157,0.008454850069164077,900,10,120,90.0,120.0
un_un,un -> un,0,naive,Naive,0,familiar_1,Familiar 1,0,occlusion,Occluded,1,-0.3227669753468908,0.3664102860380263,0.040052580460906026,107.0,17.0,0.04278152684474157,0.008454850069164077,900,10,120,90.0,120.0
un_un,un -> un,0,naive,Naive,0,familiar_1,Familiar 1,0,occlusion,Occluded,1,-0.16170367157581816,0.3663555032532702,0.04141434654593468,108.0,18.0,0.04278152684474157,0.008454850069164077,900,10,120,90.0,120.0
un_un,un -> un,0,naive,Naive,0,familiar_1,Familiar 1,0,occlusion,Occluded,1,-0.20100327314311822,0.37715669679380553,0.04108207430690527,109.0,19.0,0.04278152684474157,0.008454850069164077,900,10,120,90.0,120.0
un_un,un -> un,0,naive,Naive,0,familiar_1,Familiar 1,0,occlusion,Occluded,1,0.06255465201215812,0.4139210602396793,0.0433104170486331,110.0,20.0,0.04278152684474157,0.008454850069164077,900,10,120,90.0,120.0
un_un,un -> un,0,naive,Naive,0,familiar_1,Familiar 1,0,occlusion,Occluded,1,0.0902083401777098,0.3923999943210516,0.04354422483593225,111.0,21.0,0.04278152684474157,0.008454850069164077,900,10,120,90.0,120.0
un_un,un -> un,0,naive,Naive,0,familiar_1,Familiar 1,0,occlusion,Occluded,1,0.06130717534832138,0.3627661052581518,0.04329986982047558,112.0,22.0,0.04278152684474157,0.008454850069164077,900,10,120,90.0,120.0
un_un,un -> un,0,naive,Naive,0,familiar_1,Familiar 1,0,occlusion,Occluded,1,-0.08154235227693245,0.3595135339651689,0.042092098481953145,113.0,23.0,0.04278152684474157,0.008454850069164077,900,10,120,90.0,120.0
un_un,un -> un,0,naive,Naive,0,familiar_1,Familiar 1,0,occlusion,Occluded,1,-0.043941455930267506,0.3603938375902849,0.042410008423030374,114.0,24.0,0.04278152684474157,0.008454850069164077,900,10,120,90.0,120.0
un_un,un -> un,0,naive,Naive,0,familiar_1,Familiar 1,0,occlusion,Occluded,1,-0.01887134976556567,0.32403325085948326,0.042621972411870955,115.0,25.0,0.04278152684474157,0.008454850069164077,900,10,120,90.0,120.0
un_un,un -> un,0,naive,Naive,0,familiar_1,Familiar 1,0,occlusion,Occluded,1,0.033849866997011605,0.3454843795887088,0.043067722395062444,116.0,26.0,0.04278152684474157,0.008454850069164077,900,10,120,90.0,120.0
un_un,un -> un,0,naive,Naive,0,familiar_1,Familiar 1,0,occlusion,Occluded,1,-0.024320658290598728,0.3447400159171876,0.04257589932531118,117.0,27.0,0.04278152684474157,0.008454850069164077,900,10,120,90.0,120.0
un_un,un -> un,0,naive,Naive,0,familiar_1,Familiar 1,0,occlusion,Occluded,1,-0.13003492606838155,0.3410842753344014,0.04168210104107857,118.0,28.0,0.04278152684474157,0.008454850069164077,900,10,120,90.0,120.0
un_un,un -> un,0,naive,Naive,0,familiar_1,Familiar 1,0,occlusion,Occluded,1,-0.15032943821324746,0.3592493076947067,0.0415105139836669,119.0,29.0,0.04278152684474157,0.008454850069164077,900,10,120,90.0,120.0
un_un,un -> un,0,naive,Naive,0,familiar_2,Familiar 2,1,full,Nonoccluded,0,-1.8861641365791084,0.11703745333549634,0.010526725556701422,0.0,-90.0,0.036707460904112345,0.013880412017002035,900,10,120,90.0,120.0
un_un,un -> un,0,naive,Naive,0,familiar_2,Familiar 2,1,full,Nonoccluded,0,-1.8274590165070055,0.13172631377242783,0.011341576810809783,1.0,-89.0,0.036707460904112345,0.013880412017002035,900,10,120,90.0,120.0
un_un,un -> un,0,naive,Naive,0,familiar_2,Familiar 2,1,full,Nonoccluded,0,-1.7095314778418527,0.13675082344760678,0.012978459635633044,2.0,-88.0,0.036707460904112345,0.013880412017002035,900,10,120,90.0,120.0
un_un,un -> un,0,naive,Naive,0,familiar_2,Familiar 2,1,full,Nonoccluded,0,-1.6420448460436663,0.1394055009010658,0.01391520189063158,3.0,-87.0,0.036707460904112345,0.013880412017002035,900,10,120,90.0,120.0
un_un,un -> un,0,naive,Naive,0,familiar_2,Familiar 2,1,full,Nonoccluded,0,-1.591063017979086,0.14767676514784436,0.014622850669547915,4.0,-86.0,0.036707460904112345,0.013880412017002035,900,10,120,90.0,120.0
un_un,un -> un,0,naive,Naive,0,familiar_2,Familiar 2,1,full,Nonoccluded,0,-1.4917174970115004,0.11036089064879884,0.016001807432621716,5.0,-85.0,0.036707460904112345,0.013880412017002035,900,10,120,90.0,120.0
un_un,un -> un,0,naive,Naive,0,familiar_2,Familiar 2,1,full,Nonoccluded,0,-1.4088451642688282,0.08188086286321823,0.017152109555900096,6.0,-84.0,0.036707460904112345,0.013880412017002035,900,10,120,90.0,120.0
un_un,un -> un,0,naive,Naive,0,familiar_2,Familiar 2,1,full,Nonoccluded,0,-1.338541508725923,0.08023092703915766,0.01812795326113701,7.0,-83.0,0.036707460904112345,0.013880412017002035,900,10,120,90.0,120.0
un_un,un -> un,0,naive,Naive,0,familiar_2,Familiar 2,1,full,Nonoccluded,0,-1.30568249820752,0.07262401779508655,0.01858404986560345,8.0,-82.0,0.036707460904112345,0.013880412017002035,900,10,120,90.0,120.0
un_un,un -> un,0,naive,Naive,0,familiar_2,Familiar 2,1,full,Nonoccluded,0,-1.229745763037523,0.07335729935797124,0.019638083036988975,9.0,-81.0,0.036707460904112345,0.013880412017002035,900,10,120,90.0,120.0
un_un,un -> un,0,naive,Naive,0,familiar_2,Familiar 2,1,full,Nonoccluded,0,-1.174712808108686,0.09378300321413215,0.020401963125914337,10.0,-80.0,0.036707460904112345,0.013880412017002035,900,10,120,90.0,120.0
un_un,un -> un,0,naive,Naive,0,familiar_2,Familiar 2,1,full,Nonoccluded,0,-0.997960343906397,0.13432859210168163,0.02285536015406251,11.0,-79.0,0.036707460904112345,0.013880412017002035,900,10,120,90.0,120.0
un_un,un -> un,0,naive,Naive,0,familiar_2,Familiar 2,1,full,Nonoccluded,0,-0.9451084374197919,0.19722288621895767,0.02358896639198065,12.0,-78.0,0.036707460904112345,0.013880412017002035,900,10,120,90.0,120.0
un_un,un -> un,0,naive,Naive,0,familiar_2,Familiar 2,1,full,Nonoccluded,0,-0.8311977354888676,0.2607931866165715,0.02517009386792779,13.0,-77.0,0.036707460904112345,0.013880412017002035,900,10,120,90.0,120.0
un_un,un -> un,0,naive,Naive,0,familiar_2,Familiar 2,1,full,Nonoccluded,0,-0.8339301333422708,0.2376657694894663,0.025132167059928177,14.0,-76.0,0.036707460904112345,0.013880412017002035,900,10,120,90.0,120.0
un_un,un -> un,0,naive,Naive,0,familiar_2,Familiar 2,1,full,Nonoccluded,0,-0.809989258090976,0.26133320963144,0.025464476272463798,15.0,-75.0,0.036707460904112345,0.013880412017002035,900,10,120,90.0,120.0
un_un,un -> un,0,naive,Naive,0,familiar_2,Familiar 2,1,full,Nonoccluded,0,-0.7346992227085773,0.25313215785024606,0.026509532984346152,16.0,-74.0,0.036707460904112345,0.013880412017002035,900,10,120,90.0,120.0
un_un,un -> un,0,naive,Naive,0,familiar_2,Familiar 2,1,full,Nonoccluded,0,-0.7514465625558697,0.24260301533312031,0.02627707300707698,17.0,-73.0,0.036707460904112345,0.013880412017002035,900,10,120,90.0,120.0
un_un,un -> un,0,naive,Naive,0,familiar_2,Familiar 2,1,full,Nonoccluded,0,-0.7134615383450547,0.24068628310067058,0.02680432079359889,18.0,-72.0,0.036707460904112345,0.013880412017002035,900,10,120,90.0,120.0
un_un,un -> un,0,naive,Naive,0,familiar_2,Familiar 2,1,full,Nonoccluded,0,-0.6005202151337626,0.2385541258777412,0.028371992893517016,19.0,-71.0,0.036707460904112345,0.013880412017002035,900,10,120,90.0,120.0
un_un,un -> un,0,naive,Naive,0,familiar_2,Familiar 2,1,full,Nonoccluded,0,-0.5649342683907235,0.20789501273137387,0.028865940496325494,20.0,-70.0,0.036707460904112345,0.013880412017002035,900,10,120,90.0,120.0
un_un,un -> un,0,naive,Naive,0,familiar_2,Familiar 2,1,full,Nonoccluded,0,-0.5024243705179564,0.2014950135177497,0.02973360363394022,21.0,-69.0,0.036707460904112345,0.013880412017002035,900,10,120,90.0,120.0
un_un,un -> un,0,naive,Naive,0,familiar_2,Familiar 2,1,full,Nonoccluded,0,-0.48542735237866436,0.19632179376518755,0.02996952924877405,22.0,-68.0,0.036707460904112345,0.013880412017002035,900,10,120,90.0,120.0
un_un,un -> un,0,naive,Naive,0,familiar_2,Familiar 2,1,full,Nonoccluded,0,-0.40661535146663785,0.1913444943200034,0.031063472293317317,23.0,-67.0,0.036707460904112345,0.013880412017002035,900,10,120,90.0,120.0
un_un,un -> un,0,naive,Naive,0,familiar_2,Familiar 2,1,full,Nonoccluded,0,-0.3144019494178937,0.1972390068649401,0.03234343230724335,24.0,-66.0,0.036707460904112345,0.013880412017002035,900,10,120,90.0,120.0
un_un,un -> un,0,naive,Naive,0,familiar_2,Familiar 2,1,full,Nonoccluded,0,-0.3206472749459501,0.18320550458568075,0.03225674461573362,25.0,-65.0,0.036707460904112345,0.013880412017002035,900,10,120,90.0,120.0
un_un,un -> un,0,naive,Naive,0,familiar_2,Familiar 2,1,full,Nonoccluded,0,-0.21816508488749156,0.16106300200827448,0.03367923963814974,26.0,-64.0,0.036707460904112345,0.013880412017002035,900,10,120,90.0,120.0
un_un,un -> un,0,naive,Naive,0,familiar_2,Familiar 2,1,full,Nonoccluded,0,-0.20528264583754727,0.1922343289892896,0.03385805319994688,27.0,-63.0,0.036707460904112345,0.013880412017002035,900,10,120,90.0,120.0
un_un,un -> un,0,naive,Naive,0,familiar_2,Familiar 2,1,full,Nonoccluded,0,-0.24167566564926038,0.19314036630286555,0.033352903090417385,28.0,-62.0,0.036707460904112345,0.013880412017002035,900,10,120,90.0,120.0
un_un,un -> un,0,naive,Naive,0,familiar_2,Familiar 2,1,full,Nonoccluded,0,-0.1993357238448666,0.2181898678435122,0.03394059892743826,29.0,-61.0,0.036707460904112345,0.013880412017002035,900,10,120,90.0,120.0
un_un,un -> un,0,naive,Naive,0,familiar_2,Familiar 2,1,full,Nonoccluded,0,-0.23228405279342934,0.1879165399688822,0.03348326254636049,30.0,-60.0,0.036707460904112345,0.013880412017002035,900,10,120,90.0,120.0
un_un,un -> un,0,naive,Naive,0,familiar_2,Familiar 2,1,full,Nonoccluded,0,-0.21382816248845077,0.17317805721384646,0.03373943790793419,31.0,-59.0,0.036707460904112345,0.013880412017002035,900,10,120,90.0,120.0
un_un,un -> un,0,naive,Naive,0,familiar_2,Familiar 2,1,full,Nonoccluded,0,-0.13857025946497914,0.19915549450619224,0.034784048609435556,32.0,-58.0,0.036707460904112345,0.013880412017002035,900,10,120,90.0,120.0
un_un,un -> un,0,naive,Naive,0,familiar_2,Familiar 2,1,full,Nonoccluded,0,-0.15886891941911893,0.2211984338907173,0.03450229484587908,33.0,-57.0,0.036707460904112345,0.013880412017002035,900,10,120,90.0,120.0
un_un,un -> un,0,naive,Naive,0,familiar_2,Familiar 2,1,full,Nonoccluded,0,-0.019724385496467656,0.23213777660342347,0.0364336783066392,34.0,-56.0,0.036707460904112345,0.013880412017002035,900,10,120,90.0,120.0
un_un,un -> un,0,naive,Naive,0,familiar_2,Familiar 2,1,full,Nonoccluded,0,0.07227365124493992,0.2712484647750167,0.03771064896136522,35.0,-55.0,0.036707460904112345,0.013880412017002035,900,10,120,90.0,120.0
un_un,un -> un,0,naive,Naive,0,familiar_2,Familiar 2,1,full,Nonoccluded,0,0.12404440349147725,0.26143193630355177,0.0384292483329773,36.0,-54.0,0.036707460904112345,0.013880412017002035,900,10,120,90.0,120.0
un_un,un -> un,0,naive,Naive,0,familiar_2,Familiar 2,1,full,Nonoccluded,0,0.15696592080790972,0.2783527360021619,0.03888621255755424,37.0,-53.0,0.036707460904112345,0.013880412017002035,900,10,120,90.0,120.0
un_un,un -> un,0,naive,Naive,0,familiar_2,Familiar 2,1,full,Nonoccluded,0,0.16908472485384757,0.24051770042203732,0.039054426550865176,38.0,-52.0,0.036707460904112345,0.013880412017002035,900,10,120,90.0,120.0
un_un,un -> un,0,naive,Naive,0,familiar_2,Familiar 2,1,full,Nonoccluded,0,0.1305019676450453,0.22187095457754466,0.038518881984055044,39.0,-51.0,0.036707460904112345,0.013880412017002035,900,10,120,90.0,120.0
un_un,un -> un,0,naive,Naive,0,familiar_2,Familiar 2,1,full,Nonoccluded,0,0.19269208514060315,0.18176021292024463,0.03938210643827915,40.0,-50.0,0.036707460904112345,0.013880412017002035,900,10,120,90.0,120.0
un_un,un -> un,0,naive,Naive,0,familiar_2,Familiar 2,1,full,Nonoccluded,0,0.2488018129291822,0.18207312603236075,0.04016093257814646,41.0,-49.0,0.036707460904112345,0.013880412017002035,900,10,120,90.0,120.0
un_un,un -> un,0,naive,Naive,0,familiar_2,Familiar 2,1,full,Nonoccluded,0,0.33695709061148743,0.21327445447815732,0.04138456415385008,42.0,-48.0,0.036707460904112345,0.013880412017002035,900,10,120,90.0,120.0
un_un,un -> un,0,naive,Naive,0,familiar_2,Familiar 2,1,full,Nonoccluded,0,0.31431379502718554,0.22833237429274356,0.04107026588171721,43.0,-47.0,0.036707460904112345,0.013880412017002035,900,10,120,90.0,120.0
un_un,un -> un,0,naive,Naive,0,familiar_2,Familiar 2,1,full,Nonoccluded,0,0.29761370430738604,0.21720105393630434,0.040838461741805075,44.0,-46.0,0.036707460904112345,0.013880412017002035,900,10,120,90.0,120.0
un_un,un -> un,0,naive,Naive,0,familiar_2,Familiar 2,1,full,Nonoccluded,0,0.22346808144026134,0.19968790421575966,0.03980928994715214,45.0,-45.0,0.036707460904112345,0.013880412017002035,900,10,120,90.0,120.0
un_un,un -> un,0,naive,Naive,0,familiar_2,Familiar 2,1,full,Nonoccluded,0,0.24601365815310555,0.17264364025338969,0.04012223184108734,46.0,-44.0,0.036707460904112345,0.013880412017002035,900,10,120,90.0,120.0
un_un,un -> un,0,naive,Naive,0,familiar_2,Familiar 2,1,full,Nonoccluded,0,0.2985426777095291,0.15476395723035355,0.040851356275379655,47.0,-43.0,0.036707460904112345,0.013880412017002035,900,10,120,90.0,120.0
un_un,un -> un,0,naive,Naive,0,familiar_2,Familiar 2,1,full,Nonoccluded,0,0.2414331632141266,0.14022819437147635,0.04005865268409252,48.0,-42.0,0.036707460904112345,0.013880412017002035,900,10,120,90.0,120.0
un_un,un -> un,0,naive,Naive,0,familiar_2,Familiar 2,1,full,Nonoccluded,0,0.41585042550866974,0.15336966943588315,0.042479636147618294,49.0,-41.0,0.036707460904112345,0.013880412017002035,900,10,120,90.0,120.0
un_un,un -> un,0,naive,Naive,0,familiar_2,Familiar 2,1,full,Nonoccluded,0,0.4349337858370612,0.153147265747013,0.04274452105164528,50.0,-40.0,0.036707460904112345,0.013880412017002035,900,10,120,90.0,120.0
un_un,un -> un,0,naive,Naive,0,familiar_2,Familiar 2,1,full,Nonoccluded,0,0.35490138598987236,0.14719322173022117,0.041633638367056844,51.0,-39.0,0.036707460904112345,0.013880412017002035,900,10,120,90.0,120.0
un_un,un -> un,0,naive,Naive,0,familiar_2,Familiar 2,1,full,Nonoccluded,0,0.2499281161864181,0.14434900066451262,0.04017656613141298,52.0,-38.0,0.036707460904112345,0.013880412017002035,900,10,120,90.0,120.0
un_un,un -> un,0,naive,Naive,0,familiar_2,Familiar 2,1,full,Nonoccluded,0,0.12523740034815628,0.14339877561701414,0.03844580762088299,53.0,-37.0,0.036707460904112345,0.013880412017002035,900,10,120,90.0,120.0
un_un,un -> un,0,naive,Naive,0,familiar_2,Familiar 2,1,full,Nonoccluded,0,0.11154701597924363,0.14215721812551446,0.038255779445171355,54.0,-36.0,0.036707460904112345,0.013880412017002035,900,10,120,90.0,120.0
un_un,un -> un,0,naive,Naive,0,familiar_2,Familiar 2,1,full,Nonoccluded,0,0.11290131204423381,0.1529584219259675,0.03827457763254642,55.0,-35.0,0.036707460904112345,0.013880412017002035,900,10,120,90.0,120.0
un_un,un -> un,0,naive,Naive,0,familiar_2,Familiar 2,1,full,Nonoccluded,0,0.23225217867557113,0.17020366502647366,0.03993121683597565,56.0,-34.0,0.036707460904112345,0.013880412017002035,900,10,120,90.0,120.0
un_un,un -> un,0,naive,Naive,0,familiar_2,Familiar 2,1,full,Nonoccluded,0,0.2600293784626418,0.17638692733933797,0.04031677581369877,57.0,-33.0,0.036707460904112345,0.013880412017002035,900,10,120,90.0,120.0
un_un,un -> un,0,naive,Naive,0,familiar_2,Familiar 2,1,full,Nonoccluded,0,0.3888521720730832,0.19409177616860687,0.042104889266192914,58.0,-32.0,0.036707460904112345,0.013880412017002035,900,10,120,90.0,120.0
un_un,un -> un,0,naive,Naive,0,familiar_2,Familiar 2,1,full,Nonoccluded,0,0.4927235347890779,0.18093101738314274,0.043546666577458384,59.0,-31.0,0.036707460904112345,0.013880412017002035,900,10,120,90.0,120.0
un_un,un -> un,0,naive,Naive,0,familiar_2,Familiar 2,1,full,Nonoccluded,0,0.4716845624618838,0.1668730610570883,0.04325463697314262,60.0,-30.0,0.036707460904112345,0.013880412017002035,900,10,120,90.0,120.0
un_un,un -> un,0,naive,Naive,0,familiar_2,Familiar 2,1,full,Nonoccluded,0,0.5906951709629433,0.18881370969233924,0.044906553253531455,61.0,-29.0,0.036707460904112345,0.013880412017002035,900,10,120,90.0,120.0
un_un,un -> un,0,naive,Naive,0,familiar_2,Familiar 2,1,full,Nonoccluded,0,0.6629815319407226,0.2431335248660296,0.04590991772711277,62.0,-28.0,0.036707460904112345,0.013880412017002035,900,10,120,90.0,120.0
un_un,un -> un,0,naive,Naive,0,familiar_2,Familiar 2,1,full,Nonoccluded,0,0.7436084307501913,0.24583738951979991,0.047029052302241324,63.0,-27.0,0.036707460904112345,0.013880412017002035,900,10,120,90.0,120.0
un_un,un -> un,0,naive,Naive,0,familiar_2,Familiar 2,1,full,Nonoccluded,0,0.7347338744497212,0.2468784675785078,0.04690586980432272,64.0,-26.0,0.036707460904112345,0.013880412017002035,900,10,120,90.0,120.0
un_un,un -> un,0,naive,Naive,0,familiar_2,Familiar 2,1,full,Nonoccluded,0,0.7267413108086074,0.27238391034095094,0.04679492972791195,65.0,-25.0,0.036707460904112345,0.013880412017002035,900,10,120,90.0,120.0
un_un,un -> un,0,naive,Naive,0,familiar_2,Familiar 2,1,full,Nonoccluded,0,0.7044163194856317,0.294066307321742,0.04648504965007305,66.0,-24.0,0.036707460904112345,0.013880412017002035,900,10,120,90.0,120.0
un_un,un -> un,0,naive,Naive,0,familiar_2,Familiar 2,1,full,Nonoccluded,0,0.78106610585217,0.3081011305821758,0.047548980265855786,67.0,-23.0,0.036707460904112345,0.013880412017002035,900,10,120,90.0,120.0
un_un,un -> un,0,naive,Naive,0,familiar_2,Familiar 2,1,full,Nonoccluded,0,0.7580083974433202,0.3026066892793662,0.04722892977297306,68.0,-22.0,0.036707460904112345,0.013880412017002035,900,10,120,90.0,120.0
un_un,un -> un,0,naive,Naive,0,familiar_2,Familiar 2,1,full,Nonoccluded,0,0.7169483017864697,0.2777330885083043,0.04665899872779846,69.0,-21.0,0.036707460904112345,0.013880412017002035,900,10,120,90.0,120.0
un_un,un -> un,0,naive,Naive,0,familiar_2,Familiar 2,1,full,Nonoccluded,0,0.7637294602866593,0.27272100037300534,0.047308340482413766,70.0,-20.0,0.036707460904112345,0.013880412017002035,900,10,120,90.0,120.0
un_un,un -> un,0,naive,Naive,0,familiar_2,Familiar 2,1,full,Nonoccluded,0,0.682266422344856,0.24720196796923985,0.04617759995162487,71.0,-19.0,0.036707460904112345,0.013880412017002035,900,10,120,90.0,120.0
un_un,un -> un,0,naive,Naive,0,familiar_2,Familiar 2,1,full,Nonoccluded,0,0.6727388055392551,0.27749618385226327,0.04604535270482302,72.0,-18.0,0.036707460904112345,0.013880412017002035,900,10,120,90.0,120.0
un_un,un -> un,0,naive,Naive,0,familiar_2,Familiar 2,1,full,Nonoccluded,0,0.6888271133217079,0.2261473402463098,0.0462686650454998,73.0,-17.0,0.036707460904112345,0.013880412017002035,900,10,120,90.0,120.0
un_un,un -> un,0,naive,Naive,0,familiar_2,Familiar 2,1,full,Nonoccluded,0,0.7535834985376496,0.2661277051044603,0.047167510353028776,74.0,-16.0,0.036707460904112345,0.013880412017002035,900,10,120,90.0,120.0
un_un,un -> un,0,naive,Naive,0,familiar_2,Familiar 2,1,full,Nonoccluded,0,0.7123021867868717,0.2603811672025167,0.046594508737325666,75.0,-15.0,0.036707460904112345,0.013880412017002035,900,10,120,90.0,120.0
un_un,un -> un,0,naive,Naive,0,familiar_2,Familiar 2,1,full,Nonoccluded,0,0.7829314063974006,0.3178914989123098,0.04757487140595913,76.0,-14.0,0.036707460904112345,0.013880412017002035,900,10,120,90.0,120.0
un_un,un -> un,0,naive,Naive,0,familiar_2,Familiar 2,1,full,Nonoccluded,0,0.8051174817965464,0.3111453166261697,0.04788282327353954,77.0,-13.0,0.036707460904112345,0.013880412017002035,900,10,120,90.0,120.0
un_un,un -> un,0,naive,Naive,0,familiar_2,Familiar 2,1,full,Nonoccluded,0,0.6999979691667878,0.3023554525092295,0.04642372112721205,78.0,-12.0,0.036707460904112345,0.013880412017002035,900,10,120,90.0,120.0
un_un,un -> un,0,naive,Naive,0,familiar_2,Familiar 2,1,full,Nonoccluded,0,0.680154140773921,0.26806769732808355,0.04614828061312437,79.0,-11.0,0.036707460904112345,0.013880412017002035,900,10,120,90.0,120.0
un_un,un -> un,0,naive,Naive,0,familiar_2,Familiar 2,1,full,Nonoccluded,0,0.6002335365760199,0.2659669928585077,0.04503894969820976,80.0,-10.0,0.036707460904112345,0.013880412017002035,900,10,120,90.0,120.0
un_un,un -> un,0,naive,Naive,0,familiar_2,Familiar 2,1,full,Nonoccluded,0,0.7094884952060184,0.28239384748897395,0.046555453538894655,81.0,-9.0,0.036707460904112345,0.013880412017002035,900,10,120,90.0,120.0
un_un,un -> un,0,naive,Naive,0,familiar_2,Familiar 2,1,full,Nonoccluded,0,0.7813774321111401,0.28855501799207517,0.047553301602602,82.0,-8.0,0.036707460904112345,0.013880412017002035,900,10,120,90.0,120.0
un_un,un -> un,0,naive,Naive,0,familiar_2,Familiar 2,1,full,Nonoccluded,0,0.7562139504604757,0.26442041526908383,0.04720402210950851,83.0,-7.0,0.036707460904112345,0.013880412017002035,900,10,120,90.0,120.0
un_un,un -> un,0,naive,Naive,0,familiar_2,Familiar 2,1,full,Nonoccluded,0,0.6965605649484058,0.2995296949529014,0.04637600854039192,84.0,-6.0,0.036707460904112345,0.013880412017002035,900,10,120,90.0,120.0
un_un,un -> un,0,naive,Naive,0,familiar_2,Familiar 2,1,full,Nonoccluded,0,0.7943809126634942,0.3149916233724224,0.04773379527032375,85.0,-5.0,0.036707460904112345,0.013880412017002035,900,10,120,90.0,120.0
un_un,un -> un,0,naive,Naive,0,familiar_2,Familiar 2,1,full,Nonoccluded,0,0.8444942417388397,0.2977240487450758,0.04842938892543316,86.0,-4.0,0.036707460904112345,0.013880412017002035,900,10,120,90.0,120.0
un_un,un -> un,0,naive,Naive,0,familiar_2,Familiar 2,1,full,Nonoccluded,0,0.8830134857069654,0.2676942333246363,0.04896405190229416,87.0,-3.0,0.036707460904112345,0.013880412017002035,900,10,120,90.0,120.0
un_un,un -> un,0,naive,Naive,0,familiar_2,Familiar 2,1,full,Nonoccluded,0,0.835136042778907,0.24735548864982276,0.04829949326813221,88.0,-2.0,0.036707460904112345,0.013880412017002035,900,10,120,90.0,120.0
un_un,un -> un,0,naive,Naive,0,familiar_2,Familiar 2,1,full,Nonoccluded,0,0.7807120527480034,0.2142577748238835,0.04754406586289406,89.0,-1.0,0.036707460904112345,0.013880412017002035,900,10,120,90.0,120.0
un_un,un -> un,0,naive,Naive,0,familiar_2,Familiar 2,1,full,Nonoccluded,0,0.6246561422457473,0.1995668606305085,0.04537794552743435,90.0,0.0,0.036707460904112345,0.013880412017002035,900,10,120,90.0,120.0
un_un,un -> un,0,naive,Naive,0,familiar_2,Familiar 2,1,full,Nonoccluded,0,0.5034885527009669,0.20774393478104364,0.043696089461445806,91.0,1.0,0.036707460904112345,0.013880412017002035,900,10,120,90.0,120.0
un_un,un -> un,0,naive,Naive,0,familiar_2,Familiar 2,1,full,Nonoccluded,0,0.3460865452864892,0.19735674922679367,0.04151128474622965,92.0,2.0,0.036707460904112345,0.013880412017002035,900,10,120,90.0,120.0
un_un,un -> un,0,naive,Naive,0,familiar_2,Familiar 2,1,full,Nonoccluded,0,0.1965545973140677,0.18748891225383052,0.03943571969866753,93.0,3.0,0.036707460904112345,0.013880412017002035,900,10,120,90.0,120.0
un_un,un -> un,0,naive,Naive,0,familiar_2,Familiar 2,1,full,Nonoccluded,0,0.05705678860289722,0.17680171274226858,0.03749943263828755,94.0,4.0,0.036707460904112345,0.013880412017002035,900,10,120,90.0,120.0
un_un,un -> un,0,naive,Naive,0,familiar_2,Familiar 2,1,full,Nonoccluded,0,-0.07802367623207702,0.16796162228383743,0.035624460130929944,95.0,5.0,0.036707460904112345,0.013880412017002035,900,10,120,90.0,120.0
un_un,un -> un,0,naive,Naive,0,familiar_2,Familiar 2,1,full,Nonoccluded,0,-0.20635010574799076,0.15956352992403677,0.03384323641657829,96.0,6.0,0.036707460904112345,0.013880412017002035,900,10,120,90.0,120.0
un_un,un -> un,0,naive,Naive,0,familiar_2,Familiar 2,1,full,Nonoccluded,0,-0.3282602084204147,0.15158534757722542,0.032151073962450025,97.0,7.0,0.036707460904112345,0.013880412017002035,900,10,120,90.0,120.0
un_un,un -> un,0,naive,Naive,0,familiar_2,Familiar 2,1,full,Nonoccluded,0,-0.4091304113851155,0.1390361061483524,0.0310285622254014,98.0,8.0,0.036707460904112345,0.013880412017002035,900,10,120,90.0,120.0
un_un,un -> un,0,naive,Naive,0,familiar_2,Familiar 2,1,full,Nonoccluded,0,-0.5049361024660795,0.12395328792434296,0.029698739759624004,99.0,9.0,0.036707460904112345,0.013880412017002035,900,10,120,90.0,120.0
un_un,un -> un,0,naive,Naive,0,familiar_2,Familiar 2,1,full,Nonoccluded,0,-0.6119169167089489,0.11775561417070667,0.028213801980018615,100.0,10.0,0.036707460904112345,0.013880412017002035,900,10,120,90.0,120.0
un_un,un -> un,0,naive,Naive,0,familiar_2,Familiar 2,1,full,Nonoccluded,0,-0.7135486627302428,0.11186783160561134,0.026803111471235753,101.0,11.0,0.036707460904112345,0.013880412017002035,900,10,120,90.0,120.0
un_un,un -> un,0,naive,Naive,0,familiar_2,Familiar 2,1,full,Nonoccluded,0,-0.8100987993087333,0.10627444283840413,0.025462955795228483,102.0,12.0,0.036707460904112345,0.013880412017002035,900,10,120,90.0,120.0
un_un,un -> un,0,naive,Naive,0,familiar_2,Familiar 2,1,full,Nonoccluded,0,-0.9018214465033056,0.10096071071748522,0.024189807660877704,103.0,13.0,0.036707460904112345,0.013880412017002035,900,10,120,90.0,120.0
un_un,un -> un,0,naive,Naive,0,familiar_2,Familiar 2,1,full,Nonoccluded,0,-0.9889579626800726,0.09591267635632733,0.022980316914618014,104.0,14.0,0.036707460904112345,0.013880412017002035,900,10,120,90.0,120.0
un_un,un -> un,0,naive,Naive,0,familiar_2,Familiar 2,1,full,Nonoccluded,0,-1.0717376557318483,0.09111704407613638,0.02183130066841841,105.0,15.0,0.036707460904112345,0.013880412017002035,900,10,120,90.0,120.0
un_un,un -> un,0,naive,Naive,0,familiar_2,Familiar 2,1,full,Nonoccluded,0,-1.1503783735245,0.08656118673635398,0.02073973510414362,106.0,16.0,0.036707460904112345,0.013880412017002035,900,10,120,90.0,120.0
un_un,un -> un,0,naive,Naive,0,familiar_2,Familiar 2,1,full,Nonoccluded,0,-1.2250870205375073,0.08223312314917773,0.01970274830237031,107.0,17.0,0.036707460904112345,0.013880412017002035,900,10,120,90.0,120.0
un_un,un -> un,0,naive,Naive,0,familiar_2,Familiar 2,1,full,Nonoccluded,0,-1.2793347958800632,0.07915696215645995,0.01894976682960987,108.0,18.0,0.036707460904112345,0.013880412017002035,900,10,120,90.0,120.0
un_un,un -> un,0,naive,Naive,0,familiar_2,Familiar 2,1,full,Nonoccluded,0,-1.3475956278139483,0.07519911024132403,0.018002278357744216,109.0,19.0,0.036707460904112345,0.013880412017002035,900,10,120,90.0,120.0
un_un,un -> un,0,naive,Naive,0,familiar_2,Familiar 2,1,full,Nonoccluded,0,-1.412443438279992,0.07143915323447919,0.017102164030075074,110.0,20.0,0.036707460904112345,0.013880412017002035,900,10,120,90.0,120.0
un_un,un -> un,0,naive,Naive,0,familiar_2,Familiar 2,1,full,Nonoccluded,0,-1.4740488461454215,0.06786719327393048,0.01624705558642745,111.0,21.0,0.036707460904112345,0.013880412017002035,900,10,120,90.0,120.0
un_un,un -> un,0,naive,Naive,0,familiar_2,Familiar 2,1,full,Nonoccluded,0,-1.5325739960303726,0.06447383404123726,0.015434702392667532,112.0,22.0,0.036707460904112345,0.013880412017002035,900,10,120,90.0,120.0
un_un,un -> un,0,naive,Naive,0,familiar_2,Familiar 2,1,full,Nonoccluded,0,-1.5881728669502997,0.06125014110484833,0.014662967156618833,113.0,23.0,0.036707460904112345,0.013880412017002035,900,10,120,90.0,120.0
un_un,un -> un,0,naive,Naive,0,familiar_2,Familiar 2,1,full,Nonoccluded,0,-1.6409917822469182,0.058187639107053976,0.013929818850010633,114.0,24.0,0.036707460904112345,0.013880412017002035,900,10,120,90.0,120.0
un_un,un -> un,0,naive,Naive,0,familiar_2,Familiar 2,1,full,Nonoccluded,0,-1.6872805957135526,0.05438723692908626,0.013287311047315597,115.0,25.0,0.036707460904112345,0.013880412017002035,900,10,120,90.0,120.0
un_un,un -> un,0,naive,Naive,0,familiar_2,Familiar 2,1,full,Nonoccluded,0,-1.734416874147115,0.05133750009687773,0.012633040081709623,116.0,26.0,0.036707460904112345,0.013880412017002035,900,10,120,90.0,120.0
un_un,un -> un,0,naive,Naive,0,familiar_2,Familiar 2,1,full,Nonoccluded,0,-1.7604928302501204,0.04365566367166213,0.01227109506726265,117.0,27.0,0.036707460904112345,0.013880412017002035,900,10,120,90.0,120.0
un_un,un -> un,0,naive,Naive,0,familiar_2,Familiar 2,1,full,Nonoccluded,0,-1.8046957577816554,0.04147287747718515,0.01165754022076726,118.0,28.0,0.036707460904112345,0.013880412017002035,900,10,120,90.0,120.0
un_un,un -> un,0,naive,Naive,0,familiar_2,Familiar 2,1,full,Nonoccluded,0,-1.8466885372592095,0.039399233941884486,0.011074663139879704,119.0,29.0,0.036707460904112345,0.013880412017002035,900,10,120,90.0,120.0
un_un,un -> un,0,naive,Naive,0,familiar_2,Familiar 2,1,occlusion,Occluded,1,-0.6617944093989868,0.3466915534272137,0.034336461871862414,0.0,-90.0,0.04072618019974066,0.009655140988091932,900,10,120,90.0,120.0
un_un,un -> un,0,naive,Naive,0,familiar_2,Familiar 2,1,occlusion,Occluded,1,-0.41676537825605947,0.4369490054610912,0.03670225171372295,1.0,-89.0,0.04072618019974066,0.009655140988091932,900,10,120,90.0,120.0
un_un,un -> un,0,naive,Naive,0,familiar_2,Familiar 2,1,occlusion,Occluded,1,-0.33540111388036814,0.42646319860817977,0.03748783515766263,2.0,-88.0,0.04072618019974066,0.009655140988091932,900,10,120,90.0,120.0
un_un,un -> un,0,naive,Naive,0,familiar_2,Familiar 2,1,occlusion,Occluded,1,-0.3245589025698773,0.40839229986572156,0.037592518236488105,3.0,-87.0,0.04072618019974066,0.009655140988091932,900,10,120,90.0,120.0
un_un,un -> un,0,naive,Naive,0,familiar_2,Familiar 2,1,occlusion,Occluded,1,-0.34611220884804883,0.3889727333803084,0.037384418025612834,4.0,-86.0,0.04072618019974066,0.009655140988091932,900,10,120,90.0,120.0
un_un,un -> un,0,naive,Naive,0,familiar_2,Familiar 2,1,occlusion,Occluded,1,-0.34272162684291246,0.3530577820303469,0.03741715457290411,5.0,-85.0,0.04072618019974066,0.009655140988091932,900,10,120,90.0,120.0
un_un,un -> un,0,naive,Naive,0,familiar_2,Familiar 2,1,occlusion,Occluded,1,-0.40356541672196655,0.3288343891777655,0.036829699203372,6.0,-84.0,0.04072618019974066,0.009655140988091932,900,10,120,90.0,120.0
un_un,un -> un,0,naive,Naive,0,familiar_2,Familiar 2,1,occlusion,Occluded,1,-0.468143258828682,0.31120987340306483,0.036206191033124925,7.0,-83.0,0.04072618019974066,0.009655140988091932,900,10,120,90.0,120.0
un_un,un -> un,0,naive,Naive,0,familiar_2,Familiar 2,1,occlusion,Occluded,1,-0.39370314887493246,0.28655764412583895,0.03692492078989744,8.0,-82.0,0.04072618019974066,0.009655140988091932,900,10,120,90.0,120.0
un_un,un -> un,0,naive,Naive,0,familiar_2,Familiar 2,1,occlusion,Occluded,1,-0.44030469248345944,0.29567179384645,0.0364749763160944,9.0,-81.0,0.04072618019974066,0.009655140988091932,900,10,120,90.0,120.0
un_un,un -> un,0,naive,Naive,0,familiar_2,Familiar 2,1,occlusion,Occluded,1,-0.48912858720545654,0.28313892415172504,0.03600357472896576,10.0,-80.0,0.04072618019974066,0.009655140988091932,900,10,120,90.0,120.0
un_un,un -> un,0,naive,Naive,0,familiar_2,Familiar 2,1,occlusion,Occluded,1,-0.4648274902094675,0.2516976532144392,0.03623820524662733,11.0,-79.0,0.04072618019974066,0.009655140988091932,900,10,120,90.0,120.0
un_un,un -> un,0,naive,Naive,0,familiar_2,Familiar 2,1,occlusion,Occluded,1,-0.4130916802516721,0.2477949558589596,0.036737721785902976,12.0,-78.0,0.04072618019974066,0.009655140988091932,900,10,120,90.0,120.0
un_un,un -> un,0,naive,Naive,0,familiar_2,Familiar 2,1,occlusion,Occluded,1,-0.19342244811590203,0.17880550599863815,0.03885865919291973,13.0,-77.0,0.04072618019974066,0.009655140988091932,900,10,120,90.0,120.0
un_un,un -> un,0,naive,Naive,0,familiar_2,Familiar 2,1,occlusion,Occluded,1,-0.03218011679222582,0.22856332377287905,0.04041547663509846,14.0,-76.0,0.04072618019974066,0.009655140988091932,900,10,120,90.0,120.0
un_un,un -> un,0,naive,Naive,0,familiar_2,Familiar 2,1,occlusion,Occluded,1,0.16452607446775933,0.21838833680475983,0.04231470264494419,15.0,-75.0,0.04072618019974066,0.009655140988091932,900,10,120,90.0,120.0
un_un,un -> un,0,naive,Naive,0,familiar_2,Familiar 2,1,occlusion,Occluded,1,0.04966970150565906,0.21149827010325242,0.041205748170614245,16.0,-74.0,0.04072618019974066,0.009655140988091932,900,10,120,90.0,120.0
un_un,un -> un,0,naive,Naive,0,familiar_2,Familiar 2,1,occlusion,Occluded,1,0.07864698237316674,0.18022058375589142,0.04148552790284157,17.0,-73.0,0.04072618019974066,0.009655140988091932,900,10,120,90.0,120.0
un_un,un -> un,0,naive,Naive,0,familiar_2,Familiar 2,1,occlusion,Occluded,1,0.04661091821750814,0.19062326362531176,0.041176215186715125,18.0,-72.0,0.04072618019974066,0.009655140988091932,900,10,120,90.0,120.0
un_un,un -> un,0,naive,Naive,0,familiar_2,Familiar 2,1,occlusion,Occluded,1,0.14903858466074904,0.23309305256824334,0.04216516874730587,19.0,-71.0,0.04072618019974066,0.009655140988091932,900,10,120,90.0,120.0
un_un,un -> un,0,naive,Naive,0,familiar_2,Familiar 2,1,occlusion,Occluded,1,0.13788957673439578,0.20930601579889135,0.042057523503899574,20.0,-70.0,0.04072618019974066,0.009655140988091932,900,10,120,90.0,120.0
un_un,un -> un,0,naive,Naive,0,familiar_2,Familiar 2,1,occlusion,Occluded,1,0.14362173283520857,0.2160923496818274,0.042112868279218674,21.0,-69.0,0.04072618019974066,0.009655140988091932,900,10,120,90.0,120.0
un_un,un -> un,0,naive,Naive,0,familiar_2,Familiar 2,1,occlusion,Occluded,1,0.033043072757980366,0.2148214153377741,0.04104521572589874,22.0,-68.0,0.04072618019974066,0.009655140988091932,900,10,120,90.0,120.0
un_un,un -> un,0,naive,Naive,0,familiar_2,Familiar 2,1,occlusion,Occluded,1,0.008645767831204309,0.22938215016852379,0.04080965630710125,23.0,-67.0,0.04072618019974066,0.009655140988091932,900,10,120,90.0,120.0
un_un,un -> un,0,naive,Naive,0,familiar_2,Familiar 2,1,occlusion,Occluded,1,0.007919549393957993,0.21369942868572578,0.040802644565701485,24.0,-66.0,0.04072618019974066,0.009655140988091932,900,10,120,90.0,120.0
un_un,un -> un,0,naive,Naive,0,familiar_2,Familiar 2,1,occlusion,Occluded,1,0.09331411002882585,0.23598888996151687,0.0416271410882473,25.0,-65.0,0.04072618019974066,0.009655140988091932,900,10,120,90.0,120.0
un_un,un -> un,0,naive,Naive,0,familiar_2,Familiar 2,1,occlusion,Occluded,1,-0.08244722693475195,0.21991206979963504,0.03993014059960842,26.0,-64.0,0.04072618019974066,0.009655140988091932,900,10,120,90.0,120.0
un_un,un -> un,0,naive,Naive,0,familiar_2,Familiar 2,1,occlusion,Occluded,1,-0.08718412192682141,0.18910675860395382,0.039884405210614204,27.0,-63.0,0.04072618019974066,0.009655140988091932,900,10,120,90.0,120.0
un_un,un -> un,0,naive,Naive,0,familiar_2,Familiar 2,1,occlusion,Occluded,1,-0.13289309438360916,0.1642211119027728,0.03944307863712311,28.0,-62.0,0.04072618019974066,0.009655140988091932,900,10,120,90.0,120.0
un_un,un -> un,0,naive,Naive,0,familiar_2,Familiar 2,1,occlusion,Occluded,1,-0.08872460632409568,0.13309118453237775,0.03986953161656857,29.0,-61.0,0.04072618019974066,0.009655140988091932,900,10,120,90.0,120.0
un_un,un -> un,0,naive,Naive,0,familiar_2,Familiar 2,1,occlusion,Occluded,1,0.024939150981045523,0.1987519368583685,0.04096697121858597,30.0,-60.0,0.04072618019974066,0.009655140988091932,900,10,120,90.0,120.0
un_un,un -> un,0,naive,Naive,0,familiar_2,Familiar 2,1,occlusion,Occluded,1,-0.020181307512118895,0.2236655823730282,0.04053132683038711,31.0,-59.0,0.04072618019974066,0.009655140988091932,900,10,120,90.0,120.0
un_un,un -> un,0,naive,Naive,0,familiar_2,Familiar 2,1,occlusion,Occluded,1,-0.08636898783828224,0.2483980201471681,0.03989227544516325,32.0,-58.0,0.04072618019974066,0.009655140988091932,900,10,120,90.0,120.0
un_un,un -> un,0,naive,Naive,0,familiar_2,Familiar 2,1,occlusion,Occluded,1,-0.11424530812787018,0.28703599077951486,0.03962312564253807,33.0,-57.0,0.04072618019974066,0.009655140988091932,900,10,120,90.0,120.0
un_un,un -> un,0,naive,Naive,0,familiar_2,Familiar 2,1,occlusion,Occluded,1,-0.09808320530066894,0.3261511993212799,0.039779173023998735,34.0,-56.0,0.04072618019974066,0.009655140988091932,900,10,120,90.0,120.0
un_un,un -> un,0,naive,Naive,0,familiar_2,Familiar 2,1,occlusion,Occluded,1,-0.07770141915663406,0.37183485085721063,0.03997596204280853,35.0,-55.0,0.04072618019974066,0.009655140988091932,900,10,120,90.0,120.0
un_un,un -> un,0,naive,Naive,0,familiar_2,Familiar 2,1,occlusion,Occluded,1,-0.02271114974426034,0.39095776731489845,0.04050690084695816,36.0,-54.0,0.04072618019974066,0.009655140988091932,900,10,120,90.0,120.0
un_un,un -> un,0,naive,Naive,0,familiar_2,Familiar 2,1,occlusion,Occluded,1,-0.06312448040741761,0.43418252826742865,0.040116704441607,37.0,-53.0,0.04072618019974066,0.009655140988091932,900,10,120,90.0,120.0
un_un,un -> un,0,naive,Naive,0,familiar_2,Familiar 2,1,occlusion,Occluded,1,-0.10883482257807857,0.39144846729341376,0.03967536464333534,38.0,-52.0,0.04072618019974066,0.009655140988091932,900,10,120,90.0,120.0
un_un,un -> un,0,naive,Naive,0,familiar_2,Familiar 2,1,occlusion,Occluded,1,-0.17712476290699414,0.3886736067587974,0.039016015641391275,39.0,-51.0,0.04072618019974066,0.009655140988091932,900,10,120,90.0,120.0
un_un,un -> un,0,naive,Naive,0,familiar_2,Familiar 2,1,occlusion,Occluded,1,-0.09779573901298946,0.36791506566537824,0.039781948551535606,40.0,-50.0,0.04072618019974066,0.009655140988091932,900,10,120,90.0,120.0
un_un,un -> un,0,naive,Naive,0,familiar_2,Familiar 2,1,occlusion,Occluded,1,-0.21407177217534795,0.3671985269260179,0.03865928705781698,41.0,-49.0,0.04072618019974066,0.009655140988091932,900,10,120,90.0,120.0
un_un,un -> un,0,naive,Naive,0,familiar_2,Familiar 2,1,occlusion,Occluded,1,-0.18825922485784846,0.39917760351886933,0.03890851084142923,42.0,-48.0,0.04072618019974066,0.009655140988091932,900,10,120,90.0,120.0
un_un,un -> un,0,naive,Naive,0,familiar_2,Familiar 2,1,occlusion,Occluded,1,-0.11799805405613972,0.42160095076843457,0.03958689235150814,43.0,-47.0,0.04072618019974066,0.009655140988091932,900,10,120,90.0,120.0
un_un,un -> un,0,naive,Naive,0,familiar_2,Familiar 2,1,occlusion,Occluded,1,-0.13766745394387353,0.3979897122805869,0.03939698152244091,44.0,-46.0,0.04072618019974066,0.009655140988091932,900,10,120,90.0,120.0
un_un,un -> un,0,naive,Naive,0,familiar_2,Familiar 2,1,occlusion,Occluded,1,-0.2913591507284277,0.4056642385975313,0.03791306652128697,45.0,-45.0,0.04072618019974066,0.009655140988091932,900,10,120,90.0,120.0
un_un,un -> un,0,naive,Naive,0,familiar_2,Familiar 2,1,occlusion,Occluded,1,-0.32168260954065564,0.4721283268323885,0.037620289251208305,46.0,-44.0,0.04072618019974066,0.009655140988091932,900,10,120,90.0,120.0
un_un,un -> un,0,naive,Naive,0,familiar_2,Familiar 2,1,occlusion,Occluded,1,-0.04831839431473038,0.44982621126902184,0.04025965929031372,47.0,-43.0,0.04072618019974066,0.009655140988091932,900,10,120,90.0,120.0
un_un,un -> un,0,naive,Naive,0,familiar_2,Familiar 2,1,occlusion,Occluded,1,-0.15754533971651127,0.42735622702095905,0.03920505773276091,48.0,-42.0,0.04072618019974066,0.009655140988091932,900,10,120,90.0,120.0
un_un,un -> un,0,naive,Naive,0,familiar_2,Familiar 2,1,occlusion,Occluded,1,-0.3119525287282621,0.3818323454978477,0.03771423455327749,49.0,-41.0,0.04072618019974066,0.009655140988091932,900,10,120,90.0,120.0
un_un,un -> un,0,naive,Naive,0,familiar_2,Familiar 2,1,occlusion,Occluded,1,-0.296427883020972,0.31620376670344974,0.037864127196371555,50.0,-40.0,0.04072618019974066,0.009655140988091932,900,10,120,90.0,120.0
un_un,un -> un,0,naive,Naive,0,familiar_2,Familiar 2,1,occlusion,Occluded,1,-0.3169112402008187,0.3119152525646763,0.03766635749489069,51.0,-39.0,0.04072618019974066,0.009655140988091932,900,10,120,90.0,120.0
un_un,un -> un,0,naive,Naive,0,familiar_2,Familiar 2,1,occlusion,Occluded,1,-0.27462703472076433,0.2855681745150366,0.03807461746037007,52.0,-38.0,0.04072618019974066,0.009655140988091932,900,10,120,90.0,120.0
un_un,un -> un,0,naive,Naive,0,familiar_2,Familiar 2,1,occlusion,Occluded,1,-0.08607845416319641,0.2758705648007514,0.03989508058875799,53.0,-37.0,0.04072618019974066,0.009655140988091932,900,10,120,90.0,120.0
un_un,un -> un,0,naive,Naive,0,familiar_2,Familiar 2,1,occlusion,Occluded,1,-0.0749557408848605,0.295241493911703,0.04000247195363045,54.0,-36.0,0.04072618019974066,0.009655140988091932,900,10,120,90.0,120.0
un_un,un -> un,0,naive,Naive,0,familiar_2,Familiar 2,1,occlusion,Occluded,1,0.1610394967410276,0.2972026899641109,0.04228103924542666,55.0,-35.0,0.04072618019974066,0.009655140988091932,900,10,120,90.0,120.0
un_un,un -> un,0,naive,Naive,0,familiar_2,Familiar 2,1,occlusion,Occluded,1,0.08303342353113198,0.2889651693987008,0.041527879610657695,56.0,-34.0,0.04072618019974066,0.009655140988091932,900,10,120,90.0,120.0
un_un,un -> un,0,naive,Naive,0,familiar_2,Familiar 2,1,occlusion,Occluded,1,-0.008156338626207422,0.2805685083162677,0.04064742960035801,57.0,-33.0,0.04072618019974066,0.009655140988091932,900,10,120,90.0,120.0
un_un,un -> un,0,naive,Naive,0,familiar_2,Familiar 2,1,occlusion,Occluded,1,-0.040190473607396665,0.3008001152600736,0.04033813551068306,58.0,-32.0,0.04072618019974066,0.009655140988091932,900,10,120,90.0,120.0
un_un,un -> un,0,naive,Naive,0,familiar_2,Familiar 2,1,occlusion,Occluded,1,-0.1081659006225723,0.3071976234549171,0.03968182317912579,59.0,-31.0,0.04072618019974066,0.009655140988091932,900,10,120,90.0,120.0
un_un,un -> un,0,naive,Naive,0,familiar_2,Familiar 2,1,occlusion,Occluded,1,-0.09338263666385757,0.30756573554453437,0.03982455767691136,60.0,-30.0,0.04072618019974066,0.009655140988091932,900,10,120,90.0,120.0
un_un,un -> un,0,naive,Naive,0,familiar_2,Familiar 2,1,occlusion,Occluded,1,-0.2664443254585008,0.28842730128054345,0.03815362267196178,61.0,-29.0,0.04072618019974066,0.009655140988091932,900,10,120,90.0,120.0
un_un,un -> un,0,naive,Naive,0,familiar_2,Familiar 2,1,occlusion,Occluded,1,-0.1993222494781024,0.33086043447165053,0.03880169577896595,62.0,-28.0,0.04072618019974066,0.009655140988091932,900,10,120,90.0,120.0
un_un,un -> un,0,naive,Naive,0,familiar_2,Familiar 2,1,occlusion,Occluded,1,-0.04092192010745493,0.3681715946165858,0.04033107329159975,63.0,-27.0,0.04072618019974066,0.009655140988091932,900,10,120,90.0,120.0
un_un,un -> un,0,naive,Naive,0,familiar_2,Familiar 2,1,occlusion,Occluded,1,0.16827710343075114,0.3765692758004215,0.04235091935843229,64.0,-26.0,0.04072618019974066,0.009655140988091932,900,10,120,90.0,120.0
un_un,un -> un,0,naive,Naive,0,familiar_2,Familiar 2,1,occlusion,Occluded,1,0.4625375770482004,0.3768147876279316,0.045192045718431474,65.0,-25.0,0.04072618019974066,0.009655140988091932,900,10,120,90.0,120.0
un_un,un -> un,0,naive,Naive,0,familiar_2,Familiar 2,1,occlusion,Occluded,1,0.519036306561657,0.41408185401358316,0.04573754891753197,66.0,-24.0,0.04072618019974066,0.009655140988091932,900,10,120,90.0,120.0
un_un,un -> un,0,naive,Naive,0,familiar_2,Familiar 2,1,occlusion,Occluded,1,0.5751649818284007,0.3812387048982155,0.046279479190707205,67.0,-23.0,0.04072618019974066,0.009655140988091932,900,10,120,90.0,120.0
un_un,un -> un,0,naive,Naive,0,familiar_2,Familiar 2,1,occlusion,Occluded,1,0.5272197874937083,0.3536355535795488,0.04581656157970428,68.0,-22.0,0.04072618019974066,0.009655140988091932,900,10,120,90.0,120.0
un_un,un -> un,0,naive,Naive,0,familiar_2,Familiar 2,1,occlusion,Occluded,1,0.4833940172786769,0.3531661535013355,0.045393417589366436,69.0,-21.0,0.04072618019974066,0.009655140988091932,900,10,120,90.0,120.0
un_un,un -> un,0,naive,Naive,0,familiar_2,Familiar 2,1,occlusion,Occluded,1,0.5205032508281594,0.36481709096065285,0.04575171247124672,70.0,-20.0,0.04072618019974066,0.009655140988091932,900,10,120,90.0,120.0
un_un,un -> un,0,naive,Naive,0,familiar_2,Familiar 2,1,occlusion,Occluded,1,0.5052161250815369,0.35779119624912237,0.04560411311686039,71.0,-19.0,0.04072618019974066,0.009655140988091932,900,10,120,90.0,120.0
un_un,un -> un,0,naive,Naive,0,familiar_2,Familiar 2,1,occlusion,Occluded,1,0.3872813298351876,0.336900877263237,0.04446543604135513,72.0,-18.0,0.04072618019974066,0.009655140988091932,900,10,120,90.0,120.0
un_un,un -> un,0,naive,Naive,0,familiar_2,Familiar 2,1,occlusion,Occluded,1,0.4057319158766687,0.34358826611158266,0.04464357905089855,73.0,-17.0,0.04072618019974066,0.009655140988091932,900,10,120,90.0,120.0
un_un,un -> un,0,naive,Naive,0,familiar_2,Familiar 2,1,occlusion,Occluded,1,0.3705381210743256,0.2937889346425427,0.04430377800017595,74.0,-16.0,0.04072618019974066,0.009655140988091932,900,10,120,90.0,120.0
un_un,un -> un,0,naive,Naive,0,familiar_2,Familiar 2,1,occlusion,Occluded,1,0.5556325533279918,0.31343564413234143,0.04609089083969593,75.0,-15.0,0.04072618019974066,0.009655140988091932,900,10,120,90.0,120.0
un_un,un -> un,0,naive,Naive,0,familiar_2,Familiar 2,1,occlusion,Occluded,1,0.5208752728328309,0.26637443984958786,0.045755304396152496,76.0,-14.0,0.04072618019974066,0.009655140988091932,900,10,120,90.0,120.0
un_un,un -> un,0,naive,Naive,0,familiar_2,Familiar 2,1,occlusion,Occluded,1,0.3345792542609233,0.26773199845483037,0.043956590071320537,77.0,-13.0,0.04072618019974066,0.009655140988091932,900,10,120,90.0,120.0
un_un,un -> un,0,naive,Naive,0,familiar_2,Familiar 2,1,occlusion,Occluded,1,0.23073237132755198,0.29784464868323896,0.04295393377542496,78.0,-12.0,0.04072618019974066,0.009655140988091932,900,10,120,90.0,120.0
un_un,un -> un,0,naive,Naive,0,familiar_2,Familiar 2,1,occlusion,Occluded,1,0.20473882886133712,0.29496450044851136,0.042702962458133695,79.0,-11.0,0.04072618019974066,0.009655140988091932,900,10,120,90.0,120.0
un_un,un -> un,0,naive,Naive,0,familiar_2,Familiar 2,1,occlusion,Occluded,1,0.13565134851504287,0.3075734556788005,0.0420359130948782,80.0,-10.0,0.04072618019974066,0.009655140988091932,900,10,120,90.0,120.0
un_un,un -> un,0,naive,Naive,0,familiar_2,Familiar 2,1,occlusion,Occluded,1,0.35117794856228546,0.3053725465682224,0.044116852805018425,81.0,-9.0,0.04072618019974066,0.009655140988091932,900,10,120,90.0,120.0
un_un,un -> un,0,naive,Naive,0,familiar_2,Familiar 2,1,occlusion,Occluded,1,0.43473852019611064,0.3420065868260105,0.04492364190518856,82.0,-8.0,0.04072618019974066,0.009655140988091932,900,10,120,90.0,120.0
un_un,un -> un,0,naive,Naive,0,familiar_2,Familiar 2,1,occlusion,Occluded,1,0.4299208892524984,0.3297229469927399,0.04487712699919939,83.0,-7.0,0.04072618019974066,0.009655140988091932,900,10,120,90.0,120.0
un_un,un -> un,0,naive,Naive,0,familiar_2,Familiar 2,1,occlusion,Occluded,1,0.3484194991555246,0.35178061494820506,0.04409021958708763,84.0,-6.0,0.04072618019974066,0.009655140988091932,900,10,120,90.0,120.0
un_un,un -> un,0,naive,Naive,0,familiar_2,Familiar 2,1,occlusion,Occluded,1,0.33546833360687295,0.30026694994863834,0.04396517425775528,85.0,-5.0,0.04072618019974066,0.009655140988091932,900,10,120,90.0,120.0
un_un,un -> un,0,naive,Naive,0,familiar_2,Familiar 2,1,occlusion,Occluded,1,0.21774877635607032,0.29613280067092657,0.04282857533544302,86.0,-4.0,0.04072618019974066,0.009655140988091932,900,10,120,90.0,120.0
un_un,un -> un,0,naive,Naive,0,familiar_2,Familiar 2,1,occlusion,Occluded,1,0.14247734653998353,0.3332045705779129,0.042101819068193436,87.0,-3.0,0.04072618019974066,0.009655140988091932,900,10,120,90.0,120.0
un_un,un -> un,0,naive,Naive,0,familiar_2,Familiar 2,1,occlusion,Occluded,1,0.17265852873509605,0.2799405380787593,0.04239322263747454,88.0,-2.0,0.04072618019974066,0.009655140988091932,900,10,120,90.0,120.0
un_un,un -> un,0,naive,Naive,0,familiar_2,Familiar 2,1,occlusion,Occluded,1,0.05592130712409208,0.2616595892729835,0.04126610830426216,89.0,-1.0,0.04072618019974066,0.009655140988091932,900,10,120,90.0,120.0
un_un,un -> un,0,naive,Naive,0,familiar_2,Familiar 2,1,occlusion,Occluded,1,0.20101727768423716,0.3666072154883035,0.0426670303568244,90.0,0.0,0.04072618019974066,0.009655140988091932,900,10,120,90.0,120.0
un_un,un -> un,0,naive,Naive,0,familiar_2,Familiar 2,1,occlusion,Occluded,1,0.09788978391049083,0.35696026974415845,0.041671319864690304,91.0,1.0,0.04072618019974066,0.009655140988091932,900,10,120,90.0,120.0
un_un,un -> un,0,naive,Naive,0,familiar_2,Familiar 2,1,occlusion,Occluded,1,0.16938707325344274,0.41723354054286316,0.04236163627356291,92.0,2.0,0.04072618019974066,0.009655140988091932,900,10,120,90.0,120.0
un_un,un -> un,0,naive,Naive,0,familiar_2,Familiar 2,1,occlusion,Occluded,1,0.35508771000061634,0.4263228320574523,0.044154602102935314,93.0,3.0,0.04072618019974066,0.009655140988091932,900,10,120,90.0,120.0
un_un,un -> un,0,naive,Naive,0,familiar_2,Familiar 2,1,occlusion,Occluded,1,0.25888851837392074,0.4148926676095738,0.0432257853448391,94.0,4.0,0.04072618019974066,0.009655140988091932,900,10,120,90.0,120.0
un_un,un -> un,0,naive,Naive,0,familiar_2,Familiar 2,1,occlusion,Occluded,1,0.17903713190884715,0.4494319788209098,0.042454808950424194,95.0,5.0,0.04072618019974066,0.009655140988091932,900,10,120,90.0,120.0
un_un,un -> un,0,naive,Naive,0,familiar_2,Familiar 2,1,occlusion,Occluded,1,0.1041984930932169,0.42665525023562495,0.0417322313413024,96.0,6.0,0.04072618019974066,0.009655140988091932,900,10,120,90.0,120.0
un_un,un -> un,0,naive,Naive,0,familiar_2,Familiar 2,1,occlusion,Occluded,1,0.1930393310001515,0.4030781342612898,0.04259000215679407,97.0,7.0,0.04072618019974066,0.009655140988091932,900,10,120,90.0,120.0
un_un,un -> un,0,naive,Naive,0,familiar_2,Familiar 2,1,occlusion,Occluded,1,0.0933495682555728,0.40995702268991174,0.04162748344242573,98.0,8.0,0.04072618019974066,0.009655140988091932,900,10,120,90.0,120.0
un_un,un -> un,0,naive,Naive,0,familiar_2,Familiar 2,1,occlusion,Occluded,1,0.2838091118755111,0.4684449226257086,0.04346639718860388,99.0,9.0,0.04072618019974066,0.009655140988091932,900,10,120,90.0,120.0
un_un,un -> un,0,naive,Naive,0,familiar_2,Familiar 2,1,occlusion,Occluded,1,0.3494838247102713,0.49440679694349626,0.044100495800375936,100.0,10.0,0.04072618019974066,0.009655140988091932,900,10,120,90.0,120.0
un_un,un -> un,0,naive,Naive,0,familiar_2,Familiar 2,1,occlusion,Occluded,1,0.513522147175882,0.4083300404420874,0.0456843089312315,101.0,11.0,0.04072618019974066,0.009655140988091932,900,10,120,90.0,120.0
un_un,un -> un,0,naive,Naive,0,familiar_2,Familiar 2,1,occlusion,Occluded,1,0.45369694212490597,0.361590057888492,0.045106688141822816,102.0,12.0,0.04072618019974066,0.009655140988091932,900,10,120,90.0,120.0
un_un,un -> un,0,naive,Naive,0,familiar_2,Familiar 2,1,occlusion,Occluded,1,0.3498158356364483,0.34279805470591884,0.04410370141267776,103.0,13.0,0.04072618019974066,0.009655140988091932,900,10,120,90.0,120.0
un_un,un -> un,0,naive,Naive,0,familiar_2,Familiar 2,1,occlusion,Occluded,1,0.32900720034932257,0.3832742864141913,0.04390279110521078,104.0,14.0,0.04072618019974066,0.009655140988091932,900,10,120,90.0,120.0
un_un,un -> un,0,naive,Naive,0,familiar_2,Familiar 2,1,occlusion,Occluded,1,0.33730955701217596,0.36478722728330865,0.043982951529324056,105.0,15.0,0.04072618019974066,0.009655140988091932,900,10,120,90.0,120.0
un_un,un -> un,0,naive,Naive,0,familiar_2,Familiar 2,1,occlusion,Occluded,1,0.46811759845035955,0.27264210068912875,0.04524592161178589,106.0,16.0,0.04072618019974066,0.009655140988091932,900,10,120,90.0,120.0
un_un,un -> un,0,naive,Naive,0,familiar_2,Familiar 2,1,occlusion,Occluded,1,0.43034810493873826,0.30927717037205366,0.044881251826882365,107.0,17.0,0.04072618019974066,0.009655140988091932,900,10,120,90.0,120.0
un_un,un -> un,0,naive,Naive,0,familiar_2,Familiar 2,1,occlusion,Occluded,1,0.2832176462749496,0.29667636856577245,0.04346068650484085,108.0,18.0,0.04072618019974066,0.009655140988091932,900,10,120,90.0,120.0
un_un,un -> un,0,naive,Naive,0,familiar_2,Familiar 2,1,occlusion,Occluded,1,0.09224872342812115,0.2999538873798586,0.04161685463041067,109.0,19.0,0.04072618019974066,0.009655140988091932,900,10,120,90.0,120.0
un_un,un -> un,0,naive,Naive,0,familiar_2,Familiar 2,1,occlusion,Occluded,1,0.15387417621867092,0.26453370550769556,0.04221185706555843,110.0,20.0,0.04072618019974066,0.009655140988091932,900,10,120,90.0,120.0
un_un,un -> un,0,naive,Naive,0,familiar_2,Familiar 2,1,occlusion,Occluded,1,-0.0149363837152879,0.25574650478209693,0.04058196730911732,111.0,21.0,0.04072618019974066,0.009655140988091932,900,10,120,90.0,120.0
un_un,un -> un,0,naive,Naive,0,familiar_2,Familiar 2,1,occlusion,Occluded,1,-0.07774164244432027,0.24848059116707324,0.03997557368129492,112.0,22.0,0.04072618019974066,0.009655140988091932,900,10,120,90.0,120.0
un_un,un -> un,0,naive,Naive,0,familiar_2,Familiar 2,1,occlusion,Occluded,1,-0.08900244603117309,0.2577269275221079,0.039866849035024646,113.0,23.0,0.04072618019974066,0.009655140988091932,900,10,120,90.0,120.0
un_un,un -> un,0,naive,Naive,0,familiar_2,Familiar 2,1,occlusion,Occluded,1,-0.08663083468900859,0.2564822800261721,0.0398897472769022,114.0,24.0,0.04072618019974066,0.009655140988091932,900,10,120,90.0,120.0
un_un,un -> un,0,naive,Naive,0,familiar_2,Familiar 2,1,occlusion,Occluded,1,-0.05953723835687461,0.2924075618613704,0.0401513397693634,115.0,25.0,0.04072618019974066,0.009655140988091932,900,10,120,90.0,120.0
un_un,un -> un,0,naive,Naive,0,familiar_2,Familiar 2,1,occlusion,Occluded,1,-0.07465982481300518,0.2563070954962132,0.04000532906502485,116.0,26.0,0.04072618019974066,0.009655140988091932,900,10,120,90.0,120.0
un_un,un -> un,0,naive,Naive,0,familiar_2,Familiar 2,1,occlusion,Occluded,1,-0.131817598908685,0.26787596984738116,0.039453462697565556,117.0,27.0,0.04072618019974066,0.009655140988091932,900,10,120,90.0,120.0
un_un,un -> un,0,naive,Naive,0,familiar_2,Familiar 2,1,occlusion,Occluded,1,-0.06639144091255729,0.2343719021874936,0.040085161477327345,118.0,28.0,0.04072618019974066,0.009655140988091932,900,10,120,90.0,120.0
un_un,un -> un,0,naive,Naive,0,familiar_2,Familiar 2,1,occlusion,Occluded,1,-0.09461341139182071,0.25104192658120306,0.03981267437338829,119.0,29.0,0.04072618019974066,0.009655140988091932,900,10,120,90.0,120.0
un_un,un -> un,0,naive,Naive,0,novel,Novel Image,2,full,Nonoccluded,0,-2.1894279264925567,0.06002471655039882,0.010293057281523943,0.0,-90.0,0.03713894101791084,0.012261597384205177,900,10,120,90.0,120.0
un_un,un -> un,0,naive,Naive,0,novel,Novel Image,2,full,Nonoccluded,0,-2.0777459722271145,0.11466960432442258,0.011662456439808011,1.0,-89.0,0.03713894101791084,0.012261597384205177,900,10,120,90.0,120.0
un_un,un -> un,0,naive,Naive,0,novel,Novel Image,2,full,Nonoccluded,0,-1.9722999825616867,0.11702982362054308,0.012955392710864544,2.0,-88.0,0.03713894101791084,0.012261597384205177,900,10,120,90.0,120.0
un_un,un -> un,0,naive,Naive,0,novel,Novel Image,2,full,Nonoccluded,0,-1.7421245799688823,0.16502501939857603,0.01577771082520485,3.0,-87.0,0.03713894101791084,0.012261597384205177,900,10,120,90.0,120.0
un_un,un -> un,0,naive,Naive,0,novel,Novel Image,2,full,Nonoccluded,0,-1.616920489864651,0.19723243233419915,0.01731291296891868,4.0,-86.0,0.03713894101791084,0.012261597384205177,900,10,120,90.0,120.0
un_un,un -> un,0,naive,Naive,0,novel,Novel Image,2,full,Nonoccluded,0,-1.4180349492446325,0.21219756378747273,0.019751567393541336,5.0,-85.0,0.03713894101791084,0.012261597384205177,900,10,120,90.0,120.0
un_un,un -> un,0,naive,Naive,0,novel,Novel Image,2,full,Nonoccluded,0,-1.2345544964254263,0.23091958363458198,0.022001330833882095,6.0,-84.0,0.03713894101791084,0.012261597384205177,900,10,120,90.0,120.0
un_un,un -> un,0,naive,Naive,0,novel,Novel Image,2,full,Nonoccluded,0,-1.0041629883036058,0.2354980113093723,0.024826298747211695,7.0,-83.0,0.03713894101791084,0.012261597384205177,900,10,120,90.0,120.0
un_un,un -> un,0,naive,Naive,0,novel,Novel Image,2,full,Nonoccluded,0,-0.9625799004315192,0.2782577853267627,0.025336173828691244,8.0,-82.0,0.03713894101791084,0.012261597384205177,900,10,120,90.0,120.0
un_un,un -> un,0,naive,Naive,0,novel,Novel Image,2,full,Nonoccluded,0,-0.7805412448828023,0.2830906172651206,0.02756825853139162,9.0,-81.0,0.03713894101791084,0.012261597384205177,900,10,120,90.0,120.0
un_un,un -> un,0,naive,Naive,0,novel,Novel Image,2,full,Nonoccluded,0,-0.7074567353812293,0.3207367701623372,0.028464391361922026,10.0,-80.0,0.03713894101791084,0.012261597384205177,900,10,120,90.0,120.0
un_un,un -> un,0,naive,Naive,0,novel,Novel Image,2,full,Nonoccluded,0,-0.7462584101998205,0.3342928805530276,0.02798862084746361,11.0,-79.0,0.03713894101791084,0.012261597384205177,900,10,120,90.0,120.0
un_un,un -> un,0,naive,Naive,0,novel,Novel Image,2,full,Nonoccluded,0,-0.6989544350630457,0.29766546316782405,0.028568643145263195,12.0,-78.0,0.03713894101791084,0.012261597384205177,900,10,120,90.0,120.0
un_un,un -> un,0,naive,Naive,0,novel,Novel Image,2,full,Nonoccluded,0,-0.5249179351370724,0.3126353264201701,0.03070260863751173,13.0,-77.0,0.03713894101791084,0.012261597384205177,900,10,120,90.0,120.0
un_un,un -> un,0,naive,Naive,0,novel,Novel Image,2,full,Nonoccluded,0,-0.4861603670528759,0.3468605908406713,0.03117783833295107,14.0,-76.0,0.03713894101791084,0.012261597384205177,900,10,120,90.0,120.0
un_un,un -> un,0,naive,Naive,0,novel,Novel Image,2,full,Nonoccluded,0,-0.41315063468237156,0.4069560424340367,0.03207305427640676,15.0,-75.0,0.03713894101791084,0.012261597384205177,900,10,120,90.0,120.0
un_un,un -> un,0,naive,Naive,0,novel,Novel Image,2,full,Nonoccluded,0,-0.2975918868306133,0.4018525806523787,0.03348998911678791,16.0,-74.0,0.03713894101791084,0.012261597384205177,900,10,120,90.0,120.0
un_un,un -> un,0,naive,Naive,0,novel,Novel Image,2,full,Nonoccluded,0,-0.19046034315738664,0.339961335735901,0.03480359297245741,17.0,-73.0,0.03713894101791084,0.012261597384205177,900,10,120,90.0,120.0
un_un,un -> un,0,naive,Naive,0,novel,Novel Image,2,full,Nonoccluded,0,-0.102528923528595,0.30101288295492085,0.03588177263736725,18.0,-72.0,0.03713894101791084,0.012261597384205177,900,10,120,90.0,120.0
un_un,un -> un,0,naive,Naive,0,novel,Novel Image,2,full,Nonoccluded,0,-0.036979115738696,0.25242604726169215,0.036685517989099026,19.0,-71.0,0.03713894101791084,0.012261597384205177,900,10,120,90.0,120.0
un_un,un -> un,0,naive,Naive,0,novel,Novel Image,2,full,Nonoccluded,0,-0.09157582457653538,0.27486863430364916,0.036016075126826766,20.0,-70.0,0.03713894101791084,0.012261597384205177,900,10,120,90.0,120.0
un_un,un -> un,0,naive,Naive,0,novel,Novel Image,2,full,Nonoccluded,0,-0.013218794374429261,0.25545025308247893,0.03697685748338699,21.0,-69.0,0.03713894101791084,0.012261597384205177,900,10,120,90.0,120.0
un_un,un -> un,0,naive,Naive,0,novel,Novel Image,2,full,Nonoccluded,0,-0.01187610243722453,0.24860281109238958,0.036993321031332016,22.0,-68.0,0.03713894101791084,0.012261597384205177,900,10,120,90.0,120.0
un_un,un -> un,0,naive,Naive,0,novel,Novel Image,2,full,Nonoccluded,0,0.013822408744393114,0.2501091650070723,0.03730842582881451,23.0,-67.0,0.03713894101791084,0.012261597384205177,900,10,120,90.0,120.0
un_un,un -> un,0,naive,Naive,0,novel,Novel Image,2,full,Nonoccluded,0,0.07518831262506465,0.198205600353977,0.03806086983531713,24.0,-66.0,0.03713894101791084,0.012261597384205177,900,10,120,90.0,120.0
un_un,un -> un,0,naive,Naive,0,novel,Novel Image,2,full,Nonoccluded,0,0.08473180379180233,0.1894470086434591,0.03817788828164339,25.0,-65.0,0.03713894101791084,0.012261597384205177,900,10,120,90.0,120.0
un_un,un -> un,0,naive,Naive,0,novel,Novel Image,2,full,Nonoccluded,0,0.0773665336151966,0.18168087716478895,0.038087578304111955,26.0,-64.0,0.03713894101791084,0.012261597384205177,900,10,120,90.0,120.0
un_un,un -> un,0,naive,Naive,0,novel,Novel Image,2,full,Nonoccluded,0,0.12209651963675487,0.17699982708315168,0.03863603938370943,27.0,-63.0,0.03713894101791084,0.012261597384205177,900,10,120,90.0,120.0
un_un,un -> un,0,naive,Naive,0,novel,Novel Image,2,full,Nonoccluded,0,0.1251473506299285,0.15279863586058376,0.03867344744503498,28.0,-62.0,0.03713894101791084,0.012261597384205177,900,10,120,90.0,120.0
un_un,un -> un,0,naive,Naive,0,novel,Novel Image,2,full,Nonoccluded,0,0.1424286988079533,0.19308566853651826,0.03888534437865019,29.0,-61.0,0.03713894101791084,0.012261597384205177,900,10,120,90.0,120.0
un_un,un -> un,0,naive,Naive,0,novel,Novel Image,2,full,Nonoccluded,0,0.11815708263870808,0.17705903416856322,0.03858773559331894,30.0,-60.0,0.03713894101791084,0.012261597384205177,900,10,120,90.0,120.0
un_un,un -> un,0,naive,Naive,0,novel,Novel Image,2,full,Nonoccluded,0,0.18181152371587422,0.18016912232906349,0.03936824072152376,31.0,-59.0,0.03713894101791084,0.012261597384205177,900,10,120,90.0,120.0
un_un,un -> un,0,naive,Naive,0,novel,Novel Image,2,full,Nonoccluded,0,0.2872810326688948,0.18629324298906155,0.040661465376615524,32.0,-58.0,0.03713894101791084,0.012261597384205177,900,10,120,90.0,120.0
un_un,un -> un,0,naive,Naive,0,novel,Novel Image,2,full,Nonoccluded,0,0.4093789855656431,0.13305082937490892,0.0421585813164711,33.0,-57.0,0.03713894101791084,0.012261597384205177,900,10,120,90.0,120.0
un_un,un -> un,0,naive,Naive,0,novel,Novel Image,2,full,Nonoccluded,0,0.417894433594734,0.1623724363432504,0.04226299431174994,34.0,-56.0,0.03713894101791084,0.012261597384205177,900,10,120,90.0,120.0
un_un,un -> un,0,naive,Naive,0,novel,Novel Image,2,full,Nonoccluded,0,0.3437426504951821,0.13482167288560307,0.04135377500206232,35.0,-55.0,0.03713894101791084,0.012261597384205177,900,10,120,90.0,120.0
un_un,un -> un,0,naive,Naive,0,novel,Novel Image,2,full,Nonoccluded,0,0.2727692106769075,0.17236892795738123,0.04048352725803852,36.0,-54.0,0.03713894101791084,0.012261597384205177,900,10,120,90.0,120.0
un_un,un -> un,0,naive,Naive,0,novel,Novel Image,2,full,Nonoccluded,0,0.29297565489353916,0.1798519252575434,0.04073129054158926,37.0,-53.0,0.03713894101791084,0.012261597384205177,900,10,120,90.0,120.0
un_un,un -> un,0,naive,Naive,0,novel,Novel Image,2,full,Nonoccluded,0,0.2725373825819887,0.17814898203672505,0.04048068467527628,38.0,-52.0,0.03713894101791084,0.012261597384205177,900,10,120,90.0,120.0
un_un,un -> un,0,naive,Naive,0,novel,Novel Image,2,full,Nonoccluded,0,0.2502681984824639,0.17553693304987694,0.04020762890577316,39.0,-51.0,0.03713894101791084,0.012261597384205177,900,10,120,90.0,120.0
un_un,un -> un,0,naive,Naive,0,novel,Novel Image,2,full,Nonoccluded,0,0.17262978828286274,0.19420572458930938,0.03925565797835588,40.0,-50.0,0.03713894101791084,0.012261597384205177,900,10,120,90.0,120.0
un_un,un -> un,0,naive,Naive,0,novel,Novel Image,2,full,Nonoccluded,0,0.21975337166109238,0.21778311209596124,0.03983346838504076,41.0,-49.0,0.03713894101791084,0.012261597384205177,900,10,120,90.0,120.0
un_un,un -> un,0,naive,Naive,0,novel,Novel Image,2,full,Nonoccluded,0,0.32037618320449895,0.23039930872889075,0.04106726478785276,42.0,-48.0,0.03713894101791084,0.012261597384205177,900,10,120,90.0,120.0
un_un,un -> un,0,naive,Naive,0,novel,Novel Image,2,full,Nonoccluded,0,0.3509378890967649,0.25099039158103703,0.04144200012087822,43.0,-47.0,0.03713894101791084,0.012261597384205177,900,10,120,90.0,120.0
un_un,un -> un,0,naive,Naive,0,novel,Novel Image,2,full,Nonoccluded,0,0.2300039529486731,0.23887056932720974,0.03995915688574314,44.0,-46.0,0.03713894101791084,0.012261597384205177,900,10,120,90.0,120.0
un_un,un -> un,0,naive,Naive,0,novel,Novel Image,2,full,Nonoccluded,0,0.30649242834994783,0.2618716929311562,0.04089702777564526,45.0,-45.0,0.03713894101791084,0.012261597384205177,900,10,120,90.0,120.0
un_un,un -> un,0,naive,Naive,0,novel,Novel Image,2,full,Nonoccluded,0,0.37957851010811117,0.2524494739366622,0.04179317988455296,46.0,-44.0,0.03713894101791084,0.012261597384205177,900,10,120,90.0,120.0
un_un,un -> un,0,naive,Naive,0,novel,Novel Image,2,full,Nonoccluded,0,0.3685035954497969,0.2982853590601713,0.041657383739948275,47.0,-43.0,0.03713894101791084,0.012261597384205177,900,10,120,90.0,120.0
un_un,un -> un,0,naive,Naive,0,novel,Novel Image,2,full,Nonoccluded,0,0.3016856829677001,0.30568756275161374,0.04083808939903975,48.0,-42.0,0.03713894101791084,0.012261597384205177,900,10,120,90.0,120.0
un_un,un -> un,0,naive,Naive,0,novel,Novel Image,2,full,Nonoccluded,0,0.24188644543164317,0.30307366380125833,0.040104855224490164,49.0,-41.0,0.03713894101791084,0.012261597384205177,900,10,120,90.0,120.0
un_un,un -> un,0,naive,Naive,0,novel,Novel Image,2,full,Nonoccluded,0,0.32225447536257035,0.33010516140268514,0.041090295650064945,50.0,-40.0,0.03713894101791084,0.012261597384205177,900,10,120,90.0,120.0
un_un,un -> un,0,naive,Naive,0,novel,Novel Image,2,full,Nonoccluded,0,0.2761250746394782,0.30438903381772675,0.04052467551082373,51.0,-39.0,0.03713894101791084,0.012261597384205177,900,10,120,90.0,120.0
un_un,un -> un,0,naive,Naive,0,novel,Novel Image,2,full,Nonoccluded,0,0.19035054799837664,0.2901782417796297,0.03947294279932976,52.0,-38.0,0.03713894101791084,0.012261597384205177,900,10,120,90.0,120.0
un_un,un -> un,0,naive,Naive,0,novel,Novel Image,2,full,Nonoccluded,0,0.08080298522232168,0.2760533242154449,0.03812971469014883,53.0,-37.0,0.03713894101791084,0.012261597384205177,900,10,120,90.0,120.0
un_un,un -> un,0,naive,Naive,0,novel,Novel Image,2,full,Nonoccluded,0,0.02657419961749021,0.23427642176962926,0.03746478315442801,54.0,-36.0,0.03713894101791084,0.012261597384205177,900,10,120,90.0,120.0
un_un,un -> un,0,naive,Naive,0,novel,Novel Image,2,full,Nonoccluded,0,0.23330670957752803,0.2220375083642119,0.039999653957784174,55.0,-35.0,0.03713894101791084,0.012261597384205177,900,10,120,90.0,120.0
un_un,un -> un,0,naive,Naive,0,novel,Novel Image,2,full,Nonoccluded,0,0.23391639574419903,0.21286767649235533,0.04000712968409061,56.0,-34.0,0.03713894101791084,0.012261597384205177,900,10,120,90.0,120.0
un_un,un -> un,0,naive,Naive,0,novel,Novel Image,2,full,Nonoccluded,0,0.20049442851020793,0.20636028685365854,0.039597322978079316,57.0,-33.0,0.03713894101791084,0.012261597384205177,900,10,120,90.0,120.0
un_un,un -> un,0,naive,Naive,0,novel,Novel Image,2,full,Nonoccluded,0,0.17043731824266625,0.2148824834910843,0.03922877479344607,58.0,-32.0,0.03713894101791084,0.012261597384205177,900,10,120,90.0,120.0
un_un,un -> un,0,naive,Naive,0,novel,Novel Image,2,full,Nonoccluded,0,0.17727013271158593,0.17650580651344752,0.03931255601346493,59.0,-31.0,0.03713894101791084,0.012261597384205177,900,10,120,90.0,120.0
un_un,un -> un,0,naive,Naive,0,novel,Novel Image,2,full,Nonoccluded,0,0.19320774078134584,0.1680226514755353,0.03950797654688358,60.0,-30.0,0.03713894101791084,0.012261597384205177,900,10,120,90.0,120.0
un_un,un -> un,0,naive,Naive,0,novel,Novel Image,2,full,Nonoccluded,0,0.1675012543851398,0.2054870550228723,0.03919277396053076,61.0,-29.0,0.03713894101791084,0.012261597384205177,900,10,120,90.0,120.0
un_un,un -> un,0,naive,Naive,0,novel,Novel Image,2,full,Nonoccluded,0,0.22511953657177744,0.23396926994945175,0.039899266138672826,62.0,-28.0,0.03713894101791084,0.012261597384205177,900,10,120,90.0,120.0
un_un,un -> un,0,naive,Naive,0,novel,Novel Image,2,full,Nonoccluded,0,0.28232553814141115,0.2309022802010411,0.04060070309787989,63.0,-27.0,0.03713894101791084,0.012261597384205177,900,10,120,90.0,120.0
un_un,un -> un,0,naive,Naive,0,novel,Novel Image,2,full,Nonoccluded,0,0.28522432356731914,0.2576888026454275,0.04063624683767557,64.0,-26.0,0.03713894101791084,0.012261597384205177,900,10,120,90.0,120.0
un_un,un -> un,0,naive,Naive,0,novel,Novel Image,2,full,Nonoccluded,0,0.40649399346325177,0.27742900774753565,0.04212320670485496,65.0,-25.0,0.03713894101791084,0.012261597384205177,900,10,120,90.0,120.0
un_un,un -> un,0,naive,Naive,0,novel,Novel Image,2,full,Nonoccluded,0,0.5116318398255927,0.26344293030293914,0.04341236464679241,66.0,-24.0,0.03713894101791084,0.012261597384205177,900,10,120,90.0,120.0
un_un,un -> un,0,naive,Naive,0,novel,Novel Image,2,full,Nonoccluded,0,0.5378978520864305,0.24835925051628177,0.0437344279140234,67.0,-23.0,0.03713894101791084,0.012261597384205177,900,10,120,90.0,120.0
un_un,un -> un,0,naive,Naive,0,novel,Novel Image,2,full,Nonoccluded,0,0.5623702309909124,0.2881088362436701,0.044034498371183874,68.0,-22.0,0.03713894101791084,0.012261597384205177,900,10,120,90.0,120.0
un_un,un -> un,0,naive,Naive,0,novel,Novel Image,2,full,Nonoccluded,0,0.4398594657961878,0.2556460336939944,0.04253232069313526,69.0,-21.0,0.03713894101791084,0.012261597384205177,900,10,120,90.0,120.0
un_un,un -> un,0,naive,Naive,0,novel,Novel Image,2,full,Nonoccluded,0,0.44266590583260523,0.27155300205874233,0.04256673213094473,70.0,-20.0,0.03713894101791084,0.012261597384205177,900,10,120,90.0,120.0
un_un,un -> un,0,naive,Naive,0,novel,Novel Image,2,full,Nonoccluded,0,0.37488549888133516,0.2980244962039916,0.041735636070370674,71.0,-19.0,0.03713894101791084,0.012261597384205177,900,10,120,90.0,120.0
un_un,un -> un,0,naive,Naive,0,novel,Novel Image,2,full,Nonoccluded,0,0.3072427213475322,0.3005558578903519,0.04090622756630182,72.0,-18.0,0.03713894101791084,0.012261597384205177,900,10,120,90.0,120.0
un_un,un -> un,0,naive,Naive,0,novel,Novel Image,2,full,Nonoccluded,0,0.26500593931513217,0.2847163546543797,0.0403883371502161,73.0,-17.0,0.03713894101791084,0.012261597384205177,900,10,120,90.0,120.0
un_un,un -> un,0,naive,Naive,0,novel,Novel Image,2,full,Nonoccluded,0,0.2824635777127712,0.26752120096979576,0.04060239568352699,74.0,-16.0,0.03713894101791084,0.012261597384205177,900,10,120,90.0,120.0
un_un,un -> un,0,naive,Naive,0,novel,Novel Image,2,full,Nonoccluded,0,0.13305223142102246,0.25883971723795257,0.03877037391066551,75.0,-15.0,0.03713894101791084,0.012261597384205177,900,10,120,90.0,120.0
un_un,un -> un,0,naive,Naive,0,novel,Novel Image,2,full,Nonoccluded,0,0.17808583765967936,0.27169674804491,0.03932255785912275,76.0,-14.0,0.03713894101791084,0.012261597384205177,900,10,120,90.0,120.0
un_un,un -> un,0,naive,Naive,0,novel,Novel Image,2,full,Nonoccluded,0,0.05147717934620166,0.26636464042942876,0.03777013346552849,77.0,-13.0,0.03713894101791084,0.012261597384205177,900,10,120,90.0,120.0
un_un,un -> un,0,naive,Naive,0,novel,Novel Image,2,full,Nonoccluded,0,0.013559241853863457,0.284269321424956,0.03730519898235798,78.0,-12.0,0.03713894101791084,0.012261597384205177,900,10,120,90.0,120.0
un_un,un -> un,0,naive,Naive,0,novel,Novel Image,2,full,Nonoccluded,0,0.24515338195383302,0.3379559953173514,0.040144913084805015,79.0,-11.0,0.03713894101791084,0.012261597384205177,900,10,120,90.0,120.0
un_un,un -> un,0,naive,Naive,0,novel,Novel Image,2,full,Nonoccluded,0,0.3737037847517351,0.3165096299961153,0.04172114636749029,80.0,-10.0,0.03713894101791084,0.012261597384205177,900,10,120,90.0,120.0
un_un,un -> un,0,naive,Naive,0,novel,Novel Image,2,full,Nonoccluded,0,0.34053600659528016,0.3385943256449118,0.0413144564256072,81.0,-9.0,0.03713894101791084,0.012261597384205177,900,10,120,90.0,120.0
un_un,un -> un,0,naive,Naive,0,novel,Novel Image,2,full,Nonoccluded,0,0.40132881915107743,0.3504042805333736,0.04205987341701985,82.0,-8.0,0.03713894101791084,0.012261597384205177,900,10,120,90.0,120.0
un_un,un -> un,0,naive,Naive,0,novel,Novel Image,2,full,Nonoccluded,0,0.5072282909111605,0.3311429007774019,0.04335837010294199,83.0,-7.0,0.03713894101791084,0.012261597384205177,900,10,120,90.0,120.0
un_un,un -> un,0,naive,Naive,0,novel,Novel Image,2,full,Nonoccluded,0,0.6064814770783812,0.3713233753446591,0.04457537271082401,84.0,-6.0,0.03713894101791084,0.012261597384205177,900,10,120,90.0,120.0
un_un,un -> un,0,naive,Naive,0,novel,Novel Image,2,full,Nonoccluded,0,0.5831126552005339,0.38158567223378903,0.04428883362561464,85.0,-5.0,0.03713894101791084,0.012261597384205177,900,10,120,90.0,120.0
un_un,un -> un,0,naive,Naive,0,novel,Novel Image,2,full,Nonoccluded,0,0.6669489768333996,0.3886647796241203,0.04531680084764957,86.0,-4.0,0.03713894101791084,0.012261597384205177,900,10,120,90.0,120.0
un_un,un -> un,0,naive,Naive,0,novel,Novel Image,2,full,Nonoccluded,0,0.5347532477605829,0.350364584551265,0.04369587004184723,87.0,-3.0,0.03713894101791084,0.012261597384205177,900,10,120,90.0,120.0
un_un,un -> un,0,naive,Naive,0,novel,Novel Image,2,full,Nonoccluded,0,0.5763723987934937,0.31919282616917477,0.04420618731528521,88.0,-2.0,0.03713894101791084,0.012261597384205177,900,10,120,90.0,120.0
un_un,un -> un,0,naive,Naive,0,novel,Novel Image,2,full,Nonoccluded,0,0.5328551922612175,0.3093723857694092,0.04367259684950113,89.0,-1.0,0.03713894101791084,0.012261597384205177,900,10,120,90.0,120.0
un_un,un -> un,0,naive,Naive,0,novel,Novel Image,2,full,Nonoccluded,0,0.43932097930718417,0.2635779451556896,0.04252571798861027,90.0,0.0,0.03713894101791084,0.012261597384205177,900,10,120,90.0,120.0
un_un,un -> un,0,naive,Naive,0,novel,Novel Image,2,full,Nonoccluded,0,0.2659107691851107,0.25039903820694764,0.04039943180978298,91.0,1.0,0.03713894101791084,0.012261597384205177,900,10,120,90.0,120.0
un_un,un -> un,0,naive,Naive,0,novel,Novel Image,2,full,Nonoccluded,0,0.1615118226566564,0.2509732232323056,0.03911933396011591,92.0,2.0,0.03713894101791084,0.012261597384205177,900,10,120,90.0,120.0
un_un,un -> un,0,naive,Naive,0,novel,Novel Image,2,full,Nonoccluded,0,0.03963047658812687,0.25227207815510716,0.03762487396597862,93.0,3.0,0.03713894101791084,0.012261597384205177,900,10,120,90.0,120.0
un_un,un -> un,0,naive,Naive,0,novel,Novel Image,2,full,Nonoccluded,0,-0.1137951825734893,0.23965848078673732,0.03574363030493259,94.0,4.0,0.03713894101791084,0.012261597384205177,900,10,120,90.0,120.0
un_un,un -> un,0,naive,Naive,0,novel,Novel Image,2,full,Nonoccluded,0,-0.22418305953122447,0.21232909430348523,0.03439009860157967,95.0,5.0,0.03713894101791084,0.012261597384205177,900,10,120,90.0,120.0
un_un,un -> un,0,naive,Naive,0,novel,Novel Image,2,full,Nonoccluded,0,-0.3644180783449969,0.20171264196575284,0.03267059326171875,96.0,6.0,0.03713894101791084,0.012261597384205177,900,10,120,90.0,120.0
un_un,un -> un,0,naive,Naive,0,novel,Novel Image,2,full,Nonoccluded,0,-0.49764128849271805,0.19162702070213947,0.031037063896656038,97.0,7.0,0.03713894101791084,0.012261597384205177,900,10,120,90.0,120.0
un_un,un -> un,0,naive,Naive,0,novel,Novel Image,2,full,Nonoccluded,0,-0.6242033563621149,0.18204566812621806,0.02948521077632904,98.0,8.0,0.03713894101791084,0.012261597384205177,900,10,120,90.0,120.0
un_un,un -> un,0,naive,Naive,0,novel,Novel Image,2,full,Nonoccluded,0,-0.7444373876779358,0.17294336480632275,0.02801094949245453,99.0,9.0,0.03713894101791084,0.012261597384205177,900,10,120,90.0,120.0
un_un,un -> un,0,naive,Naive,0,novel,Novel Image,2,full,Nonoccluded,0,-0.8586596718553109,0.16429618711217334,0.026610401831567286,100.0,10.0,0.03713894101791084,0.012261597384205177,900,10,120,90.0,120.0
un_un,un -> un,0,naive,Naive,0,novel,Novel Image,2,full,Nonoccluded,0,-0.9671708820796621,0.15608136154888502,0.025279881060123445,101.0,11.0,0.03713894101791084,0.012261597384205177,900,10,120,90.0,120.0
un_un,un -> un,0,naive,Naive,0,novel,Novel Image,2,full,Nonoccluded,0,-1.0702564854605967,0.14827729353774352,0.024015886895358562,102.0,12.0,0.03713894101791084,0.012261597384205177,900,10,120,90.0,120.0
un_un,un -> un,0,naive,Naive,0,novel,Novel Image,2,full,Nonoccluded,0,-1.1681878367756218,0.1408634412443905,0.022815092094242574,103.0,13.0,0.03713894101791084,0.012261597384205177,900,10,120,90.0,120.0
un_un,un -> un,0,naive,Naive,0,novel,Novel Image,2,full,Nonoccluded,0,-1.2612225886240371,0.13382026907192357,0.021674337424337865,104.0,14.0,0.03713894101791084,0.012261597384205177,900,10,120,90.0,120.0
un_un,un -> un,0,naive,Naive,0,novel,Novel Image,2,full,Nonoccluded,0,-1.3496056332618018,0.12712925694918076,0.02059062011539936,105.0,15.0,0.03713894101791084,0.012261597384205177,900,10,120,90.0,120.0
un_un,un -> un,0,naive,Naive,0,novel,Novel Image,2,full,Nonoccluded,0,-1.4260799507583217,0.12290779791054163,0.019652922824025153,106.0,16.0,0.03713894101791084,0.012261597384205177,900,10,120,90.0,120.0
un_un,un -> un,0,naive,Naive,0,novel,Novel Image,2,full,Nonoccluded,0,-1.4928070445348638,0.11238036975594703,0.018834742065519095,107.0,17.0,0.03713894101791084,0.012261597384205177,900,10,120,90.0,120.0
un_un,un -> un,0,naive,Naive,0,novel,Novel Image,2,full,Nonoccluded,0,-1.5594648830670093,0.10262292243687222,0.01801741048693657,108.0,18.0,0.03713894101791084,0.012261597384205177,900,10,120,90.0,120.0
un_un,un -> un,0,naive,Naive,0,novel,Novel Image,2,full,Nonoccluded,0,-1.6329357955131072,0.09749177867801101,0.017116539739072324,109.0,19.0,0.03713894101791084,0.012261597384205177,900,10,120,90.0,120.0
un_un,un -> un,0,naive,Naive,0,novel,Novel Image,2,full,Nonoccluded,0,-1.7027331494246485,0.09261718716742116,0.016260712686926127,110.0,20.0,0.03713894101791084,0.012261597384205177,900,10,120,90.0,120.0
un_un,un -> un,0,naive,Naive,0,novel,Novel Image,2,full,Nonoccluded,0,-1.769040648173093,0.08798632516107306,0.015447676833719014,111.0,21.0,0.03713894101791084,0.012261597384205177,900,10,120,90.0,120.0
un_un,un -> un,0,naive,Naive,0,novel,Novel Image,2,full,Nonoccluded,0,-1.8320327818581899,0.08358700575508535,0.014675292652100325,112.0,22.0,0.03713894101791084,0.012261597384205177,900,10,120,90.0,120.0
un_un,un -> un,0,naive,Naive,0,novel,Novel Image,2,full,Nonoccluded,0,-1.8918752982254126,0.07940765306619142,0.013941527809947729,113.0,23.0,0.03713894101791084,0.012261597384205177,900,10,120,90.0,120.0
un_un,un -> un,0,naive,Naive,0,novel,Novel Image,2,full,Nonoccluded,0,-1.9487257039651595,0.07543726804510907,0.013244451023638248,114.0,24.0,0.03713894101791084,0.012261597384205177,900,10,120,90.0,120.0
un_un,un -> un,0,naive,Naive,0,novel,Novel Image,2,full,Nonoccluded,0,-2.002733568530452,0.07166540338624511,0.01258222833275795,115.0,25.0,0.03713894101791084,0.012261597384205177,900,10,120,90.0,120.0
un_un,un -> un,0,naive,Naive,0,novel,Novel Image,2,full,Nonoccluded,0,-2.054041025436139,0.06808213211833435,0.011953116953372955,116.0,26.0,0.03713894101791084,0.012261597384205177,900,10,120,90.0,120.0
un_un,un -> un,0,naive,Naive,0,novel,Novel Image,2,full,Nonoccluded,0,-2.1027831216492503,0.06467803102827806,0.011355460993945599,117.0,27.0,0.03713894101791084,0.012261597384205177,900,10,120,90.0,120.0
un_un,un -> un,0,naive,Naive,0,novel,Novel Image,2,full,Nonoccluded,0,-2.1490881138112496,0.061444125310141456,0.010787687823176384,118.0,28.0,0.03713894101791084,0.012261597384205177,900,10,120,90.0,120.0
un_un,un -> un,0,naive,Naive,0,novel,Novel Image,2,full,Nonoccluded,0,-2.183761817558926,0.06205539784674829,0.010362532828003168,119.0,29.0,0.03713894101791084,0.012261597384205177,900,10,120,90.0,120.0
un_un,un -> un,0,naive,Naive,0,novel,Novel Image,2,occlusion,Occluded,1,-0.6032726826222505,0.36634749544714623,0.03423007489182055,0.0,-90.0,0.04097007256156455,0.011172389972055743,900,10,120,90.0,120.0
un_un,un -> un,0,naive,Naive,0,novel,Novel Image,2,occlusion,Occluded,1,-0.46664627373580947,0.3357439341397719,0.03575651841238141,1.0,-89.0,0.04097007256156455,0.011172389972055743,900,10,120,90.0,120.0
un_un,un -> un,0,naive,Naive,0,novel,Novel Image,2,occlusion,Occluded,1,-0.39685727838131873,0.33106551430447045,0.03653622828423977,2.0,-88.0,0.04097007256156455,0.011172389972055743,900,10,120,90.0,120.0
un_un,un -> un,0,naive,Naive,0,novel,Novel Image,2,occlusion,Occluded,1,-0.4360771024248897,0.328140464352775,0.03609804911538959,3.0,-87.0,0.04097007256156455,0.011172389972055743,900,10,120,90.0,120.0
un_un,un -> un,0,naive,Naive,0,novel,Novel Image,2,occlusion,Occluded,1,-0.5069978086041349,0.3298990865250084,0.03530569532886148,4.0,-86.0,0.04097007256156455,0.011172389972055743,900,10,120,90.0,120.0
un_un,un -> un,0,naive,Naive,0,novel,Novel Image,2,occlusion,Occluded,1,-0.41938601202189807,0.26957725338511207,0.03628452848643064,5.0,-85.0,0.04097007256156455,0.011172389972055743,900,10,120,90.0,120.0
un_un,un -> un,0,naive,Naive,0,novel,Novel Image,2,occlusion,Occluded,1,-0.47294139279569436,0.3016880083768687,0.035686186887323855,6.0,-84.0,0.04097007256156455,0.011172389972055743,900,10,120,90.0,120.0
un_un,un -> un,0,naive,Naive,0,novel,Novel Image,2,occlusion,Occluded,1,-0.4586150972833732,0.2923358991623761,0.03584624584764242,7.0,-83.0,0.04097007256156455,0.011172389972055743,900,10,120,90.0,120.0
un_un,un -> un,0,naive,Naive,0,novel,Novel Image,2,occlusion,Occluded,1,-0.438728153141684,0.30163699359133944,0.03606843054294586,8.0,-82.0,0.04097007256156455,0.011172389972055743,900,10,120,90.0,120.0
un_un,un -> un,0,naive,Naive,0,novel,Novel Image,2,occlusion,Occluded,1,-0.45459336130899625,0.292582953478023,0.03589117825031281,9.0,-81.0,0.04097007256156455,0.011172389972055743,900,10,120,90.0,120.0
un_un,un -> un,0,naive,Naive,0,novel,Novel Image,2,occlusion,Occluded,1,-0.5035394564389772,0.2647633236660051,0.03534433338791132,10.0,-80.0,0.04097007256156455,0.011172389972055743,900,10,120,90.0,120.0
un_un,un -> un,0,naive,Naive,0,novel,Novel Image,2,occlusion,Occluded,1,-0.3990946919301428,0.21422402284232644,0.03651123102754354,11.0,-79.0,0.04097007256156455,0.011172389972055743,900,10,120,90.0,120.0
un_un,un -> un,0,naive,Naive,0,novel,Novel Image,2,occlusion,Occluded,1,-0.21317861840289937,0.26938143734398784,0.038588357903063294,12.0,-78.0,0.04097007256156455,0.011172389972055743,900,10,120,90.0,120.0
un_un,un -> un,0,naive,Naive,0,novel,Novel Image,2,occlusion,Occluded,1,-0.3314461715979182,0.25179476580199983,0.0372670266777277,13.0,-77.0,0.04097007256156455,0.011172389972055743,900,10,120,90.0,120.0
un_un,un -> un,0,naive,Naive,0,novel,Novel Image,2,occlusion,Occluded,1,-0.33198450593836915,0.2631927221994568,0.037261012196540835,14.0,-76.0,0.04097007256156455,0.011172389972055743,900,10,120,90.0,120.0
un_un,un -> un,0,naive,Naive,0,novel,Novel Image,2,occlusion,Occluded,1,-0.3820441312304143,0.2378093398127949,0.036701726540923116,15.0,-75.0,0.04097007256156455,0.011172389972055743,900,10,120,90.0,120.0
un_un,un -> un,0,naive,Naive,0,novel,Novel Image,2,occlusion,Occluded,1,-0.44345875990644884,0.19598653075835806,0.03601557835936546,16.0,-74.0,0.04097007256156455,0.011172389972055743,900,10,120,90.0,120.0
un_un,un -> un,0,naive,Naive,0,novel,Novel Image,2,occlusion,Occluded,1,-0.45513774753441416,0.25207375023752987,0.03588509615510702,17.0,-73.0,0.04097007256156455,0.011172389972055743,900,10,120,90.0,120.0
un_un,un -> un,0,naive,Naive,0,novel,Novel Image,2,occlusion,Occluded,1,-0.5322153213793605,0.22129676239985374,0.035023955442011354,18.0,-72.0,0.04097007256156455,0.011172389972055743,900,10,120,90.0,120.0
un_un,un -> un,0,naive,Naive,0,novel,Novel Image,2,occlusion,Occluded,1,-0.4072354608504316,0.18291131227303,0.03642027918249369,19.0,-71.0,0.04097007256156455,0.011172389972055743,900,10,120,90.0,120.0
un_un,un -> un,0,naive,Naive,0,novel,Novel Image,2,occlusion,Occluded,1,-0.26688272883452047,0.2240231701026715,0.03798835463821888,20.0,-70.0,0.04097007256156455,0.011172389972055743,900,10,120,90.0,120.0
un_un,un -> un,0,naive,Naive,0,novel,Novel Image,2,occlusion,Occluded,1,-0.31005464215976974,0.20811032157455125,0.037506021186709405,21.0,-69.0,0.04097007256156455,0.011172389972055743,900,10,120,90.0,120.0
un_un,un -> un,0,naive,Naive,0,novel,Novel Image,2,occlusion,Occluded,1,-0.2872934027678145,0.20550317771308793,0.037760318629443644,22.0,-68.0,0.04097007256156455,0.011172389972055743,900,10,120,90.0,120.0
un_un,un -> un,0,naive,Naive,0,novel,Novel Image,2,occlusion,Occluded,1,-0.3302146046712088,0.1843339499213392,0.03728078622370958,23.0,-67.0,0.04097007256156455,0.011172389972055743,900,10,120,90.0,120.0
un_un,un -> un,0,naive,Naive,0,novel,Novel Image,2,occlusion,Occluded,1,-0.2653236599014989,0.18617469943829063,0.038005773164331916,24.0,-66.0,0.04097007256156455,0.011172389972055743,900,10,120,90.0,120.0
un_un,un -> un,0,naive,Naive,0,novel,Novel Image,2,occlusion,Occluded,1,-0.08531407605528993,0.29295574116979556,0.040016910433769225,25.0,-65.0,0.04097007256156455,0.011172389972055743,900,10,120,90.0,120.0
un_un,un -> un,0,naive,Naive,0,novel,Novel Image,2,occlusion,Occluded,1,0.03517688632664605,0.32621292398916807,0.041363082453608514,26.0,-64.0,0.04097007256156455,0.011172389972055743,900,10,120,90.0,120.0
un_un,un -> un,0,naive,Naive,0,novel,Novel Image,2,occlusion,Occluded,1,0.022638664408245458,0.3712222370908072,0.04122300054877996,27.0,-63.0,0.04097007256156455,0.011172389972055743,900,10,120,90.0,120.0
un_un,un -> un,0,naive,Naive,0,novel,Novel Image,2,occlusion,Occluded,1,0.07140865468724518,0.3519030553586177,0.041767877899110316,28.0,-62.0,0.04097007256156455,0.011172389972055743,900,10,120,90.0,120.0
un_un,un -> un,0,naive,Naive,0,novel,Novel Image,2,occlusion,Occluded,1,-0.077204333465369,0.3233807390441482,0.04010751564055681,29.0,-61.0,0.04097007256156455,0.011172389972055743,900,10,120,90.0,120.0
un_un,un -> un,0,naive,Naive,0,novel,Novel Image,2,occlusion,Occluded,1,-0.17875007835642748,0.3185288301146661,0.03897300697863102,30.0,-60.0,0.04097007256156455,0.011172389972055743,900,10,120,90.0,120.0
un_un,un -> un,0,naive,Naive,0,novel,Novel Image,2,occlusion,Occluded,1,-0.22174590350255502,0.26107881737595773,0.03849264085292816,31.0,-59.0,0.04097007256156455,0.011172389972055743,900,10,120,90.0,120.0
un_un,un -> un,0,naive,Naive,0,novel,Novel Image,2,occlusion,Occluded,1,-0.3191871699809693,0.2376810396171447,0.037403989024460314,32.0,-58.0,0.04097007256156455,0.011172389972055743,900,10,120,90.0,120.0
un_un,un -> un,0,naive,Naive,0,novel,Novel Image,2,occlusion,Occluded,1,-0.2637801791570288,0.31473749907472337,0.038023017533123496,33.0,-57.0,0.04097007256156455,0.011172389972055743,900,10,120,90.0,120.0
un_un,un -> un,0,naive,Naive,0,novel,Novel Image,2,occlusion,Occluded,1,-0.3244190161989907,0.3005951865452275,0.03734553679823875,34.0,-56.0,0.04097007256156455,0.011172389972055743,900,10,120,90.0,120.0
un_un,un -> un,0,naive,Naive,0,novel,Novel Image,2,occlusion,Occluded,1,-0.3476723255215254,0.27046888855444434,0.03708574175834656,35.0,-55.0,0.04097007256156455,0.011172389972055743,900,10,120,90.0,120.0
un_un,un -> un,0,naive,Naive,0,novel,Novel Image,2,occlusion,Occluded,1,-0.1909942586903582,0.24968474771240107,0.03883621022105217,36.0,-54.0,0.04097007256156455,0.011172389972055743,900,10,120,90.0,120.0
un_un,un -> un,0,naive,Naive,0,novel,Novel Image,2,occlusion,Occluded,1,-0.15180015098993196,0.26218786926294196,0.039274102076888084,37.0,-53.0,0.04097007256156455,0.011172389972055743,900,10,120,90.0,120.0
un_un,un -> un,0,naive,Naive,0,novel,Novel Image,2,occlusion,Occluded,1,-0.15571708765603764,0.255775674893084,0.039230340532958506,38.0,-52.0,0.04097007256156455,0.011172389972055743,900,10,120,90.0,120.0
un_un,un -> un,0,naive,Naive,0,novel,Novel Image,2,occlusion,Occluded,1,-0.18551711940479088,0.25529151124584243,0.03889740295708179,39.0,-51.0,0.04097007256156455,0.011172389972055743,900,10,120,90.0,120.0
un_un,un -> un,0,naive,Naive,0,novel,Novel Image,2,occlusion,Occluded,1,-0.25260031365617464,0.2467735461078892,0.038147923350334165,40.0,-50.0,0.04097007256156455,0.011172389972055743,900,10,120,90.0,120.0
un_un,un -> un,0,naive,Naive,0,novel,Novel Image,2,occlusion,Occluded,1,-0.1313822247977932,0.3080527828481251,0.03950221911072731,41.0,-49.0,0.04097007256156455,0.011172389972055743,900,10,120,90.0,120.0
un_un,un -> un,0,naive,Naive,0,novel,Novel Image,2,occlusion,Occluded,1,-0.04287012279945672,0.3265699346246447,0.0404911108314991,42.0,-48.0,0.04097007256156455,0.011172389972055743,900,10,120,90.0,120.0
un_un,un -> un,0,naive,Naive,0,novel,Novel Image,2,occlusion,Occluded,1,0.030383526683049965,0.3867810673064933,0.04130952917039395,43.0,-47.0,0.04097007256156455,0.011172389972055743,900,10,120,90.0,120.0
un_un,un -> un,0,naive,Naive,0,novel,Novel Image,2,occlusion,Occluded,1,-0.06724964956906905,0.3602326616707035,0.04021873325109482,44.0,-46.0,0.04097007256156455,0.011172389972055743,900,10,120,90.0,120.0
un_un,un -> un,0,naive,Naive,0,novel,Novel Image,2,occlusion,Occluded,1,-0.15036823832865465,0.381016119107869,0.0392900999635458,45.0,-45.0,0.04097007256156455,0.011172389972055743,900,10,120,90.0,120.0
un_un,un -> un,0,naive,Naive,0,novel,Novel Image,2,occlusion,Occluded,1,-0.07795658443395011,0.35115559384677436,0.040099111199378965,46.0,-44.0,0.04097007256156455,0.011172389972055743,900,10,120,90.0,120.0
un_un,un -> un,0,naive,Naive,0,novel,Novel Image,2,occlusion,Occluded,1,0.07450933711648264,0.30208908576501275,0.04180251993238926,47.0,-43.0,0.04097007256156455,0.011172389972055743,900,10,120,90.0,120.0
un_un,un -> un,0,naive,Naive,0,novel,Novel Image,2,occlusion,Occluded,1,0.15140612131795275,0.2825367134148665,0.0426616407930851,48.0,-42.0,0.04097007256156455,0.011172389972055743,900,10,120,90.0,120.0
un_un,un -> un,0,naive,Naive,0,novel,Novel Image,2,occlusion,Occluded,1,0.10430468407274074,0.2583920103505706,0.042135405167937276,49.0,-41.0,0.04097007256156455,0.011172389972055743,900,10,120,90.0,120.0
un_un,un -> un,0,naive,Naive,0,novel,Novel Image,2,occlusion,Occluded,1,0.05706543723761952,0.24869398060093775,0.041607629880309104,50.0,-40.0,0.04097007256156455,0.011172389972055743,900,10,120,90.0,120.0
un_un,un -> un,0,naive,Naive,0,novel,Novel Image,2,occlusion,Occluded,1,0.07508189878430876,0.2685831485641349,0.041808916814625265,51.0,-39.0,0.04097007256156455,0.011172389972055743,900,10,120,90.0,120.0
un_un,un -> un,0,naive,Naive,0,novel,Novel Image,2,occlusion,Occluded,1,0.010288617767041153,0.2885177870525895,0.04108502101153135,52.0,-38.0,0.04097007256156455,0.011172389972055743,900,10,120,90.0,120.0
un_un,un -> un,0,naive,Naive,0,novel,Novel Image,2,occlusion,Occluded,1,0.08489750602938408,0.26882274990840227,0.04191858060657978,53.0,-37.0,0.04097007256156455,0.011172389972055743,900,10,120,90.0,120.0
un_un,un -> un,0,naive,Naive,0,novel,Novel Image,2,occlusion,Occluded,1,0.08837650629242497,0.27843421284980335,0.04195744935423136,54.0,-36.0,0.04097007256156455,0.011172389972055743,900,10,120,90.0,120.0
un_un,un -> un,0,naive,Naive,0,novel,Novel Image,2,occlusion,Occluded,1,0.1249540323453936,0.29239076956304183,0.04236610773950815,55.0,-35.0,0.04097007256156455,0.011172389972055743,900,10,120,90.0,120.0
un_un,un -> un,0,naive,Naive,0,novel,Novel Image,2,occlusion,Occluded,1,0.03327971208472564,0.29848591520194995,0.04134188648313284,56.0,-34.0,0.04097007256156455,0.011172389972055743,900,10,120,90.0,120.0
un_un,un -> un,0,naive,Naive,0,novel,Novel Image,2,occlusion,Occluded,1,-0.08320703644707671,0.2939700622685811,0.04004045110195875,57.0,-33.0,0.04097007256156455,0.011172389972055743,900,10,120,90.0,120.0
un_un,un -> un,0,naive,Naive,0,novel,Novel Image,2,occlusion,Occluded,1,-0.20075331498830407,0.25539360519753856,0.03872717823833227,58.0,-32.0,0.04097007256156455,0.011172389972055743,900,10,120,90.0,120.0
un_un,un -> un,0,naive,Naive,0,novel,Novel Image,2,occlusion,Occluded,1,0.042116497791795035,0.2705456422891626,0.04144061449915171,59.0,-31.0,0.04097007256156455,0.011172389972055743,900,10,120,90.0,120.0
un_un,un -> un,0,naive,Naive,0,novel,Novel Image,2,occlusion,Occluded,1,-0.0072299720419929155,0.2479663852334974,0.04088929649442434,60.0,-30.0,0.04097007256156455,0.011172389972055743,900,10,120,90.0,120.0
un_un,un -> un,0,naive,Naive,0,novel,Novel Image,2,occlusion,Occluded,1,0.05600323973068837,0.31821331895453187,0.041595762595534325,61.0,-29.0,0.04097007256156455,0.011172389972055743,900,10,120,90.0,120.0
un_un,un -> un,0,naive,Naive,0,novel,Novel Image,2,occlusion,Occluded,1,0.20121511854743993,0.3506220211719477,0.04321812633424997,62.0,-28.0,0.04097007256156455,0.011172389972055743,900,10,120,90.0,120.0
un_un,un -> un,0,naive,Naive,0,novel,Novel Image,2,occlusion,Occluded,1,0.32616865421035535,0.3880840285307668,0.04461415596306324,63.0,-27.0,0.04097007256156455,0.011172389972055743,900,10,120,90.0,120.0
un_un,un -> un,0,naive,Naive,0,novel,Novel Image,2,occlusion,Occluded,1,0.36013503364203514,0.3517579138302876,0.044993641600012776,64.0,-26.0,0.04097007256156455,0.011172389972055743,900,10,120,90.0,120.0
un_un,un -> un,0,naive,Naive,0,novel,Novel Image,2,occlusion,Occluded,1,0.40677104258801,0.3551272284140944,0.04551467727869749,65.0,-25.0,0.04097007256156455,0.011172389972055743,900,10,120,90.0,120.0
un_un,un -> un,0,naive,Naive,0,novel,Novel Image,2,occlusion,Occluded,1,0.3717317456437964,0.3582484221305823,0.045123204588890076,66.0,-24.0,0.04097007256156455,0.011172389972055743,900,10,120,90.0,120.0
un_un,un -> un,0,naive,Naive,0,novel,Novel Image,2,occlusion,Occluded,1,0.3704155523587058,0.34382939288576586,0.04510849956423044,67.0,-23.0,0.04097007256156455,0.011172389972055743,900,10,120,90.0,120.0
un_un,un -> un,0,naive,Naive,0,novel,Novel Image,2,occlusion,Occluded,1,0.3098100256918513,0.32645598845291557,0.04443139098584652,68.0,-22.0,0.04097007256156455,0.011172389972055743,900,10,120,90.0,120.0
un_un,un -> un,0,naive,Naive,0,novel,Novel Image,2,occlusion,Occluded,1,0.28411222165472166,0.2563561598960802,0.04414428509771824,69.0,-21.0,0.04097007256156455,0.011172389972055743,900,10,120,90.0,120.0
un_un,un -> un,0,naive,Naive,0,novel,Novel Image,2,occlusion,Occluded,1,0.4564604025543485,0.3006840677675715,0.04606982618570328,70.0,-20.0,0.04097007256156455,0.011172389972055743,900,10,120,90.0,120.0
un_un,un -> un,0,naive,Naive,0,novel,Novel Image,2,occlusion,Occluded,1,0.46614495231257697,0.3054645532425208,0.046178025752305986,71.0,-19.0,0.04097007256156455,0.011172389972055743,900,10,120,90.0,120.0
un_un,un -> un,0,naive,Naive,0,novel,Novel Image,2,occlusion,Occluded,1,0.3497366948948918,0.3331294044230526,0.044877467304468156,72.0,-18.0,0.04097007256156455,0.011172389972055743,900,10,120,90.0,120.0
un_un,un -> un,0,naive,Naive,0,novel,Novel Image,2,occlusion,Occluded,1,0.3496797104794175,0.37378316187515304,0.04487683065235615,73.0,-17.0,0.04097007256156455,0.011172389972055743,900,10,120,90.0,120.0
un_un,un -> un,0,naive,Naive,0,novel,Novel Image,2,occlusion,Occluded,1,0.41656520982188,0.42794233884815613,0.04562410153448582,74.0,-16.0,0.04097007256156455,0.011172389972055743,900,10,120,90.0,120.0
un_un,un -> un,0,naive,Naive,0,novel,Novel Image,2,occlusion,Occluded,1,0.5539883126861327,0.4271348725997562,0.04715944603085518,75.0,-15.0,0.04097007256156455,0.011172389972055743,900,10,120,90.0,120.0
un_un,un -> un,0,naive,Naive,0,novel,Novel Image,2,occlusion,Occluded,1,0.45840925956044953,0.4608850068248116,0.046091599576175216,76.0,-14.0,0.04097007256156455,0.011172389972055743,900,10,120,90.0,120.0
un_un,un -> un,0,naive,Naive,0,novel,Novel Image,2,occlusion,Occluded,1,0.4301526418687289,0.42015657245716537,0.04577590562403202,77.0,-13.0,0.04097007256156455,0.011172389972055743,900,10,120,90.0,120.0
un_un,un -> un,0,naive,Naive,0,novel,Novel Image,2,occlusion,Occluded,1,0.5338356357772573,0.4149447740750486,0.04693429246544838,78.0,-12.0,0.04097007256156455,0.011172389972055743,900,10,120,90.0,120.0
un_un,un -> un,0,naive,Naive,0,novel,Novel Image,2,occlusion,Occluded,1,0.5625414767208655,0.4181879353202142,0.047255005314946176,79.0,-11.0,0.04097007256156455,0.011172389972055743,900,10,120,90.0,120.0
un_un,un -> un,0,naive,Naive,0,novel,Novel Image,2,occlusion,Occluded,1,0.5931076304252316,0.440492744034548,0.04759650230407715,80.0,-10.0,0.04097007256156455,0.011172389972055743,900,10,120,90.0,120.0
un_un,un -> un,0,naive,Naive,0,novel,Novel Image,2,occlusion,Occluded,1,0.5995386001315446,0.411171966132663,0.04766835160553455,81.0,-9.0,0.04097007256156455,0.011172389972055743,900,10,120,90.0,120.0
un_un,un -> un,0,naive,Naive,0,novel,Novel Image,2,occlusion,Occluded,1,0.5524308942671932,0.39663292908367354,0.04714204594492912,82.0,-8.0,0.04097007256156455,0.011172389972055743,900,10,120,90.0,120.0
un_un,un -> un,0,naive,Naive,0,novel,Novel Image,2,occlusion,Occluded,1,0.5296377449363211,0.37714388653739594,0.046887391991913316,83.0,-7.0,0.04097007256156455,0.011172389972055743,900,10,120,90.0,120.0
un_un,un -> un,0,naive,Naive,0,novel,Novel Image,2,occlusion,Occluded,1,0.5814412967385609,0.35423260598929135,0.04746616147458553,84.0,-6.0,0.04097007256156455,0.011172389972055743,900,10,120,90.0,120.0
un_un,un -> un,0,naive,Naive,0,novel,Novel Image,2,occlusion,Occluded,1,0.6592435629684783,0.32202430394772774,0.04833539873361588,85.0,-5.0,0.04097007256156455,0.011172389972055743,900,10,120,90.0,120.0
un_un,un -> un,0,naive,Naive,0,novel,Novel Image,2,occlusion,Occluded,1,0.5113336771428955,0.30710463006416383,0.04668289180845022,86.0,-4.0,0.04097007256156455,0.011172389972055743,900,10,120,90.0,120.0
un_un,un -> un,0,naive,Naive,0,novel,Novel Image,2,occlusion,Occluded,1,0.5272655060604229,0.2937487139250624,0.04686088841408491,87.0,-3.0,0.04097007256156455,0.011172389972055743,900,10,120,90.0,120.0
un_un,un -> un,0,naive,Naive,0,novel,Novel Image,2,occlusion,Occluded,1,0.4248538247914448,0.2692945191494699,0.04571670517325401,88.0,-2.0,0.04097007256156455,0.011172389972055743,900,10,120,90.0,120.0
un_un,un -> un,0,naive,Naive,0,novel,Novel Image,2,occlusion,Occluded,1,0.38032047075465747,0.2951700019068667,0.045219161175191404,89.0,-1.0,0.04097007256156455,0.011172389972055743,900,10,120,90.0,120.0
un_un,un -> un,0,naive,Naive,0,novel,Novel Image,2,occlusion,Occluded,1,0.3553746509363584,0.25430812483026205,0.04494045674800873,90.0,0.0,0.04097007256156455,0.011172389972055743,900,10,120,90.0,120.0
un_un,un -> un,0,naive,Naive,0,novel,Novel Image,2,occlusion,Occluded,1,0.3432641789149211,0.22330221097312614,0.04480515383183956,91.0,1.0,0.04097007256156455,0.011172389972055743,900,10,120,90.0,120.0
un_un,un -> un,0,naive,Naive,0,novel,Novel Image,2,occlusion,Occluded,1,0.2390304968181168,0.24617293671846574,0.04364061448723078,92.0,2.0,0.04097007256156455,0.011172389972055743,900,10,120,90.0,120.0
un_un,un -> un,0,naive,Naive,0,novel,Novel Image,2,occlusion,Occluded,1,0.13085808793495363,0.23900385520776288,0.04243207015097141,93.0,3.0,0.04097007256156455,0.011172389972055743,900,10,120,90.0,120.0
un_un,un -> un,0,naive,Naive,0,novel,Novel Image,2,occlusion,Occluded,1,0.0942491854425694,0.2030937920785971,0.04202306121587753,94.0,4.0,0.04097007256156455,0.011172389972055743,900,10,120,90.0,120.0
un_un,un -> un,0,naive,Naive,0,novel,Novel Image,2,occlusion,Occluded,1,0.04664400796518879,0.19997308504208983,0.041491197608411315,95.0,5.0,0.04097007256156455,0.011172389972055743,900,10,120,90.0,120.0
un_un,un -> un,0,naive,Naive,0,novel,Novel Image,2,occlusion,Occluded,1,-0.05653297833829074,0.19300923353047106,0.040338464081287384,96.0,6.0,0.04097007256156455,0.011172389972055743,900,10,120,90.0,120.0
un_un,un -> un,0,naive,Naive,0,novel,Novel Image,2,occlusion,Occluded,1,-0.03629035674788133,0.2438967258346547,0.04056462254375219,97.0,7.0,0.04097007256156455,0.011172389972055743,900,10,120,90.0,120.0
un_un,un -> un,0,naive,Naive,0,novel,Novel Image,2,occlusion,Occluded,1,0.009529314601928213,0.26910715503383154,0.0410765377804637,98.0,8.0,0.04097007256156455,0.011172389972055743,900,10,120,90.0,120.0
un_un,un -> un,0,naive,Naive,0,novel,Novel Image,2,occlusion,Occluded,1,0.019269931823363194,0.21871306065929322,0.04118536375463009,99.0,9.0,0.04097007256156455,0.011172389972055743,900,10,120,90.0,120.0
un_un,un -> un,0,naive,Naive,0,novel,Novel Image,2,occlusion,Occluded,1,-0.04362664176404759,0.2338922199453638,0.04048265870660543,100.0,10.0,0.04097007256156455,0.011172389972055743,900,10,120,90.0,120.0
un_un,un -> un,0,naive,Naive,0,novel,Novel Image,2,occlusion,Occluded,1,-0.024170365094719204,0.2343812434968018,0.04070003181695938,101.0,11.0,0.04097007256156455,0.011172389972055743,900,10,120,90.0,120.0
un_un,un -> un,0,naive,Naive,0,novel,Novel Image,2,occlusion,Occluded,1,-0.020746648717492412,0.2598008341573036,0.040738282911479476,102.0,12.0,0.04097007256156455,0.011172389972055743,900,10,120,90.0,120.0
un_un,un -> un,0,naive,Naive,0,novel,Novel Image,2,occlusion,Occluded,1,-0.07438095407375053,0.23072995515936665,0.04013905953615904,103.0,13.0,0.04097007256156455,0.011172389972055743,900,10,120,90.0,120.0
un_un,un -> un,0,naive,Naive,0,novel,Novel Image,2,occlusion,Occluded,1,-0.252782720470014,0.2194674868827994,0.038145885430276395,104.0,14.0,0.04097007256156455,0.011172389972055743,900,10,120,90.0,120.0
un_un,un -> un,0,naive,Naive,0,novel,Novel Image,2,occlusion,Occluded,1,-0.318862768940508,0.23111802288448727,0.03740761335939169,105.0,15.0,0.04097007256156455,0.011172389972055743,900,10,120,90.0,120.0
un_un,un -> un,0,naive,Naive,0,novel,Novel Image,2,occlusion,Occluded,1,-0.10891501031844833,0.22253599331680501,0.03975323159247637,106.0,16.0,0.04097007256156455,0.011172389972055743,900,10,120,90.0,120.0
un_un,un -> un,0,naive,Naive,0,novel,Novel Image,2,occlusion,Occluded,1,-0.08412849011684195,0.2233012330613052,0.04003015626221895,107.0,17.0,0.04097007256156455,0.011172389972055743,900,10,120,90.0,120.0
un_un,un -> un,0,naive,Naive,0,novel,Novel Image,2,occlusion,Occluded,1,-0.11806329304679317,0.20406811540486938,0.03965102341026068,108.0,18.0,0.04097007256156455,0.011172389972055743,900,10,120,90.0,120.0
un_un,un -> un,0,naive,Naive,0,novel,Novel Image,2,occlusion,Occluded,1,-0.08110759920675588,0.23923495880933146,0.04006390683352947,109.0,19.0,0.04097007256156455,0.011172389972055743,900,10,120,90.0,120.0
un_un,un -> un,0,naive,Naive,0,novel,Novel Image,2,occlusion,Occluded,1,-0.13596910346255728,0.2748190489505133,0.03945097271353006,110.0,20.0,0.04097007256156455,0.011172389972055743,900,10,120,90.0,120.0
un_un,un -> un,0,naive,Naive,0,novel,Novel Image,2,occlusion,Occluded,1,-0.07577090366488497,0.2880198882802127,0.04012353047728538,111.0,21.0,0.04097007256156455,0.011172389972055743,900,10,120,90.0,120.0
un_un,un -> un,0,naive,Naive,0,novel,Novel Image,2,occlusion,Occluded,1,-0.13616953255642222,0.27928457187636985,0.03944873344153166,112.0,22.0,0.04097007256156455,0.011172389972055743,900,10,120,90.0,120.0
un_un,un -> un,0,naive,Naive,0,novel,Novel Image,2,occlusion,Occluded,1,-0.21988247310408687,0.29367505523517223,0.03851345982402563,113.0,23.0,0.04097007256156455,0.011172389972055743,900,10,120,90.0,120.0
un_un,un -> un,0,naive,Naive,0,novel,Novel Image,2,occlusion,Occluded,1,-0.25547414209437724,0.2524755639972484,0.038115815818309785,114.0,24.0,0.04097007256156455,0.011172389972055743,900,10,120,90.0,120.0
un_un,un -> un,0,naive,Naive,0,novel,Novel Image,2,occlusion,Occluded,1,-0.2684892292075724,0.2544753213978896,0.03797040618956089,115.0,25.0,0.04097007256156455,0.011172389972055743,900,10,120,90.0,120.0
un_un,un -> un,0,naive,Naive,0,novel,Novel Image,2,occlusion,Occluded,1,-0.20143532741317763,0.27085958866508725,0.038719558529555796,116.0,26.0,0.04097007256156455,0.011172389972055743,900,10,120,90.0,120.0
un_un,un -> un,0,naive,Naive,0,novel,Novel Image,2,occlusion,Occluded,1,-0.20478723809191196,0.2494226672648189,0.03868210967630148,117.0,27.0,0.04097007256156455,0.011172389972055743,900,10,120,90.0,120.0
un_un,un -> un,0,naive,Naive,0,novel,Novel Image,2,occlusion,Occluded,1,-0.20223917778664244,0.2217338671476577,0.03871057759970427,118.0,28.0,0.04097007256156455,0.011172389972055743,900,10,120,90.0,120.0
un_un,un -> un,0,naive,Naive,0,novel,Novel Image,2,occlusion,Occluded,1,-0.07533263382463189,0.2307604596215307,0.04012842699885368,119.0,29.0,0.04097007256156455,0.011172389972055743,900,10,120,90.0,120.0
un_un,un -> un,0,expert,Expert,1,familiar_1,Familiar 1,0,full,Nonoccluded,0,-2.1913136203575183,0.04116130370018807,0.0088202356826514,0.0,-90.0,0.03468347979502545,0.011802620981361124,900,10,120,90.0,120.0
un_un,un -> un,0,expert,Expert,1,familiar_1,Familiar 1,0,full,Nonoccluded,0,-2.1123845749023142,0.051008736303202046,0.009751805290579795,1.0,-89.0,0.03468347979502545,0.011802620981361124,900,10,120,90.0,120.0
un_un,un -> un,0,expert,Expert,1,familiar_1,Familiar 1,0,full,Nonoccluded,0,-2.068334159114257,0.06928637223196442,0.010271715652197599,2.0,-88.0,0.03468347979502545,0.011802620981361124,900,10,120,90.0,120.0
un_un,un -> un,0,expert,Expert,1,familiar_1,Familiar 1,0,full,Nonoccluded,0,-1.845161584308992,0.10499650844144749,0.012905736966058613,3.0,-87.0,0.03468347979502545,0.011802620981361124,900,10,120,90.0,120.0
un_un,un -> un,0,expert,Expert,1,familiar_1,Familiar 1,0,full,Nonoccluded,0,-1.6514772009417886,0.10981149985873886,0.015191720332950354,4.0,-86.0,0.03468347979502545,0.011802620981361124,900,10,120,90.0,120.0
un_un,un -> un,0,expert,Expert,1,familiar_1,Familiar 1,0,full,Nonoccluded,0,-1.6991765489137598,0.10743354026083927,0.01462874300777912,5.0,-85.0,0.03468347979502545,0.011802620981361124,900,10,120,90.0,120.0
un_un,un -> un,0,expert,Expert,1,familiar_1,Familiar 1,0,full,Nonoccluded,0,-1.4375292964761586,0.14655731878811515,0.017716866359114646,6.0,-84.0,0.03468347979502545,0.011802620981361124,900,10,120,90.0,120.0
un_un,un -> un,0,expert,Expert,1,familiar_1,Familiar 1,0,full,Nonoccluded,0,-1.2214702448456825,0.13584634567925583,0.02026692945510149,7.0,-83.0,0.03468347979502545,0.011802620981361124,900,10,120,90.0,120.0
un_un,un -> un,0,expert,Expert,1,familiar_1,Familiar 1,0,full,Nonoccluded,0,-1.0367869141107962,0.18159773195521867,0.022446676809340715,8.0,-82.0,0.03468347979502545,0.011802620981361124,900,10,120,90.0,120.0
un_un,un -> un,0,expert,Expert,1,familiar_1,Familiar 1,0,full,Nonoccluded,0,-0.9418182673940271,0.1574869602033281,0.023567555751651526,9.0,-81.0,0.03468347979502545,0.011802620981361124,900,10,120,90.0,120.0
un_un,un -> un,0,expert,Expert,1,familiar_1,Familiar 1,0,full,Nonoccluded,0,-0.7862389718297592,0.16912372632322722,0.025403799209743737,10.0,-80.0,0.03468347979502545,0.011802620981361124,900,10,120,90.0,120.0
un_un,un -> un,0,expert,Expert,1,familiar_1,Familiar 1,0,full,Nonoccluded,0,-0.7483350010851284,0.1984907835338784,0.025851165410131216,11.0,-79.0,0.03468347979502545,0.011802620981361124,900,10,120,90.0,120.0
un_un,un -> un,0,expert,Expert,1,familiar_1,Familiar 1,0,full,Nonoccluded,0,-0.7101642814574773,0.17572177775271572,0.026301679946482182,12.0,-78.0,0.03468347979502545,0.011802620981361124,900,10,120,90.0,120.0
un_un,un -> un,0,expert,Expert,1,familiar_1,Familiar 1,0,full,Nonoccluded,0,-0.6725255287784341,0.16886245040053677,0.02674591587856412,13.0,-77.0,0.03468347979502545,0.011802620981361124,900,10,120,90.0,120.0
un_un,un -> un,0,expert,Expert,1,familiar_1,Familiar 1,0,full,Nonoccluded,0,-0.31582908811100396,0.19371674310872902,0.030955868773162365,14.0,-76.0,0.03468347979502545,0.011802620981361124,900,10,120,90.0,120.0
un_un,un -> un,0,expert,Expert,1,familiar_1,Familiar 1,0,full,Nonoccluded,0,-0.22008128688433487,0.23807265378033762,0.03208594378083944,15.0,-75.0,0.03468347979502545,0.011802620981361124,900,10,120,90.0,120.0
un_un,un -> un,0,expert,Expert,1,familiar_1,Familiar 1,0,full,Nonoccluded,0,-0.2602464959195008,0.23334558986351792,0.03161188904196024,16.0,-74.0,0.03468347979502545,0.011802620981361124,900,10,120,90.0,120.0
un_un,un -> un,0,expert,Expert,1,familiar_1,Familiar 1,0,full,Nonoccluded,0,-0.36011464219118094,0.2205258314721228,0.030433183163404466,17.0,-73.0,0.03468347979502545,0.011802620981361124,900,10,120,90.0,120.0
un_un,un -> un,0,expert,Expert,1,familiar_1,Familiar 1,0,full,Nonoccluded,0,-0.428611738927684,0.20871242031816759,0.029624737892299892,18.0,-72.0,0.03468347979502545,0.011802620981361124,900,10,120,90.0,120.0
un_un,un -> un,0,expert,Expert,1,familiar_1,Familiar 1,0,full,Nonoccluded,0,-0.3951335902139647,0.2167024556776781,0.030019867792725564,19.0,-71.0,0.03468347979502545,0.011802620981361124,900,10,120,90.0,120.0
un_un,un -> un,0,expert,Expert,1,familiar_1,Familiar 1,0,full,Nonoccluded,0,-0.3830551566022703,0.2337786519231642,0.030162424966692924,20.0,-70.0,0.03468347979502545,0.011802620981361124,900,10,120,90.0,120.0
un_un,un -> un,0,expert,Expert,1,familiar_1,Familiar 1,0,full,Nonoccluded,0,-0.3435978953939584,0.2485851238157915,0.030628124065697194,21.0,-69.0,0.03468347979502545,0.011802620981361124,900,10,120,90.0,120.0
un_un,un -> un,0,expert,Expert,1,familiar_1,Familiar 1,0,full,Nonoccluded,0,-0.360305678737784,0.2608647918993589,0.030430928431451322,22.0,-68.0,0.03468347979502545,0.011802620981361124,900,10,120,90.0,120.0
un_un,un -> un,0,expert,Expert,1,familiar_1,Familiar 1,0,full,Nonoccluded,0,-0.3107943873917186,0.2617708917593386,0.031015291437506677,23.0,-67.0,0.03468347979502545,0.011802620981361124,900,10,120,90.0,120.0
un_un,un -> un,0,expert,Expert,1,familiar_1,Familiar 1,0,full,Nonoccluded,0,-0.2724287094841454,0.25347012118376133,0.031468106992542745,24.0,-66.0,0.03468347979502545,0.011802620981361124,900,10,120,90.0,120.0
un_un,un -> un,0,expert,Expert,1,familiar_1,Familiar 1,0,full,Nonoccluded,0,-0.16460776148949213,0.24383804384445557,0.032740676775574684,25.0,-65.0,0.03468347979502545,0.011802620981361124,900,10,120,90.0,120.0
un_un,un -> un,0,expert,Expert,1,familiar_1,Familiar 1,0,full,Nonoccluded,0,-0.14706644016285492,0.22408705003194257,0.03294771034270525,26.0,-64.0,0.03468347979502545,0.011802620981361124,900,10,120,90.0,120.0
un_un,un -> un,0,expert,Expert,1,familiar_1,Familiar 1,0,full,Nonoccluded,0,-0.16997785326110362,0.25129356764612526,0.03267729561775923,27.0,-63.0,0.03468347979502545,0.011802620981361124,900,10,120,90.0,120.0
un_un,un -> un,0,expert,Expert,1,familiar_1,Familiar 1,0,full,Nonoccluded,0,-0.194742865327396,0.24628390475951983,0.03238500356674194,28.0,-62.0,0.03468347979502545,0.011802620981361124,900,10,120,90.0,120.0
un_un,un -> un,0,expert,Expert,1,familiar_1,Familiar 1,0,full,Nonoccluded,0,-0.21126612993492402,0.2581654830386246,0.03218998573720455,29.0,-61.0,0.03468347979502545,0.011802620981361124,900,10,120,90.0,120.0
un_un,un -> un,0,expert,Expert,1,familiar_1,Familiar 1,0,full,Nonoccluded,0,-0.26903483200059675,0.2424460722431333,0.031508163642138244,30.0,-60.0,0.03468347979502545,0.011802620981361124,900,10,120,90.0,120.0
un_un,un -> un,0,expert,Expert,1,familiar_1,Familiar 1,0,full,Nonoccluded,0,-0.17000611814792438,0.28119111239645006,0.032676962018013,31.0,-59.0,0.03468347979502545,0.011802620981361124,900,10,120,90.0,120.0
un_un,un -> un,0,expert,Expert,1,familiar_1,Familiar 1,0,full,Nonoccluded,0,-0.19025400360334907,0.24551763057316253,0.03243798390030861,32.0,-58.0,0.03468347979502545,0.011802620981361124,900,10,120,90.0,120.0
un_un,un -> un,0,expert,Expert,1,familiar_1,Familiar 1,0,full,Nonoccluded,0,-0.15572764737974926,0.2760034045852071,0.032845485396683215,33.0,-57.0,0.03468347979502545,0.011802620981361124,900,10,120,90.0,120.0
un_un,un -> un,0,expert,Expert,1,familiar_1,Familiar 1,0,full,Nonoccluded,0,-0.13458980463923256,0.26996159326609115,0.03309496734291315,34.0,-56.0,0.03468347979502545,0.011802620981361124,900,10,120,90.0,120.0
un_un,un -> un,0,expert,Expert,1,familiar_1,Familiar 1,0,full,Nonoccluded,0,-0.21181684545167417,0.27100223562124465,0.03218348585069179,35.0,-55.0,0.03468347979502545,0.011802620981361124,900,10,120,90.0,120.0
un_un,un -> un,0,expert,Expert,1,familiar_1,Familiar 1,0,full,Nonoccluded,0,-0.1558683089856867,0.2501361146065357,0.032843825221061704,36.0,-54.0,0.03468347979502545,0.011802620981361124,900,10,120,90.0,120.0
un_un,un -> un,0,expert,Expert,1,familiar_1,Familiar 1,0,full,Nonoccluded,0,-0.0937326503429505,0.27436978207359664,0.03357718884944916,37.0,-53.0,0.03468347979502545,0.011802620981361124,900,10,120,90.0,120.0
un_un,un -> un,0,expert,Expert,1,familiar_1,Familiar 1,0,full,Nonoccluded,0,0.07177759448117278,0.23095648977770905,0.03553064353764057,38.0,-52.0,0.03468347979502545,0.011802620981361124,900,10,120,90.0,120.0
un_un,un -> un,0,expert,Expert,1,familiar_1,Familiar 1,0,full,Nonoccluded,0,0.1485869904221313,0.1969076910204633,0.036437195725739,39.0,-51.0,0.03468347979502545,0.011802620981361124,900,10,120,90.0,120.0
un_un,un -> un,0,expert,Expert,1,familiar_1,Familiar 1,0,full,Nonoccluded,0,0.17977954191019113,0.22853558733177476,0.03680534958839417,40.0,-50.0,0.03468347979502545,0.011802620981361124,900,10,120,90.0,120.0
un_un,un -> un,0,expert,Expert,1,familiar_1,Familiar 1,0,full,Nonoccluded,0,0.18116359024865358,0.2208378646842815,0.03682168498635292,41.0,-49.0,0.03468347979502545,0.011802620981361124,900,10,120,90.0,120.0
un_un,un -> un,0,expert,Expert,1,familiar_1,Familiar 1,0,full,Nonoccluded,0,0.1398274163489811,0.2278105261479671,0.036333809792995456,42.0,-48.0,0.03468347979502545,0.011802620981361124,900,10,120,90.0,120.0
un_un,un -> un,0,expert,Expert,1,familiar_1,Familiar 1,0,full,Nonoccluded,0,0.15661144071359473,0.2440774189477569,0.03653190527111292,43.0,-47.0,0.03468347979502545,0.011802620981361124,900,10,120,90.0,120.0
un_un,un -> un,0,expert,Expert,1,familiar_1,Familiar 1,0,full,Nonoccluded,0,0.10872431510017325,0.26261474936014095,0.035966711677610876,44.0,-46.0,0.03468347979502545,0.011802620981361124,900,10,120,90.0,120.0
un_un,un -> un,0,expert,Expert,1,familiar_1,Familiar 1,0,full,Nonoccluded,0,-0.019165507400039417,0.24813561570174228,0.034457276575267315,45.0,-45.0,0.03468347979502545,0.011802620981361124,900,10,120,90.0,120.0
un_un,un -> un,0,expert,Expert,1,familiar_1,Familiar 1,0,full,Nonoccluded,0,0.1363455799895555,0.2996102788865784,0.03629271499812603,46.0,-44.0,0.03468347979502545,0.011802620981361124,900,10,120,90.0,120.0
un_un,un -> un,0,expert,Expert,1,familiar_1,Familiar 1,0,full,Nonoccluded,0,0.1688334397498615,0.28266034599967327,0.03667615689337254,47.0,-43.0,0.03468347979502545,0.011802620981361124,900,10,120,90.0,120.0
un_un,un -> un,0,expert,Expert,1,familiar_1,Familiar 1,0,full,Nonoccluded,0,0.1652772246011636,0.28952350655387543,0.03663418423384428,48.0,-42.0,0.03468347979502545,0.011802620981361124,900,10,120,90.0,120.0
un_un,un -> un,0,expert,Expert,1,familiar_1,Familiar 1,0,full,Nonoccluded,0,0.14490704734899165,0.2767146606063263,0.03639376275241375,49.0,-41.0,0.03468347979502545,0.011802620981361124,900,10,120,90.0,120.0
un_un,un -> un,0,expert,Expert,1,familiar_1,Familiar 1,0,full,Nonoccluded,0,0.12480982904849632,0.28699948505494216,0.036156562902033326,50.0,-40.0,0.03468347979502545,0.011802620981361124,900,10,120,90.0,120.0
un_un,un -> un,0,expert,Expert,1,familiar_1,Familiar 1,0,full,Nonoccluded,0,0.12210889895912543,0.2817702859099859,0.03612468484789133,51.0,-39.0,0.03468347979502545,0.011802620981361124,900,10,120,90.0,120.0
un_un,un -> un,0,expert,Expert,1,familiar_1,Familiar 1,0,full,Nonoccluded,0,0.24252069408316448,0.22502216095203142,0.03754585962742567,52.0,-38.0,0.03468347979502545,0.011802620981361124,900,10,120,90.0,120.0
un_un,un -> un,0,expert,Expert,1,familiar_1,Familiar 1,0,full,Nonoccluded,0,0.28984501545660585,0.22590079466581314,0.038104410655796526,53.0,-37.0,0.03468347979502545,0.011802620981361124,900,10,120,90.0,120.0
un_un,un -> un,0,expert,Expert,1,familiar_1,Familiar 1,0,full,Nonoccluded,0,0.35089161585828604,0.2717325993874261,0.038824920542538166,54.0,-36.0,0.03468347979502545,0.011802620981361124,900,10,120,90.0,120.0
un_un,un -> un,0,expert,Expert,1,familiar_1,Familiar 1,0,full,Nonoccluded,0,0.29748149032785554,0.24931784955562658,0.03819454107433558,55.0,-35.0,0.03468347979502545,0.011802620981361124,900,10,120,90.0,120.0
un_un,un -> un,0,expert,Expert,1,familiar_1,Familiar 1,0,full,Nonoccluded,0,0.261281366730474,0.25252693744000143,0.03776728473603726,56.0,-34.0,0.03468347979502545,0.011802620981361124,900,10,120,90.0,120.0
un_un,un -> un,0,expert,Expert,1,familiar_1,Familiar 1,0,full,Nonoccluded,0,0.21413854980333427,0.2009005432654138,0.037210875935852525,57.0,-33.0,0.03468347979502545,0.011802620981361124,900,10,120,90.0,120.0
un_un,un -> un,0,expert,Expert,1,familiar_1,Familiar 1,0,full,Nonoccluded,0,0.45215564668569036,0.2690038108718381,0.040020101517438886,58.0,-32.0,0.03468347979502545,0.011802620981361124,900,10,120,90.0,120.0
un_un,un -> un,0,expert,Expert,1,familiar_1,Familiar 1,0,full,Nonoccluded,0,0.4775314706891762,0.24919299700515615,0.040319602750241754,59.0,-31.0,0.03468347979502545,0.011802620981361124,900,10,120,90.0,120.0
un_un,un -> un,0,expert,Expert,1,familiar_1,Familiar 1,0,full,Nonoccluded,0,0.5012195132376424,0.23794417506891102,0.04059918373823166,60.0,-30.0,0.03468347979502545,0.011802620981361124,900,10,120,90.0,120.0
un_un,un -> un,0,expert,Expert,1,familiar_1,Familiar 1,0,full,Nonoccluded,0,0.6144461405638071,0.2709690127048541,0.04193555470556021,61.0,-29.0,0.03468347979502545,0.011802620981361124,900,10,120,90.0,120.0
un_un,un -> un,0,expert,Expert,1,familiar_1,Familiar 1,0,full,Nonoccluded,0,0.6056399791395151,0.27308566479381047,0.0418316189199686,62.0,-28.0,0.03468347979502545,0.011802620981361124,900,10,120,90.0,120.0
un_un,un -> un,0,expert,Expert,1,familiar_1,Familiar 1,0,full,Nonoccluded,0,0.5119629793584526,0.26659996863930546,0.04072598479688168,63.0,-27.0,0.03468347979502545,0.011802620981361124,900,10,120,90.0,120.0
un_un,un -> un,0,expert,Expert,1,familiar_1,Familiar 1,0,full,Nonoccluded,0,0.5247744377959725,0.2324623152086715,0.040877193585038184,64.0,-26.0,0.03468347979502545,0.011802620981361124,900,10,120,90.0,120.0
un_un,un -> un,0,expert,Expert,1,familiar_1,Familiar 1,0,full,Nonoccluded,0,0.6177144357822095,0.26501091558238954,0.041974129155278206,65.0,-25.0,0.03468347979502545,0.011802620981361124,900,10,120,90.0,120.0
un_un,un -> un,0,expert,Expert,1,familiar_1,Familiar 1,0,full,Nonoccluded,0,0.5880746539642712,0.26883809019655336,0.04162430204451084,66.0,-24.0,0.03468347979502545,0.011802620981361124,900,10,120,90.0,120.0
un_un,un -> un,0,expert,Expert,1,familiar_1,Familiar 1,0,full,Nonoccluded,0,0.5800968225871956,0.24196666969589975,0.04153014272451401,67.0,-23.0,0.03468347979502545,0.011802620981361124,900,10,120,90.0,120.0
un_un,un -> un,0,expert,Expert,1,familiar_1,Familiar 1,0,full,Nonoccluded,0,0.5337063314108292,0.2696373996983208,0.04098261334002018,68.0,-22.0,0.03468347979502545,0.011802620981361124,900,10,120,90.0,120.0
un_un,un -> un,0,expert,Expert,1,familiar_1,Familiar 1,0,full,Nonoccluded,0,0.5434923264632869,0.2454083024981243,0.041098113730549814,69.0,-21.0,0.03468347979502545,0.011802620981361124,900,10,120,90.0,120.0
un_un,un -> un,0,expert,Expert,1,familiar_1,Familiar 1,0,full,Nonoccluded,0,0.6568683110696709,0.20338220820765024,0.04243624750524759,70.0,-20.0,0.03468347979502545,0.011802620981361124,900,10,120,90.0,120.0
un_un,un -> un,0,expert,Expert,1,familiar_1,Familiar 1,0,full,Nonoccluded,0,0.8372503209976152,0.20963973818300766,0.044565228000283244,71.0,-19.0,0.03468347979502545,0.011802620981361124,900,10,120,90.0,120.0
un_un,un -> un,0,expert,Expert,1,familiar_1,Familiar 1,0,full,Nonoccluded,0,0.8096000968299994,0.175598293395593,0.0442388828843832,72.0,-18.0,0.03468347979502545,0.011802620981361124,900,10,120,90.0,120.0
un_un,un -> un,0,expert,Expert,1,familiar_1,Familiar 1,0,full,Nonoccluded,0,0.8547070686065121,0.177158078070956,0.044771263375878334,73.0,-17.0,0.03468347979502545,0.011802620981361124,900,10,120,90.0,120.0
un_un,un -> un,0,expert,Expert,1,familiar_1,Familiar 1,0,full,Nonoccluded,0,0.8462030147916065,0.17955376271968684,0.0446708932518959,74.0,-16.0,0.03468347979502545,0.011802620981361124,900,10,120,90.0,120.0
un_un,un -> un,0,expert,Expert,1,familiar_1,Familiar 1,0,full,Nonoccluded,0,0.8513530791751354,0.21847339899842086,0.0447316775098443,75.0,-15.0,0.03468347979502545,0.011802620981361124,900,10,120,90.0,120.0
un_un,un -> un,0,expert,Expert,1,familiar_1,Familiar 1,0,full,Nonoccluded,0,0.8291210807293286,0.21398276322988535,0.04446928165853024,76.0,-14.0,0.03468347979502545,0.011802620981361124,900,10,120,90.0,120.0
un_un,un -> un,0,expert,Expert,1,familiar_1,Familiar 1,0,full,Nonoccluded,0,0.7779331339724698,0.23271543336639675,0.043865129724144934,77.0,-13.0,0.03468347979502545,0.011802620981361124,900,10,120,90.0,120.0
un_un,un -> un,0,expert,Expert,1,familiar_1,Familiar 1,0,full,Nonoccluded,0,0.7257667897151395,0.22883103067977073,0.043249430134892464,78.0,-12.0,0.03468347979502545,0.011802620981361124,900,10,120,90.0,120.0
un_un,un -> un,0,expert,Expert,1,familiar_1,Familiar 1,0,full,Nonoccluded,0,0.7878774187037731,0.2303860560020747,0.04398249834775925,79.0,-11.0,0.03468347979502545,0.011802620981361124,900,10,120,90.0,120.0
un_un,un -> un,0,expert,Expert,1,familiar_1,Familiar 1,0,full,Nonoccluded,0,0.6702337833831511,0.20567981522487544,0.04259399510920048,80.0,-10.0,0.03468347979502545,0.011802620981361124,900,10,120,90.0,120.0
un_un,un -> un,0,expert,Expert,1,familiar_1,Familiar 1,0,full,Nonoccluded,0,0.7125144874203035,0.23507273059696976,0.04309301823377609,81.0,-9.0,0.03468347979502545,0.011802620981361124,900,10,120,90.0,120.0
un_un,un -> un,0,expert,Expert,1,familiar_1,Familiar 1,0,full,Nonoccluded,0,0.7582109028164464,0.2677058490608306,0.043632355704903605,82.0,-8.0,0.03468347979502545,0.011802620981361124,900,10,120,90.0,120.0
un_un,un -> un,0,expert,Expert,1,familiar_1,Familiar 1,0,full,Nonoccluded,0,0.6562210909281806,0.22672931291096224,0.04242860861122608,83.0,-7.0,0.03468347979502545,0.011802620981361124,900,10,120,90.0,120.0
un_un,un -> un,0,expert,Expert,1,familiar_1,Familiar 1,0,full,Nonoccluded,0,0.6347290454407033,0.21279783780185618,0.042174946144223215,84.0,-6.0,0.03468347979502545,0.011802620981361124,900,10,120,90.0,120.0
un_un,un -> un,0,expert,Expert,1,familiar_1,Familiar 1,0,full,Nonoccluded,0,0.7581188486093968,0.21220600323841435,0.04363126922398806,85.0,-5.0,0.03468347979502545,0.011802620981361124,900,10,120,90.0,120.0
un_un,un -> un,0,expert,Expert,1,familiar_1,Familiar 1,0,full,Nonoccluded,0,0.7105760464469284,0.20878947329267,0.043070139549672606,86.0,-4.0,0.03468347979502545,0.011802620981361124,900,10,120,90.0,120.0
un_un,un -> un,0,expert,Expert,1,familiar_1,Familiar 1,0,full,Nonoccluded,0,0.6864038394859684,0.21864655152658152,0.04278484415262938,87.0,-3.0,0.03468347979502545,0.011802620981361124,900,10,120,90.0,120.0
un_un,un -> un,0,expert,Expert,1,familiar_1,Familiar 1,0,full,Nonoccluded,0,0.7239279150013693,0.20443824732560606,0.043227726593613625,88.0,-2.0,0.03468347979502545,0.011802620981361124,900,10,120,90.0,120.0
un_un,un -> un,0,expert,Expert,1,familiar_1,Familiar 1,0,full,Nonoccluded,0,0.7174289795170796,0.18844649753218445,0.04315102212131024,89.0,-1.0,0.03468347979502545,0.011802620981361124,900,10,120,90.0,120.0
un_un,un -> un,0,expert,Expert,1,familiar_1,Familiar 1,0,full,Nonoccluded,0,0.5514872335564656,0.18811082694487566,0.04119247458875179,90.0,0.0,0.03468347979502545,0.011802620981361124,900,10,120,90.0,120.0
un_un,un -> un,0,expert,Expert,1,familiar_1,Familiar 1,0,full,Nonoccluded,0,0.3769815740848478,0.1787052741916043,0.03913285043090582,91.0,1.0,0.03468347979502545,0.011802620981361124,900,10,120,90.0,120.0
un_un,un -> un,0,expert,Expert,1,familiar_1,Familiar 1,0,full,Nonoccluded,0,0.21120117943794448,0.1697700011918619,0.03717620726674795,92.0,2.0,0.03468347979502545,0.011802620981361124,900,10,120,90.0,120.0
un_un,un -> un,0,expert,Expert,1,familiar_1,Familiar 1,0,full,Nonoccluded,0,0.05370979821073729,0.16128149617965024,0.03531739618629217,93.0,3.0,0.03468347979502545,0.011802620981361124,900,10,120,90.0,120.0
un_un,un -> un,0,expert,Expert,1,familiar_1,Familiar 1,0,full,Nonoccluded,0,-0.09590699501716198,0.15321741610177236,0.0335515258833766,94.0,4.0,0.03468347979502545,0.011802620981361124,900,10,120,90.0,120.0
un_un,un -> un,0,expert,Expert,1,familiar_1,Familiar 1,0,full,Nonoccluded,0,-0.23804292017674494,0.1455565477593268,0.03187394943088293,95.0,5.0,0.03468347979502545,0.011802620981361124,900,10,120,90.0,120.0
un_un,un -> un,0,expert,Expert,1,familiar_1,Familiar 1,0,full,Nonoccluded,0,-0.3730720490783487,0.13827871847178438,0.030280251801013947,96.0,6.0,0.03468347979502545,0.011802620981361124,900,10,120,90.0,120.0
un_un,un -> un,0,expert,Expert,1,familiar_1,Familiar 1,0,full,Nonoccluded,0,-0.5013497523090371,0.13136477156932805,0.02876623868942261,97.0,7.0,0.03468347979502545,0.011802620981361124,900,10,120,90.0,120.0
un_un,un -> un,0,expert,Expert,1,familiar_1,Familiar 1,0,full,Nonoccluded,0,-0.6232135356586206,0.12479653619735574,0.02732792664319277,98.0,8.0,0.03468347979502545,0.011802620981361124,900,10,120,90.0,120.0
un_un,un -> un,0,expert,Expert,1,familiar_1,Familiar 1,0,full,Nonoccluded,0,-0.7389841606148896,0.11855671263128326,0.025961529836058615,99.0,9.0,0.03468347979502545,0.011802620981361124,900,10,120,90.0,120.0
un_un,un -> un,0,expert,Expert,1,familiar_1,Familiar 1,0,full,Nonoccluded,0,-0.8489662598469133,0.11262887243307577,0.024663452804088593,100.0,10.0,0.03468347979502545,0.011802620981361124,900,10,120,90.0,120.0
un_un,un -> un,0,expert,Expert,1,familiar_1,Familiar 1,0,full,Nonoccluded,0,-0.9534492209759273,0.10699742321330805,0.023430280014872552,101.0,11.0,0.03468347979502545,0.011802620981361124,900,10,120,90.0,120.0
un_un,un -> un,0,expert,Expert,1,familiar_1,Familiar 1,0,full,Nonoccluded,0,-1.052708070346224,0.1016475431794946,0.022258765436708926,102.0,12.0,0.03468347979502545,0.011802620981361124,900,10,120,90.0,120.0
un_un,un -> un,0,expert,Expert,1,familiar_1,Familiar 1,0,full,Nonoccluded,0,-1.1470039464738406,0.09656515977575258,0.02114582695066929,103.0,13.0,0.03468347979502545,0.011802620981361124,900,10,120,90.0,120.0
un_un,un -> un,0,expert,Expert,1,familiar_1,Familiar 1,0,full,Nonoccluded,0,-1.2365850232715085,0.09173689997040006,0.02008853545412421,104.0,14.0,0.03468347979502545,0.011802620981361124,900,10,120,90.0,120.0
un_un,un -> un,0,expert,Expert,1,familiar_1,Familiar 1,0,full,Nonoccluded,0,-1.321687054514645,0.0871500573504919,0.019084108434617518,105.0,15.0,0.03468347979502545,0.011802620981361124,900,10,120,90.0,120.0
un_un,un -> un,0,expert,Expert,1,familiar_1,Familiar 1,0,full,Nonoccluded,0,-1.4025339814338407,0.08279255073217127,0.01812990279868245,106.0,16.0,0.03468347979502545,0.011802620981361124,900,10,120,90.0,120.0
un_un,un -> un,0,expert,Expert,1,familiar_1,Familiar 1,0,full,Nonoccluded,0,-1.4793385876522138,0.07865291648767526,0.0172234071418643,107.0,17.0,0.03468347979502545,0.011802620981361124,900,10,120,90.0,120.0
un_un,un -> un,0,expert,Expert,1,familiar_1,Familiar 1,0,full,Nonoccluded,0,-1.5523029410708555,0.07472026997777495,0.01636223653331399,108.0,18.0,0.03468347979502545,0.011802620981361124,900,10,120,90.0,120.0
un_un,un -> un,0,expert,Expert,1,familiar_1,Familiar 1,0,full,Nonoccluded,0,-1.6216190645878075,0.07098425278393615,0.015544124599546193,109.0,19.0,0.03468347979502545,0.011802620981361124,900,10,120,90.0,120.0
un_un,un -> un,0,expert,Expert,1,familiar_1,Familiar 1,0,full,Nonoccluded,0,-1.6874693779835064,0.06743504203056529,0.014766918309032918,110.0,20.0,0.03468347979502545,0.011802620981361124,900,10,120,90.0,120.0
un_un,un -> un,0,expert,Expert,1,familiar_1,Familiar 1,0,full,Nonoccluded,0,-1.7500272029327193,0.0640632909510703,0.014028572011739016,111.0,21.0,0.03468347979502545,0.011802620981361124,900,10,120,90.0,120.0
un_un,un -> un,0,expert,Expert,1,familiar_1,Familiar 1,0,full,Nonoccluded,0,-1.8094571023094421,0.06086012567522745,0.01332714343443513,112.0,22.0,0.03468347979502545,0.011802620981361124,900,10,120,90.0,120.0
un_un,un -> un,0,expert,Expert,1,familiar_1,Familiar 1,0,full,Nonoccluded,0,-1.865915519342627,0.05781711547118372,0.012660786136984825,113.0,23.0,0.03468347979502545,0.011802620981361124,900,10,120,90.0,120.0
un_un,un -> un,0,expert,Expert,1,familiar_1,Familiar 1,0,full,Nonoccluded,0,-1.9195510143405308,0.05492625489355782,0.012027746718376874,114.0,24.0,0.03468347979502545,0.011802620981361124,900,10,120,90.0,120.0
un_un,un -> un,0,expert,Expert,1,familiar_1,Familiar 1,0,full,Nonoccluded,0,-1.9705047460302159,0.05217994063501789,0.011426359135657548,115.0,25.0,0.03468347979502545,0.011802620981361124,900,10,120,90.0,120.0
un_un,un -> un,0,expert,Expert,1,familiar_1,Familiar 1,0,full,Nonoccluded,0,-2.0189107792992003,0.04957093893906201,0.010855041071772575,116.0,26.0,0.03468347979502545,0.011802620981361124,900,10,120,90.0,120.0
un_un,un -> un,0,expert,Expert,1,familiar_1,Familiar 1,0,full,Nonoccluded,0,-2.064896519190087,0.0470923904351621,0.010312288813292981,117.0,27.0,0.03468347979502545,0.011802620981361124,900,10,120,90.0,120.0
un_un,un -> un,0,expert,Expert,1,familiar_1,Familiar 1,0,full,Nonoccluded,0,-2.1085829594611303,0.0447377698587823,0.009796674316748976,118.0,28.0,0.03468347979502545,0.011802620981361124,900,10,120,90.0,120.0
un_un,un -> un,0,expert,Expert,1,familiar_1,Familiar 1,0,full,Nonoccluded,0,-2.1500850889630287,0.04250088260840105,0.009306840412318707,119.0,29.0,0.03468347979502545,0.011802620981361124,900,10,120,90.0,120.0
un_un,un -> un,0,expert,Expert,1,familiar_1,Familiar 1,0,occlusion,Occluded,1,-0.8400327134602952,0.4534737686546067,0.03419711939059198,0.0,-90.0,0.04253779933322221,0.009928994203419743,900,10,120,90.0,120.0
un_un,un -> un,0,expert,Expert,1,familiar_1,Familiar 1,0,occlusion,Occluded,1,-0.8884023476583985,0.4627325587620514,0.03371685757301748,1.0,-89.0,0.04253779933322221,0.009928994203419743,900,10,120,90.0,120.0
un_un,un -> un,0,expert,Expert,1,familiar_1,Familiar 1,0,occlusion,Occluded,1,-0.8251068089607643,0.44196462178612606,0.034345318609848616,2.0,-88.0,0.04253779933322221,0.009928994203419743,900,10,120,90.0,120.0
un_un,un -> un,0,expert,Expert,1,familiar_1,Familiar 1,0,occlusion,Occluded,1,-0.8051488565655255,0.4586770482345482,0.03454348100349307,3.0,-87.0,0.04253779933322221,0.009928994203419743,900,10,120,90.0,120.0
un_un,un -> un,0,expert,Expert,1,familiar_1,Familiar 1,0,occlusion,Occluded,1,-0.836733771687171,0.428151566558003,0.03422987456433475,4.0,-86.0,0.04253779933322221,0.009928994203419743,900,10,120,90.0,120.0
un_un,un -> un,0,expert,Expert,1,familiar_1,Familiar 1,0,occlusion,Occluded,1,-0.5735606087246965,0.47404820127022407,0.0368429193738848,5.0,-85.0,0.04253779933322221,0.009928994203419743,900,10,120,90.0,120.0
un_un,un -> un,0,expert,Expert,1,familiar_1,Familiar 1,0,occlusion,Occluded,1,-0.614893116102843,0.43106914899425275,0.036432529147714374,6.0,-84.0,0.04253779933322221,0.009928994203419743,900,10,120,90.0,120.0
un_un,un -> un,0,expert,Expert,1,familiar_1,Familiar 1,0,occlusion,Occluded,1,-0.6288273851902549,0.4025562865601448,0.03629417587071657,7.0,-83.0,0.04253779933322221,0.009928994203419743,900,10,120,90.0,120.0
un_un,un -> un,0,expert,Expert,1,familiar_1,Familiar 1,0,occlusion,Occluded,1,-0.42136636699470637,0.4528505254952548,0.038354055117815734,8.0,-82.0,0.04253779933322221,0.009928994203419743,900,10,120,90.0,120.0
un_un,un -> un,0,expert,Expert,1,familiar_1,Familiar 1,0,occlusion,Occluded,1,-0.37564561497266447,0.4421779837859636,0.03880801619961858,9.0,-81.0,0.04253779933322221,0.009928994203419743,900,10,120,90.0,120.0
un_un,un -> un,0,expert,Expert,1,familiar_1,Familiar 1,0,occlusion,Occluded,1,-0.29364504846952766,0.44311837240096474,0.03962219934910536,10.0,-80.0,0.04253779933322221,0.009928994203419743,900,10,120,90.0,120.0
un_un,un -> un,0,expert,Expert,1,familiar_1,Familiar 1,0,occlusion,Occluded,1,-0.17872661356283967,0.429955420116554,0.04076322382315993,11.0,-79.0,0.04253779933322221,0.009928994203419743,900,10,120,90.0,120.0
un_un,un -> un,0,expert,Expert,1,familiar_1,Familiar 1,0,occlusion,Occluded,1,-0.08979439171526228,0.32106866337791634,0.041646231338381766,12.0,-78.0,0.04253779933322221,0.009928994203419743,900,10,120,90.0,120.0
un_un,un -> un,0,expert,Expert,1,familiar_1,Familiar 1,0,occlusion,Occluded,1,-0.07856981422858793,0.35345349444008856,0.041757680103182794,13.0,-77.0,0.04253779933322221,0.009928994203419743,900,10,120,90.0,120.0
un_un,un -> un,0,expert,Expert,1,familiar_1,Familiar 1,0,occlusion,Occluded,1,-0.04382483037670635,0.3054431107775597,0.04210266284644604,14.0,-76.0,0.04253779933322221,0.009928994203419743,900,10,120,90.0,120.0
un_un,un -> un,0,expert,Expert,1,familiar_1,Familiar 1,0,occlusion,Occluded,1,-0.0685072473491302,0.2748130866920798,0.04185759127140045,15.0,-75.0,0.04253779933322221,0.009928994203419743,900,10,120,90.0,120.0
un_un,un -> un,0,expert,Expert,1,familiar_1,Familiar 1,0,occlusion,Occluded,1,-0.13740326558669777,0.31194058243311923,0.04117352310568094,16.0,-74.0,0.04253779933322221,0.009928994203419743,900,10,120,90.0,120.0
un_un,un -> un,0,expert,Expert,1,familiar_1,Familiar 1,0,occlusion,Occluded,1,-0.07567274180465786,0.301722563916052,0.04178644511848688,17.0,-73.0,0.04253779933322221,0.009928994203419743,900,10,120,90.0,120.0
un_un,un -> un,0,expert,Expert,1,familiar_1,Familiar 1,0,occlusion,Occluded,1,-0.10476936209486123,0.3023198065752234,0.04149754494428635,18.0,-72.0,0.04253779933322221,0.009928994203419743,900,10,120,90.0,120.0
un_un,un -> un,0,expert,Expert,1,familiar_1,Familiar 1,0,occlusion,Occluded,1,0.15055265036790755,0.29967978212407503,0.04403263572603464,19.0,-71.0,0.04253779933322221,0.009928994203419743,900,10,120,90.0,120.0
un_un,un -> un,0,expert,Expert,1,familiar_1,Familiar 1,0,occlusion,Occluded,1,0.24334130406351742,0.2636248864636005,0.04495393373072147,20.0,-70.0,0.04253779933322221,0.009928994203419743,900,10,120,90.0,120.0
un_un,un -> un,0,expert,Expert,1,familiar_1,Familiar 1,0,occlusion,Occluded,1,0.2654671551266796,0.2958427680235294,0.04517362117767334,21.0,-69.0,0.04253779933322221,0.009928994203419743,900,10,120,90.0,120.0
un_un,un -> un,0,expert,Expert,1,familiar_1,Familiar 1,0,occlusion,Occluded,1,0.22067637552773597,0.30107750926171634,0.04472889378666878,22.0,-68.0,0.04253779933322221,0.009928994203419743,900,10,120,90.0,120.0
un_un,un -> un,0,expert,Expert,1,familiar_1,Familiar 1,0,occlusion,Occluded,1,0.16989136059085172,0.2579669678057729,0.04422464966773987,23.0,-67.0,0.04253779933322221,0.009928994203419743,900,10,120,90.0,120.0
un_un,un -> un,0,expert,Expert,1,familiar_1,Familiar 1,0,occlusion,Occluded,1,0.22643802865153653,0.2651746879858179,0.04478610120713711,24.0,-66.0,0.04253779933322221,0.009928994203419743,900,10,120,90.0,120.0
un_un,un -> un,0,expert,Expert,1,familiar_1,Familiar 1,0,occlusion,Occluded,1,0.28847185855054847,0.26776568976558157,0.045402034744620325,25.0,-65.0,0.04253779933322221,0.009928994203419743,900,10,120,90.0,120.0
un_un,un -> un,0,expert,Expert,1,familiar_1,Familiar 1,0,occlusion,Occluded,1,0.29483143818760027,0.23018141552968788,0.0454651789739728,26.0,-64.0,0.04253779933322221,0.009928994203419743,900,10,120,90.0,120.0
un_un,un -> un,0,expert,Expert,1,familiar_1,Familiar 1,0,occlusion,Occluded,1,0.2285543429555843,0.18759718454424684,0.04480711407959461,27.0,-63.0,0.04253779933322221,0.009928994203419743,900,10,120,90.0,120.0
un_un,un -> un,0,expert,Expert,1,familiar_1,Familiar 1,0,occlusion,Occluded,1,0.22595009000096494,0.20238942684079148,0.04478125646710396,28.0,-62.0,0.04253779933322221,0.009928994203419743,900,10,120,90.0,120.0
un_un,un -> un,0,expert,Expert,1,familiar_1,Familiar 1,0,occlusion,Occluded,1,0.17057732616935237,0.22293263746485897,0.04423146061599255,29.0,-61.0,0.04253779933322221,0.009928994203419743,900,10,120,90.0,120.0
un_un,un -> un,0,expert,Expert,1,familiar_1,Familiar 1,0,occlusion,Occluded,1,0.03245665804174845,0.19621917773710096,0.042860061302781104,30.0,-60.0,0.04253779933322221,0.009928994203419743,900,10,120,90.0,120.0
un_un,un -> un,0,expert,Expert,1,familiar_1,Familiar 1,0,occlusion,Occluded,1,0.009981277069418615,0.24606765392358831,0.04263690337538719,31.0,-59.0,0.04253779933322221,0.009928994203419743,900,10,120,90.0,120.0
un_un,un -> un,0,expert,Expert,1,familiar_1,Familiar 1,0,occlusion,Occluded,1,-0.04028810996475092,0.22748847242282583,0.04213777892291546,32.0,-58.0,0.04253779933322221,0.009928994203419743,900,10,120,90.0,120.0
un_un,un -> un,0,expert,Expert,1,familiar_1,Familiar 1,0,occlusion,Occluded,1,-0.10159740443268342,0.1834799662131053,0.0415290392935276,33.0,-57.0,0.04253779933322221,0.009928994203419743,900,10,120,90.0,120.0
un_un,un -> un,0,expert,Expert,1,familiar_1,Familiar 1,0,occlusion,Occluded,1,-0.08335769113270869,0.20853921617380944,0.04171014130115509,34.0,-56.0,0.04253779933322221,0.009928994203419743,900,10,120,90.0,120.0
un_un,un -> un,0,expert,Expert,1,familiar_1,Familiar 1,0,occlusion,Occluded,1,0.031784124376889114,0.2500729135870675,0.04285338371992111,35.0,-55.0,0.04253779933322221,0.009928994203419743,900,10,120,90.0,120.0
un_un,un -> un,0,expert,Expert,1,familiar_1,Familiar 1,0,occlusion,Occluded,1,0.13164391145873117,0.346474417625117,0.043844890967011454,36.0,-54.0,0.04253779933322221,0.009928994203419743,900,10,120,90.0,120.0
un_un,un -> un,0,expert,Expert,1,familiar_1,Familiar 1,0,occlusion,Occluded,1,0.13840192742794336,0.2887735895261641,0.04391199126839638,37.0,-53.0,0.04253779933322221,0.009928994203419743,900,10,120,90.0,120.0
un_un,un -> un,0,expert,Expert,1,familiar_1,Familiar 1,0,occlusion,Occluded,1,0.2591774927272549,0.25270332259608475,0.04511117115616799,38.0,-52.0,0.04253779933322221,0.009928994203419743,900,10,120,90.0,120.0
un_un,un -> un,0,expert,Expert,1,familiar_1,Familiar 1,0,occlusion,Occluded,1,0.2708696733974797,0.22260267026070538,0.045227262750267984,39.0,-51.0,0.04253779933322221,0.009928994203419743,900,10,120,90.0,120.0
un_un,un -> un,0,expert,Expert,1,familiar_1,Familiar 1,0,occlusion,Occluded,1,0.3948887456866614,0.22445116277918917,0.04645864740014076,40.0,-50.0,0.04253779933322221,0.009928994203419743,900,10,120,90.0,120.0
un_un,un -> un,0,expert,Expert,1,familiar_1,Familiar 1,0,occlusion,Occluded,1,0.47546225578386564,0.2668033268445892,0.04725866131484509,41.0,-49.0,0.04253779933322221,0.009928994203419743,900,10,120,90.0,120.0
un_un,un -> un,0,expert,Expert,1,familiar_1,Familiar 1,0,occlusion,Occluded,1,0.5459574408906364,0.2664243518809061,0.04795860759913921,42.0,-48.0,0.04253779933322221,0.009928994203419743,900,10,120,90.0,120.0
un_un,un -> un,0,expert,Expert,1,familiar_1,Familiar 1,0,occlusion,Occluded,1,0.5563018903600014,0.26186036959471115,0.048061317577958104,43.0,-47.0,0.04253779933322221,0.009928994203419743,900,10,120,90.0,120.0
un_un,un -> un,0,expert,Expert,1,familiar_1,Familiar 1,0,occlusion,Occluded,1,0.6660027303041558,0.2930521015332327,0.04915053658187389,44.0,-46.0,0.04253779933322221,0.009928994203419743,900,10,120,90.0,120.0
un_un,un -> un,0,expert,Expert,1,familiar_1,Familiar 1,0,occlusion,Occluded,1,0.6701769038243934,0.29075172225331725,0.0491919819265604,45.0,-45.0,0.04253779933322221,0.009928994203419743,900,10,120,90.0,120.0
un_un,un -> un,0,expert,Expert,1,familiar_1,Familiar 1,0,occlusion,Occluded,1,0.609593232847584,0.2724616167947718,0.048590447008609775,46.0,-44.0,0.04253779933322221,0.009928994203419743,900,10,120,90.0,120.0
un_un,un -> un,0,expert,Expert,1,familiar_1,Familiar 1,0,occlusion,Occluded,1,0.5150364253022117,0.2676308218386523,0.04765159301459789,47.0,-43.0,0.04253779933322221,0.009928994203419743,900,10,120,90.0,120.0
un_un,un -> un,0,expert,Expert,1,familiar_1,Familiar 1,0,occlusion,Occluded,1,0.5261830751781795,0.2658612851769489,0.047762268036603925,48.0,-42.0,0.04253779933322221,0.009928994203419743,900,10,120,90.0,120.0
un_un,un -> un,0,expert,Expert,1,familiar_1,Familiar 1,0,occlusion,Occluded,1,0.46026532115537916,0.27713556816637364,0.047107771039009094,49.0,-41.0,0.04253779933322221,0.009928994203419743,900,10,120,90.0,120.0
un_un,un -> un,0,expert,Expert,1,familiar_1,Familiar 1,0,occlusion,Occluded,1,0.38555600446125354,0.21243573187063405,0.04636598266661167,50.0,-40.0,0.04253779933322221,0.009928994203419743,900,10,120,90.0,120.0
un_un,un -> un,0,expert,Expert,1,familiar_1,Familiar 1,0,occlusion,Occluded,1,0.5471797450319913,0.20866791113600683,0.04797074384987354,51.0,-39.0,0.04253779933322221,0.009928994203419743,900,10,120,90.0,120.0
un_un,un -> un,0,expert,Expert,1,familiar_1,Familiar 1,0,occlusion,Occluded,1,0.5422672664932263,0.21510486776492424,0.047921967878937724,52.0,-38.0,0.04253779933322221,0.009928994203419743,900,10,120,90.0,120.0
un_un,un -> un,0,expert,Expert,1,familiar_1,Familiar 1,0,occlusion,Occluded,1,0.39566445745910034,0.2069098078276794,0.04646634943783283,53.0,-37.0,0.04253779933322221,0.009928994203419743,900,10,120,90.0,120.0
un_un,un -> un,0,expert,Expert,1,familiar_1,Familiar 1,0,occlusion,Occluded,1,0.23436390824061348,0.1959196438338569,0.04486479721963406,54.0,-36.0,0.04253779933322221,0.009928994203419743,900,10,120,90.0,120.0
un_un,un -> un,0,expert,Expert,1,familiar_1,Familiar 1,0,occlusion,Occluded,1,0.22447606879642779,0.2145105060283496,0.044766620919108394,55.0,-35.0,0.04253779933322221,0.009928994203419743,900,10,120,90.0,120.0
un_un,un -> un,0,expert,Expert,1,familiar_1,Familiar 1,0,occlusion,Occluded,1,0.16919147534765586,0.16736716236982757,0.044217700511217116,56.0,-34.0,0.04253779933322221,0.009928994203419743,900,10,120,90.0,120.0
un_un,un -> un,0,expert,Expert,1,familiar_1,Familiar 1,0,occlusion,Occluded,1,0.2905485149419737,0.12440912164458606,0.04542265385389328,57.0,-33.0,0.04253779933322221,0.009928994203419743,900,10,120,90.0,120.0
un_un,un -> un,0,expert,Expert,1,familiar_1,Familiar 1,0,occlusion,Occluded,1,0.2251621844521757,0.16958145586687842,0.04477343335747719,58.0,-32.0,0.04253779933322221,0.009928994203419743,900,10,120,90.0,120.0
un_un,un -> un,0,expert,Expert,1,familiar_1,Familiar 1,0,occlusion,Occluded,1,0.1769150508072533,0.1957223348686389,0.04429438784718513,59.0,-31.0,0.04253779933322221,0.009928994203419743,900,10,120,90.0,120.0
un_un,un -> un,0,expert,Expert,1,familiar_1,Familiar 1,0,occlusion,Occluded,1,0.1131903756005398,0.257218644599425,0.04366166591644287,60.0,-30.0,0.04253779933322221,0.009928994203419743,900,10,120,90.0,120.0
un_un,un -> un,0,expert,Expert,1,familiar_1,Familiar 1,0,occlusion,Occluded,1,-0.002017924129651005,0.24373070923697707,0.04251776337623596,61.0,-29.0,0.04253779933322221,0.009928994203419743,900,10,120,90.0,120.0
un_un,un -> un,0,expert,Expert,1,familiar_1,Familiar 1,0,occlusion,Occluded,1,-0.00733411046389087,0.26915561304046837,0.042464978992938995,62.0,-28.0,0.04253779933322221,0.009928994203419743,900,10,120,90.0,120.0
un_un,un -> un,0,expert,Expert,1,familiar_1,Familiar 1,0,occlusion,Occluded,1,0.08154167295884046,0.3005666719331621,0.04334742613136768,63.0,-27.0,0.04253779933322221,0.009928994203419743,900,10,120,90.0,120.0
un_un,un -> un,0,expert,Expert,1,familiar_1,Familiar 1,0,occlusion,Occluded,1,-0.04374990431094766,0.29301758702988134,0.04210340678691864,64.0,-26.0,0.04253779933322221,0.009928994203419743,900,10,120,90.0,120.0
un_un,un -> un,0,expert,Expert,1,familiar_1,Familiar 1,0,occlusion,Occluded,1,-0.07342803641546933,0.26674134973270036,0.04180873278528452,65.0,-25.0,0.04253779933322221,0.009928994203419743,900,10,120,90.0,120.0
un_un,un -> un,0,expert,Expert,1,familiar_1,Familiar 1,0,occlusion,Occluded,1,-0.08682683926402743,0.22702845074914663,0.04167569614946842,66.0,-24.0,0.04253779933322221,0.009928994203419743,900,10,120,90.0,120.0
un_un,un -> un,0,expert,Expert,1,familiar_1,Familiar 1,0,occlusion,Occluded,1,-0.02226612123142494,0.23101411922629983,0.04231671914458275,67.0,-23.0,0.04253779933322221,0.009928994203419743,900,10,120,90.0,120.0
un_un,un -> un,0,expert,Expert,1,familiar_1,Familiar 1,0,occlusion,Occluded,1,-0.13298549793429276,0.2385728141696661,0.041217387095093726,68.0,-22.0,0.04253779933322221,0.009928994203419743,900,10,120,90.0,120.0
un_un,un -> un,0,expert,Expert,1,familiar_1,Familiar 1,0,occlusion,Occluded,1,-0.1193582024765858,0.26801958590282193,0.041352692432701586,69.0,-21.0,0.04253779933322221,0.009928994203419743,900,10,120,90.0,120.0
un_un,un -> un,0,expert,Expert,1,familiar_1,Familiar 1,0,occlusion,Occluded,1,0.11828527303350538,0.305225411178693,0.0437122531235218,70.0,-20.0,0.04253779933322221,0.009928994203419743,900,10,120,90.0,120.0
un_un,un -> un,0,expert,Expert,1,familiar_1,Familiar 1,0,occlusion,Occluded,1,-0.013501685022565168,0.3143959040172023,0.04240374118089676,71.0,-19.0,0.04253779933322221,0.009928994203419743,900,10,120,90.0,120.0
un_un,un -> un,0,expert,Expert,1,familiar_1,Familiar 1,0,occlusion,Occluded,1,-0.18419087924111194,0.30829318345771733,0.04070896916091442,72.0,-18.0,0.04253779933322221,0.009928994203419743,900,10,120,90.0,120.0
un_un,un -> un,0,expert,Expert,1,familiar_1,Familiar 1,0,occlusion,Occluded,1,-0.3065842397479588,0.29796082760357584,0.03949372619390488,73.0,-17.0,0.04253779933322221,0.009928994203419743,900,10,120,90.0,120.0
un_un,un -> un,0,expert,Expert,1,familiar_1,Familiar 1,0,occlusion,Occluded,1,-0.30757112896712907,0.3237993228581782,0.03948392737656832,74.0,-16.0,0.04253779933322221,0.009928994203419743,900,10,120,90.0,120.0
un_un,un -> un,0,expert,Expert,1,familiar_1,Familiar 1,0,occlusion,Occluded,1,-0.3324711391886102,0.2587046875929542,0.039236695319414136,75.0,-15.0,0.04253779933322221,0.009928994203419743,900,10,120,90.0,120.0
un_un,un -> un,0,expert,Expert,1,familiar_1,Familiar 1,0,occlusion,Occluded,1,-0.30182153830208736,0.3058622155686556,0.039541015028953554,76.0,-14.0,0.04253779933322221,0.009928994203419743,900,10,120,90.0,120.0
un_un,un -> un,0,expert,Expert,1,familiar_1,Familiar 1,0,occlusion,Occluded,1,-0.36001012648782516,0.3059151121533472,0.03896326087415218,77.0,-13.0,0.04253779933322221,0.009928994203419743,900,10,120,90.0,120.0
un_un,un -> un,0,expert,Expert,1,familiar_1,Familiar 1,0,occlusion,Occluded,1,-0.2974250816188115,0.32294283381318256,0.039584667421877384,78.0,-12.0,0.04253779933322221,0.009928994203419743,900,10,120,90.0,120.0
un_un,un -> un,0,expert,Expert,1,familiar_1,Familiar 1,0,occlusion,Occluded,1,-0.2104022832099291,0.313690624529405,0.04044871628284454,79.0,-11.0,0.04253779933322221,0.009928994203419743,900,10,120,90.0,120.0
un_un,un -> un,0,expert,Expert,1,familiar_1,Familiar 1,0,occlusion,Occluded,1,-0.2781250913256936,0.30982411712284763,0.03977629691362381,80.0,-10.0,0.04253779933322221,0.009928994203419743,900,10,120,90.0,120.0
un_un,un -> un,0,expert,Expert,1,familiar_1,Familiar 1,0,occlusion,Occluded,1,-0.22949051450698194,0.3207785016558377,0.04025918934494257,81.0,-9.0,0.04253779933322221,0.009928994203419743,900,10,120,90.0,120.0
un_un,un -> un,0,expert,Expert,1,familiar_1,Familiar 1,0,occlusion,Occluded,1,-0.33896897748981863,0.3294233485281409,0.039172178320586684,82.0,-8.0,0.04253779933322221,0.009928994203419743,900,10,120,90.0,120.0
un_un,un -> un,0,expert,Expert,1,familiar_1,Familiar 1,0,occlusion,Occluded,1,-0.2651024570977145,0.38208380870287,0.03990559857338667,83.0,-7.0,0.04253779933322221,0.009928994203419743,900,10,120,90.0,120.0
un_un,un -> un,0,expert,Expert,1,familiar_1,Familiar 1,0,occlusion,Occluded,1,-0.2549696353068232,0.40848792131918993,0.040006207302212715,84.0,-6.0,0.04253779933322221,0.009928994203419743,900,10,120,90.0,120.0
un_un,un -> un,0,expert,Expert,1,familiar_1,Familiar 1,0,occlusion,Occluded,1,-0.2210469246933827,0.45988520406857153,0.04034302569925785,85.0,-5.0,0.04253779933322221,0.009928994203419743,900,10,120,90.0,120.0
un_un,un -> un,0,expert,Expert,1,familiar_1,Familiar 1,0,occlusion,Occluded,1,0.007777993000509298,0.47940534440503324,0.0426150269806385,86.0,-4.0,0.04253779933322221,0.009928994203419743,900,10,120,90.0,120.0
un_un,un -> un,0,expert,Expert,1,familiar_1,Familiar 1,0,occlusion,Occluded,1,0.08675469994515675,0.4301580714463509,0.043399186246097086,87.0,-3.0,0.04253779933322221,0.009928994203419743,900,10,120,90.0,120.0
un_un,un -> un,0,expert,Expert,1,familiar_1,Familiar 1,0,occlusion,Occluded,1,0.05537048969232357,0.43871613444824387,0.0430875726044178,88.0,-2.0,0.04253779933322221,0.009928994203419743,900,10,120,90.0,120.0
un_un,un -> un,0,expert,Expert,1,familiar_1,Familiar 1,0,occlusion,Occluded,1,0.062342253181128696,0.4659956377179614,0.04315679520368576,89.0,-1.0,0.04253779933322221,0.009928994203419743,900,10,120,90.0,120.0
un_un,un -> un,0,expert,Expert,1,familiar_1,Familiar 1,0,occlusion,Occluded,1,0.062026471892967526,0.4692990862656649,0.04315365981310606,90.0,0.0,0.04253779933322221,0.009928994203419743,900,10,120,90.0,120.0
un_un,un -> un,0,expert,Expert,1,familiar_1,Familiar 1,0,occlusion,Occluded,1,0.06674030443515803,0.45702927434167145,0.04320046342909336,91.0,1.0,0.04253779933322221,0.009928994203419743,900,10,120,90.0,120.0
un_un,un -> un,0,expert,Expert,1,familiar_1,Familiar 1,0,occlusion,Occluded,1,-0.009664828875488895,0.45291877601597796,0.04244183730334043,92.0,2.0,0.04253779933322221,0.009928994203419743,900,10,120,90.0,120.0
un_un,un -> un,0,expert,Expert,1,familiar_1,Familiar 1,0,occlusion,Occluded,1,-0.05002356472386964,0.41816544994742344,0.042041115649044516,93.0,3.0,0.04253779933322221,0.009928994203419743,900,10,120,90.0,120.0
un_un,un -> un,0,expert,Expert,1,familiar_1,Familiar 1,0,occlusion,Occluded,1,-0.09279597418234245,0.4018460953023689,0.04161642864346504,94.0,4.0,0.04253779933322221,0.009928994203419743,900,10,120,90.0,120.0
un_un,un -> un,0,expert,Expert,1,familiar_1,Familiar 1,0,occlusion,Occluded,1,-0.18909221454425842,0.40313580316850955,0.04066030383110046,95.0,5.0,0.04253779933322221,0.009928994203419743,900,10,120,90.0,120.0
un_un,un -> un,0,expert,Expert,1,familiar_1,Familiar 1,0,occlusion,Occluded,1,-0.09546209648219758,0.434758183175856,0.04158995673060417,96.0,6.0,0.04253779933322221,0.009928994203419743,900,10,120,90.0,120.0
un_un,un -> un,0,expert,Expert,1,familiar_1,Familiar 1,0,occlusion,Occluded,1,-0.01040726101831938,0.46125820979092796,0.04243446569889784,97.0,7.0,0.04253779933322221,0.009928994203419743,900,10,120,90.0,120.0
un_un,un -> un,0,expert,Expert,1,familiar_1,Familiar 1,0,occlusion,Occluded,1,-0.06516405154768215,0.4429571862378676,0.041890785843133924,98.0,8.0,0.04253779933322221,0.009928994203419743,900,10,120,90.0,120.0
un_un,un -> un,0,expert,Expert,1,familiar_1,Familiar 1,0,occlusion,Occluded,1,-0.11224722358117196,0.4455769622610168,0.04142329730093479,99.0,9.0,0.04253779933322221,0.009928994203419743,900,10,120,90.0,120.0
un_un,un -> un,0,expert,Expert,1,familiar_1,Familiar 1,0,occlusion,Occluded,1,-0.13772930840664907,0.4245102301284919,0.041170285828411576,100.0,10.0,0.04253779933322221,0.009928994203419743,900,10,120,90.0,120.0
un_un,un -> un,0,expert,Expert,1,familiar_1,Familiar 1,0,occlusion,Occluded,1,-0.07436528758506593,0.40323274718008706,0.041799426823854444,101.0,11.0,0.04253779933322221,0.009928994203419743,900,10,120,90.0,120.0
un_un,un -> un,0,expert,Expert,1,familiar_1,Familiar 1,0,occlusion,Occluded,1,-0.046778331845654456,0.4405950447202153,0.04207333754748106,102.0,12.0,0.04253779933322221,0.009928994203419743,900,10,120,90.0,120.0
un_un,un -> un,0,expert,Expert,1,familiar_1,Familiar 1,0,occlusion,Occluded,1,-0.08752925706077294,0.46953323330770336,0.041668721847236155,103.0,13.0,0.04253779933322221,0.009928994203419743,900,10,120,90.0,120.0
un_un,un -> un,0,expert,Expert,1,familiar_1,Familiar 1,0,occlusion,Occluded,1,-0.10639792534489664,0.4581312191710806,0.041481374949216845,104.0,14.0,0.04253779933322221,0.009928994203419743,900,10,120,90.0,120.0
un_un,un -> un,0,expert,Expert,1,familiar_1,Familiar 1,0,occlusion,Occluded,1,-0.10017272112322514,0.40992756635051847,0.041543184965848926,105.0,15.0,0.04253779933322221,0.009928994203419743,900,10,120,90.0,120.0
un_un,un -> un,0,expert,Expert,1,familiar_1,Familiar 1,0,occlusion,Occluded,1,-0.1346742609201868,0.36600930528104375,0.04120061937719584,106.0,16.0,0.04253779933322221,0.009928994203419743,900,10,120,90.0,120.0
un_un,un -> un,0,expert,Expert,1,familiar_1,Familiar 1,0,occlusion,Occluded,1,-0.06101858030100752,0.38544070195352415,0.0419319462031126,107.0,17.0,0.04253779933322221,0.009928994203419743,900,10,120,90.0,120.0
un_un,un -> un,0,expert,Expert,1,familiar_1,Familiar 1,0,occlusion,Occluded,1,-0.03641463496931184,0.36333746350925195,0.04217623863369226,108.0,18.0,0.04253779933322221,0.009928994203419743,900,10,120,90.0,120.0
un_un,un -> un,0,expert,Expert,1,familiar_1,Familiar 1,0,occlusion,Occluded,1,-0.10973371108225491,0.34077338235874016,0.04144825395196676,109.0,19.0,0.04253779933322221,0.009928994203419743,900,10,120,90.0,120.0
un_un,un -> un,0,expert,Expert,1,familiar_1,Familiar 1,0,occlusion,Occluded,1,-0.1341186749503549,0.3628200914329487,0.041206135787069796,110.0,20.0,0.04253779933322221,0.009928994203419743,900,10,120,90.0,120.0
un_un,un -> un,0,expert,Expert,1,familiar_1,Familiar 1,0,occlusion,Occluded,1,-0.04646534574622585,0.41408406653936286,0.04207644518464804,111.0,21.0,0.04253779933322221,0.009928994203419743,900,10,120,90.0,120.0
un_un,un -> un,0,expert,Expert,1,familiar_1,Familiar 1,0,occlusion,Occluded,1,-0.058133120104094146,0.4023383903311268,0.04196059592068195,112.0,22.0,0.04253779933322221,0.009928994203419743,900,10,120,90.0,120.0
un_un,un -> un,0,expert,Expert,1,familiar_1,Familiar 1,0,occlusion,Occluded,1,-0.19300756109171885,0.3933350808602628,0.04062142837792635,113.0,23.0,0.04253779933322221,0.009928994203419743,900,10,120,90.0,120.0
un_un,un -> un,0,expert,Expert,1,familiar_1,Familiar 1,0,occlusion,Occluded,1,-0.3057836901910771,0.3614878559110885,0.039501674845814704,114.0,24.0,0.04253779933322221,0.009928994203419743,900,10,120,90.0,120.0
un_un,un -> un,0,expert,Expert,1,familiar_1,Familiar 1,0,occlusion,Occluded,1,-0.29377902993213373,0.3574481410951142,0.03962086904793978,115.0,25.0,0.04253779933322221,0.009928994203419743,900,10,120,90.0,120.0
un_un,un -> un,0,expert,Expert,1,familiar_1,Familiar 1,0,occlusion,Occluded,1,-0.3058525006090047,0.30413280343930105,0.039500991627573964,116.0,26.0,0.04253779933322221,0.009928994203419743,900,10,120,90.0,120.0
un_un,un -> un,0,expert,Expert,1,familiar_1,Familiar 1,0,occlusion,Occluded,1,-0.4518717530263167,0.2847077960976332,0.03805116731673479,117.0,27.0,0.04253779933322221,0.009928994203419743,900,10,120,90.0,120.0
un_un,un -> un,0,expert,Expert,1,familiar_1,Familiar 1,0,occlusion,Occluded,1,-0.4350809792709095,0.2997422507951907,0.038217882812023166,118.0,28.0,0.04253779933322221,0.009928994203419743,900,10,120,90.0,120.0
un_un,un -> un,0,expert,Expert,1,familiar_1,Familiar 1,0,occlusion,Occluded,1,-0.479532640569723,0.2651720841183512,0.03777652252465487,119.0,29.0,0.04253779933322221,0.009928994203419743,900,10,120,90.0,120.0
un_un,un -> un,0,expert,Expert,1,familiar_2,Familiar 2,1,full,Nonoccluded,0,-2.3536422883364954,0.07144602740236326,0.008384191826917232,0.0,-90.0,0.037478015611931266,0.012361191812871843,900,10,120,90.0,120.0
un_un,un -> un,0,expert,Expert,1,familiar_2,Familiar 2,1,full,Nonoccluded,0,-2.2208335327079944,0.08025967587352432,0.010025866329669952,1.0,-89.0,0.037478015611931266,0.012361191812871843,900,10,120,90.0,120.0
un_un,un -> un,0,expert,Expert,1,familiar_2,Familiar 2,1,full,Nonoccluded,0,-2.1439535084588863,0.11094025803069092,0.01097619505599141,2.0,-88.0,0.037478015611931266,0.012361191812871843,900,10,120,90.0,120.0
un_un,un -> un,0,expert,Expert,1,familiar_2,Familiar 2,1,full,Nonoccluded,0,-2.007499543446708,0.09908639331202132,0.012662928691133857,3.0,-87.0,0.037478015611931266,0.012361191812871843,900,10,120,90.0,120.0
un_un,un -> un,0,expert,Expert,1,familiar_2,Familiar 2,1,full,Nonoccluded,0,-1.839620728941385,0.08077489306395545,0.014738110918551683,4.0,-86.0,0.037478015611931266,0.012361191812871843,900,10,120,90.0,120.0
un_un,un -> un,0,expert,Expert,1,familiar_2,Familiar 2,1,full,Nonoccluded,0,-1.7890433444406373,0.12823708257682975,0.015363307669758797,5.0,-85.0,0.037478015611931266,0.012361191812871843,900,10,120,90.0,120.0
un_un,un -> un,0,expert,Expert,1,familiar_2,Familiar 2,1,full,Nonoccluded,0,-1.6790202332046686,0.142546253292464,0.016723324451595543,6.0,-84.0,0.037478015611931266,0.012361191812871843,900,10,120,90.0,120.0
un_un,un -> un,0,expert,Expert,1,familiar_2,Familiar 2,1,full,Nonoccluded,0,-1.392487455957792,0.17145832328145247,0.020265211071819066,7.0,-83.0,0.037478015611931266,0.012361191812871843,900,10,120,90.0,120.0
un_un,un -> un,0,expert,Expert,1,familiar_2,Familiar 2,1,full,Nonoccluded,0,-1.2891220638970107,0.14663584121648743,0.021542930509895086,8.0,-82.0,0.037478015611931266,0.012361191812871843,900,10,120,90.0,120.0
un_un,un -> un,0,expert,Expert,1,familiar_2,Familiar 2,1,full,Nonoccluded,0,-1.1268779121657206,0.1713965705343787,0.023548461589962245,9.0,-81.0,0.037478015611931266,0.012361191812871843,900,10,120,90.0,120.0
un_un,un -> un,0,expert,Expert,1,familiar_2,Familiar 2,1,full,Nonoccluded,0,-1.0166771358796134,0.18528593717780964,0.024910674523562194,10.0,-80.0,0.037478015611931266,0.012361191812871843,900,10,120,90.0,120.0
un_un,un -> un,0,expert,Expert,1,familiar_2,Familiar 2,1,full,Nonoccluded,0,-0.9731962650292683,0.19862750569707152,0.025448149908334015,11.0,-79.0,0.037478015611931266,0.012361191812871843,900,10,120,90.0,120.0
un_un,un -> un,0,expert,Expert,1,familiar_2,Familiar 2,1,full,Nonoccluded,0,-0.8167117428399224,0.213249843294375,0.02738248510286212,12.0,-78.0,0.037478015611931266,0.012361191812871843,900,10,120,90.0,120.0
un_un,un -> un,0,expert,Expert,1,familiar_2,Familiar 2,1,full,Nonoccluded,0,-0.8883131840727303,0.1957437192597405,0.02649740595370531,13.0,-77.0,0.037478015611931266,0.012361191812871843,900,10,120,90.0,120.0
un_un,un -> un,0,expert,Expert,1,familiar_2,Familiar 2,1,full,Nonoccluded,0,-0.8475729403365044,0.21135264276237162,0.02700100392103195,14.0,-76.0,0.037478015611931266,0.012361191812871843,900,10,120,90.0,120.0
un_un,un -> un,0,expert,Expert,1,familiar_2,Familiar 2,1,full,Nonoccluded,0,-0.7490443532554724,0.24397531917790988,0.028218934684991835,15.0,-75.0,0.037478015611931266,0.012361191812871843,900,10,120,90.0,120.0
un_un,un -> un,0,expert,Expert,1,familiar_2,Familiar 2,1,full,Nonoccluded,0,-0.6502287038753302,0.2619547001477381,0.029440413881093263,16.0,-74.0,0.037478015611931266,0.012361191812871843,900,10,120,90.0,120.0
un_un,un -> un,0,expert,Expert,1,familiar_2,Familiar 2,1,full,Nonoccluded,0,-0.595070045875283,0.2594305728577597,0.030122240632772447,17.0,-73.0,0.037478015611931266,0.012361191812871843,900,10,120,90.0,120.0
un_un,un -> un,0,expert,Expert,1,familiar_2,Familiar 2,1,full,Nonoccluded,0,-0.4807000967322327,0.25852830606290783,0.03153598951175809,18.0,-72.0,0.037478015611931266,0.012361191812871843,900,10,120,90.0,120.0
un_un,un -> un,0,expert,Expert,1,familiar_2,Familiar 2,1,full,Nonoccluded,0,-0.3877504303077045,0.2526419607468216,0.032684958167374135,19.0,-71.0,0.037478015611931266,0.012361191812871843,900,10,120,90.0,120.0
un_un,un -> un,0,expert,Expert,1,familiar_2,Familiar 2,1,full,Nonoccluded,0,-0.4655424222708137,0.23991011163865167,0.03172335643321276,20.0,-70.0,0.037478015611931266,0.012361191812871843,900,10,120,90.0,120.0
un_un,un -> un,0,expert,Expert,1,familiar_2,Familiar 2,1,full,Nonoccluded,0,-0.27859772788592096,0.282018009779827,0.03403421565890312,21.0,-69.0,0.037478015611931266,0.012361191812871843,900,10,120,90.0,120.0
un_un,un -> un,0,expert,Expert,1,familiar_2,Familiar 2,1,full,Nonoccluded,0,-0.11191819579094382,0.30211790442066006,0.03609457332640886,22.0,-68.0,0.037478015611931266,0.012361191812871843,900,10,120,90.0,120.0
un_un,un -> un,0,expert,Expert,1,familiar_2,Familiar 2,1,full,Nonoccluded,0,-0.17193025671423107,0.2828615160067891,0.03535275273025036,23.0,-67.0,0.037478015611931266,0.012361191812871843,900,10,120,90.0,120.0
un_un,un -> un,0,expert,Expert,1,familiar_2,Familiar 2,1,full,Nonoccluded,0,-0.05594087417684466,0.29471462279467103,0.03678651973605156,24.0,-66.0,0.037478015611931266,0.012361191812871843,900,10,120,90.0,120.0
un_un,un -> un,0,expert,Expert,1,familiar_2,Familiar 2,1,full,Nonoccluded,0,-0.11993362372997259,0.3129386227612055,0.035995493084192275,25.0,-65.0,0.037478015611931266,0.012361191812871843,900,10,120,90.0,120.0
un_un,un -> un,0,expert,Expert,1,familiar_2,Familiar 2,1,full,Nonoccluded,0,-0.09834963691877398,0.2797666049548837,0.036262296885251996,26.0,-64.0,0.037478015611931266,0.012361191812871843,900,10,120,90.0,120.0
un_un,un -> un,0,expert,Expert,1,familiar_2,Familiar 2,1,full,Nonoccluded,0,-0.013895081260429798,0.3258411918522615,0.037306255847215655,27.0,-63.0,0.037478015611931266,0.012361191812871843,900,10,120,90.0,120.0
un_un,un -> un,0,expert,Expert,1,familiar_2,Familiar 2,1,full,Nonoccluded,0,0.06374838058103809,0.2532889369206782,0.03826602157205343,28.0,-62.0,0.037478015611931266,0.012361191812871843,900,10,120,90.0,120.0
un_un,un -> un,0,expert,Expert,1,familiar_2,Familiar 2,1,full,Nonoccluded,0,0.029025467729995404,0.21258530906561066,0.03783680498600006,29.0,-61.0,0.037478015611931266,0.012361191812871843,900,10,120,90.0,120.0
un_un,un -> un,0,expert,Expert,1,familiar_2,Familiar 2,1,full,Nonoccluded,0,0.07701263126546874,0.18805719934887516,0.0384299835190177,30.0,-60.0,0.037478015611931266,0.012361191812871843,900,10,120,90.0,120.0
un_un,un -> un,0,expert,Expert,1,familiar_2,Familiar 2,1,full,Nonoccluded,0,0.14738866509062998,0.22692603973436518,0.03929991517215967,31.0,-59.0,0.037478015611931266,0.012361191812871843,900,10,120,90.0,120.0
un_un,un -> un,0,expert,Expert,1,familiar_2,Familiar 2,1,full,Nonoccluded,0,0.127797275333845,0.19675187472249622,0.03905774224549532,32.0,-58.0,0.037478015611931266,0.012361191812871843,900,10,120,90.0,120.0
un_un,un -> un,0,expert,Expert,1,familiar_2,Familiar 2,1,full,Nonoccluded,0,0.05287335978675624,0.17725909540971477,0.038131593354046346,33.0,-57.0,0.037478015611931266,0.012361191812871843,900,10,120,90.0,120.0
un_un,un -> un,0,expert,Expert,1,familiar_2,Familiar 2,1,full,Nonoccluded,0,0.13020619974250708,0.20247762434726632,0.0390875194221735,34.0,-56.0,0.037478015611931266,0.012361191812871843,900,10,120,90.0,120.0
un_un,un -> un,0,expert,Expert,1,familiar_2,Familiar 2,1,full,Nonoccluded,0,0.16026434458232824,0.2156047578946686,0.039459073916077614,35.0,-55.0,0.037478015611931266,0.012361191812871843,900,10,120,90.0,120.0
un_un,un -> un,0,expert,Expert,1,familiar_2,Familiar 2,1,full,Nonoccluded,0,0.14192597524403566,0.23180233172200676,0.03923238981515169,36.0,-54.0,0.037478015611931266,0.012361191812871843,900,10,120,90.0,120.0
un_un,un -> un,0,expert,Expert,1,familiar_2,Familiar 2,1,full,Nonoccluded,0,0.12581549745639578,0.2243019154873508,0.03903324510902166,37.0,-53.0,0.037478015611931266,0.012361191812871843,900,10,120,90.0,120.0
un_un,un -> un,0,expert,Expert,1,familiar_2,Familiar 2,1,full,Nonoccluded,0,0.2119060241786003,0.18177766839156126,0.040097426623106,38.0,-52.0,0.037478015611931266,0.012361191812871843,900,10,120,90.0,120.0
un_un,un -> un,0,expert,Expert,1,familiar_2,Familiar 2,1,full,Nonoccluded,0,0.29311591167900886,0.2011904598723594,0.04110127761960029,39.0,-51.0,0.037478015611931266,0.012361191812871843,900,10,120,90.0,120.0
un_un,un -> un,0,expert,Expert,1,familiar_2,Familiar 2,1,full,Nonoccluded,0,0.31785706391745727,0.20003045613761236,0.04140710774809122,40.0,-50.0,0.037478015611931266,0.012361191812871843,900,10,120,90.0,120.0
un_un,un -> un,0,expert,Expert,1,familiar_2,Familiar 2,1,full,Nonoccluded,0,0.3327804459373281,0.1914567131859537,0.041591578535735606,41.0,-49.0,0.037478015611931266,0.012361191812871843,900,10,120,90.0,120.0
un_un,un -> un,0,expert,Expert,1,familiar_2,Familiar 2,1,full,Nonoccluded,0,0.2933640595985774,0.19811576013746698,0.04110434502363205,42.0,-48.0,0.037478015611931266,0.012361191812871843,900,10,120,90.0,120.0
un_un,un -> un,0,expert,Expert,1,familiar_2,Familiar 2,1,full,Nonoccluded,0,0.323757418102397,0.22577168206021364,0.041480043157935145,43.0,-47.0,0.037478015611931266,0.012361191812871843,900,10,120,90.0,120.0
un_un,un -> un,0,expert,Expert,1,familiar_2,Familiar 2,1,full,Nonoccluded,0,0.28413525644243987,0.22524894081029884,0.040990266017615795,44.0,-46.0,0.037478015611931266,0.012361191812871843,900,10,120,90.0,120.0
un_un,un -> un,0,expert,Expert,1,familiar_2,Familiar 2,1,full,Nonoccluded,0,0.23003017984039373,0.24896770863369827,0.04032146278768778,45.0,-45.0,0.037478015611931266,0.012361191812871843,900,10,120,90.0,120.0
un_un,un -> un,0,expert,Expert,1,familiar_2,Familiar 2,1,full,Nonoccluded,0,0.14209863002071882,0.24254798629542632,0.03923452403396368,46.0,-44.0,0.037478015611931266,0.012361191812871843,900,10,120,90.0,120.0
un_un,un -> un,0,expert,Expert,1,familiar_2,Familiar 2,1,full,Nonoccluded,0,0.4841615412566617,0.2402497639943574,0.04346282929182053,47.0,-43.0,0.037478015611931266,0.012361191812871843,900,10,120,90.0,120.0
un_un,un -> un,0,expert,Expert,1,familiar_2,Familiar 2,1,full,Nonoccluded,0,0.48888695994654874,0.2044339713511691,0.043521241098642346,48.0,-42.0,0.037478015611931266,0.012361191812871843,900,10,120,90.0,120.0
un_un,un -> un,0,expert,Expert,1,familiar_2,Familiar 2,1,full,Nonoccluded,0,0.5778326795244608,0.20383465608106233,0.044620716199278834,49.0,-41.0,0.037478015611931266,0.012361191812871843,900,10,120,90.0,120.0
un_un,un -> un,0,expert,Expert,1,familiar_2,Familiar 2,1,full,Nonoccluded,0,0.5827929557243308,0.15612954989353867,0.04468203112483025,50.0,-40.0,0.037478015611931266,0.012361191812871843,900,10,120,90.0,120.0
un_un,un -> un,0,expert,Expert,1,familiar_2,Familiar 2,1,full,Nonoccluded,0,0.5277093614151587,0.14550703545441643,0.04400113224983215,51.0,-39.0,0.037478015611931266,0.012361191812871843,900,10,120,90.0,120.0
un_un,un -> un,0,expert,Expert,1,familiar_2,Familiar 2,1,full,Nonoccluded,0,0.5465664635765718,0.14068620022626233,0.044234228506684306,52.0,-38.0,0.037478015611931266,0.012361191812871843,900,10,120,90.0,120.0
un_un,un -> un,0,expert,Expert,1,familiar_2,Familiar 2,1,full,Nonoccluded,0,0.4404655676888134,0.12472194185078757,0.04292269498109817,53.0,-37.0,0.037478015611931266,0.012361191812871843,900,10,120,90.0,120.0
un_un,un -> un,0,expert,Expert,1,familiar_2,Familiar 2,1,full,Nonoccluded,0,0.39192763571709066,0.11374966612366069,0.042322708293795586,54.0,-36.0,0.037478015611931266,0.012361191812871843,900,10,120,90.0,120.0
un_un,un -> un,0,expert,Expert,1,familiar_2,Familiar 2,1,full,Nonoccluded,0,0.462279620229668,0.19570216946359859,0.04319234266877174,55.0,-35.0,0.037478015611931266,0.012361191812871843,900,10,120,90.0,120.0
un_un,un -> un,0,expert,Expert,1,familiar_2,Familiar 2,1,full,Nonoccluded,0,0.45866095211037133,0.2232305522827517,0.043147611618041995,56.0,-34.0,0.037478015611931266,0.012361191812871843,900,10,120,90.0,120.0
un_un,un -> un,0,expert,Expert,1,familiar_2,Familiar 2,1,full,Nonoccluded,0,0.40599583563353175,0.22969574653362015,0.04249660801142454,57.0,-33.0,0.037478015611931266,0.012361191812871843,900,10,120,90.0,120.0
un_un,un -> un,0,expert,Expert,1,familiar_2,Familiar 2,1,full,Nonoccluded,0,0.37470567585250003,0.23326735789059772,0.0421098243445158,58.0,-32.0,0.037478015611931266,0.012361191812871843,900,10,120,90.0,120.0
un_un,un -> un,0,expert,Expert,1,familiar_2,Familiar 2,1,full,Nonoccluded,0,0.5490566222234168,0.2057782169961823,0.04426500983536243,59.0,-31.0,0.037478015611931266,0.012361191812871843,900,10,120,90.0,120.0
un_un,un -> un,0,expert,Expert,1,familiar_2,Familiar 2,1,full,Nonoccluded,0,0.48745812036813846,0.22457685000992772,0.0435035789385438,60.0,-30.0,0.037478015611931266,0.012361191812871843,900,10,120,90.0,120.0
un_un,un -> un,0,expert,Expert,1,familiar_2,Familiar 2,1,full,Nonoccluded,0,0.5648496068931729,0.26451759741064124,0.04446022994816303,61.0,-29.0,0.037478015611931266,0.012361191812871843,900,10,120,90.0,120.0
un_un,un -> un,0,expert,Expert,1,familiar_2,Familiar 2,1,full,Nonoccluded,0,0.540627157340862,0.20890258183733118,0.044160811603069304,62.0,-28.0,0.037478015611931266,0.012361191812871843,900,10,120,90.0,120.0
un_un,un -> un,0,expert,Expert,1,familiar_2,Familiar 2,1,full,Nonoccluded,0,0.6885960379442271,0.19739593925206392,0.04598988331854344,63.0,-27.0,0.037478015611931266,0.012361191812871843,900,10,120,90.0,120.0
un_un,un -> un,0,expert,Expert,1,familiar_2,Familiar 2,1,full,Nonoccluded,0,0.6106010131253814,0.193855174030386,0.04502577185630798,64.0,-26.0,0.037478015611931266,0.012361191812871843,900,10,120,90.0,120.0
un_un,un -> un,0,expert,Expert,1,familiar_2,Familiar 2,1,full,Nonoccluded,0,0.4678333237654897,0.1797517043137101,0.04326099306344986,65.0,-25.0,0.037478015611931266,0.012361191812871843,900,10,120,90.0,120.0
un_un,un -> un,0,expert,Expert,1,familiar_2,Familiar 2,1,full,Nonoccluded,0,0.4284548045461147,0.18131759040982404,0.04277422763407231,66.0,-24.0,0.037478015611931266,0.012361191812871843,900,10,120,90.0,120.0
un_un,un -> un,0,expert,Expert,1,familiar_2,Familiar 2,1,full,Nonoccluded,0,0.3768168619357578,0.1979212267216942,0.04213592112064361,67.0,-23.0,0.037478015611931266,0.012361191812871843,900,10,120,90.0,120.0
un_un,un -> un,0,expert,Expert,1,familiar_2,Familiar 2,1,full,Nonoccluded,0,0.4915063158403198,0.2045796791235986,0.04355361945927143,68.0,-22.0,0.037478015611931266,0.012361191812871843,900,10,120,90.0,120.0
un_un,un -> un,0,expert,Expert,1,familiar_2,Familiar 2,1,full,Nonoccluded,0,0.4826121688139917,0.161182154389964,0.043443677201867106,69.0,-21.0,0.037478015611931266,0.012361191812871843,900,10,120,90.0,120.0
un_un,un -> un,0,expert,Expert,1,familiar_2,Familiar 2,1,full,Nonoccluded,0,0.44363465229291393,0.15918975741024458,0.042961868643760684,70.0,-20.0,0.037478015611931266,0.012361191812871843,900,10,120,90.0,120.0
un_un,un -> un,0,expert,Expert,1,familiar_2,Familiar 2,1,full,Nonoccluded,0,0.31804145704909204,0.1511533231725709,0.04140938706696033,71.0,-19.0,0.037478015611931266,0.012361191812871843,900,10,120,90.0,120.0
un_un,un -> un,0,expert,Expert,1,familiar_2,Familiar 2,1,full,Nonoccluded,0,0.3720115953089146,0.16080684701094916,0.04207652229815721,72.0,-18.0,0.037478015611931266,0.012361191812871843,900,10,120,90.0,120.0
un_un,un -> un,0,expert,Expert,1,familiar_2,Familiar 2,1,full,Nonoccluded,0,0.5165565077728681,0.18371835633034264,0.043863269686698916,73.0,-17.0,0.037478015611931266,0.012361191812871843,900,10,120,90.0,120.0
un_un,un -> un,0,expert,Expert,1,familiar_2,Familiar 2,1,full,Nonoccluded,0,0.4858486547809918,0.20022880768898219,0.04348368402570486,74.0,-16.0,0.037478015611931266,0.012361191812871843,900,10,120,90.0,120.0
un_un,un -> un,0,expert,Expert,1,familiar_2,Familiar 2,1,full,Nonoccluded,0,0.49689248788660045,0.22602607513862044,0.04362019896507263,75.0,-15.0,0.037478015611931266,0.012361191812871843,900,10,120,90.0,120.0
un_un,un -> un,0,expert,Expert,1,familiar_2,Familiar 2,1,full,Nonoccluded,0,0.4277005059939062,0.21774271224478833,0.042764903604984285,76.0,-14.0,0.037478015611931266,0.012361191812871843,900,10,120,90.0,120.0
un_un,un -> un,0,expert,Expert,1,familiar_2,Familiar 2,1,full,Nonoccluded,0,0.49283749652471,0.22200411910776216,0.04357007443904877,77.0,-13.0,0.037478015611931266,0.012361191812871843,900,10,120,90.0,120.0
un_un,un -> un,0,expert,Expert,1,familiar_2,Familiar 2,1,full,Nonoccluded,0,0.6011077730102621,0.2648897163052433,0.044908424094319346,78.0,-12.0,0.037478015611931266,0.012361191812871843,900,10,120,90.0,120.0
un_un,un -> un,0,expert,Expert,1,familiar_2,Familiar 2,1,full,Nonoccluded,0,0.7046398225880722,0.2304295140731038,0.04618820361793041,79.0,-11.0,0.037478015611931266,0.012361191812871843,900,10,120,90.0,120.0
un_un,un -> un,0,expert,Expert,1,familiar_2,Familiar 2,1,full,Nonoccluded,0,0.7508282904189623,0.25865431867688016,0.04675914812833071,80.0,-10.0,0.037478015611931266,0.012361191812871843,900,10,120,90.0,120.0
un_un,un -> un,0,expert,Expert,1,familiar_2,Familiar 2,1,full,Nonoccluded,0,0.6411074154531387,0.255251289239311,0.04540286734700203,81.0,-9.0,0.037478015611931266,0.012361191812871843,900,10,120,90.0,120.0
un_un,un -> un,0,expert,Expert,1,familiar_2,Familiar 2,1,full,Nonoccluded,0,0.5844905418503186,0.22990367604025,0.044703015312552455,82.0,-8.0,0.037478015611931266,0.012361191812871843,900,10,120,90.0,120.0
un_un,un -> un,0,expert,Expert,1,familiar_2,Familiar 2,1,full,Nonoccluded,0,0.5089686332143251,0.22680053342958034,0.04376947451382875,83.0,-7.0,0.037478015611931266,0.012361191812871843,900,10,120,90.0,120.0
un_un,un -> un,0,expert,Expert,1,familiar_2,Familiar 2,1,full,Nonoccluded,0,0.5595654786719664,0.1953646994341471,0.04439491182565689,84.0,-6.0,0.037478015611931266,0.012361191812871843,900,10,120,90.0,120.0
un_un,un -> un,0,expert,Expert,1,familiar_2,Familiar 2,1,full,Nonoccluded,0,0.7951282543353699,0.22335223707419047,0.04730674847960472,85.0,-5.0,0.037478015611931266,0.012361191812871843,900,10,120,90.0,120.0
un_un,un -> un,0,expert,Expert,1,familiar_2,Familiar 2,1,full,Nonoccluded,0,0.8615040858340762,0.18200150971650397,0.04812723286449909,86.0,-4.0,0.037478015611931266,0.012361191812871843,900,10,120,90.0,120.0
un_un,un -> un,0,expert,Expert,1,familiar_2,Familiar 2,1,full,Nonoccluded,0,0.7628955453366469,0.20535107548780904,0.046908313781023024,87.0,-3.0,0.037478015611931266,0.012361191812871843,900,10,120,90.0,120.0
un_un,un -> un,0,expert,Expert,1,familiar_2,Familiar 2,1,full,Nonoccluded,0,0.7428835337055093,0.2590982737717722,0.04666094146668911,88.0,-2.0,0.037478015611931266,0.012361191812871843,900,10,120,90.0,120.0
un_un,un -> un,0,expert,Expert,1,familiar_2,Familiar 2,1,full,Nonoccluded,0,0.5813305284781576,0.23844318290229735,0.04466395378112793,89.0,-1.0,0.037478015611931266,0.012361191812871843,900,10,120,90.0,120.0
un_un,un -> un,0,expert,Expert,1,familiar_2,Familiar 2,1,full,Nonoccluded,0,0.40066850604692555,0.22652102783681177,0.04243075586855412,90.0,0.0,0.037478015611931266,0.012361191812871843,900,10,120,90.0,120.0
un_un,un -> un,0,expert,Expert,1,familiar_2,Familiar 2,1,full,Nonoccluded,0,0.229039592271501,0.21519498802228787,0.04030921794474125,91.0,1.0,0.037478015611931266,0.012361191812871843,900,10,120,90.0,120.0
un_un,un -> un,0,expert,Expert,1,familiar_2,Familiar 2,1,full,Nonoccluded,0,0.06599209404786441,0.2044352337380311,0.038293756544589996,92.0,2.0,0.037478015611931266,0.012361191812871843,900,10,120,90.0,120.0
un_un,un -> un,0,expert,Expert,1,familiar_2,Familiar 2,1,full,Nonoccluded,0,-0.08890304885362936,0.19421346871991507,0.036379067972302434,93.0,3.0,0.037478015611931266,0.012361191812871843,900,10,120,90.0,120.0
un_un,un -> un,0,expert,Expert,1,familiar_2,Familiar 2,1,full,Nonoccluded,0,-0.23605345419908758,0.18450279174555903,0.034560113586485385,94.0,4.0,0.037478015611931266,0.012361191812871843,900,10,120,90.0,120.0
un_un,un -> un,0,expert,Expert,1,familiar_2,Familiar 2,1,full,Nonoccluded,0,-0.3758463370169991,0.17527763402686336,0.03283210694789886,95.0,5.0,0.037478015611931266,0.012361191812871843,900,10,120,90.0,120.0
un_un,un -> un,0,expert,Expert,1,familiar_2,Familiar 2,1,full,Nonoccluded,0,-0.5086495342556632,0.1665137358690148,0.031190501153469087,96.0,6.0,0.037478015611931266,0.012361191812871843,900,10,120,90.0,120.0
un_un,un -> un,0,expert,Expert,1,familiar_2,Familiar 2,1,full,Nonoccluded,0,-0.6348125746460924,0.1581880494415383,0.029630975611507893,97.0,7.0,0.037478015611931266,0.012361191812871843,900,10,120,90.0,120.0
un_un,un -> un,0,expert,Expert,1,familiar_2,Familiar 2,1,full,Nonoccluded,0,-0.7546674170581008,0.1502786481287255,0.02814942691475153,98.0,8.0,0.037478015611931266,0.012361191812871843,900,10,120,90.0,120.0
un_un,un -> un,0,expert,Expert,1,familiar_2,Familiar 2,1,full,Nonoccluded,0,-0.8685295655686817,0.14276472230274548,0.02674195505678654,99.0,9.0,0.037478015611931266,0.012361191812871843,900,10,120,90.0,120.0
un_un,un -> un,0,expert,Expert,1,familiar_2,Familiar 2,1,full,Nonoccluded,0,-0.9766985968592143,0.13562648250171735,0.025404856912791728,100.0,10.0,0.037478015611931266,0.012361191812871843,900,10,120,90.0,120.0
un_un,un -> un,0,expert,Expert,1,familiar_2,Familiar 2,1,full,Nonoccluded,0,-1.0794591547359071,0.1288451634017159,0.024134613946080206,101.0,11.0,0.037478015611931266,0.012361191812871843,900,10,120,90.0,120.0
un_un,un -> un,0,expert,Expert,1,familiar_2,Familiar 2,1,full,Nonoccluded,0,-1.1770817035543801,0.12240290488766546,0.02292788289487362,102.0,12.0,0.037478015611931266,0.012361191812871843,900,10,120,90.0,120.0
un_un,un -> un,0,expert,Expert,1,familiar_2,Familiar 2,1,full,Nonoccluded,0,-1.2698231460278175,0.11628275633251045,0.02178148813545704,103.0,13.0,0.037478015611931266,0.012361191812871843,900,10,120,90.0,120.0
un_un,un -> un,0,expert,Expert,1,familiar_2,Familiar 2,1,full,Nonoccluded,0,-1.357927493774846,0.11046861088779734,0.02069241339340806,104.0,14.0,0.037478015611931266,0.012361191812871843,900,10,120,90.0,120.0
un_un,un -> un,0,expert,Expert,1,familiar_2,Familiar 2,1,full,Nonoccluded,0,-1.4416266282783579,0.10494518608126242,0.01965779233723879,105.0,15.0,0.037478015611931266,0.012361191812871843,900,10,120,90.0,120.0
un_un,un -> un,0,expert,Expert,1,familiar_2,Familiar 2,1,full,Nonoccluded,0,-1.5211408056799818,0.09969792699785938,0.018674902338534593,106.0,16.0,0.037478015611931266,0.012361191812871843,900,10,120,90.0,120.0
un_un,un -> un,0,expert,Expert,1,familiar_2,Familiar 2,1,full,Nonoccluded,0,-1.5966792896567286,0.09471303098142744,0.01774115664884448,107.0,17.0,0.037478015611931266,0.012361191812871843,900,10,120,90.0,120.0
un_un,un -> un,0,expert,Expert,1,familiar_2,Familiar 2,1,full,Nonoccluded,0,-1.6684408185442305,0.08997737855911099,0.01685409862548113,108.0,18.0,0.037478015611931266,0.012361191812871843,900,10,120,90.0,120.0
un_un,un -> un,0,expert,Expert,1,familiar_2,Familiar 2,1,full,Nonoccluded,0,-1.7366142683503711,0.08547851248426004,0.016011393535882233,109.0,19.0,0.037478015611931266,0.012361191812871843,900,10,120,90.0,120.0
un_un,un -> un,0,expert,Expert,1,familiar_2,Familiar 2,1,full,Nonoccluded,0,-1.8013790520703137,0.08120459097741176,0.015210823621600866,110.0,20.0,0.037478015611931266,0.012361191812871843,900,10,120,90.0,120.0
un_un,un -> un,0,expert,Expert,1,familiar_2,Familiar 2,1,full,Nonoccluded,0,-1.8629055868097388,0.07714436089639161,0.014450282324105501,111.0,21.0,0.037478015611931266,0.012361191812871843,900,10,120,90.0,120.0
un_un,un -> un,0,expert,Expert,1,familiar_2,Familiar 2,1,full,Nonoccluded,0,-1.9213558061135623,0.073287141051817,0.013727767951786518,112.0,22.0,0.037478015611931266,0.012361191812871843,900,10,120,90.0,120.0
un_un,un -> un,0,expert,Expert,1,familiar_2,Familiar 2,1,full,Nonoccluded,0,-1.9768834914727447,0.06962279014983387,0.013041379582136869,113.0,23.0,0.037478015611931266,0.012361191812871843,900,10,120,90.0,120.0
un_un,un -> un,0,expert,Expert,1,familiar_2,Familiar 2,1,full,Nonoccluded,0,-2.029634799721502,0.06614165077188085,0.012389310542494059,114.0,24.0,0.037478015611931266,0.012361191812871843,900,10,120,90.0,120.0
un_un,un -> un,0,expert,Expert,1,familiar_2,Familiar 2,1,full,Nonoccluded,0,-2.079748541804396,0.062834567067986,0.011769844964146615,115.0,25.0,0.037478015611931266,0.012361191812871843,900,10,120,90.0,120.0
un_un,un -> un,0,expert,Expert,1,familiar_2,Familiar 2,1,full,Nonoccluded,0,-2.1273565971598574,0.05969283526021902,0.011181352660059929,116.0,26.0,0.037478015611931266,0.012361191812871843,900,10,120,90.0,120.0
un_un,un -> un,0,expert,Expert,1,familiar_2,Familiar 2,1,full,Nonoccluded,0,-2.1725842640626136,0.056708194481000944,0.010622284794226288,117.0,27.0,0.037478015611931266,0.012361191812871843,900,10,120,90.0,120.0
un_un,un -> un,0,expert,Expert,1,familiar_2,Familiar 2,1,full,Nonoccluded,0,-2.2155505421579034,0.05387278136887491,0.010091170389205217,118.0,28.0,0.037478015611931266,0.012361191812871843,900,10,120,90.0,120.0
un_un,un -> un,0,expert,Expert,1,familiar_2,Familiar 2,1,full,Nonoccluded,0,-2.2563685016395256,0.0511791410891128,0.00958661176264286,119.0,29.0,0.037478015611931266,0.012361191812871843,900,10,120,90.0,120.0
un_un,un -> un,0,expert,Expert,1,familiar_2,Familiar 2,1,occlusion,Occluded,1,-0.4061659897206459,0.4552584564408772,0.037237660586833955,0.0,-90.0,0.04113705726909555,0.009600500241153954,900,10,120,90.0,120.0
un_un,un -> un,0,expert,Expert,1,familiar_2,Familiar 2,1,occlusion,Occluded,1,-0.36544836503511313,0.4539584602828554,0.037628570152446625,1.0,-89.0,0.04113705726909555,0.009600500241153954,900,10,120,90.0,120.0
un_un,un -> un,0,expert,Expert,1,familiar_2,Familiar 2,1,occlusion,Occluded,1,-0.1134181982887466,0.4175971659946139,0.04004818582907319,2.0,-88.0,0.04113705726909555,0.009600500241153954,900,10,120,90.0,120.0
un_un,un -> un,0,expert,Expert,1,familiar_2,Familiar 2,1,occlusion,Occluded,1,-0.23382136847307278,0.4090327720882064,0.038892255164682865,3.0,-87.0,0.04113705726909555,0.009600500241153954,900,10,120,90.0,120.0
un_un,un -> un,0,expert,Expert,1,familiar_2,Familiar 2,1,occlusion,Occluded,1,-0.3536848944492652,0.3537531162220664,0.037741505354642865,4.0,-86.0,0.04113705726909555,0.009600500241153954,900,10,120,90.0,120.0
un_un,un -> un,0,expert,Expert,1,familiar_2,Familiar 2,1,occlusion,Occluded,1,-0.41358107500813485,0.3604684386060546,0.03716647205874324,5.0,-85.0,0.04113705726909555,0.009600500241153954,900,10,120,90.0,120.0
un_un,un -> un,0,expert,Expert,1,familiar_2,Familiar 2,1,occlusion,Occluded,1,-0.39127487890019347,0.34168277961648597,0.03738062269985676,6.0,-84.0,0.04113705726909555,0.009600500241153954,900,10,120,90.0,120.0
un_un,un -> un,0,expert,Expert,1,familiar_2,Familiar 2,1,occlusion,Occluded,1,-0.4368614031711629,0.2817630181766149,0.03694296926259995,7.0,-83.0,0.04113705726909555,0.009600500241153954,900,10,120,90.0,120.0
un_un,un -> un,0,expert,Expert,1,familiar_2,Familiar 2,1,occlusion,Occluded,1,-0.4156192555677352,0.2858168157351175,0.03714690450578928,8.0,-82.0,0.04113705726909555,0.009600500241153954,900,10,120,90.0,120.0
un_un,un -> un,0,expert,Expert,1,familiar_2,Familiar 2,1,occlusion,Occluded,1,-0.4710059064653522,0.27507994598663676,0.03661516495049,9.0,-81.0,0.04113705726909555,0.009600500241153954,900,10,120,90.0,120.0
un_un,un -> un,0,expert,Expert,1,familiar_2,Familiar 2,1,occlusion,Occluded,1,-0.43827468914421,0.3145165660770707,0.036929401010274886,10.0,-80.0,0.04113705726909555,0.009600500241153954,900,10,120,90.0,120.0
un_un,un -> un,0,expert,Expert,1,familiar_2,Familiar 2,1,occlusion,Occluded,1,-0.39928907412404935,0.2999982863341487,0.037303682416677475,11.0,-79.0,0.04113705726909555,0.009600500241153954,900,10,120,90.0,120.0
un_un,un -> un,0,expert,Expert,1,familiar_2,Familiar 2,1,occlusion,Occluded,1,-0.5313125363598268,0.2820049336364017,0.036036191135644914,12.0,-78.0,0.04113705726909555,0.009600500241153954,900,10,120,90.0,120.0
un_un,un -> un,0,expert,Expert,1,familiar_2,Familiar 2,1,occlusion,Occluded,1,-0.4879218398832882,0.2501673991053107,0.03645276352763176,13.0,-77.0,0.04113705726909555,0.009600500241153954,900,10,120,90.0,120.0
un_un,un -> un,0,expert,Expert,1,familiar_2,Familiar 2,1,occlusion,Occluded,1,-0.6002651921162092,0.2524743948523197,0.03537421114742756,14.0,-76.0,0.04113705726909555,0.009600500241153954,900,10,120,90.0,120.0
un_un,un -> un,0,expert,Expert,1,familiar_2,Familiar 2,1,occlusion,Occluded,1,-0.3963301836570587,0.22755797453773952,0.03733208924531937,15.0,-75.0,0.04113705726909555,0.009600500241153954,900,10,120,90.0,120.0
un_un,un -> un,0,expert,Expert,1,familiar_2,Familiar 2,1,occlusion,Occluded,1,-0.2825815388866639,0.23454388291937175,0.038424133136868474,16.0,-74.0,0.04113705726909555,0.009600500241153954,900,10,120,90.0,120.0
un_un,un -> un,0,expert,Expert,1,familiar_2,Familiar 2,1,occlusion,Occluded,1,-0.0916065086999559,0.21595990344436514,0.04025758896023035,17.0,-73.0,0.04113705726909555,0.009600500241153954,900,10,120,90.0,120.0
un_un,un -> un,0,expert,Expert,1,familiar_2,Familiar 2,1,occlusion,Occluded,1,0.11112529368999893,0.2690350232984049,0.042203915677964686,18.0,-72.0,0.04113705726909555,0.009600500241153954,900,10,120,90.0,120.0
un_un,un -> un,0,expert,Expert,1,familiar_2,Familiar 2,1,occlusion,Occluded,1,0.09483292585294449,0.2779209594589163,0.04204750079661608,19.0,-71.0,0.04113705726909555,0.009600500241153954,900,10,120,90.0,120.0
un_un,un -> un,0,expert,Expert,1,familiar_2,Familiar 2,1,occlusion,Occluded,1,0.1555418273327954,0.26560175357170346,0.04263033661991358,20.0,-70.0,0.04113705726909555,0.009600500241153954,900,10,120,90.0,120.0
un_un,un -> un,0,expert,Expert,1,familiar_2,Familiar 2,1,occlusion,Occluded,1,0.25886148327451675,0.33021861628913096,0.043622257001698014,21.0,-69.0,0.04113705726909555,0.009600500241153954,900,10,120,90.0,120.0
un_un,un -> un,0,expert,Expert,1,familiar_2,Familiar 2,1,occlusion,Occluded,1,0.2875239448811784,0.3819224314561191,0.04389743097126484,22.0,-68.0,0.04113705726909555,0.009600500241153954,900,10,120,90.0,120.0
un_un,un -> un,0,expert,Expert,1,familiar_2,Familiar 2,1,occlusion,Occluded,1,0.28650233725121904,0.39557731527067264,0.04388762302696705,23.0,-67.0,0.04113705726909555,0.009600500241153954,900,10,120,90.0,120.0
un_un,un -> un,0,expert,Expert,1,familiar_2,Familiar 2,1,occlusion,Occluded,1,0.24092264232326355,0.3598166561341604,0.04345003515481949,24.0,-66.0,0.04113705726909555,0.009600500241153954,900,10,120,90.0,120.0
un_un,un -> un,0,expert,Expert,1,familiar_2,Familiar 2,1,occlusion,Occluded,1,0.3691307911962423,0.4084807265325516,0.04468089751899242,25.0,-65.0,0.04113705726909555,0.009600500241153954,900,10,120,90.0,120.0
un_un,un -> un,0,expert,Expert,1,familiar_2,Familiar 2,1,occlusion,Occluded,1,0.38530550807864644,0.3617027147650706,0.04483618289232254,26.0,-64.0,0.04113705726909555,0.009600500241153954,900,10,120,90.0,120.0
un_un,un -> un,0,expert,Expert,1,familiar_2,Familiar 2,1,occlusion,Occluded,1,0.2518439840998533,0.3601225024078889,0.043554885499179366,27.0,-63.0,0.04113705726909555,0.009600500241153954,900,10,120,90.0,120.0
un_un,un -> un,0,expert,Expert,1,familiar_2,Familiar 2,1,occlusion,Occluded,1,0.33491712140249347,0.39166485314914457,0.04435242917388678,28.0,-62.0,0.04113705726909555,0.009600500241153954,900,10,120,90.0,120.0
un_un,un -> un,0,expert,Expert,1,familiar_2,Familiar 2,1,occlusion,Occluded,1,0.46119883290078445,0.367501924260856,0.04556479677557945,29.0,-61.0,0.04113705726909555,0.009600500241153954,900,10,120,90.0,120.0
un_un,un -> un,0,expert,Expert,1,familiar_2,Familiar 2,1,occlusion,Occluded,1,0.46997453867378775,0.32489810858902857,0.04564904794096947,30.0,-60.0,0.04113705726909555,0.009600500241153954,900,10,120,90.0,120.0
un_un,un -> un,0,expert,Expert,1,familiar_2,Familiar 2,1,occlusion,Occluded,1,0.32637219697935277,0.3072092086932175,0.044270393624901774,31.0,-59.0,0.04113705726909555,0.009600500241153954,900,10,120,90.0,120.0
un_un,un -> un,0,expert,Expert,1,familiar_2,Familiar 2,1,occlusion,Occluded,1,0.23971012351359425,0.3343692869919686,0.04343839436769485,32.0,-58.0,0.04113705726909555,0.009600500241153954,900,10,120,90.0,120.0
un_un,un -> un,0,expert,Expert,1,familiar_2,Familiar 2,1,occlusion,Occluded,1,0.13377750661039314,0.3178939079802779,0.0424213882535696,33.0,-57.0,0.04113705726909555,0.009600500241153954,900,10,120,90.0,120.0
un_un,un -> un,0,expert,Expert,1,familiar_2,Familiar 2,1,occlusion,Occluded,1,-0.03079035549231677,0.32590306082067244,0.04084145445376634,34.0,-56.0,0.04113705726909555,0.009600500241153954,900,10,120,90.0,120.0
un_un,un -> un,0,expert,Expert,1,familiar_2,Familiar 2,1,occlusion,Occluded,1,-0.005147666393492134,0.3609326830299323,0.041087637096643446,35.0,-55.0,0.04113705726909555,0.009600500241153954,900,10,120,90.0,120.0
un_un,un -> un,0,expert,Expert,1,familiar_2,Familiar 2,1,occlusion,Occluded,1,-0.15443718228592956,0.3574517282968064,0.03965438306331635,36.0,-54.0,0.04113705726909555,0.009600500241153954,900,10,120,90.0,120.0
un_un,un -> un,0,expert,Expert,1,familiar_2,Familiar 2,1,occlusion,Occluded,1,-0.23477821375365523,0.3459790861266345,0.038883068971335887,37.0,-53.0,0.04113705726909555,0.009600500241153954,900,10,120,90.0,120.0
un_un,un -> un,0,expert,Expert,1,familiar_2,Familiar 2,1,occlusion,Occluded,1,-0.34990516351569284,0.3511912017054303,0.037777792662382126,38.0,-52.0,0.04113705726909555,0.009600500241153954,900,10,120,90.0,120.0
un_un,un -> un,0,expert,Expert,1,familiar_2,Familiar 2,1,occlusion,Occluded,1,-0.3163561129670801,0.3197048154964331,0.03809988033026457,39.0,-51.0,0.04113705726909555,0.009600500241153954,900,10,120,90.0,120.0
un_un,un -> un,0,expert,Expert,1,familiar_2,Familiar 2,1,occlusion,Occluded,1,-0.26552597256625116,0.38150409952858827,0.038587875105440615,40.0,-50.0,0.04113705726909555,0.009600500241153954,900,10,120,90.0,120.0
un_un,un -> un,0,expert,Expert,1,familiar_2,Familiar 2,1,occlusion,Occluded,1,-0.012383374718378849,0.4156918500564321,0.04101817067712545,41.0,-49.0,0.04113705726909555,0.009600500241153954,900,10,120,90.0,120.0
un_un,un -> un,0,expert,Expert,1,familiar_2,Familiar 2,1,occlusion,Occluded,1,-0.16080032563152047,0.3906197871043224,0.0395932937040925,42.0,-48.0,0.04113705726909555,0.009600500241153954,900,10,120,90.0,120.0
un_un,un -> un,0,expert,Expert,1,familiar_2,Familiar 2,1,occlusion,Occluded,1,0.126745378672569,0.4027132559081788,0.042353876307606696,43.0,-47.0,0.04113705726909555,0.009600500241153954,900,10,120,90.0,120.0
un_un,un -> un,0,expert,Expert,1,familiar_2,Familiar 2,1,occlusion,Occluded,1,0.12845632311300514,0.3366012448279831,0.04237030223011971,44.0,-46.0,0.04113705726909555,0.009600500241153954,900,10,120,90.0,120.0
un_un,un -> un,0,expert,Expert,1,familiar_2,Familiar 2,1,occlusion,Occluded,1,0.17485008736915625,0.32035717523776586,0.04281570557504892,45.0,-45.0,0.04113705726909555,0.009600500241153954,900,10,120,90.0,120.0
un_un,un -> un,0,expert,Expert,1,familiar_2,Familiar 2,1,occlusion,Occluded,1,0.21298345082517933,0.2729720369569501,0.043181804940104485,46.0,-44.0,0.04113705726909555,0.009600500241153954,900,10,120,90.0,120.0
un_un,un -> un,0,expert,Expert,1,familiar_2,Familiar 2,1,occlusion,Occluded,1,0.1776907254336742,0.2728632690913985,0.04284297712147236,47.0,-43.0,0.04113705726909555,0.009600500241153954,900,10,120,90.0,120.0
un_un,un -> un,0,expert,Expert,1,familiar_2,Familiar 2,1,occlusion,Occluded,1,0.1540001225489252,0.2531564722380662,0.04261553548276424,48.0,-42.0,0.04113705726909555,0.009600500241153954,900,10,120,90.0,120.0
un_un,un -> un,0,expert,Expert,1,familiar_2,Familiar 2,1,occlusion,Occluded,1,0.07768450374939237,0.26062515639577705,0.041882867366075514,49.0,-41.0,0.04113705726909555,0.009600500241153954,900,10,120,90.0,120.0
un_un,un -> un,0,expert,Expert,1,familiar_2,Familiar 2,1,occlusion,Occluded,1,0.11751771396345378,0.29561629613290447,0.04226528611034155,50.0,-40.0,0.04113705726909555,0.009600500241153954,900,10,120,90.0,120.0
un_un,un -> un,0,expert,Expert,1,familiar_2,Familiar 2,1,occlusion,Occluded,1,0.06767660600246914,0.24761486961178245,0.041786786541342734,51.0,-39.0,0.04113705726909555,0.009600500241153954,900,10,120,90.0,120.0
un_un,un -> un,0,expert,Expert,1,familiar_2,Familiar 2,1,occlusion,Occluded,1,0.06036191399744033,0.27005597799327546,0.04171656183898449,52.0,-38.0,0.04113705726909555,0.009600500241153954,900,10,120,90.0,120.0
un_un,un -> un,0,expert,Expert,1,familiar_2,Familiar 2,1,occlusion,Occluded,1,0.07786864379071616,0.31127968266192196,0.04188463520258665,53.0,-37.0,0.04113705726909555,0.009600500241153954,900,10,120,90.0,120.0
un_un,un -> un,0,expert,Expert,1,familiar_2,Familiar 2,1,occlusion,Occluded,1,-0.04229626574905463,0.3013325612121641,0.04073099195957184,54.0,-36.0,0.04113705726909555,0.009600500241153954,900,10,120,90.0,120.0
un_un,un -> un,0,expert,Expert,1,familiar_2,Familiar 2,1,occlusion,Occluded,1,0.07199374026599904,0.2846709515902634,0.04182823318988085,55.0,-35.0,0.04113705726909555,0.009600500241153954,900,10,120,90.0,120.0
un_un,un -> un,0,expert,Expert,1,familiar_2,Familiar 2,1,occlusion,Occluded,1,0.09756605996961967,0.28781842018024156,0.042073740251362325,56.0,-34.0,0.04113705726909555,0.009600500241153954,900,10,120,90.0,120.0
un_un,un -> un,0,expert,Expert,1,familiar_2,Familiar 2,1,occlusion,Occluded,1,0.10943264490428492,0.28965942427662256,0.04218766540288925,57.0,-33.0,0.04113705726909555,0.009600500241153954,900,10,120,90.0,120.0
un_un,un -> un,0,expert,Expert,1,familiar_2,Familiar 2,1,occlusion,Occluded,1,-0.012893033842341972,0.30718530509593656,0.04101327769458294,58.0,-32.0,0.04113705726909555,0.009600500241153954,900,10,120,90.0,120.0
un_un,un -> un,0,expert,Expert,1,familiar_2,Familiar 2,1,occlusion,Occluded,1,-0.12259127675760632,0.2855353123046032,0.039960119687020776,59.0,-31.0,0.04113705726909555,0.009600500241153954,900,10,120,90.0,120.0
un_un,un -> un,0,expert,Expert,1,familiar_2,Familiar 2,1,occlusion,Occluded,1,-0.2254702072564121,0.2655335412221304,0.038972430489957334,60.0,-30.0,0.04113705726909555,0.009600500241153954,900,10,120,90.0,120.0
un_un,un -> un,0,expert,Expert,1,familiar_2,Familiar 2,1,occlusion,Occluded,1,-0.10677300501683132,0.24963536588664215,0.040111983008682725,61.0,-29.0,0.04113705726909555,0.009600500241153954,900,10,120,90.0,120.0
un_un,un -> un,0,expert,Expert,1,familiar_2,Familiar 2,1,occlusion,Occluded,1,0.040657940097119996,0.2202769527638854,0.041527393832802774,62.0,-28.0,0.04113705726909555,0.009600500241153954,900,10,120,90.0,120.0
un_un,un -> un,0,expert,Expert,1,familiar_2,Familiar 2,1,occlusion,Occluded,1,-0.07650921768572536,0.20876347363486217,0.04040253050625324,63.0,-27.0,0.04113705726909555,0.009600500241153954,900,10,120,90.0,120.0
un_un,un -> un,0,expert,Expert,1,familiar_2,Familiar 2,1,occlusion,Occluded,1,-0.15825404777214053,0.18818964408190123,0.039617739245295526,64.0,-26.0,0.04113705726909555,0.009600500241153954,900,10,120,90.0,120.0
un_un,un -> un,0,expert,Expert,1,familiar_2,Familiar 2,1,occlusion,Occluded,1,-0.21721161079975088,0.21154457723674622,0.0390517171472311,65.0,-25.0,0.04113705726909555,0.009600500241153954,900,10,120,90.0,120.0
un_un,un -> un,0,expert,Expert,1,familiar_2,Familiar 2,1,occlusion,Occluded,1,-0.18108535633276865,0.24916195809532088,0.039398547261953354,66.0,-24.0,0.04113705726909555,0.009600500241153954,900,10,120,90.0,120.0
un_un,un -> un,0,expert,Expert,1,familiar_2,Familiar 2,1,occlusion,Occluded,1,-0.19492090682361812,0.27607729077979204,0.03926571905612945,67.0,-23.0,0.04113705726909555,0.009600500241153954,900,10,120,90.0,120.0
un_un,un -> un,0,expert,Expert,1,familiar_2,Familiar 2,1,occlusion,Occluded,1,-0.2248598929291629,0.2975055254933415,0.03897828981280327,68.0,-22.0,0.04113705726909555,0.009600500241153954,900,10,120,90.0,120.0
un_un,un -> un,0,expert,Expert,1,familiar_2,Familiar 2,1,occlusion,Occluded,1,-0.14703869501818057,0.31313918439431154,0.039725412242114545,69.0,-21.0,0.04113705726909555,0.009600500241153954,900,10,120,90.0,120.0
un_un,un -> un,0,expert,Expert,1,familiar_2,Familiar 2,1,occlusion,Occluded,1,-0.17335296851595397,0.31316014105179046,0.03947278205305338,70.0,-20.0,0.04113705726909555,0.009600500241153954,900,10,120,90.0,120.0
un_un,un -> un,0,expert,Expert,1,familiar_2,Familiar 2,1,occlusion,Occluded,1,-0.19312709839450917,0.33780868215591897,0.0392829405143857,71.0,-19.0,0.04113705726909555,0.009600500241153954,900,10,120,90.0,120.0
un_un,un -> un,0,expert,Expert,1,familiar_2,Familiar 2,1,occlusion,Occluded,1,-0.04767738061169911,0.30882426906832366,0.040679330565035345,72.0,-18.0,0.04113705726909555,0.009600500241153954,900,10,120,90.0,120.0
un_un,un -> un,0,expert,Expert,1,familiar_2,Familiar 2,1,occlusion,Occluded,1,-0.13171933394673874,0.31571646581963414,0.03987248577177525,73.0,-17.0,0.04113705726909555,0.009600500241153954,900,10,120,90.0,120.0
un_un,un -> un,0,expert,Expert,1,familiar_2,Familiar 2,1,occlusion,Occluded,1,-0.07192364367804252,0.285310429008656,0.04044655431061983,74.0,-16.0,0.04113705726909555,0.009600500241153954,900,10,120,90.0,120.0
un_un,un -> un,0,expert,Expert,1,familiar_2,Familiar 2,1,occlusion,Occluded,1,-0.0281337604614094,0.30042970254442974,0.040866959095001223,75.0,-15.0,0.04113705726909555,0.009600500241153954,900,10,120,90.0,120.0
un_un,un -> un,0,expert,Expert,1,familiar_2,Familiar 2,1,occlusion,Occluded,1,-0.06452139251101872,0.31562104423449056,0.04051761962473392,76.0,-14.0,0.04113705726909555,0.009600500241153954,900,10,120,90.0,120.0
un_un,un -> un,0,expert,Expert,1,familiar_2,Familiar 2,1,occlusion,Occluded,1,0.02012278470798363,0.28847933919462015,0.04133024606853723,77.0,-13.0,0.04113705726909555,0.009600500241153954,900,10,120,90.0,120.0
un_un,un -> un,0,expert,Expert,1,familiar_2,Familiar 2,1,occlusion,Occluded,1,0.03851758131313528,0.2856288778991604,0.04150684531778097,78.0,-12.0,0.04113705726909555,0.009600500241153954,900,10,120,90.0,120.0
un_un,un -> un,0,expert,Expert,1,familiar_2,Familiar 2,1,occlusion,Occluded,1,0.2959339509767071,0.34931870630609124,0.043978171236813066,79.0,-11.0,0.04113705726909555,0.009600500241153954,900,10,120,90.0,120.0
un_un,un -> un,0,expert,Expert,1,familiar_2,Familiar 2,1,occlusion,Occluded,1,0.41895740620486493,0.3050797891741625,0.04515925794839859,80.0,-10.0,0.04113705726909555,0.009600500241153954,900,10,120,90.0,120.0
un_un,un -> un,0,expert,Expert,1,familiar_2,Familiar 2,1,occlusion,Occluded,1,0.3121935884113052,0.27529869157162323,0.044134271889925004,81.0,-9.0,0.04113705726909555,0.009600500241153954,900,10,120,90.0,120.0
un_un,un -> un,0,expert,Expert,1,familiar_2,Familiar 2,1,occlusion,Occluded,1,0.392779370339604,0.2483946874475433,0.04490793570876121,82.0,-8.0,0.04113705726909555,0.009600500241153954,900,10,120,90.0,120.0
un_un,un -> un,0,expert,Expert,1,familiar_2,Familiar 2,1,occlusion,Occluded,1,0.4986002343571213,0.3362198052523325,0.04592386893928051,83.0,-7.0,0.04113705726909555,0.009600500241153954,900,10,120,90.0,120.0
un_un,un -> un,0,expert,Expert,1,familiar_2,Familiar 2,1,occlusion,Occluded,1,0.6367691740314607,0.3367542260813364,0.047250359877943994,84.0,-6.0,0.04113705726909555,0.009600500241153954,900,10,120,90.0,120.0
un_un,un -> un,0,expert,Expert,1,familiar_2,Familiar 2,1,occlusion,Occluded,1,0.5889622208099758,0.3319470022203014,0.04679138921201229,85.0,-5.0,0.04113705726909555,0.009600500241153954,900,10,120,90.0,120.0
un_un,un -> un,0,expert,Expert,1,familiar_2,Familiar 2,1,occlusion,Occluded,1,0.5356124020647448,0.3547168474767792,0.04627920426428318,86.0,-4.0,0.04113705726909555,0.009600500241153954,900,10,120,90.0,120.0
un_un,un -> un,0,expert,Expert,1,familiar_2,Familiar 2,1,occlusion,Occluded,1,0.3674323025461897,0.3616571868947876,0.044664591178298,87.0,-3.0,0.04113705726909555,0.009600500241153954,900,10,120,90.0,120.0
un_un,un -> un,0,expert,Expert,1,familiar_2,Familiar 2,1,occlusion,Occluded,1,0.28571356753464344,0.3536329846982613,0.04388005044311285,88.0,-2.0,0.04113705726909555,0.009600500241153954,900,10,120,90.0,120.0
un_un,un -> un,0,expert,Expert,1,familiar_2,Familiar 2,1,occlusion,Occluded,1,0.2843248633161383,0.39756208985255526,0.0438667181879282,89.0,-1.0,0.04113705726909555,0.009600500241153954,900,10,120,90.0,120.0
un_un,un -> un,0,expert,Expert,1,familiar_2,Familiar 2,1,occlusion,Occluded,1,0.2311320806571441,0.4023891895870988,0.043356040865182875,90.0,0.0,0.04113705726909555,0.009600500241153954,900,10,120,90.0,120.0
un_un,un -> un,0,expert,Expert,1,familiar_2,Familiar 2,1,occlusion,Occluded,1,0.18155473666853297,0.35328766767162445,0.04288007356226444,91.0,1.0,0.04113705726909555,0.009600500241153954,900,10,120,90.0,120.0
un_un,un -> un,0,expert,Expert,1,familiar_2,Familiar 2,1,occlusion,Occluded,1,0.047800094183331754,0.3490208107026096,0.04159596208482981,92.0,2.0,0.04113705726909555,0.009600500241153954,900,10,120,90.0,120.0
un_un,un -> un,0,expert,Expert,1,familiar_2,Familiar 2,1,occlusion,Occluded,1,0.07985089940361798,0.3399956381137404,0.041903665848076345,93.0,3.0,0.04113705726909555,0.009600500241153954,900,10,120,90.0,120.0
un_un,un -> un,0,expert,Expert,1,familiar_2,Familiar 2,1,occlusion,Occluded,1,0.06918049717970776,0.252810332135162,0.04180122464895249,94.0,4.0,0.04113705726909555,0.009600500241153954,900,10,120,90.0,120.0
un_un,un -> un,0,expert,Expert,1,familiar_2,Familiar 2,1,occlusion,Occluded,1,0.11298665829062711,0.256117942988469,0.0422217857092619,95.0,5.0,0.04113705726909555,0.009600500241153954,900,10,120,90.0,120.0
un_un,un -> un,0,expert,Expert,1,familiar_2,Familiar 2,1,occlusion,Occluded,1,0.08236718247805568,0.2043741246567532,0.041927823424339296,96.0,6.0,0.04113705726909555,0.009600500241153954,900,10,120,90.0,120.0
un_un,un -> un,0,expert,Expert,1,familiar_2,Familiar 2,1,occlusion,Occluded,1,0.12893920810810652,0.2763254289975892,0.042374938167631625,97.0,7.0,0.04113705726909555,0.009600500241153954,900,10,120,90.0,120.0
un_un,un -> un,0,expert,Expert,1,familiar_2,Familiar 2,1,occlusion,Occluded,1,0.06800129081877446,0.276526432477264,0.04178990367799997,98.0,8.0,0.04113705726909555,0.009600500241153954,900,10,120,90.0,120.0
un_un,un -> un,0,expert,Expert,1,familiar_2,Familiar 2,1,occlusion,Occluded,1,0.11334675092227495,0.21727759709986785,0.04222524277865887,99.0,9.0,0.04113705726909555,0.009600500241153954,900,10,120,90.0,120.0
un_un,un -> un,0,expert,Expert,1,familiar_2,Familiar 2,1,occlusion,Occluded,1,0.23851968365946458,0.24522102195086518,0.043426965549588206,100.0,10.0,0.04113705726909555,0.009600500241153954,900,10,120,90.0,120.0
un_un,un -> un,0,expert,Expert,1,familiar_2,Familiar 2,1,occlusion,Occluded,1,0.2872716472205131,0.1619591885886181,0.043895008787512776,101.0,11.0,0.04113705726909555,0.009600500241153954,900,10,120,90.0,120.0
un_un,un -> un,0,expert,Expert,1,familiar_2,Familiar 2,1,occlusion,Occluded,1,0.31116266804087217,0.20369698267146327,0.04412437453866005,102.0,12.0,0.04113705726909555,0.009600500241153954,900,10,120,90.0,120.0
un_un,un -> un,0,expert,Expert,1,familiar_2,Familiar 2,1,occlusion,Occluded,1,0.09988850223140684,0.19428189382278652,0.04209603685885668,103.0,13.0,0.04113705726909555,0.009600500241153954,900,10,120,90.0,120.0
un_un,un -> un,0,expert,Expert,1,familiar_2,Familiar 2,1,occlusion,Occluded,1,0.1475005863584807,0.22361885634259832,0.042553136684000493,104.0,14.0,0.04113705726909555,0.009600500241153954,900,10,120,90.0,120.0
un_un,un -> un,0,expert,Expert,1,familiar_2,Familiar 2,1,occlusion,Occluded,1,0.19146566550527427,0.24664975616194473,0.042975223436951634,105.0,15.0,0.04113705726909555,0.009600500241153954,900,10,120,90.0,120.0
un_un,un -> un,0,expert,Expert,1,familiar_2,Familiar 2,1,occlusion,Occluded,1,0.05888215833926258,0.22391501860615304,0.04170235544443131,106.0,16.0,0.04113705726909555,0.009600500241153954,900,10,120,90.0,120.0
un_un,un -> un,0,expert,Expert,1,familiar_2,Familiar 2,1,occlusion,Occluded,1,0.05529504592115363,0.14849165347422907,0.041667917370796205,107.0,17.0,0.04113705726909555,0.009600500241153954,900,10,120,90.0,120.0
un_un,un -> un,0,expert,Expert,1,familiar_2,Familiar 2,1,occlusion,Occluded,1,0.2085584245829537,0.16184447281168884,0.04313932247459888,108.0,18.0,0.04113705726909555,0.009600500241153954,900,10,120,90.0,120.0
un_un,un -> un,0,expert,Expert,1,familiar_2,Familiar 2,1,occlusion,Occluded,1,0.291858171903786,0.21088542249232234,0.043939041718840596,109.0,19.0,0.04113705726909555,0.009600500241153954,900,10,120,90.0,120.0
un_un,un -> un,0,expert,Expert,1,familiar_2,Familiar 2,1,occlusion,Occluded,1,0.4350665458731003,0.2941809115937862,0.045313913747668265,110.0,20.0,0.04113705726909555,0.009600500241153954,900,10,120,90.0,120.0
un_un,un -> un,0,expert,Expert,1,familiar_2,Familiar 2,1,occlusion,Occluded,1,0.2816430656813241,0.28560453592018925,0.04384097158908844,111.0,21.0,0.04113705726909555,0.009600500241153954,900,10,120,90.0,120.0
un_un,un -> un,0,expert,Expert,1,familiar_2,Familiar 2,1,occlusion,Occluded,1,0.28058304299691084,0.25653541014711817,0.0438307948410511,112.0,22.0,0.04113705726909555,0.009600500241153954,900,10,120,90.0,120.0
un_un,un -> un,0,expert,Expert,1,familiar_2,Familiar 2,1,occlusion,Occluded,1,0.16527154576115352,0.27340465595784585,0.04272374678403139,113.0,23.0,0.04113705726909555,0.009600500241153954,900,10,120,90.0,120.0
un_un,un -> un,0,expert,Expert,1,familiar_2,Familiar 2,1,occlusion,Occluded,1,0.13004367972673886,0.26905184431293555,0.04238554164767265,114.0,24.0,0.04113705726909555,0.009600500241153954,900,10,120,90.0,120.0
un_un,un -> un,0,expert,Expert,1,familiar_2,Familiar 2,1,occlusion,Occluded,1,0.09700554940236177,0.265050937419744,0.0420683590695262,115.0,25.0,0.04113705726909555,0.009600500241153954,900,10,120,90.0,120.0
un_un,un -> un,0,expert,Expert,1,familiar_2,Familiar 2,1,occlusion,Occluded,1,-0.004457999756790315,0.25302297211926217,0.041094258241355416,116.0,26.0,0.04113705726909555,0.009600500241153954,900,10,120,90.0,120.0
un_un,un -> un,0,expert,Expert,1,familiar_2,Familiar 2,1,occlusion,Occluded,1,1.954646139818994e-05,0.16492779532990598,0.041137244924902915,117.0,27.0,0.04113705726909555,0.009600500241153954,900,10,120,90.0,120.0
un_un,un -> un,0,expert,Expert,1,familiar_2,Familiar 2,1,occlusion,Occluded,1,0.006283955356425741,0.17869807505102037,0.04119738638401031,118.0,28.0,0.04113705726909555,0.009600500241153954,900,10,120,90.0,120.0
un_un,un -> un,0,expert,Expert,1,familiar_2,Familiar 2,1,occlusion,Occluded,1,0.018232899839654843,0.1837879310368538,0.04131210222840309,119.0,29.0,0.04113705726909555,0.009600500241153954,900,10,120,90.0,120.0
un_un,un -> un,0,expert,Expert,1,novel,Novel Image,2,full,Nonoccluded,0,-1.9147079098307411,0.08820693491327011,0.009857193368952721,0.0,-90.0,0.034896525633262676,0.013077363986302961,900,10,120,90.0,120.0
un_un,un -> un,0,expert,Expert,1,novel,Novel Image,2,full,Nonoccluded,0,-1.94008406647444,0.08182025232225688,0.009525340131949634,1.0,-89.0,0.034896525633262676,0.013077363986302961,900,10,120,90.0,120.0
un_un,un -> un,0,expert,Expert,1,novel,Novel Image,2,full,Nonoccluded,0,-1.6750786392403012,0.13157836124299135,0.01299091256223619,2.0,-88.0,0.034896525633262676,0.013077363986302961,900,10,120,90.0,120.0
un_un,un -> un,0,expert,Expert,1,novel,Novel Image,2,full,Nonoccluded,0,-1.6563940416874843,0.1223314827796598,0.013235257845371962,3.0,-87.0,0.034896525633262676,0.013077363986302961,900,10,120,90.0,120.0
un_un,un -> un,0,expert,Expert,1,novel,Novel Image,2,full,Nonoccluded,0,-1.425318162368477,0.18216802687679265,0.016257121227681637,4.0,-86.0,0.034896525633262676,0.013077363986302961,900,10,120,90.0,120.0
un_un,un -> un,0,expert,Expert,1,novel,Novel Image,2,full,Nonoccluded,0,-1.2773533200203362,0.13834921959571336,0.01819211132824421,5.0,-85.0,0.034896525633262676,0.013077363986302961,900,10,120,90.0,120.0
un_un,un -> un,0,expert,Expert,1,novel,Novel Image,2,full,Nonoccluded,0,-1.1274963722970348,0.12743512264533466,0.020151845179498196,6.0,-84.0,0.034896525633262676,0.013077363986302961,900,10,120,90.0,120.0
un_un,un -> un,0,expert,Expert,1,novel,Novel Image,2,full,Nonoccluded,0,-1.1266512332255025,0.13039319830498705,0.020162897370755672,7.0,-83.0,0.034896525633262676,0.013077363986302961,900,10,120,90.0,120.0
un_un,un -> un,0,expert,Expert,1,novel,Novel Image,2,full,Nonoccluded,0,-1.1246677002566356,0.09923871178753792,0.020188836753368376,8.0,-82.0,0.034896525633262676,0.013077363986302961,900,10,120,90.0,120.0
un_un,un -> un,0,expert,Expert,1,novel,Novel Image,2,full,Nonoccluded,0,-0.9701520045881888,0.08334693616046258,0.02220949474722147,9.0,-81.0,0.034896525633262676,0.013077363986302961,900,10,120,90.0,120.0
un_un,un -> un,0,expert,Expert,1,novel,Novel Image,2,full,Nonoccluded,0,-0.9397198906179008,0.08966339936573711,0.02260746657848358,10.0,-80.0,0.034896525633262676,0.013077363986302961,900,10,120,90.0,120.0
un_un,un -> un,0,expert,Expert,1,novel,Novel Image,2,full,Nonoccluded,0,-0.8670935789485181,0.11106766258121895,0.02355722729116678,11.0,-79.0,0.034896525633262676,0.013077363986302961,900,10,120,90.0,120.0
un_un,un -> un,0,expert,Expert,1,novel,Novel Image,2,full,Nonoccluded,0,-0.796219667473914,0.10306522017917778,0.024484071228653193,12.0,-78.0,0.034896525633262676,0.013077363986302961,900,10,120,90.0,120.0
un_un,un -> un,0,expert,Expert,1,novel,Novel Image,2,full,Nonoccluded,0,-0.8338389602766801,0.08723081965792243,0.023992110043764114,13.0,-77.0,0.034896525633262676,0.013077363986302961,900,10,120,90.0,120.0
un_un,un -> un,0,expert,Expert,1,novel,Novel Image,2,full,Nonoccluded,0,-0.7314616338897666,0.08505842883397657,0.02533093560487032,14.0,-76.0,0.034896525633262676,0.013077363986302961,900,10,120,90.0,120.0
un_un,un -> un,0,expert,Expert,1,novel,Novel Image,2,full,Nonoccluded,0,-0.63834336322848,0.13184623244999213,0.026548677124083042,15.0,-75.0,0.034896525633262676,0.013077363986302961,900,10,120,90.0,120.0
un_un,un -> un,0,expert,Expert,1,novel,Novel Image,2,full,Nonoccluded,0,-0.5446964106193514,0.14702568397840168,0.027773332409560682,16.0,-74.0,0.034896525633262676,0.013077363986302961,900,10,120,90.0,120.0
un_un,un -> un,0,expert,Expert,1,novel,Novel Image,2,full,Nonoccluded,0,-0.487231910415463,0.17961890639050743,0.02852481659501791,17.0,-73.0,0.034896525633262676,0.013077363986302961,900,10,120,90.0,120.0
un_un,un -> un,0,expert,Expert,1,novel,Novel Image,2,full,Nonoccluded,0,-0.4816105021220018,0.18652550572508217,0.028598329797387124,18.0,-72.0,0.034896525633262676,0.013077363986302961,900,10,120,90.0,120.0
un_un,un -> un,0,expert,Expert,1,novel,Novel Image,2,full,Nonoccluded,0,-0.2931586897172098,0.24751210349173428,0.031062782742083073,19.0,-71.0,0.034896525633262676,0.013077363986302961,900,10,120,90.0,120.0
un_un,un -> un,0,expert,Expert,1,novel,Novel Image,2,full,Nonoccluded,0,-0.15094875789587026,0.2881720865672789,0.03292251378297806,20.0,-70.0,0.034896525633262676,0.013077363986302961,900,10,120,90.0,120.0
un_un,un -> un,0,expert,Expert,1,novel,Novel Image,2,full,Nonoccluded,0,0.04324352235305943,0.28188316093969407,0.035462036915123465,21.0,-69.0,0.034896525633262676,0.013077363986302961,900,10,120,90.0,120.0
un_un,un -> un,0,expert,Expert,1,novel,Novel Image,2,full,Nonoccluded,0,-0.0213497663701118,0.2616176064558509,0.03461732696741819,22.0,-68.0,0.034896525633262676,0.013077363986302961,900,10,120,90.0,120.0
un_un,un -> un,0,expert,Expert,1,novel,Novel Image,2,full,Nonoccluded,0,-0.05525850752846945,0.2619064714851059,0.03417389001697302,23.0,-67.0,0.034896525633262676,0.013077363986302961,900,10,120,90.0,120.0
un_un,un -> un,0,expert,Expert,1,novel,Novel Image,2,full,Nonoccluded,0,-0.11579269025929839,0.24631597130214578,0.03338226247578859,24.0,-66.0,0.034896525633262676,0.013077363986302961,900,10,120,90.0,120.0
un_un,un -> un,0,expert,Expert,1,novel,Novel Image,2,full,Nonoccluded,0,-0.1000205116535792,0.2782163863524155,0.03358852099627256,25.0,-65.0,0.034896525633262676,0.013077363986302961,900,10,120,90.0,120.0
un_un,un -> un,0,expert,Expert,1,novel,Novel Image,2,full,Nonoccluded,0,-0.09962400731433621,0.27140939902820527,0.03359370622783899,26.0,-64.0,0.034896525633262676,0.013077363986302961,900,10,120,90.0,120.0
un_un,un -> un,0,expert,Expert,1,novel,Novel Image,2,full,Nonoccluded,0,-0.11685639953479147,0.25263000464687296,0.033368351962417366,27.0,-63.0,0.034896525633262676,0.013077363986302961,900,10,120,90.0,120.0
un_un,un -> un,0,expert,Expert,1,novel,Novel Image,2,full,Nonoccluded,0,-0.05203931332507824,0.21338586367742457,0.03421598859131336,28.0,-62.0,0.034896525633262676,0.013077363986302961,900,10,120,90.0,120.0
un_un,un -> un,0,expert,Expert,1,novel,Novel Image,2,full,Nonoccluded,0,-0.09364086252027326,0.1950707471978455,0.03367194999009371,29.0,-61.0,0.034896525633262676,0.013077363986302961,900,10,120,90.0,120.0
un_un,un -> un,0,expert,Expert,1,novel,Novel Image,2,full,Nonoccluded,0,-0.10208597195053459,0.20985787977499953,0.033561510220170024,30.0,-60.0,0.034896525633262676,0.013077363986302961,900,10,120,90.0,120.0
un_un,un -> un,0,expert,Expert,1,novel,Novel Image,2,full,Nonoccluded,0,-0.14127788630845278,0.19538613892175521,0.03304898329079151,31.0,-59.0,0.034896525633262676,0.013077363986302961,900,10,120,90.0,120.0
un_un,un -> un,0,expert,Expert,1,novel,Novel Image,2,full,Nonoccluded,0,-0.10370110256526259,0.20806114391322186,0.0335403885692358,32.0,-58.0,0.034896525633262676,0.013077363986302961,900,10,120,90.0,120.0
un_un,un -> un,0,expert,Expert,1,novel,Novel Image,2,full,Nonoccluded,0,-0.19970922014075612,0.1974629979746508,0.032284855470061304,33.0,-57.0,0.034896525633262676,0.013077363986302961,900,10,120,90.0,120.0
un_un,un -> un,0,expert,Expert,1,novel,Novel Image,2,full,Nonoccluded,0,-0.06277598082803829,0.243765195006849,0.03407558128237724,34.0,-56.0,0.034896525633262676,0.013077363986302961,900,10,120,90.0,120.0
un_un,un -> un,0,expert,Expert,1,novel,Novel Image,2,full,Nonoccluded,0,0.01893691472833716,0.2578373088231122,0.03514417055994272,35.0,-55.0,0.034896525633262676,0.013077363986302961,900,10,120,90.0,120.0
un_un,un -> un,0,expert,Expert,1,novel,Novel Image,2,full,Nonoccluded,0,-0.049161694263994506,0.2581541626201906,0.03425362026318908,36.0,-54.0,0.034896525633262676,0.013077363986302961,900,10,120,90.0,120.0
un_un,un -> un,0,expert,Expert,1,novel,Novel Image,2,full,Nonoccluded,0,-0.020712166084667017,0.27153868750761634,0.03462566509842872,37.0,-53.0,0.034896525633262676,0.013077363986302961,900,10,120,90.0,120.0
un_un,un -> un,0,expert,Expert,1,novel,Novel Image,2,full,Nonoccluded,0,0.03324286193487717,0.24446425473749486,0.03533125463873148,38.0,-52.0,0.034896525633262676,0.013077363986302961,900,10,120,90.0,120.0
un_un,un -> un,0,expert,Expert,1,novel,Novel Image,2,full,Nonoccluded,0,0.04216784160342556,0.22800398904431385,0.03544796984642744,39.0,-51.0,0.034896525633262676,0.013077363986302961,900,10,120,90.0,120.0
un_un,un -> un,0,expert,Expert,1,novel,Novel Image,2,full,Nonoccluded,0,0.1468436910253873,0.21816520415548862,0.036816854029893875,40.0,-50.0,0.034896525633262676,0.013077363986302961,900,10,120,90.0,120.0
un_un,un -> un,0,expert,Expert,1,novel,Novel Image,2,full,Nonoccluded,0,0.22767021322392691,0.24694219749719656,0.03787385188043117,41.0,-49.0,0.034896525633262676,0.013077363986302961,900,10,120,90.0,120.0
un_un,un -> un,0,expert,Expert,1,novel,Novel Image,2,full,Nonoccluded,0,0.11217507105035411,0.24649968685805454,0.036363479867577556,42.0,-48.0,0.034896525633262676,0.013077363986302961,900,10,120,90.0,120.0
un_un,un -> un,0,expert,Expert,1,novel,Novel Image,2,full,Nonoccluded,0,0.1108140974666432,0.2265495741963197,0.03634568192064762,43.0,-47.0,0.034896525633262676,0.013077363986302961,900,10,120,90.0,120.0
un_un,un -> un,0,expert,Expert,1,novel,Novel Image,2,full,Nonoccluded,0,0.04876364670527633,0.24933594936234038,0.03553422559052706,44.0,-46.0,0.034896525633262676,0.013077363986302961,900,10,120,90.0,120.0
un_un,un -> un,0,expert,Expert,1,novel,Novel Image,2,full,Nonoccluded,0,0.230649479429813,0.252324192872608,0.037912812829017636,45.0,-45.0,0.034896525633262676,0.013077363986302961,900,10,120,90.0,120.0
un_un,un -> un,0,expert,Expert,1,novel,Novel Image,2,full,Nonoccluded,0,0.3648614267658413,0.25046960793980383,0.0396679513156414,46.0,-44.0,0.034896525633262676,0.013077363986302961,900,10,120,90.0,120.0
un_un,un -> un,0,expert,Expert,1,novel,Novel Image,2,full,Nonoccluded,0,0.41368458791515084,0.2427270378356107,0.04030642956495285,47.0,-43.0,0.034896525633262676,0.013077363986302961,900,10,120,90.0,120.0
un_un,un -> un,0,expert,Expert,1,novel,Novel Image,2,full,Nonoccluded,0,0.4723745938972132,0.2939060677963349,0.04107394013553858,48.0,-42.0,0.034896525633262676,0.013077363986302961,900,10,120,90.0,120.0
un_un,un -> un,0,expert,Expert,1,novel,Novel Image,2,full,Nonoccluded,0,0.4828115116401556,0.32581675953402794,0.04121042750775814,49.0,-41.0,0.034896525633262676,0.013077363986302961,900,10,120,90.0,120.0
un_un,un -> un,0,expert,Expert,1,novel,Novel Image,2,full,Nonoccluded,0,0.5527207615860551,0.36301566560055815,0.0421246562153101,50.0,-40.0,0.034896525633262676,0.013077363986302961,900,10,120,90.0,120.0
un_un,un -> un,0,expert,Expert,1,novel,Novel Image,2,full,Nonoccluded,0,0.48188101261082855,0.35480827490425776,0.04119825903326273,51.0,-39.0,0.034896525633262676,0.013077363986302961,900,10,120,90.0,120.0
un_un,un -> un,0,expert,Expert,1,novel,Novel Image,2,full,Nonoccluded,0,0.5422417834467554,0.328919080433048,0.041987618803977965,52.0,-38.0,0.034896525633262676,0.013077363986302961,900,10,120,90.0,120.0
un_un,un -> un,0,expert,Expert,1,novel,Novel Image,2,full,Nonoccluded,0,0.4964032297321278,0.34046073917241537,0.04138817135244608,53.0,-37.0,0.034896525633262676,0.013077363986302961,900,10,120,90.0,120.0
un_un,un -> un,0,expert,Expert,1,novel,Novel Image,2,full,Nonoccluded,0,0.5378711983559603,0.34273591771707695,0.041930463071912526,54.0,-36.0,0.034896525633262676,0.013077363986302961,900,10,120,90.0,120.0
un_un,un -> un,0,expert,Expert,1,novel,Novel Image,2,full,Nonoccluded,0,0.5288546201743838,0.3814713994900662,0.0418125499971211,55.0,-35.0,0.034896525633262676,0.013077363986302961,900,10,120,90.0,120.0
un_un,un -> un,0,expert,Expert,1,novel,Novel Image,2,full,Nonoccluded,0,0.461927513576282,0.37038511919232325,0.04093731986358762,56.0,-34.0,0.034896525633262676,0.013077363986302961,900,10,120,90.0,120.0
un_un,un -> un,0,expert,Expert,1,novel,Novel Image,2,full,Nonoccluded,0,0.47070542429034895,0.3979366507088066,0.04105211179703474,57.0,-33.0,0.034896525633262676,0.013077363986302961,900,10,120,90.0,120.0
un_un,un -> un,0,expert,Expert,1,novel,Novel Image,2,full,Nonoccluded,0,0.4431019966037373,0.36424160270592026,0.040691131725907326,58.0,-32.0,0.034896525633262676,0.013077363986302961,900,10,120,90.0,120.0
un_un,un -> un,0,expert,Expert,1,novel,Novel Image,2,full,Nonoccluded,0,0.47162066877023534,0.39850708957145525,0.04106408078223467,59.0,-31.0,0.034896525633262676,0.013077363986302961,900,10,120,90.0,120.0
un_un,un -> un,0,expert,Expert,1,novel,Novel Image,2,full,Nonoccluded,0,0.32939906458356744,0.3766054970169626,0.039204197097569705,60.0,-30.0,0.034896525633262676,0.013077363986302961,900,10,120,90.0,120.0
un_un,un -> un,0,expert,Expert,1,novel,Novel Image,2,full,Nonoccluded,0,0.44633701508764057,0.40914045674537924,0.04073343724012375,61.0,-29.0,0.034896525633262676,0.013077363986302961,900,10,120,90.0,120.0
un_un,un -> un,0,expert,Expert,1,novel,Novel Image,2,full,Nonoccluded,0,0.5417471999035458,0.3520690632936596,0.04198115095496178,62.0,-28.0,0.034896525633262676,0.013077363986302961,900,10,120,90.0,120.0
un_un,un -> un,0,expert,Expert,1,novel,Novel Image,2,full,Nonoccluded,0,0.5171582478030416,0.35730761185493487,0.04165959227830172,63.0,-27.0,0.034896525633262676,0.013077363986302961,900,10,120,90.0,120.0
un_un,un -> un,0,expert,Expert,1,novel,Novel Image,2,full,Nonoccluded,0,0.42738049557683205,0.34752324550118263,0.040485535934567454,64.0,-26.0,0.034896525633262676,0.013077363986302961,900,10,120,90.0,120.0
un_un,un -> un,0,expert,Expert,1,novel,Novel Image,2,full,Nonoccluded,0,0.4716233180197179,0.3352911008793648,0.04106411542743445,65.0,-25.0,0.034896525633262676,0.013077363986302961,900,10,120,90.0,120.0
un_un,un -> un,0,expert,Expert,1,novel,Novel Image,2,full,Nonoccluded,0,0.41688372758482356,0.3047790715060597,0.040348265878856183,66.0,-24.0,0.034896525633262676,0.013077363986302961,900,10,120,90.0,120.0
un_un,un -> un,0,expert,Expert,1,novel,Novel Image,2,full,Nonoccluded,0,0.31105521250218515,0.30631015210370344,0.038964307866990566,67.0,-23.0,0.034896525633262676,0.013077363986302961,900,10,120,90.0,120.0
un_un,un -> un,0,expert,Expert,1,novel,Novel Image,2,full,Nonoccluded,0,0.2864662888882346,0.2827632049910573,0.038642749562859534,68.0,-22.0,0.034896525633262676,0.013077363986302961,900,10,120,90.0,120.0
un_un,un -> un,0,expert,Expert,1,novel,Novel Image,2,full,Nonoccluded,0,0.3579074744691393,0.28390685147033456,0.039577011950314045,69.0,-21.0,0.034896525633262676,0.013077363986302961,900,10,120,90.0,120.0
un_un,un -> un,0,expert,Expert,1,novel,Novel Image,2,full,Nonoccluded,0,0.4636564978240202,0.2954408688855946,0.040959930419921874,70.0,-20.0,0.034896525633262676,0.013077363986302961,900,10,120,90.0,120.0
un_un,un -> un,0,expert,Expert,1,novel,Novel Image,2,full,Nonoccluded,0,0.5998828005798859,0.3162426563297651,0.04274141136556864,71.0,-19.0,0.034896525633262676,0.013077363986302961,900,10,120,90.0,120.0
un_un,un -> un,0,expert,Expert,1,novel,Novel Image,2,full,Nonoccluded,0,0.6639571497565389,0.31132865793034326,0.0435793349519372,72.0,-18.0,0.034896525633262676,0.013077363986302961,900,10,120,90.0,120.0
un_un,un -> un,0,expert,Expert,1,novel,Novel Image,2,full,Nonoccluded,0,0.6102593553157982,0.282515706570934,0.04287710934877396,73.0,-17.0,0.034896525633262676,0.013077363986302961,900,10,120,90.0,120.0
un_un,un -> un,0,expert,Expert,1,novel,Novel Image,2,full,Nonoccluded,0,0.5471942562458368,0.253572858471808,0.04205238409340382,74.0,-16.0,0.034896525633262676,0.013077363986302961,900,10,120,90.0,120.0
un_un,un -> un,0,expert,Expert,1,novel,Novel Image,2,full,Nonoccluded,0,0.40446884599423855,0.23638737384814779,0.04018591195344925,75.0,-15.0,0.034896525633262676,0.013077363986302961,900,10,120,90.0,120.0
un_un,un -> un,0,expert,Expert,1,novel,Novel Image,2,full,Nonoccluded,0,0.3682171000474215,0.2106189894892532,0.03971183467656374,76.0,-14.0,0.034896525633262676,0.013077363986302961,900,10,120,90.0,120.0
un_un,un -> un,0,expert,Expert,1,novel,Novel Image,2,full,Nonoccluded,0,0.429063908460485,0.21580577109452814,0.040507550537586215,77.0,-13.0,0.034896525633262676,0.013077363986302961,900,10,120,90.0,120.0
un_un,un -> un,0,expert,Expert,1,novel,Novel Image,2,full,Nonoccluded,0,0.387767663903255,0.2224810446430319,0.03996750451624394,78.0,-12.0,0.034896525633262676,0.013077363986302961,900,10,120,90.0,120.0
un_un,un -> un,0,expert,Expert,1,novel,Novel Image,2,full,Nonoccluded,0,0.4622601296974895,0.25834469268717347,0.04094166960567236,79.0,-11.0,0.034896525633262676,0.013077363986302961,900,10,120,90.0,120.0
un_un,un -> un,0,expert,Expert,1,novel,Novel Image,2,full,Nonoccluded,0,0.47621952373648424,0.24821834184610642,0.04112422168254852,80.0,-10.0,0.034896525633262676,0.013077363986302961,900,10,120,90.0,120.0
un_un,un -> un,0,expert,Expert,1,novel,Novel Image,2,full,Nonoccluded,0,0.45101550421441494,0.24095639417806175,0.04079461954534054,81.0,-9.0,0.034896525633262676,0.013077363986302961,900,10,120,90.0,120.0
un_un,un -> un,0,expert,Expert,1,novel,Novel Image,2,full,Nonoccluded,0,0.5877435833682688,0.19636943631067702,0.04258266240358353,82.0,-8.0,0.034896525633262676,0.013077363986302961,900,10,120,90.0,120.0
un_un,un -> un,0,expert,Expert,1,novel,Novel Image,2,full,Nonoccluded,0,0.5530370905202546,0.2004811110452826,0.042128792963922024,83.0,-7.0,0.034896525633262676,0.013077363986302961,900,10,120,90.0,120.0
un_un,un -> un,0,expert,Expert,1,novel,Novel Image,2,full,Nonoccluded,0,0.4957708994590947,0.19569638726813732,0.04137990213930607,84.0,-6.0,0.034896525633262676,0.013077363986302961,900,10,120,90.0,120.0
un_un,un -> un,0,expert,Expert,1,novel,Novel Image,2,full,Nonoccluded,0,0.4641772889965211,0.19644381387668267,0.040966740995645526,85.0,-5.0,0.034896525633262676,0.013077363986302961,900,10,120,90.0,120.0
un_un,un -> un,0,expert,Expert,1,novel,Novel Image,2,full,Nonoccluded,0,0.4447565383653395,0.21528717608223494,0.04071276877075434,86.0,-4.0,0.034896525633262676,0.013077363986302961,900,10,120,90.0,120.0
un_un,un -> un,0,expert,Expert,1,novel,Novel Image,2,full,Nonoccluded,0,0.5808774693595226,0.23159056434665257,0.0424928717315197,87.0,-3.0,0.034896525633262676,0.013077363986302961,900,10,120,90.0,120.0
un_un,un -> un,0,expert,Expert,1,novel,Novel Image,2,full,Nonoccluded,0,0.6958444708297717,0.2174175368411893,0.043996337056159976,88.0,-2.0,0.034896525633262676,0.013077363986302961,900,10,120,90.0,120.0
un_un,un -> un,0,expert,Expert,1,novel,Novel Image,2,full,Nonoccluded,0,0.8085371058624059,0.22432527422877127,0.045470059663057324,89.0,-1.0,0.034896525633262676,0.013077363986302961,900,10,120,90.0,120.0
un_un,un -> un,0,expert,Expert,1,novel,Novel Image,2,full,Nonoccluded,0,0.6473738307809815,0.2098434391085252,0.04336246885359287,90.0,0.0,0.034896525633262676,0.013077363986302961,900,10,120,90.0,120.0
un_un,un -> un,0,expert,Expert,1,novel,Novel Image,2,full,Nonoccluded,0,0.5061797864333173,0.2152646301666416,0.041516022942960265,91.0,1.0,0.034896525633262676,0.013077363986302961,900,10,120,90.0,120.0
un_un,un -> un,0,expert,Expert,1,novel,Novel Image,2,full,Nonoccluded,0,0.4028250863931652,0.21657474348787584,0.04016441591084004,92.0,2.0,0.034896525633262676,0.013077363986302961,900,10,120,90.0,120.0
un_un,un -> un,0,expert,Expert,1,novel,Novel Image,2,full,Nonoccluded,0,0.24926042855917485,0.2057460144065544,0.03815619498491287,93.0,3.0,0.034896525633262676,0.013077363986302961,900,10,120,90.0,120.0
un_un,un -> un,0,expert,Expert,1,novel,Novel Image,2,full,Nonoccluded,0,0.10337396516003675,0.19545871410041477,0.03624838460236788,94.0,4.0,0.034896525633262676,0.013077363986302961,900,10,120,90.0,120.0
un_un,un -> un,0,expert,Expert,1,novel,Novel Image,2,full,Nonoccluded,0,-0.03521817435698062,0.18568577338911077,0.03443596474826336,95.0,5.0,0.034896525633262676,0.013077363986302961,900,10,120,90.0,120.0
un_un,un -> un,0,expert,Expert,1,novel,Novel Image,2,full,Nonoccluded,0,-0.15672346657740782,0.18191573230668376,0.03284699581563473,96.0,6.0,0.034896525633262676,0.013077363986302961,900,10,120,90.0,120.0
un_un,un -> un,0,expert,Expert,1,novel,Novel Image,2,full,Nonoccluded,0,-0.24510056345077325,0.19704543428936408,0.03169125635176897,97.0,7.0,0.034896525633262676,0.013077363986302961,900,10,120,90.0,120.0
un_un,un -> un,0,expert,Expert,1,novel,Novel Image,2,full,Nonoccluded,0,-0.36626898793187157,0.1871931512966361,0.030106692761182784,98.0,8.0,0.034896525633262676,0.013077363986302961,900,10,120,90.0,120.0
un_un,un -> un,0,expert,Expert,1,novel,Novel Image,2,full,Nonoccluded,0,-0.4813789634145252,0.17783349237585952,0.028601357713341713,99.0,9.0,0.034896525633262676,0.013077363986302961,900,10,120,90.0,120.0
un_un,un -> un,0,expert,Expert,1,novel,Novel Image,2,full,Nonoccluded,0,-0.5907334443960293,0.16894182203904634,0.02717128936201334,100.0,10.0,0.034896525633262676,0.013077363986302961,900,10,120,90.0,120.0
un_un,un -> un,0,expert,Expert,1,novel,Novel Image,2,full,Nonoccluded,0,-0.6946201593107917,0.1604947385287366,0.025812724977731703,101.0,11.0,0.034896525633262676,0.013077363986302961,900,10,120,90.0,120.0
un_un,un -> un,0,expert,Expert,1,novel,Novel Image,2,full,Nonoccluded,0,-0.7933125648298778,0.15246999102428344,0.0245220884680748,102.0,12.0,0.034896525633262676,0.013077363986302961,900,10,120,90.0,120.0
un_un,un -> un,0,expert,Expert,1,novel,Novel Image,2,full,Nonoccluded,0,-0.8870703728622524,0.1448464936674802,0.023295983485877515,103.0,13.0,0.034896525633262676,0.013077363986302961,900,10,120,90.0,120.0
un_un,un -> un,0,expert,Expert,1,novel,Novel Image,2,full,Nonoccluded,0,-0.9718684476307147,0.13787566541837476,0.022187048196792604,104.0,14.0,0.034896525633262676,0.013077363986302961,900,10,120,90.0,120.0
un_un,un -> un,0,expert,Expert,1,novel,Novel Image,2,full,Nonoccluded,0,-1.05669844158246,0.13098188064368393,0.021077695488929748,105.0,15.0,0.034896525633262676,0.013077363986302961,900,10,120,90.0,120.0
un_un,un -> un,0,expert,Expert,1,novel,Novel Image,2,full,Nonoccluded,0,-1.1372869301393076,0.12443279020449886,0.020023810490965844,106.0,16.0,0.034896525633262676,0.013077363986302961,900,10,120,90.0,120.0
un_un,un -> un,0,expert,Expert,1,novel,Novel Image,2,full,Nonoccluded,0,-1.1971815185259413,0.11504396470989536,0.01924054715782404,107.0,17.0,0.034896525633262676,0.013077363986302961,900,10,120,90.0,120.0
un_un,un -> un,0,expert,Expert,1,novel,Novel Image,2,full,Nonoccluded,0,-1.2707458639180722,0.10929176689100786,0.018278519436717034,108.0,18.0,0.034896525633262676,0.013077363986302961,900,10,120,90.0,120.0
un_un,un -> un,0,expert,Expert,1,novel,Novel Image,2,full,Nonoccluded,0,-1.3406319756608287,0.10382717805706682,0.01736459331586957,109.0,19.0,0.034896525633262676,0.013077363986302961,900,10,120,90.0,120.0
un_un,un -> un,0,expert,Expert,1,novel,Novel Image,2,full,Nonoccluded,0,-1.407023791430659,0.09863581334186398,0.016496363375335932,110.0,20.0,0.034896525633262676,0.013077363986302961,900,10,120,90.0,120.0
un_un,un -> un,0,expert,Expert,1,novel,Novel Image,2,full,Nonoccluded,0,-1.470096005017376,0.09370402133583264,0.015671545080840586,111.0,21.0,0.034896525633262676,0.013077363986302961,900,10,120,90.0,120.0
un_un,un -> un,0,expert,Expert,1,novel,Novel Image,2,full,Nonoccluded,0,-1.5300146218119521,0.08901881385619614,0.014887967519462109,112.0,22.0,0.034896525633262676,0.013077363986302961,900,10,120,90.0,120.0
un_un,un -> un,0,expert,Expert,1,novel,Novel Image,2,full,Nonoccluded,0,-1.5353704926962422,0.08020907518433164,0.014817926846444607,113.0,23.0,0.034896525633262676,0.013077363986302961,900,10,120,90.0,120.0
un_un,un -> un,0,expert,Expert,1,novel,Novel Image,2,full,Nonoccluded,0,-1.5920253623176321,0.07619862348837497,0.014077030494809151,114.0,24.0,0.034896525633262676,0.013077363986302961,900,10,120,90.0,120.0
un_un,un -> un,0,expert,Expert,1,novel,Novel Image,2,full,Nonoccluded,0,-1.6458475148080143,0.07238869201080542,0.013373178616166114,115.0,25.0,0.034896525633262676,0.013077363986302961,900,10,120,90.0,120.0
un_un,un -> un,0,expert,Expert,1,novel,Novel Image,2,full,Nonoccluded,0,-1.696978542581946,0.06876925622625682,0.012704519554972649,116.0,26.0,0.034896525633262676,0.013077363986302961,900,10,120,90.0,120.0
un_un,un -> un,0,expert,Expert,1,novel,Novel Image,2,full,Nonoccluded,0,-1.7455530303618023,0.06533079157960284,0.012069293297827244,117.0,27.0,0.034896525633262676,0.013077363986302961,900,10,120,90.0,120.0
un_un,un -> un,0,expert,Expert,1,novel,Novel Image,2,full,Nonoccluded,0,-1.7916987973134848,0.06206425210370795,0.01146582830697298,118.0,28.0,0.034896525633262676,0.013077363986302961,900,10,120,90.0,120.0
un_un,un -> un,0,expert,Expert,1,novel,Novel Image,2,full,Nonoccluded,0,-1.8355372673716173,0.05896103979198173,0.010892536677420139,119.0,29.0,0.034896525633262676,0.013077363986302961,900,10,120,90.0,120.0
un_un,un -> un,0,expert,Expert,1,novel,Novel Image,2,occlusion,Occluded,1,-0.5065990575380193,0.3834471396263873,0.03822425389662385,0.0,-90.0,0.04303376806434244,0.009493729007495531,900,10,120,90.0,120.0
un_un,un -> un,0,expert,Expert,1,novel,Novel Image,2,occlusion,Occluded,1,-0.4318034209490512,0.4005121478955202,0.03893434340134263,1.0,-89.0,0.04303376806434244,0.009493729007495531,900,10,120,90.0,120.0
un_un,un -> un,0,expert,Expert,1,novel,Novel Image,2,occlusion,Occluded,1,-0.48337114673859344,0.39013440575262653,0.03844477338716388,2.0,-88.0,0.04303376806434244,0.009493729007495531,900,10,120,90.0,120.0
un_un,un -> un,0,expert,Expert,1,novel,Novel Image,2,occlusion,Occluded,1,-0.467772421713477,0.40942787985395296,0.03859286345541477,3.0,-87.0,0.04303376806434244,0.009493729007495531,900,10,120,90.0,120.0
un_un,un -> un,0,expert,Expert,1,novel,Novel Image,2,occlusion,Occluded,1,-0.4602436350645521,0.43680904436187085,0.038664339715614914,4.0,-86.0,0.04303376806434244,0.009493729007495531,900,10,120,90.0,120.0
un_un,un -> un,0,expert,Expert,1,novel,Novel Image,2,occlusion,Occluded,1,-0.4990713450699757,0.4362911562287054,0.0382957199588418,5.0,-85.0,0.04303376806434244,0.009493729007495531,900,10,120,90.0,120.0
un_un,un -> un,0,expert,Expert,1,novel,Novel Image,2,occlusion,Occluded,1,-0.3227688328364178,0.41430717534846084,0.03996948823332787,6.0,-84.0,0.04303376806434244,0.009493729007495531,900,10,120,90.0,120.0
un_un,un -> un,0,expert,Expert,1,novel,Novel Image,2,occlusion,Occluded,1,-0.28079016772118703,0.4160027508162563,0.04036802230402827,7.0,-83.0,0.04303376806434244,0.009493729007495531,900,10,120,90.0,120.0
un_un,un -> un,0,expert,Expert,1,novel,Novel Image,2,occlusion,Occluded,1,0.06936895178415761,0.4150884442727132,0.043692338094115254,8.0,-82.0,0.04303376806434244,0.009493729007495531,900,10,120,90.0,120.0
un_un,un -> un,0,expert,Expert,1,novel,Novel Image,2,occlusion,Occluded,1,-0.12832354285599631,0.39197035548338766,0.04181549912318587,9.0,-81.0,0.04303376806434244,0.009493729007495531,900,10,120,90.0,120.0
un_un,un -> un,0,expert,Expert,1,novel,Novel Image,2,occlusion,Occluded,1,-0.06813451979215558,0.3259415020800828,0.042386917397379875,10.0,-80.0,0.04303376806434244,0.009493729007495531,900,10,120,90.0,120.0
un_un,un -> un,0,expert,Expert,1,novel,Novel Image,2,occlusion,Occluded,1,-0.07415630914359321,0.3276242821349965,0.042329748161137104,11.0,-79.0,0.04303376806434244,0.009493729007495531,900,10,120,90.0,120.0
un_un,un -> un,0,expert,Expert,1,novel,Novel Image,2,occlusion,Occluded,1,-0.05888669548273738,0.3766567036756466,0.04247471373528242,12.0,-78.0,0.04303376806434244,0.009493729007495531,900,10,120,90.0,120.0
un_un,un -> un,0,expert,Expert,1,novel,Novel Image,2,occlusion,Occluded,1,-0.08269162289803278,0.3478574423346124,0.04224871620535851,13.0,-77.0,0.04303376806434244,0.009493729007495531,900,10,120,90.0,120.0
un_un,un -> un,0,expert,Expert,1,novel,Novel Image,2,occlusion,Occluded,1,-0.12514721451468713,0.31513129588265043,0.04184565432369709,14.0,-76.0,0.04303376806434244,0.009493729007495531,900,10,120,90.0,120.0
un_un,un -> un,0,expert,Expert,1,novel,Novel Image,2,occlusion,Occluded,1,-0.011497857047174442,0.3059622920272723,0.042924610525369646,15.0,-75.0,0.04303376806434244,0.009493729007495531,900,10,120,90.0,120.0
un_un,un -> un,0,expert,Expert,1,novel,Novel Image,2,occlusion,Occluded,1,-0.0655068084899914,0.33752608669986633,0.042411864176392554,16.0,-74.0,0.04303376806434244,0.009493729007495531,900,10,120,90.0,120.0
un_un,un -> un,0,expert,Expert,1,novel,Novel Image,2,occlusion,Occluded,1,-0.18869799210265187,0.3806048046221915,0.04124232046306133,17.0,-73.0,0.04303376806434244,0.009493729007495531,900,10,120,90.0,120.0
un_un,un -> un,0,expert,Expert,1,novel,Novel Image,2,occlusion,Occluded,1,-0.13230620335912147,0.4372682388015217,0.041777688823640344,18.0,-72.0,0.04303376806434244,0.009493729007495531,900,10,120,90.0,120.0
un_un,un -> un,0,expert,Expert,1,novel,Novel Image,2,occlusion,Occluded,1,0.04489866005420777,0.4059311218597022,0.04346002377569676,19.0,-71.0,0.04303376806434244,0.009493729007495531,900,10,120,90.0,120.0
un_un,un -> un,0,expert,Expert,1,novel,Novel Image,2,occlusion,Occluded,1,0.0781464320156349,0.384807641885737,0.04377566911280155,20.0,-70.0,0.04303376806434244,0.009493729007495531,900,10,120,90.0,120.0
un_un,un -> un,0,expert,Expert,1,novel,Novel Image,2,occlusion,Occluded,1,0.04016818327015167,0.40750080432850433,0.04341511391103268,21.0,-69.0,0.04303376806434244,0.009493729007495531,900,10,120,90.0,120.0
un_un,un -> un,0,expert,Expert,1,novel,Novel Image,2,occlusion,Occluded,1,-0.008889274993581175,0.386136728199796,0.042949375696480274,22.0,-68.0,0.04303376806434244,0.009493729007495531,900,10,120,90.0,120.0
un_un,un -> un,0,expert,Expert,1,novel,Novel Image,2,occlusion,Occluded,1,0.1192968006677417,0.38034032452409094,0.04416633956134319,23.0,-67.0,0.04303376806434244,0.009493729007495531,900,10,120,90.0,120.0
un_un,un -> un,0,expert,Expert,1,novel,Novel Image,2,occlusion,Occluded,1,0.02726137515330046,0.41163665414747014,0.04329258017241955,24.0,-66.0,0.04303376806434244,0.009493729007495531,900,10,120,90.0,120.0
un_un,un -> un,0,expert,Expert,1,novel,Novel Image,2,occlusion,Occluded,1,0.030544091546277564,0.3672576656747629,0.043323745392262934,25.0,-65.0,0.04303376806434244,0.009493729007495531,900,10,120,90.0,120.0
un_un,un -> un,0,expert,Expert,1,novel,Novel Image,2,occlusion,Occluded,1,-0.0074557192958000455,0.3207669085355994,0.04296298548579216,26.0,-64.0,0.04303376806434244,0.009493729007495531,900,10,120,90.0,120.0
un_un,un -> un,0,expert,Expert,1,novel,Novel Image,2,occlusion,Occluded,1,0.16672464315064733,0.4451331829449737,0.044616606645286085,27.0,-63.0,0.04303376806434244,0.009493729007495531,900,10,120,90.0,120.0
un_un,un -> un,0,expert,Expert,1,novel,Novel Image,2,occlusion,Occluded,1,0.19157186936628526,0.416930768933207,0.04485249947756529,28.0,-62.0,0.04303376806434244,0.009493729007495531,900,10,120,90.0,120.0
un_un,un -> un,0,expert,Expert,1,novel,Novel Image,2,occlusion,Occluded,1,0.06338100648788401,0.3969152065393441,0.043635490164160726,29.0,-61.0,0.04303376806434244,0.009493729007495531,900,10,120,90.0,120.0
un_un,un -> un,0,expert,Expert,1,novel,Novel Image,2,occlusion,Occluded,1,0.30126879054341493,0.3809049994306312,0.045893932320177556,30.0,-60.0,0.04303376806434244,0.009493729007495531,900,10,120,90.0,120.0
un_un,un -> un,0,expert,Expert,1,novel,Novel Image,2,occlusion,Occluded,1,0.23515502718255346,0.3618550215037986,0.04526626616716385,31.0,-59.0,0.04303376806434244,0.009493729007495531,900,10,120,90.0,120.0
un_un,un -> un,0,expert,Expert,1,novel,Novel Image,2,occlusion,Occluded,1,0.36673992887074397,0.3956376009061588,0.04651549756526947,32.0,-58.0,0.04303376806434244,0.009493729007495531,900,10,120,90.0,120.0
un_un,un -> un,0,expert,Expert,1,novel,Novel Image,2,occlusion,Occluded,1,0.19269849381827717,0.3645325860151186,0.04486319534480572,33.0,-57.0,0.04303376806434244,0.009493729007495531,900,10,120,90.0,120.0
un_un,un -> un,0,expert,Expert,1,novel,Novel Image,2,occlusion,Occluded,1,0.15078256282848823,0.3689400317967919,0.04446525685489178,34.0,-56.0,0.04303376806434244,0.009493729007495531,900,10,120,90.0,120.0
un_un,un -> un,0,expert,Expert,1,novel,Novel Image,2,occlusion,Occluded,1,0.28418888289651106,0.3371001056202641,0.0457317803055048,35.0,-55.0,0.04303376806434244,0.009493729007495531,900,10,120,90.0,120.0
un_un,un -> un,0,expert,Expert,1,novel,Novel Image,2,occlusion,Occluded,1,0.23192122280669167,0.3002762753759523,0.04523556530475616,36.0,-54.0,0.04303376806434244,0.009493729007495531,900,10,120,90.0,120.0
un_un,un -> un,0,expert,Expert,1,novel,Novel Image,2,occlusion,Occluded,1,0.1643997233286844,0.3046860675122439,0.04459453448653221,37.0,-53.0,0.04303376806434244,0.009493729007495531,900,10,120,90.0,120.0
un_un,un -> un,0,expert,Expert,1,novel,Novel Image,2,occlusion,Occluded,1,0.133110982618348,0.2879160102322151,0.04429748766124249,38.0,-52.0,0.04303376806434244,0.009493729007495531,900,10,120,90.0,120.0
un_un,un -> un,0,expert,Expert,1,novel,Novel Image,2,occlusion,Occluded,1,0.044690219913881404,0.26010168362388125,0.04345804490149021,39.0,-51.0,0.04303376806434244,0.009493729007495531,900,10,120,90.0,120.0
un_un,un -> un,0,expert,Expert,1,novel,Novel Image,2,occlusion,Occluded,1,0.04296584077859476,0.20826639564576896,0.04344167411327362,40.0,-50.0,0.04303376806434244,0.009493729007495531,900,10,120,90.0,120.0
un_un,un -> un,0,expert,Expert,1,novel,Novel Image,2,occlusion,Occluded,1,-0.08242620702657805,0.185111049997543,0.04225123599171639,41.0,-49.0,0.04303376806434244,0.009493729007495531,900,10,120,90.0,120.0
un_un,un -> un,0,expert,Expert,1,novel,Novel Image,2,occlusion,Occluded,1,-0.23371729542266148,0.183034248382731,0.04081491939723492,42.0,-48.0,0.04303376806434244,0.009493729007495531,900,10,120,90.0,120.0
un_un,un -> un,0,expert,Expert,1,novel,Novel Image,2,occlusion,Occluded,1,-0.3090777843873823,0.1876833713979876,0.0400994673371315,43.0,-47.0,0.04303376806434244,0.009493729007495531,900,10,120,90.0,120.0
un_un,un -> un,0,expert,Expert,1,novel,Novel Image,2,occlusion,Occluded,1,-0.2507336939643098,0.23359548069943317,0.04065337032079697,44.0,-46.0,0.04303376806434244,0.009493729007495531,900,10,120,90.0,120.0
un_un,un -> un,0,expert,Expert,1,novel,Novel Image,2,occlusion,Occluded,1,-0.05544282252795305,0.2775535813974479,0.042507408931851384,45.0,-45.0,0.04303376806434244,0.009493729007495531,900,10,120,90.0,120.0
un_un,un -> un,0,expert,Expert,1,novel,Novel Image,2,occlusion,Occluded,1,0.002952239985157962,0.24759915186150117,0.043061795830726626,46.0,-44.0,0.04303376806434244,0.009493729007495531,900,10,120,90.0,120.0
un_un,un -> un,0,expert,Expert,1,novel,Novel Image,2,occlusion,Occluded,1,0.04234287472667051,0.21640227383946847,0.04343575984239578,47.0,-43.0,0.04303376806434244,0.009493729007495531,900,10,120,90.0,120.0
un_un,un -> un,0,expert,Expert,1,novel,Novel Image,2,occlusion,Occluded,1,-0.07337801359327253,0.2507682889931068,0.042337137088179586,48.0,-42.0,0.04303376806434244,0.009493729007495531,900,10,120,90.0,120.0
un_un,un -> un,0,expert,Expert,1,novel,Novel Image,2,occlusion,Occluded,1,-0.14456530492922998,0.22523117601803525,0.04166130423545837,49.0,-41.0,0.04303376806434244,0.009493729007495531,900,10,120,90.0,120.0
un_un,un -> un,0,expert,Expert,1,novel,Novel Image,2,occlusion,Occluded,1,-0.11389521392755057,0.20191864288559788,0.041952477768063545,50.0,-40.0,0.04303376806434244,0.009493729007495531,900,10,120,90.0,120.0
un_un,un -> un,0,expert,Expert,1,novel,Novel Image,2,occlusion,Occluded,1,-0.16781670055997833,0.17476521271787374,0.04144056178629398,51.0,-39.0,0.04303376806434244,0.009493729007495531,900,10,120,90.0,120.0
un_un,un -> un,0,expert,Expert,1,novel,Novel Image,2,occlusion,Occluded,1,-0.3161468167141777,0.1954913591702479,0.040032355859875676,52.0,-38.0,0.04303376806434244,0.009493729007495531,900,10,120,90.0,120.0
un_un,un -> un,0,expert,Expert,1,novel,Novel Image,2,occlusion,Occluded,1,0.037692014856153956,0.287571475742215,0.04339160583913326,53.0,-37.0,0.04303376806434244,0.009493729007495531,900,10,120,90.0,120.0
un_un,un -> un,0,expert,Expert,1,novel,Novel Image,2,occlusion,Occluded,1,0.06925496108241663,0.32900543459634707,0.04369125589728355,54.0,-36.0,0.04303376806434244,0.009493729007495531,900,10,120,90.0,120.0
un_un,un -> un,0,expert,Expert,1,novel,Novel Image,2,occlusion,Occluded,1,0.004854884097384127,0.31709789115615217,0.043079859018325804,55.0,-35.0,0.04303376806434244,0.009493729007495531,900,10,120,90.0,120.0
un_un,un -> un,0,expert,Expert,1,novel,Novel Image,2,occlusion,Occluded,1,-0.04144311629582127,0.26649731993489656,0.042640318349003795,56.0,-34.0,0.04303376806434244,0.009493729007495531,900,10,120,90.0,120.0
un_un,un -> un,0,expert,Expert,1,novel,Novel Image,2,occlusion,Occluded,1,-0.07583611222477393,0.2833362340976279,0.04231380056589842,57.0,-33.0,0.04303376806434244,0.009493729007495531,900,10,120,90.0,120.0
un_un,un -> un,0,expert,Expert,1,novel,Novel Image,2,occlusion,Occluded,1,0.167865138760321,0.29232415022833536,0.044627434201538564,58.0,-32.0,0.04303376806434244,0.009493729007495531,900,10,120,90.0,120.0
un_un,un -> un,0,expert,Expert,1,novel,Novel Image,2,occlusion,Occluded,1,0.14300270724453687,0.24191741152087537,0.04439139701426029,59.0,-31.0,0.04303376806434244,0.009493729007495531,900,10,120,90.0,120.0
un_un,un -> un,0,expert,Expert,1,novel,Novel Image,2,occlusion,Occluded,1,0.06465318980669459,0.2417206276331535,0.043647567927837375,60.0,-30.0,0.04303376806434244,0.009493729007495531,900,10,120,90.0,120.0
un_un,un -> un,0,expert,Expert,1,novel,Novel Image,2,occlusion,Occluded,1,-0.02279400205409021,0.2396878345536807,0.04281736798584461,61.0,-29.0,0.04303376806434244,0.009493729007495531,900,10,120,90.0,120.0
un_un,un -> un,0,expert,Expert,1,novel,Novel Image,2,occlusion,Occluded,1,0.0684858671911521,0.2995155185004598,0.043683954328298566,62.0,-28.0,0.04303376806434244,0.009493729007495531,900,10,120,90.0,120.0
un_un,un -> un,0,expert,Expert,1,novel,Novel Image,2,occlusion,Occluded,1,0.0245605410722398,0.30860891562844733,0.04326693918555975,63.0,-27.0,0.04303376806434244,0.009493729007495531,900,10,120,90.0,120.0
un_un,un -> un,0,expert,Expert,1,novel,Novel Image,2,occlusion,Occluded,1,0.1907228250258651,0.3016524294243718,0.04484443888068199,64.0,-26.0,0.04303376806434244,0.009493729007495531,900,10,120,90.0,120.0
un_un,un -> un,0,expert,Expert,1,novel,Novel Image,2,occlusion,Occluded,1,0.1656196788939605,0.30920214494398124,0.04460611641407013,65.0,-25.0,0.04303376806434244,0.009493729007495531,900,10,120,90.0,120.0
un_un,un -> un,0,expert,Expert,1,novel,Novel Image,2,occlusion,Occluded,1,0.06432526543683248,0.3368188723857808,0.043644454702734946,66.0,-24.0,0.04303376806434244,0.009493729007495531,900,10,120,90.0,120.0
un_un,un -> un,0,expert,Expert,1,novel,Novel Image,2,occlusion,Occluded,1,0.11814892803502945,0.35564057072854016,0.0441554419696331,67.0,-23.0,0.04303376806434244,0.009493729007495531,900,10,120,90.0,120.0
un_un,un -> un,0,expert,Expert,1,novel,Novel Image,2,occlusion,Occluded,1,-0.018957106425075965,0.3358232221047914,0.042853794433176516,68.0,-22.0,0.04303376806434244,0.009493729007495531,900,10,120,90.0,120.0
un_un,un -> un,0,expert,Expert,1,novel,Novel Image,2,occlusion,Occluded,1,0.1989544840314501,0.34561000168375894,0.04492258802056313,69.0,-21.0,0.04303376806434244,0.009493729007495531,900,10,120,90.0,120.0
un_un,un -> un,0,expert,Expert,1,novel,Novel Image,2,occlusion,Occluded,1,0.30859688194521684,0.3649583654983609,0.04596350323408842,70.0,-20.0,0.04303376806434244,0.009493729007495531,900,10,120,90.0,120.0
un_un,un -> un,0,expert,Expert,1,novel,Novel Image,2,occlusion,Occluded,1,0.17644249762213254,0.3182243099901068,0.04470886532217264,71.0,-19.0,0.04303376806434244,0.009493729007495531,900,10,120,90.0,120.0
un_un,un -> un,0,expert,Expert,1,novel,Novel Image,2,occlusion,Occluded,1,0.08843125779502212,0.34177993739018125,0.04387331046164036,72.0,-18.0,0.04303376806434244,0.009493729007495531,900,10,120,90.0,120.0
un_un,un -> un,0,expert,Expert,1,novel,Novel Image,2,occlusion,Occluded,1,0.13905807961151923,0.3342759233805915,0.04435394778847694,73.0,-17.0,0.04303376806434244,0.009493729007495531,900,10,120,90.0,120.0
un_un,un -> un,0,expert,Expert,1,novel,Novel Image,2,occlusion,Occluded,1,0.15083341720007387,0.32410882249901246,0.044465739652514456,74.0,-16.0,0.04303376806434244,0.009493729007495531,900,10,120,90.0,120.0
un_un,un -> un,0,expert,Expert,1,novel,Novel Image,2,occlusion,Occluded,1,0.05750320642389515,0.32536966408701706,0.04357968792319298,75.0,-15.0,0.04303376806434244,0.009493729007495531,900,10,120,90.0,120.0
un_un,un -> un,0,expert,Expert,1,novel,Novel Image,2,occlusion,Occluded,1,0.07835844294902791,0.31484764292535894,0.04377768188714981,76.0,-14.0,0.04303376806434244,0.009493729007495531,900,10,120,90.0,120.0
un_un,un -> un,0,expert,Expert,1,novel,Novel Image,2,occlusion,Occluded,1,0.0668730459095831,0.3188411207124405,0.04366864264011383,77.0,-13.0,0.04303376806434244,0.009493729007495531,900,10,120,90.0,120.0
un_un,un -> un,0,expert,Expert,1,novel,Novel Image,2,occlusion,Occluded,1,0.017240945018777595,0.30684664505649595,0.04319744892418385,78.0,-12.0,0.04303376806434244,0.009493729007495531,900,10,120,90.0,120.0
un_un,un -> un,0,expert,Expert,1,novel,Novel Image,2,occlusion,Occluded,1,0.05747903490159828,0.3626330065109785,0.043579458445310595,79.0,-11.0,0.04303376806434244,0.009493729007495531,900,10,120,90.0,120.0
un_un,un -> un,0,expert,Expert,1,novel,Novel Image,2,occlusion,Occluded,1,0.07373163688235544,0.30762318938435146,0.04373375624418259,80.0,-10.0,0.04303376806434244,0.009493729007495531,900,10,120,90.0,120.0
un_un,un -> un,0,expert,Expert,1,novel,Novel Image,2,occlusion,Occluded,1,0.023793468014414076,0.2893679387336368,0.0432596568018198,81.0,-9.0,0.04303376806434244,0.009493729007495531,900,10,120,90.0,120.0
un_un,un -> un,0,expert,Expert,1,novel,Novel Image,2,occlusion,Occluded,1,0.012622457722765781,0.2535985323855377,0.04315360225737095,82.0,-8.0,0.04303376806434244,0.009493729007495531,900,10,120,90.0,120.0
un_un,un -> un,0,expert,Expert,1,novel,Novel Image,2,occlusion,Occluded,1,-0.05794551683330248,0.19837606683040038,0.042483649030327794,83.0,-7.0,0.04303376806434244,0.009493729007495531,900,10,120,90.0,120.0
un_un,un -> un,0,expert,Expert,1,novel,Novel Image,2,occlusion,Occluded,1,-0.12210262293187017,0.20463104985628575,0.04187455885112286,84.0,-6.0,0.04303376806434244,0.009493729007495531,900,10,120,90.0,120.0
un_un,un -> un,0,expert,Expert,1,novel,Novel Image,2,occlusion,Occluded,1,0.09214374463922745,0.26673729265939994,0.04390855580568313,85.0,-5.0,0.04303376806434244,0.009493729007495531,900,10,120,90.0,120.0
un_un,un -> un,0,expert,Expert,1,novel,Novel Image,2,occlusion,Occluded,1,0.13315863897196745,0.26829778676834615,0.04429794009774923,86.0,-4.0,0.04303376806434244,0.009493729007495531,900,10,120,90.0,120.0
un_un,un -> un,0,expert,Expert,1,novel,Novel Image,2,occlusion,Occluded,1,0.2838613901609756,0.3036622228352519,0.0457286711782217,87.0,-3.0,0.04303376806434244,0.009493729007495531,900,10,120,90.0,120.0
un_un,un -> un,0,expert,Expert,1,novel,Novel Image,2,occlusion,Occluded,1,0.2260681828572634,0.28499188263801506,0.04517999812960625,88.0,-2.0,0.04303376806434244,0.009493729007495531,900,10,120,90.0,120.0
un_un,un -> un,0,expert,Expert,1,novel,Novel Image,2,occlusion,Occluded,1,0.161476499470647,0.29099071693917744,0.04456678219139576,89.0,-1.0,0.04303376806434244,0.009493729007495531,900,10,120,90.0,120.0
un_un,un -> un,0,expert,Expert,1,novel,Novel Image,2,occlusion,Occluded,1,0.1142075376594623,0.33158131718878414,0.04411802347749472,90.0,0.0,0.04303376806434244,0.009493729007495531,900,10,120,90.0,120.0
un_un,un -> un,0,expert,Expert,1,novel,Novel Image,2,occlusion,Occluded,1,0.15263478420345541,0.30096325791678435,0.04448284134268761,91.0,1.0,0.04303376806434244,0.009493729007495531,900,10,120,90.0,120.0
un_un,un -> un,0,expert,Expert,1,novel,Novel Image,2,occlusion,Occluded,1,0.07539974659723017,0.31554264168085877,0.04374959282577038,92.0,2.0,0.04303376806434244,0.009493729007495531,900,10,120,90.0,120.0
un_un,un -> un,0,expert,Expert,1,novel,Novel Image,2,occlusion,Occluded,1,-0.045669404946772414,0.2834925432027508,0.04260019510984421,93.0,3.0,0.04303376806434244,0.009493729007495531,900,10,120,90.0,120.0
un_un,un -> un,0,expert,Expert,1,novel,Novel Image,2,occlusion,Occluded,1,-0.1576785323529687,0.25249740682894856,0.04153681080788374,94.0,4.0,0.04303376806434244,0.009493729007495531,900,10,120,90.0,120.0
un_un,un -> un,0,expert,Expert,1,novel,Novel Image,2,occlusion,Occluded,1,-0.21455887229513113,0.2545901322499593,0.040996804274618624,95.0,5.0,0.04303376806434244,0.009493729007495531,900,10,120,90.0,120.0
un_un,un -> un,0,expert,Expert,1,novel,Novel Image,2,occlusion,Occluded,1,-0.26797161901428107,0.27612653766947715,0.04048971813172102,96.0,6.0,0.04303376806434244,0.009493729007495531,900,10,120,90.0,120.0
un_un,un -> un,0,expert,Expert,1,novel,Novel Image,2,occlusion,Occluded,1,-0.24953506505872242,0.24521836806650327,0.040664749778807165,97.0,7.0,0.04303376806434244,0.009493729007495531,900,10,120,90.0,120.0
un_un,un -> un,0,expert,Expert,1,novel,Novel Image,2,occlusion,Occluded,1,-0.23946813613536544,0.2698665019088566,0.040760322473943233,98.0,8.0,0.04303376806434244,0.009493729007495531,900,10,120,90.0,120.0
un_un,un -> un,0,expert,Expert,1,novel,Novel Image,2,occlusion,Occluded,1,-0.2323757955549266,0.3442313730286012,0.04082765523344278,99.0,9.0,0.04303376806434244,0.009493729007495531,900,10,120,90.0,120.0
un_un,un -> un,0,expert,Expert,1,novel,Novel Image,2,occlusion,Occluded,1,-0.3192310990353117,0.3364989987578206,0.040003074519336226,100.0,10.0,0.04303376806434244,0.009493729007495531,900,10,120,90.0,120.0
un_un,un -> un,0,expert,Expert,1,novel,Novel Image,2,occlusion,Occluded,1,-0.2881042211974992,0.2937079465901559,0.04029858466237783,101.0,11.0,0.04303376806434244,0.009493729007495531,900,10,120,90.0,120.0
un_un,un -> un,0,expert,Expert,1,novel,Novel Image,2,occlusion,Occluded,1,-0.23983942013532183,0.3380301194715395,0.04075679760426283,102.0,12.0,0.04303376806434244,0.009493729007495531,900,10,120,90.0,120.0
un_un,un -> un,0,expert,Expert,1,novel,Novel Image,2,occlusion,Occluded,1,-0.26091592811213005,0.3007140835158512,0.040556702949106696,103.0,13.0,0.04303376806434244,0.009493729007495531,900,10,120,90.0,120.0
un_un,un -> un,0,expert,Expert,1,novel,Novel Image,2,occlusion,Occluded,1,-0.06392455476665172,0.2820294986566947,0.042426885664463045,104.0,14.0,0.04303376806434244,0.009493729007495531,900,10,120,90.0,120.0
un_un,un -> un,0,expert,Expert,1,novel,Novel Image,2,occlusion,Occluded,1,0.007351084268090546,0.3201334944422466,0.04310355726629496,105.0,15.0,0.04303376806434244,0.009493729007495531,900,10,120,90.0,120.0
un_un,un -> un,0,expert,Expert,1,novel,Novel Image,2,occlusion,Occluded,1,0.034610028044848515,0.3410352954158028,0.04336234629154205,106.0,16.0,0.04303376806434244,0.009493729007495531,900,10,120,90.0,120.0
un_un,un -> un,0,expert,Expert,1,novel,Novel Image,2,occlusion,Occluded,1,0.05911539987371624,0.31338090929114176,0.04359499365091324,107.0,17.0,0.04303376806434244,0.009493729007495531,900,10,120,90.0,120.0
un_un,un -> un,0,expert,Expert,1,novel,Novel Image,2,occlusion,Occluded,1,-0.08311907821969047,0.29758071358791677,0.04224465806037188,108.0,18.0,0.04303376806434244,0.009493729007495531,900,10,120,90.0,120.0
un_un,un -> un,0,expert,Expert,1,novel,Novel Image,2,occlusion,Occluded,1,-0.12151326549820449,0.3122253255089129,0.04188015405088663,109.0,19.0,0.04303376806434244,0.009493729007495531,900,10,120,90.0,120.0
un_un,un -> un,0,expert,Expert,1,novel,Novel Image,2,occlusion,Occluded,1,-0.13892392275783638,0.3194644370128047,0.0417148619890213,110.0,20.0,0.04303376806434244,0.009493729007495531,900,10,120,90.0,120.0
un_un,un -> un,0,expert,Expert,1,novel,Novel Image,2,occlusion,Occluded,1,-0.2376667495122417,0.3419173239244822,0.0407774243503809,111.0,21.0,0.04303376806434244,0.009493729007495531,900,10,120,90.0,120.0
un_un,un -> un,0,expert,Expert,1,novel,Novel Image,2,occlusion,Occluded,1,-0.26264069964225917,0.3371727763245088,0.04054032843559981,112.0,22.0,0.04303376806434244,0.009493729007495531,900,10,120,90.0,120.0
un_un,un -> un,0,expert,Expert,1,novel,Novel Image,2,occlusion,Occluded,1,-0.4182863701830432,0.334354460283312,0.03906267061829567,113.0,23.0,0.04303376806434244,0.009493729007495531,900,10,120,90.0,120.0
un_un,un -> un,0,expert,Expert,1,novel,Novel Image,2,occlusion,Occluded,1,-0.24991533490057166,0.3345498530101145,0.04066113959997893,114.0,24.0,0.04303376806434244,0.009493729007495531,900,10,120,90.0,120.0
un_un,un -> un,0,expert,Expert,1,novel,Novel Image,2,occlusion,Occluded,1,-0.38695273950272696,0.31854009031860936,0.03936014361679554,115.0,25.0,0.04303376806434244,0.009493729007495531,900,10,120,90.0,120.0
un_un,un -> un,0,expert,Expert,1,novel,Novel Image,2,occlusion,Occluded,1,-0.4188360957376183,0.2869046972584168,0.03905745167285204,116.0,26.0,0.04303376806434244,0.009493729007495531,900,10,120,90.0,120.0
un_un,un -> un,0,expert,Expert,1,novel,Novel Image,2,occlusion,Occluded,1,-0.5814803637309722,0.2688104008496523,0.03751335106790066,117.0,27.0,0.04303376806434244,0.009493729007495531,900,10,120,90.0,120.0
un_un,un -> un,0,expert,Expert,1,novel,Novel Image,2,occlusion,Occluded,1,-0.5460832097803663,0.28409067109100294,0.03784940205514431,118.0,28.0,0.04303376806434244,0.009493729007495531,900,10,120,90.0,120.0
un_un,un -> un,0,expert,Expert,1,novel,Novel Image,2,occlusion,Occluded,1,-0.4129259427188667,0.25628547709083893,0.0391135610640049,119.0,29.0,0.04303376806434244,0.009493729007495531,900,10,120,90.0,120.0
un_un,un -> un,0,expert2,Expert2,2,familiar_1,Familiar 1,0,full,Nonoccluded,0,-2.2961434360431836,0.07033220409822138,0.009691555006429552,0.0,-90.0,0.03481178962108162,0.010940185277771833,900,10,120,90.0,120.0
un_un,un -> un,0,expert2,Expert2,2,familiar_1,Familiar 1,0,full,Nonoccluded,0,-2.199617214629627,0.08554815197581733,0.01074756975285709,1.0,-89.0,0.03481178962108162,0.010940185277771833,900,10,120,90.0,120.0
un_un,un -> un,0,expert2,Expert2,2,familiar_1,Familiar 1,0,full,Nonoccluded,0,-1.9850801325456682,0.11857587375950623,0.013094645179808139,2.0,-88.0,0.03481178962108162,0.010940185277771833,900,10,120,90.0,120.0
un_un,un -> un,0,expert2,Expert2,2,familiar_1,Familiar 1,0,full,Nonoccluded,0,-1.9222744788399535,0.12878123156971802,0.013781750667840242,3.0,-87.0,0.03481178962108162,0.010940185277771833,900,10,120,90.0,120.0
un_un,un -> un,0,expert2,Expert2,2,familiar_1,Familiar 1,0,full,Nonoccluded,0,-1.6663127297328706,0.1337804293957669,0.01658201962709427,4.0,-86.0,0.03481178962108162,0.010940185277771833,900,10,120,90.0,120.0
un_un,un -> un,0,expert2,Expert2,2,familiar_1,Familiar 1,0,full,Nonoccluded,0,-1.6898121201581993,0.11782818413439865,0.01632493194192648,5.0,-85.0,0.03481178962108162,0.010940185277771833,900,10,120,90.0,120.0
un_un,un -> un,0,expert2,Expert2,2,familiar_1,Familiar 1,0,full,Nonoccluded,0,-1.5265605670991729,0.18754355124926383,0.018110934179276228,6.0,-84.0,0.03481178962108162,0.010940185277771833,900,10,120,90.0,120.0
un_un,un -> un,0,expert2,Expert2,2,familiar_1,Familiar 1,0,full,Nonoccluded,0,-1.3450707664283774,0.17619430724876772,0.02009646622464061,7.0,-83.0,0.03481178962108162,0.010940185277771833,900,10,120,90.0,120.0
un_un,un -> un,0,expert2,Expert2,2,familiar_1,Familiar 1,0,full,Nonoccluded,0,-1.2887563466724312,0.168966399599539,0.020712556410580875,8.0,-82.0,0.03481178962108162,0.010940185277771833,900,10,120,90.0,120.0
un_un,un -> un,0,expert2,Expert2,2,familiar_1,Familiar 1,0,full,Nonoccluded,0,-1.1621962810973545,0.17944300667074772,0.022097146976739167,9.0,-81.0,0.03481178962108162,0.010940185277771833,900,10,120,90.0,120.0
un_un,un -> un,0,expert2,Expert2,2,familiar_1,Familiar 1,0,full,Nonoccluded,0,-0.9512647992674739,0.20224228917179574,0.024404776468873023,10.0,-80.0,0.03481178962108162,0.010940185277771833,900,10,120,90.0,120.0
un_un,un -> un,0,expert2,Expert2,2,familiar_1,Familiar 1,0,full,Nonoccluded,0,-0.8655219869257349,0.1876627888222061,0.025342818722128867,11.0,-79.0,0.03481178962108162,0.010940185277771833,900,10,120,90.0,120.0
un_un,un -> un,0,expert2,Expert2,2,familiar_1,Familiar 1,0,full,Nonoccluded,0,-0.71709657425877,0.20509332760151944,0.026966620236635208,12.0,-78.0,0.03481178962108162,0.010940185277771833,900,10,120,90.0,120.0
un_un,un -> un,0,expert2,Expert2,2,familiar_1,Familiar 1,0,full,Nonoccluded,0,-0.541536286519994,0.21309195718891671,0.02888728231191635,13.0,-77.0,0.03481178962108162,0.010940185277771833,900,10,120,90.0,120.0
un_un,un -> un,0,expert2,Expert2,2,familiar_1,Familiar 1,0,full,Nonoccluded,0,-0.38201935035344076,0.1963728252798886,0.030632427148520946,14.0,-76.0,0.03481178962108162,0.010940185277771833,900,10,120,90.0,120.0
un_un,un -> un,0,expert2,Expert2,2,familiar_1,Familiar 1,0,full,Nonoccluded,0,-0.28240490196328205,0.20000416960947587,0.031722227670252325,15.0,-75.0,0.03481178962108162,0.010940185277771833,900,10,120,90.0,120.0
un_un,un -> un,0,expert2,Expert2,2,familiar_1,Familiar 1,0,full,Nonoccluded,0,-0.2730608641595276,0.17930051006909745,0.0318244531750679,16.0,-74.0,0.03481178962108162,0.010940185277771833,900,10,120,90.0,120.0
un_un,un -> un,0,expert2,Expert2,2,familiar_1,Familiar 1,0,full,Nonoccluded,0,-0.2378789875453303,0.19899586969349403,0.03220934942364693,17.0,-73.0,0.03481178962108162,0.010940185277771833,900,10,120,90.0,120.0
un_un,un -> un,0,expert2,Expert2,2,familiar_1,Familiar 1,0,full,Nonoccluded,0,-0.23069915692351825,0.24935363799142152,0.03228789810091257,18.0,-72.0,0.03481178962108162,0.010940185277771833,900,10,120,90.0,120.0
un_un,un -> un,0,expert2,Expert2,2,familiar_1,Familiar 1,0,full,Nonoccluded,0,-0.14118981297997013,0.2483394154138472,0.03326714690774679,19.0,-71.0,0.03481178962108162,0.010940185277771833,900,10,120,90.0,120.0
un_un,un -> un,0,expert2,Expert2,2,familiar_1,Familiar 1,0,full,Nonoccluded,0,-0.2450397663881363,0.2460809689264072,0.03213100917637348,20.0,-70.0,0.03481178962108162,0.010940185277771833,900,10,120,90.0,120.0
un_un,un -> un,0,expert2,Expert2,2,familiar_1,Familiar 1,0,full,Nonoccluded,0,-0.30215223264752966,0.20089073525134457,0.031506188213825226,21.0,-69.0,0.03481178962108162,0.010940185277771833,900,10,120,90.0,120.0
un_un,un -> un,0,expert2,Expert2,2,familiar_1,Familiar 1,0,full,Nonoccluded,0,-0.21886720195190107,0.18922065226218165,0.032417341880500314,22.0,-68.0,0.03481178962108162,0.010940185277771833,900,10,120,90.0,120.0
un_un,un -> un,0,expert2,Expert2,2,familiar_1,Familiar 1,0,full,Nonoccluded,0,0.006858411919252983,0.2538542772125191,0.03488682191818952,23.0,-67.0,0.03481178962108162,0.010940185277771833,900,10,120,90.0,120.0
un_un,un -> un,0,expert2,Expert2,2,familiar_1,Familiar 1,0,full,Nonoccluded,0,-0.01726672473826014,0.2794530035468789,0.034622888453304766,24.0,-66.0,0.03481178962108162,0.010940185277771833,900,10,120,90.0,120.0
un_un,un -> un,0,expert2,Expert2,2,familiar_1,Familiar 1,0,full,Nonoccluded,0,-0.05555485856495539,0.2598357197341021,0.0342040091753006,25.0,-65.0,0.03481178962108162,0.010940185277771833,900,10,120,90.0,120.0
un_un,un -> un,0,expert2,Expert2,2,familiar_1,Familiar 1,0,full,Nonoccluded,0,0.19399211909415984,0.2723875908558096,0.03693409934639931,26.0,-64.0,0.03481178962108162,0.010940185277771833,900,10,120,90.0,120.0
un_un,un -> un,0,expert2,Expert2,2,familiar_1,Familiar 1,0,full,Nonoccluded,0,0.0711200795328694,0.2596981129865051,0.03558985646814108,27.0,-63.0,0.03481178962108162,0.010940185277771833,900,10,120,90.0,120.0
un_un,un -> un,0,expert2,Expert2,2,familiar_1,Familiar 1,0,full,Nonoccluded,0,0.12756144304598283,0.28646878593348735,0.03620733544230461,28.0,-62.0,0.03481178962108162,0.010940185277771833,900,10,120,90.0,120.0
un_un,un -> un,0,expert2,Expert2,2,familiar_1,Familiar 1,0,full,Nonoccluded,0,0.09951579418850853,0.2616146577643999,0.03590051084756851,29.0,-61.0,0.03481178962108162,0.010940185277771833,900,10,120,90.0,120.0
un_un,un -> un,0,expert2,Expert2,2,familiar_1,Familiar 1,0,full,Nonoccluded,0,0.20090730194754278,0.2646910868367315,0.037009752728044985,30.0,-60.0,0.03481178962108162,0.010940185277771833,900,10,120,90.0,120.0
un_un,un -> un,0,expert2,Expert2,2,familiar_1,Familiar 1,0,full,Nonoccluded,0,0.22258826050803032,0.3016409450808751,0.03724694643169642,31.0,-59.0,0.03481178962108162,0.010940185277771833,900,10,120,90.0,120.0
un_un,un -> un,0,expert2,Expert2,2,familiar_1,Familiar 1,0,full,Nonoccluded,0,0.17775281852767238,0.30044552564733285,0.03675643838942051,32.0,-58.0,0.03481178962108162,0.010940185277771833,900,10,120,90.0,120.0
un_un,un -> un,0,expert2,Expert2,2,familiar_1,Familiar 1,0,full,Nonoccluded,0,0.2880326196575409,0.33534180700754795,0.0379629198461771,33.0,-57.0,0.03481178962108162,0.010940185277771833,900,10,120,90.0,120.0
un_un,un -> un,0,expert2,Expert2,2,familiar_1,Familiar 1,0,full,Nonoccluded,0,0.29229889014888527,0.3366914374540334,0.0380095936357975,34.0,-56.0,0.03481178962108162,0.010940185277771833,900,10,120,90.0,120.0
un_un,un -> un,0,expert2,Expert2,2,familiar_1,Familiar 1,0,full,Nonoccluded,0,0.2482204626903794,0.32340485964263493,0.03752736747264862,35.0,-55.0,0.03481178962108162,0.010940185277771833,900,10,120,90.0,120.0
un_un,un -> un,0,expert2,Expert2,2,familiar_1,Familiar 1,0,full,Nonoccluded,0,0.40098843809330625,0.24334585476312204,0.03919867742806673,36.0,-54.0,0.03481178962108162,0.010940185277771833,900,10,120,90.0,120.0
un_un,un -> un,0,expert2,Expert2,2,familiar_1,Familiar 1,0,full,Nonoccluded,0,0.5865176415563778,0.2038906301567437,0.04122840128839016,37.0,-53.0,0.03481178962108162,0.010940185277771833,900,10,120,90.0,120.0
un_un,un -> un,0,expert2,Expert2,2,familiar_1,Familiar 1,0,full,Nonoccluded,0,0.4854646561583625,0.20329592978624078,0.0401228629052639,38.0,-52.0,0.03481178962108162,0.010940185277771833,900,10,120,90.0,120.0
un_un,un -> un,0,expert2,Expert2,2,familiar_1,Familiar 1,0,full,Nonoccluded,0,0.48637170131167345,0.2129592345323099,0.04013278614729643,39.0,-51.0,0.03481178962108162,0.010940185277771833,900,10,120,90.0,120.0
un_un,un -> un,0,expert2,Expert2,2,familiar_1,Familiar 1,0,full,Nonoccluded,0,0.5286907420971113,0.20611769745417885,0.0405957642942667,40.0,-50.0,0.03481178962108162,0.010940185277771833,900,10,120,90.0,120.0
un_un,un -> un,0,expert2,Expert2,2,familiar_1,Familiar 1,0,full,Nonoccluded,0,0.5255916697378218,0.20322111515313407,0.04056185986846685,41.0,-49.0,0.03481178962108162,0.010940185277771833,900,10,120,90.0,120.0
un_un,un -> un,0,expert2,Expert2,2,familiar_1,Familiar 1,0,full,Nonoccluded,0,0.5078235447782502,0.24243968011252848,0.040367473289370535,42.0,-48.0,0.03481178962108162,0.010940185277771833,900,10,120,90.0,120.0
un_un,un -> un,0,expert2,Expert2,2,familiar_1,Familiar 1,0,full,Nonoccluded,0,0.48176873021118993,0.2675731694871828,0.04008242879062891,43.0,-47.0,0.03481178962108162,0.010940185277771833,900,10,120,90.0,120.0
un_un,un -> un,0,expert2,Expert2,2,familiar_1,Familiar 1,0,full,Nonoccluded,0,0.4559916391643702,0.2814386860125695,0.03980042263865471,44.0,-46.0,0.03481178962108162,0.010940185277771833,900,10,120,90.0,120.0
un_un,un -> un,0,expert2,Expert2,2,familiar_1,Familiar 1,0,full,Nonoccluded,0,0.2781958575602749,0.2659546685885848,0.03785530384629965,45.0,-45.0,0.03481178962108162,0.010940185277771833,900,10,120,90.0,120.0
un_un,un -> un,0,expert2,Expert2,2,familiar_1,Familiar 1,0,full,Nonoccluded,0,0.25873932614807893,0.25376356181742804,0.037642445787787436,46.0,-44.0,0.03481178962108162,0.010940185277771833,900,10,120,90.0,120.0
un_un,un -> un,0,expert2,Expert2,2,familiar_1,Familiar 1,0,full,Nonoccluded,0,0.14556430158657202,0.25940499942952366,0.03640429005026817,47.0,-43.0,0.03481178962108162,0.010940185277771833,900,10,120,90.0,120.0
un_un,un -> un,0,expert2,Expert2,2,familiar_1,Familiar 1,0,full,Nonoccluded,0,0.06880216416427112,0.250406620607705,0.03556449804455042,48.0,-42.0,0.03481178962108162,0.010940185277771833,900,10,120,90.0,120.0
un_un,un -> un,0,expert2,Expert2,2,familiar_1,Familiar 1,0,full,Nonoccluded,0,0.1814214522480826,0.2265050710442602,0.03679657392203808,49.0,-41.0,0.03481178962108162,0.010940185277771833,900,10,120,90.0,120.0
un_un,un -> un,0,expert2,Expert2,2,familiar_1,Familiar 1,0,full,Nonoccluded,0,0.1068599910967601,0.2114344660441263,0.03598085772246122,50.0,-40.0,0.03481178962108162,0.010940185277771833,900,10,120,90.0,120.0
un_un,un -> un,0,expert2,Expert2,2,familiar_1,Familiar 1,0,full,Nonoccluded,0,0.14101996706061695,0.21757857122842497,0.03635457418859005,51.0,-39.0,0.03481178962108162,0.010940185277771833,900,10,120,90.0,120.0
un_un,un -> un,0,expert2,Expert2,2,familiar_1,Familiar 1,0,full,Nonoccluded,0,0.38416360604174093,0.2149841156519167,0.039014610648155215,52.0,-38.0,0.03481178962108162,0.010940185277771833,900,10,120,90.0,120.0
un_un,un -> un,0,expert2,Expert2,2,familiar_1,Familiar 1,0,full,Nonoccluded,0,0.3098204146016423,0.2086868883056056,0.03820128235965967,53.0,-37.0,0.03481178962108162,0.010940185277771833,900,10,120,90.0,120.0
un_un,un -> un,0,expert2,Expert2,2,familiar_1,Familiar 1,0,full,Nonoccluded,0,0.19885059515223585,0.22162120099387772,0.036987251974642275,54.0,-36.0,0.03481178962108162,0.010940185277771833,900,10,120,90.0,120.0
un_un,un -> un,0,expert2,Expert2,2,familiar_1,Familiar 1,0,full,Nonoccluded,0,0.129095630540396,0.18941084245817225,0.03622411973774433,55.0,-35.0,0.03481178962108162,0.010940185277771833,900,10,120,90.0,120.0
un_un,un -> un,0,expert2,Expert2,2,familiar_1,Familiar 1,0,full,Nonoccluded,0,0.09787236968417247,0.17499743802521545,0.03588253147900104,56.0,-34.0,0.03481178962108162,0.010940185277771833,900,10,120,90.0,120.0
un_un,un -> un,0,expert2,Expert2,2,familiar_1,Familiar 1,0,full,Nonoccluded,0,0.13143624119176037,0.1834046259710754,0.03624972645193338,57.0,-33.0,0.03481178962108162,0.010940185277771833,900,10,120,90.0,120.0
un_un,un -> un,0,expert2,Expert2,2,familiar_1,Familiar 1,0,full,Nonoccluded,0,0.15046057473972727,0.23055629964786464,0.03645785618573427,58.0,-32.0,0.03481178962108162,0.010940185277771833,900,10,120,90.0,120.0
un_un,un -> un,0,expert2,Expert2,2,familiar_1,Familiar 1,0,full,Nonoccluded,0,0.0858523316002394,0.19996623521210405,0.03575103003531695,59.0,-31.0,0.03481178962108162,0.010940185277771833,900,10,120,90.0,120.0
un_un,un -> un,0,expert2,Expert2,2,familiar_1,Familiar 1,0,full,Nonoccluded,0,0.04777288200525006,0.19465297844600257,0.035334433801472186,60.0,-30.0,0.03481178962108162,0.010940185277771833,900,10,120,90.0,120.0
un_un,un -> un,0,expert2,Expert2,2,familiar_1,Familiar 1,0,full,Nonoccluded,0,0.21183628091257134,0.23340880788188115,0.03712931778281927,61.0,-29.0,0.03481178962108162,0.010940185277771833,900,10,120,90.0,120.0
un_un,un -> un,0,expert2,Expert2,2,familiar_1,Familiar 1,0,full,Nonoccluded,0,0.074810540224402,0.24096736764444224,0.03563023079186678,62.0,-28.0,0.03481178962108162,0.010940185277771833,900,10,120,90.0,120.0
un_un,un -> un,0,expert2,Expert2,2,familiar_1,Familiar 1,0,full,Nonoccluded,0,0.17652516206920882,0.2449594574740789,0.036743007600307465,63.0,-27.0,0.03481178962108162,0.010940185277771833,900,10,120,90.0,120.0
un_un,un -> un,0,expert2,Expert2,2,familiar_1,Familiar 1,0,full,Nonoccluded,0,0.08845004762673567,0.22654137075395633,0.03577944952994585,64.0,-26.0,0.03481178962108162,0.010940185277771833,900,10,120,90.0,120.0
un_un,un -> un,0,expert2,Expert2,2,familiar_1,Familiar 1,0,full,Nonoccluded,0,-0.0013204027357928583,0.21373317155334937,0.034797344170510766,65.0,-25.0,0.03481178962108162,0.010940185277771833,900,10,120,90.0,120.0
un_un,un -> un,0,expert2,Expert2,2,familiar_1,Familiar 1,0,full,Nonoccluded,0,-0.0009356214975980049,0.21366026436396016,0.03480155374854803,66.0,-24.0,0.03481178962108162,0.010940185277771833,900,10,120,90.0,120.0
un_un,un -> un,0,expert2,Expert2,2,familiar_1,Familiar 1,0,full,Nonoccluded,0,-0.10814859697902404,0.22614761469168618,0.03362862393260002,67.0,-23.0,0.03481178962108162,0.010940185277771833,900,10,120,90.0,120.0
un_un,un -> un,0,expert2,Expert2,2,familiar_1,Familiar 1,0,full,Nonoccluded,0,-0.0780737719130641,0.1797058550448631,0.0339576480910182,68.0,-22.0,0.03481178962108162,0.010940185277771833,900,10,120,90.0,120.0
un_un,un -> un,0,expert2,Expert2,2,familiar_1,Familiar 1,0,full,Nonoccluded,0,-0.07236103042904005,0.20801476380972403,0.03402014654129744,69.0,-21.0,0.03481178962108162,0.010940185277771833,900,10,120,90.0,120.0
un_un,un -> un,0,expert2,Expert2,2,familiar_1,Familiar 1,0,full,Nonoccluded,0,-0.0011351799441856937,0.16854522549262418,0.03479937054216862,70.0,-20.0,0.03481178962108162,0.010940185277771833,900,10,120,90.0,120.0
un_un,un -> un,0,expert2,Expert2,2,familiar_1,Familiar 1,0,full,Nonoccluded,0,0.21371431981789524,0.22187216814979138,0.03714986387640238,71.0,-19.0,0.03481178962108162,0.010940185277771833,900,10,120,90.0,120.0
un_un,un -> un,0,expert2,Expert2,2,familiar_1,Familiar 1,0,full,Nonoccluded,0,0.4869968856951476,0.24111962174085558,0.040139625780284405,72.0,-18.0,0.03481178962108162,0.010940185277771833,900,10,120,90.0,120.0
un_un,un -> un,0,expert2,Expert2,2,familiar_1,Familiar 1,0,full,Nonoccluded,0,0.4473806606965324,0.2594569808394041,0.039706216938793656,73.0,-17.0,0.03481178962108162,0.010940185277771833,900,10,120,90.0,120.0
un_un,un -> un,0,expert2,Expert2,2,familiar_1,Familiar 1,0,full,Nonoccluded,0,0.5177081831959499,0.2813112795217015,0.040475613065063955,74.0,-16.0,0.03481178962108162,0.010940185277771833,900,10,120,90.0,120.0
un_un,un -> un,0,expert2,Expert2,2,familiar_1,Familiar 1,0,full,Nonoccluded,0,0.49017357830509756,0.2553538138839042,0.040174379386007784,75.0,-15.0,0.03481178962108162,0.010940185277771833,900,10,120,90.0,120.0
un_un,un -> un,0,expert2,Expert2,2,familiar_1,Familiar 1,0,full,Nonoccluded,0,0.4849164961254012,0.21543022136333553,0.040116865932941434,76.0,-14.0,0.03481178962108162,0.010940185277771833,900,10,120,90.0,120.0
un_un,un -> un,0,expert2,Expert2,2,familiar_1,Familiar 1,0,full,Nonoccluded,0,0.6130622690190851,0.22665745506692872,0.041518804430961606,77.0,-13.0,0.03481178962108162,0.010940185277771833,900,10,120,90.0,120.0
un_un,un -> un,0,expert2,Expert2,2,familiar_1,Familiar 1,0,full,Nonoccluded,0,0.7119456160309551,0.2604653600357425,0.04260060656815767,78.0,-12.0,0.03481178962108162,0.010940185277771833,900,10,120,90.0,120.0
un_un,un -> un,0,expert2,Expert2,2,familiar_1,Familiar 1,0,full,Nonoccluded,0,0.8152456387314357,0.3399831939701782,0.04373072795569897,79.0,-11.0,0.03481178962108162,0.010940185277771833,900,10,120,90.0,120.0
un_un,un -> un,0,expert2,Expert2,2,familiar_1,Familiar 1,0,full,Nonoccluded,0,0.7358356275159252,0.32110722618698484,0.04286196772009134,80.0,-10.0,0.03481178962108162,0.010940185277771833,900,10,120,90.0,120.0
un_un,un -> un,0,expert2,Expert2,2,familiar_1,Familiar 1,0,full,Nonoccluded,0,0.6494434712961549,0.32226478368805445,0.041916821524500845,81.0,-9.0,0.03481178962108162,0.010940185277771833,900,10,120,90.0,120.0
un_un,un -> un,0,expert2,Expert2,2,familiar_1,Familiar 1,0,full,Nonoccluded,0,0.5737978294162037,0.2645736931003945,0.041089244186878204,82.0,-8.0,0.03481178962108162,0.010940185277771833,900,10,120,90.0,120.0
un_un,un -> un,0,expert2,Expert2,2,familiar_1,Familiar 1,0,full,Nonoccluded,0,0.7378517790497552,0.2670789697049969,0.042884024791419506,83.0,-7.0,0.03481178962108162,0.010940185277771833,900,10,120,90.0,120.0
un_un,un -> un,0,expert2,Expert2,2,familiar_1,Familiar 1,0,full,Nonoccluded,0,0.9606853192471938,0.18341843899907787,0.0453218650072813,84.0,-6.0,0.03481178962108162,0.010940185277771833,900,10,120,90.0,120.0
un_un,un -> un,0,expert2,Expert2,2,familiar_1,Familiar 1,0,full,Nonoccluded,0,0.772981335630989,0.17655089951812533,0.043268348649144174,85.0,-5.0,0.03481178962108162,0.010940185277771833,900,10,120,90.0,120.0
un_un,un -> un,0,expert2,Expert2,2,familiar_1,Familiar 1,0,full,Nonoccluded,0,0.9665913707391145,0.216695662072955,0.045386478304862976,86.0,-4.0,0.03481178962108162,0.010940185277771833,900,10,120,90.0,120.0
un_un,un -> un,0,expert2,Expert2,2,familiar_1,Familiar 1,0,full,Nonoccluded,0,0.9714214649244439,0.191300202175048,0.045439320430159566,87.0,-3.0,0.03481178962108162,0.010940185277771833,900,10,120,90.0,120.0
un_un,un -> un,0,expert2,Expert2,2,familiar_1,Familiar 1,0,full,Nonoccluded,0,0.9606731628841818,0.18865434247068794,0.04532173201441765,88.0,-2.0,0.03481178962108162,0.010940185277771833,900,10,120,90.0,120.0
un_un,un -> un,0,expert2,Expert2,2,familiar_1,Familiar 1,0,full,Nonoccluded,0,1.0393204729878598,0.23740814743485872,0.04618214815855026,89.0,-1.0,0.03481178962108162,0.010940185277771833,900,10,120,90.0,120.0
un_un,un -> un,0,expert2,Expert2,2,familiar_1,Familiar 1,0,full,Nonoccluded,0,0.8586328390443898,0.2362892634411025,0.04420539196580649,90.0,0.0,0.03481178962108162,0.010940185277771833,900,10,120,90.0,120.0
un_un,un -> un,0,expert2,Expert2,2,familiar_1,Familiar 1,0,full,Nonoccluded,0,0.6849670200292942,0.21644377510544793,0.04230545572936535,91.0,1.0,0.03481178962108162,0.010940185277771833,900,10,120,90.0,120.0
un_un,un -> un,0,expert2,Expert2,2,familiar_1,Familiar 1,0,full,Nonoccluded,0,0.491618023237275,0.20562159158844276,0.04019018188118935,92.0,2.0,0.03481178962108162,0.010940185277771833,900,10,120,90.0,120.0
un_un,un -> un,0,expert2,Expert2,2,familiar_1,Familiar 1,0,full,Nonoccluded,0,0.3212441439206844,0.19985265726305534,0.038326260074973105,93.0,3.0,0.03481178962108162,0.010940185277771833,900,10,120,90.0,120.0
un_un,un -> un,0,expert2,Expert2,2,familiar_1,Familiar 1,0,full,Nonoccluded,0,0.1460813556318259,0.1898600200109266,0.036409946717321874,94.0,4.0,0.03481178962108162,0.010940185277771833,900,10,120,90.0,120.0
un_un,un -> un,0,expert2,Expert2,2,familiar_1,Familiar 1,0,full,Nonoccluded,0,-0.02032333495559995,0.18036700798163247,0.03458944857120514,95.0,5.0,0.03481178962108162,0.010940185277771833,900,10,120,90.0,120.0
un_un,un -> un,0,expert2,Expert2,2,familiar_1,Familiar 1,0,full,Nonoccluded,0,-0.17840772716721012,0.17134866453508898,0.032859976030886175,96.0,6.0,0.03481178962108162,0.010940185277771833,900,10,120,90.0,120.0
un_un,un -> un,0,expert2,Expert2,2,familiar_1,Familiar 1,0,full,Nonoccluded,0,-0.3285879465889657,0.16278122655812,0.031216976605355738,97.0,7.0,0.03481178962108162,0.010940185277771833,900,10,120,90.0,120.0
un_un,un -> un,0,expert2,Expert2,2,familiar_1,Familiar 1,0,full,Nonoccluded,0,-0.4618753162137317,0.15688777352395303,0.02975878808647394,98.0,8.0,0.03481178962108162,0.010940185277771833,900,10,120,90.0,120.0
un_un,un -> un,0,expert2,Expert2,2,familiar_1,Familiar 1,0,full,Nonoccluded,0,-0.5737273062417146,0.15996096318806496,0.02853510659188032,99.0,9.0,0.03481178962108162,0.010940185277771833,900,10,120,90.0,120.0
un_un,un -> un,0,expert2,Expert2,2,familiar_1,Familiar 1,0,full,Nonoccluded,0,-0.7041415177660234,0.15196290789323805,0.027108350954949855,100.0,10.0,0.03481178962108162,0.010940185277771833,900,10,120,90.0,120.0
un_un,un -> un,0,expert2,Expert2,2,familiar_1,Familiar 1,0,full,Nonoccluded,0,-0.8280349982832547,0.14436476529798145,0.025752933323383333,101.0,11.0,0.03481178962108162,0.010940185277771833,900,10,120,90.0,120.0
un_un,un -> un,0,expert2,Expert2,2,familiar_1,Familiar 1,0,full,Nonoccluded,0,-0.9457338243542008,0.13714653040795804,0.02446528635919094,102.0,12.0,0.03481178962108162,0.010940185277771833,900,10,120,90.0,120.0
un_un,un -> un,0,expert2,Expert2,2,familiar_1,Familiar 1,0,full,Nonoccluded,0,-1.057547710824171,0.1302892017339574,0.02324202172458172,103.0,13.0,0.03481178962108162,0.010940185277771833,900,10,120,90.0,120.0
un_un,un -> un,0,expert2,Expert2,2,familiar_1,Familiar 1,0,full,Nonoccluded,0,-1.1637708961603557,0.12377473374708112,0.022079920396208763,104.0,14.0,0.03481178962108162,0.010940185277771833,900,10,120,90.0,120.0
un_un,un -> un,0,expert2,Expert2,2,familiar_1,Familiar 1,0,full,Nonoccluded,0,-1.264682900096297,0.11758599735167857,0.020975924376398326,105.0,15.0,0.03481178962108162,0.010940185277771833,900,10,120,90.0,120.0
un_un,un -> un,0,expert2,Expert2,2,familiar_1,Familiar 1,0,full,Nonoccluded,0,-1.3605493068149417,0.11170669787381546,0.019927128124982117,106.0,16.0,0.03481178962108162,0.010940185277771833,900,10,120,90.0,120.0
un_un,un -> un,0,expert2,Expert2,2,familiar_1,Familiar 1,0,full,Nonoccluded,0,-1.4516224034130858,0.10612135926028991,0.018930771574378013,107.0,17.0,0.03481178962108162,0.010940185277771833,900,10,120,90.0,120.0
un_un,un -> un,0,expert2,Expert2,2,familiar_1,Familiar 1,0,full,Nonoccluded,0,-1.5381418694429712,0.10081528216460481,0.01798423258587718,108.0,18.0,0.03481178962108162,0.010940185277771833,900,10,120,90.0,120.0
un_un,un -> un,0,expert2,Expert2,2,familiar_1,Familiar 1,0,full,Nonoccluded,0,-1.6203353557867182,0.0957745130916154,0.01708502061665058,109.0,19.0,0.03481178962108162,0.010940185277771833,900,10,120,90.0,120.0
un_un,un -> un,0,expert2,Expert2,2,familiar_1,Familiar 1,0,full,Nonoccluded,0,-1.698419174197922,0.09098578649288248,0.01623076917603612,110.0,20.0,0.03481178962108162,0.010940185277771833,900,10,120,90.0,120.0
un_un,un -> un,0,expert2,Expert2,2,familiar_1,Familiar 1,0,full,Nonoccluded,0,-1.7725987995603512,0.0864364996165963,0.015419230330735445,111.0,21.0,0.03481178962108162,0.010940185277771833,900,10,120,90.0,120.0
un_un,un -> un,0,expert2,Expert2,2,familiar_1,Familiar 1,0,full,Nonoccluded,0,-1.8430694232237959,0.08211467186697205,0.014648268651217222,112.0,22.0,0.03481178962108162,0.010940185277771833,900,10,120,90.0,120.0
un_un,un -> un,0,expert2,Expert2,2,familiar_1,Familiar 1,0,full,Nonoccluded,0,-1.9100165148527828,0.07800893640435788,0.013915855064988136,113.0,23.0,0.03481178962108162,0.010940185277771833,900,10,120,90.0,120.0
un_un,un -> un,0,expert2,Expert2,2,familiar_1,Familiar 1,0,full,Nonoccluded,0,-1.9422506947709117,0.08530690140008419,0.013563207164406777,114.0,24.0,0.03481178962108162,0.010940185277771833,900,10,120,90.0,120.0
un_un,un -> un,0,expert2,Expert2,2,familiar_1,Familiar 1,0,full,Nonoccluded,0,-2.0042387138840407,0.08104156246874936,0.012885046750307083,115.0,25.0,0.03481178962108162,0.010940185277771833,900,10,120,90.0,120.0
un_un,un -> un,0,expert2,Expert2,2,familiar_1,Familiar 1,0,full,Nonoccluded,0,-2.063127345662088,0.07698947755687115,0.012240794207900762,116.0,26.0,0.03481178962108162,0.010940185277771833,900,10,120,90.0,120.0
un_un,un -> un,0,expert2,Expert2,2,familiar_1,Familiar 1,0,full,Nonoccluded,0,-2.119071536912731,0.07314000417960216,0.011628754390403628,117.0,27.0,0.03481178962108162,0.010940185277771833,900,10,120,90.0,120.0
un_un,un -> un,0,expert2,Expert2,2,familiar_1,Familiar 1,0,full,Nonoccluded,0,-2.172218513280305,0.06948300644032612,0.011047316621989012,118.0,28.0,0.03481178962108162,0.010940185277771833,900,10,120,90.0,120.0
un_un,un -> un,0,expert2,Expert2,2,familiar_1,Familiar 1,0,full,Nonoccluded,0,-2.2227081538116105,0.06600885256190933,0.010494950599968434,119.0,29.0,0.03481178962108162,0.010940185277771833,900,10,120,90.0,120.0
un_un,un -> un,0,expert2,Expert2,2,familiar_1,Familiar 1,0,occlusion,Occluded,1,-0.16378843492646153,0.4905850617482334,0.037037814711220564,0.0,-90.0,0.038708616542992076,0.010200975621518569,900,10,120,90.0,120.0
un_un,un -> un,0,expert2,Expert2,2,familiar_1,Familiar 1,0,occlusion,Occluded,1,-0.05866366907383558,0.4225545482923842,0.038110189884901044,1.0,-89.0,0.038708616542992076,0.010200975621518569,900,10,120,90.0,120.0
un_un,un -> un,0,expert2,Expert2,2,familiar_1,Familiar 1,0,occlusion,Occluded,1,-0.023328150752198896,0.40266847292481495,0.03847064664587378,2.0,-88.0,0.038708616542992076,0.010200975621518569,900,10,120,90.0,120.0
un_un,un -> un,0,expert2,Expert2,2,familiar_1,Familiar 1,0,occlusion,Occluded,1,-0.028299723402263055,0.33183108338651757,0.03841993175446987,3.0,-87.0,0.038708616542992076,0.010200975621518569,900,10,120,90.0,120.0
un_un,un -> un,0,expert2,Expert2,2,familiar_1,Familiar 1,0,occlusion,Occluded,1,-0.008828178640927642,0.2842102110258232,0.038618560507893564,4.0,-86.0,0.038708616542992076,0.010200975621518569,900,10,120,90.0,120.0
un_un,un -> un,0,expert2,Expert2,2,familiar_1,Familiar 1,0,occlusion,Occluded,1,-0.11916773570563513,0.2660313543882778,0.03749298937618732,5.0,-85.0,0.038708616542992076,0.010200975621518569,900,10,120,90.0,120.0
un_un,un -> un,0,expert2,Expert2,2,familiar_1,Familiar 1,0,occlusion,Occluded,1,-0.13204046856798163,0.2941800898244984,0.037361674942076206,6.0,-84.0,0.038708616542992076,0.010200975621518569,900,10,120,90.0,120.0
un_un,un -> un,0,expert2,Expert2,2,familiar_1,Familiar 1,0,occlusion,Occluded,1,-0.07009658712432745,0.26189832814322533,0.03799356296658516,7.0,-83.0,0.038708616542992076,0.010200975621518569,900,10,120,90.0,120.0
un_un,un -> un,0,expert2,Expert2,2,familiar_1,Familiar 1,0,occlusion,Occluded,1,-0.007315143312471994,0.2630949316378855,0.03863399494439364,8.0,-82.0,0.038708616542992076,0.010200975621518569,900,10,120,90.0,120.0
un_un,un -> un,0,expert2,Expert2,2,familiar_1,Familiar 1,0,occlusion,Occluded,1,0.08807565100074542,0.27592048594842145,0.03960707411170006,9.0,-81.0,0.038708616542992076,0.010200975621518569,900,10,120,90.0,120.0
un_un,un -> un,0,expert2,Expert2,2,familiar_1,Familiar 1,0,occlusion,Occluded,1,0.248402270445569,0.3558401692145987,0.041242562048137185,10.0,-80.0,0.038708616542992076,0.010200975621518569,900,10,120,90.0,120.0
un_un,un -> un,0,expert2,Expert2,2,familiar_1,Familiar 1,0,occlusion,Occluded,1,0.2334452909278769,0.361106742456636,0.041089986264705655,11.0,-79.0,0.038708616542992076,0.010200975621518569,900,10,120,90.0,120.0
un_un,un -> un,0,expert2,Expert2,2,familiar_1,Familiar 1,0,occlusion,Occluded,1,0.20358138112840365,0.35412780733411464,0.040785345248878,12.0,-78.0,0.038708616542992076,0.010200975621518569,900,10,120,90.0,120.0
un_un,un -> un,0,expert2,Expert2,2,familiar_1,Familiar 1,0,occlusion,Occluded,1,0.277990078641171,0.3122903899273158,0.04154438655823469,13.0,-77.0,0.038708616542992076,0.010200975621518569,900,10,120,90.0,120.0
un_un,un -> un,0,expert2,Expert2,2,familiar_1,Familiar 1,0,occlusion,Occluded,1,0.23974884702800345,0.35441010074491053,0.041154288686811924,14.0,-76.0,0.038708616542992076,0.010200975621518569,900,10,120,90.0,120.0
un_un,un -> un,0,expert2,Expert2,2,familiar_1,Familiar 1,0,occlusion,Occluded,1,0.3620163366581786,0.3956628150788823,0.042401536367833614,15.0,-75.0,0.038708616542992076,0.010200975621518569,900,10,120,90.0,120.0
un_un,un -> un,0,expert2,Expert2,2,familiar_1,Familiar 1,0,occlusion,Occluded,1,0.366080970044075,0.37265381138058984,0.04244299959391355,16.0,-74.0,0.038708616542992076,0.010200975621518569,900,10,120,90.0,120.0
un_un,un -> un,0,expert2,Expert2,2,familiar_1,Familiar 1,0,occlusion,Occluded,1,0.3908668635522059,0.33649868260647114,0.04269583988934755,17.0,-73.0,0.038708616542992076,0.010200975621518569,900,10,120,90.0,120.0
un_un,un -> un,0,expert2,Expert2,2,familiar_1,Familiar 1,0,occlusion,Occluded,1,0.42831506766998767,0.3269497990458765,0.0430778481066227,18.0,-72.0,0.038708616542992076,0.010200975621518569,900,10,120,90.0,120.0
un_un,un -> un,0,expert2,Expert2,2,familiar_1,Familiar 1,0,occlusion,Occluded,1,0.4222336016305637,0.2675062633846384,0.04301581121981144,19.0,-71.0,0.038708616542992076,0.010200975621518569,900,10,120,90.0,120.0
un_un,un -> un,0,expert2,Expert2,2,familiar_1,Familiar 1,0,occlusion,Occluded,1,0.4746025219378656,0.2554542229715322,0.043550025299191476,20.0,-70.0,0.038708616542992076,0.010200975621518569,900,10,120,90.0,120.0
un_un,un -> un,0,expert2,Expert2,2,familiar_1,Familiar 1,0,occlusion,Occluded,1,0.4174938787335022,0.25584835825092017,0.04296746142208576,21.0,-69.0,0.038708616542992076,0.010200975621518569,900,10,120,90.0,120.0
un_un,un -> un,0,expert2,Expert2,2,familiar_1,Familiar 1,0,occlusion,Occluded,1,0.3323847604879399,0.25938731282280764,0.04209926538169384,22.0,-68.0,0.038708616542992076,0.010200975621518569,900,10,120,90.0,120.0
un_un,un -> un,0,expert2,Expert2,2,familiar_1,Familiar 1,0,occlusion,Occluded,1,0.2046838520389608,0.21309519096368548,0.04079659152776003,23.0,-67.0,0.038708616542992076,0.010200975621518569,900,10,120,90.0,120.0
un_un,un -> un,0,expert2,Expert2,2,familiar_1,Familiar 1,0,occlusion,Occluded,1,0.1807757830534215,0.22698132917224514,0.04055270589888096,24.0,-66.0,0.038708616542992076,0.010200975621518569,900,10,120,90.0,120.0
un_un,un -> un,0,expert2,Expert2,2,familiar_1,Familiar 1,0,occlusion,Occluded,1,0.18758003236694348,0.267005461889331,0.04062211588025093,25.0,-65.0,0.038708616542992076,0.010200975621518569,900,10,120,90.0,120.0
un_un,un -> un,0,expert2,Expert2,2,familiar_1,Familiar 1,0,occlusion,Occluded,1,0.12521722366334506,0.26977768008657443,0.0399859543889761,26.0,-64.0,0.038708616542992076,0.010200975621518569,900,10,120,90.0,120.0
un_un,un -> un,0,expert2,Expert2,2,familiar_1,Familiar 1,0,occlusion,Occluded,1,0.051675212390095274,0.2742910549539224,0.039235754124820235,27.0,-63.0,0.038708616542992076,0.010200975621518569,900,10,120,90.0,120.0
un_un,un -> un,0,expert2,Expert2,2,familiar_1,Familiar 1,0,occlusion,Occluded,1,-0.09519670803150726,0.2590062445722277,0.03773751724511385,28.0,-62.0,0.038708616542992076,0.010200975621518569,900,10,120,90.0,120.0
un_un,un -> un,0,expert2,Expert2,2,familiar_1,Familiar 1,0,occlusion,Occluded,1,-0.11326406222734431,0.2856418412624289,0.037553212605416775,29.0,-61.0,0.038708616542992076,0.010200975621518569,900,10,120,90.0,120.0
un_un,un -> un,0,expert2,Expert2,2,familiar_1,Familiar 1,0,occlusion,Occluded,1,-0.1344875676188122,0.28591496992946,0.03733671214431524,30.0,-60.0,0.038708616542992076,0.010200975621518569,900,10,120,90.0,120.0
un_un,un -> un,0,expert2,Expert2,2,familiar_1,Familiar 1,0,occlusion,Occluded,1,-0.07531218860085397,0.2890537095364603,0.037940358743071556,31.0,-59.0,0.038708616542992076,0.010200975621518569,900,10,120,90.0,120.0
un_un,un -> un,0,expert2,Expert2,2,familiar_1,Familiar 1,0,occlusion,Occluded,1,-0.12278179815196907,0.2949153085942464,0.03745612241327763,32.0,-58.0,0.038708616542992076,0.010200975621518569,900,10,120,90.0,120.0
un_un,un -> un,0,expert2,Expert2,2,familiar_1,Familiar 1,0,occlusion,Occluded,1,-0.18223351614704433,0.31423062486063597,0.036849656887352464,33.0,-57.0,0.038708616542992076,0.010200975621518569,900,10,120,90.0,120.0
un_un,un -> un,0,expert2,Expert2,2,familiar_1,Familiar 1,0,occlusion,Occluded,1,-0.11690136899229,0.37721007013040103,0.037516108527779576,34.0,-56.0,0.038708616542992076,0.010200975621518569,900,10,120,90.0,120.0
un_un,un -> un,0,expert2,Expert2,2,familiar_1,Familiar 1,0,occlusion,Occluded,1,-0.2387214100540594,0.3552254037595748,0.036273425258696076,35.0,-55.0,0.038708616542992076,0.010200975621518569,900,10,120,90.0,120.0
un_un,un -> un,0,expert2,Expert2,2,familiar_1,Familiar 1,0,occlusion,Occluded,1,-0.30775846057038203,0.3781143459452584,0.03556917998939753,36.0,-54.0,0.038708616542992076,0.010200975621518569,900,10,120,90.0,120.0
un_un,un -> un,0,expert2,Expert2,2,familiar_1,Familiar 1,0,occlusion,Occluded,1,-0.19444695394881445,0.4166943772797141,0.036725067906081675,37.0,-53.0,0.038708616542992076,0.010200975621518569,900,10,120,90.0,120.0
un_un,un -> un,0,expert2,Expert2,2,familiar_1,Familiar 1,0,occlusion,Occluded,1,-0.0025038249925695144,0.3477254968614775,0.03868307508528233,38.0,-52.0,0.038708616542992076,0.010200975621518569,900,10,120,90.0,120.0
un_un,un -> un,0,expert2,Expert2,2,familiar_1,Familiar 1,0,occlusion,Occluded,1,-0.03228063707030045,0.37612733098018153,0.03837932255119085,39.0,-51.0,0.038708616542992076,0.010200975621518569,900,10,120,90.0,120.0
un_un,un -> un,0,expert2,Expert2,2,familiar_1,Familiar 1,0,occlusion,Occluded,1,-0.19883960064149897,0.35395462377183196,0.036680258624255654,40.0,-50.0,0.038708616542992076,0.010200975621518569,900,10,120,90.0,120.0
un_un,un -> un,0,expert2,Expert2,2,familiar_1,Familiar 1,0,occlusion,Occluded,1,-0.27001381378750877,0.33212604123543094,0.035954212211072444,41.0,-49.0,0.038708616542992076,0.010200975621518569,900,10,120,90.0,120.0
un_un,un -> un,0,expert2,Expert2,2,familiar_1,Familiar 1,0,occlusion,Occluded,1,-0.2619907624134883,0.2851354429059048,0.03603605516254902,42.0,-48.0,0.038708616542992076,0.010200975621518569,900,10,120,90.0,120.0
un_un,un -> un,0,expert2,Expert2,2,familiar_1,Familiar 1,0,occlusion,Occluded,1,-0.22633616880074342,0.3263880309183155,0.03639976680278778,43.0,-47.0,0.038708616542992076,0.010200975621518569,900,10,120,90.0,120.0
un_un,un -> un,0,expert2,Expert2,2,familiar_1,Familiar 1,0,occlusion,Occluded,1,-0.2211833068990401,0.3351554296041314,0.03645233102142811,44.0,-46.0,0.038708616542992076,0.010200975621518569,900,10,120,90.0,120.0
un_un,un -> un,0,expert2,Expert2,2,familiar_1,Familiar 1,0,occlusion,Occluded,1,-0.24040623057458035,0.3356164650186491,0.03625623844563961,45.0,-45.0,0.038708616542992076,0.010200975621518569,900,10,120,90.0,120.0
un_un,un -> un,0,expert2,Expert2,2,familiar_1,Familiar 1,0,occlusion,Occluded,1,-0.35520864203429914,0.3338338522829729,0.03508514184504748,46.0,-44.0,0.038708616542992076,0.010200975621518569,900,10,120,90.0,120.0
un_un,un -> un,0,expert2,Expert2,2,familiar_1,Familiar 1,0,occlusion,Occluded,1,-0.16652035676551266,0.2889851838167092,0.037009946443140505,47.0,-43.0,0.038708616542992076,0.010200975621518569,900,10,120,90.0,120.0
un_un,un -> un,0,expert2,Expert2,2,familiar_1,Familiar 1,0,occlusion,Occluded,1,-0.15920358209526425,0.32707583074392504,0.03708458468317986,48.0,-42.0,0.038708616542992076,0.010200975621518569,900,10,120,90.0,120.0
un_un,un -> un,0,expert2,Expert2,2,familiar_1,Familiar 1,0,occlusion,Occluded,1,-0.07582042297967491,0.33409447365115447,0.03793517425656319,49.0,-41.0,0.038708616542992076,0.010200975621518569,900,10,120,90.0,120.0
un_un,un -> un,0,expert2,Expert2,2,familiar_1,Familiar 1,0,occlusion,Occluded,1,-0.18599515171436803,0.30803797170484676,0.03681128453463316,50.0,-40.0,0.038708616542992076,0.010200975621518569,900,10,120,90.0,120.0
un_un,un -> un,0,expert2,Expert2,2,familiar_1,Familiar 1,0,occlusion,Occluded,1,-0.15030891442200495,0.3095226465892632,0.03717531897127628,51.0,-39.0,0.038708616542992076,0.010200975621518569,900,10,120,90.0,120.0
un_un,un -> un,0,expert2,Expert2,2,familiar_1,Familiar 1,0,occlusion,Occluded,1,-0.12152216789318633,0.33808999098041276,0.0374689718708396,52.0,-38.0,0.038708616542992076,0.010200975621518569,900,10,120,90.0,120.0
un_un,un -> un,0,expert2,Expert2,2,familiar_1,Familiar 1,0,occlusion,Occluded,1,0.050593502508808806,0.30628143050551865,0.03922471962869167,53.0,-37.0,0.038708616542992076,0.010200975621518569,900,10,120,90.0,120.0
un_un,un -> un,0,expert2,Expert2,2,familiar_1,Familiar 1,0,occlusion,Occluded,1,0.058512967850241404,0.34749574709959796,0.03930550590157509,54.0,-36.0,0.038708616542992076,0.010200975621518569,900,10,120,90.0,120.0
un_un,un -> un,0,expert2,Expert2,2,familiar_1,Familiar 1,0,occlusion,Occluded,1,0.09151873167215384,0.36966641254573784,0.039642196893692014,55.0,-35.0,0.038708616542992076,0.010200975621518569,900,10,120,90.0,120.0
un_un,un -> un,0,expert2,Expert2,2,familiar_1,Familiar 1,0,occlusion,Occluded,1,0.06027592068760421,0.36047081966631056,0.039323489740490915,56.0,-34.0,0.038708616542992076,0.010200975621518569,900,10,120,90.0,120.0
un_un,un -> un,0,expert2,Expert2,2,familiar_1,Familiar 1,0,occlusion,Occluded,1,0.04650913062454677,0.3849685081182109,0.0391830550506711,57.0,-33.0,0.038708616542992076,0.010200975621518569,900,10,120,90.0,120.0
un_un,un -> un,0,expert2,Expert2,2,familiar_1,Familiar 1,0,occlusion,Occluded,1,0.08945981091619122,0.37495957412294373,0.0396211938932538,58.0,-32.0,0.038708616542992076,0.010200975621518569,900,10,120,90.0,120.0
un_un,un -> un,0,expert2,Expert2,2,familiar_1,Familiar 1,0,occlusion,Occluded,1,-0.05626083100361371,0.3669403486133411,0.03813470117747784,59.0,-31.0,0.038708616542992076,0.010200975621518569,900,10,120,90.0,120.0
un_un,un -> un,0,expert2,Expert2,2,familiar_1,Familiar 1,0,occlusion,Occluded,1,0.11724084352135251,0.38626933926758195,0.03990458752959967,60.0,-30.0,0.038708616542992076,0.010200975621518569,900,10,120,90.0,120.0
un_un,un -> un,0,expert2,Expert2,2,familiar_1,Familiar 1,0,occlusion,Occluded,1,0.276070386423633,0.3490018280953817,0.04152480382472277,61.0,-29.0,0.038708616542992076,0.010200975621518569,900,10,120,90.0,120.0
un_un,un -> un,0,expert2,Expert2,2,familiar_1,Familiar 1,0,occlusion,Occluded,1,0.16771822772996892,0.3164090011455264,0.04041950609534979,62.0,-28.0,0.038708616542992076,0.010200975621518569,900,10,120,90.0,120.0
un_un,un -> un,0,expert2,Expert2,2,familiar_1,Familiar 1,0,occlusion,Occluded,1,0.16809291226878492,0.32489404160189056,0.04042332824319601,63.0,-27.0,0.038708616542992076,0.010200975621518569,900,10,120,90.0,120.0
un_un,un -> un,0,expert2,Expert2,2,familiar_1,Familiar 1,0,occlusion,Occluded,1,0.11475096250782972,0.34507544081073077,0.03987918831408024,64.0,-26.0,0.038708616542992076,0.010200975621518569,900,10,120,90.0,120.0
un_un,un -> un,0,expert2,Expert2,2,familiar_1,Familiar 1,0,occlusion,Occluded,1,0.24227521048346362,0.45811583115233023,0.041180060058832166,65.0,-25.0,0.038708616542992076,0.010200975621518569,900,10,120,90.0,120.0
un_un,un -> un,0,expert2,Expert2,2,familiar_1,Familiar 1,0,occlusion,Occluded,1,0.16431133734881073,0.460355735332061,0.040384752489626405,66.0,-24.0,0.038708616542992076,0.010200975621518569,900,10,120,90.0,120.0
un_un,un -> un,0,expert2,Expert2,2,familiar_1,Familiar 1,0,occlusion,Occluded,1,0.14312875145302925,0.4469699473138627,0.04016866944730282,67.0,-23.0,0.038708616542992076,0.010200975621518569,900,10,120,90.0,120.0
un_un,un -> un,0,expert2,Expert2,2,familiar_1,Familiar 1,0,occlusion,Occluded,1,0.10847004816346,0.4548247767721218,0.03981511685997248,68.0,-22.0,0.038708616542992076,0.010200975621518569,900,10,120,90.0,120.0
un_un,un -> un,0,expert2,Expert2,2,familiar_1,Familiar 1,0,occlusion,Occluded,1,-0.025062481853957652,0.4160716743382813,0.0384529547765851,69.0,-21.0,0.038708616542992076,0.010200975621518569,900,10,120,90.0,120.0
un_un,un -> un,0,expert2,Expert2,2,familiar_1,Familiar 1,0,occlusion,Occluded,1,-0.005597437467662103,0.421348826062411,0.03865151721984148,70.0,-20.0,0.038708616542992076,0.010200975621518569,900,10,120,90.0,120.0
un_un,un -> un,0,expert2,Expert2,2,familiar_1,Familiar 1,0,occlusion,Occluded,1,-0.11816141921912308,0.39836499945365744,0.03750325478613377,71.0,-19.0,0.038708616542992076,0.010200975621518569,900,10,120,90.0,120.0
un_un,un -> un,0,expert2,Expert2,2,familiar_1,Familiar 1,0,occlusion,Occluded,1,-0.20793751459163748,0.3642567985876836,0.03658745102584362,72.0,-18.0,0.038708616542992076,0.010200975621518569,900,10,120,90.0,120.0
un_un,un -> un,0,expert2,Expert2,2,familiar_1,Familiar 1,0,occlusion,Occluded,1,-0.24694642954132756,0.3679202106004042,0.03618952203541994,73.0,-17.0,0.038708616542992076,0.010200975621518569,900,10,120,90.0,120.0
un_un,un -> un,0,expert2,Expert2,2,familiar_1,Familiar 1,0,occlusion,Occluded,1,-0.2132638415576075,0.3388428709392074,0.03653311729431152,74.0,-16.0,0.038708616542992076,0.010200975621518569,900,10,120,90.0,120.0
un_un,un -> un,0,expert2,Expert2,2,familiar_1,Familiar 1,0,occlusion,Occluded,1,-0.2606864512060466,0.32205878724304543,0.036049360409379005,75.0,-15.0,0.038708616542992076,0.010200975621518569,900,10,120,90.0,120.0
un_un,un -> un,0,expert2,Expert2,2,familiar_1,Familiar 1,0,occlusion,Occluded,1,-0.13797998540639417,0.23792425957554245,0.037301086075603965,76.0,-14.0,0.038708616542992076,0.010200975621518569,900,10,120,90.0,120.0
un_un,un -> un,0,expert2,Expert2,2,familiar_1,Familiar 1,0,occlusion,Occluded,1,-0.07872959644275089,0.1995581142596594,0.03790549784898758,77.0,-13.0,0.038708616542992076,0.010200975621518569,900,10,120,90.0,120.0
un_un,un -> un,0,expert2,Expert2,2,familiar_1,Familiar 1,0,occlusion,Occluded,1,-0.16109469822589947,0.19384061887170148,0.03706529345363378,78.0,-12.0,0.038708616542992076,0.010200975621518569,900,10,120,90.0,120.0
un_un,un -> un,0,expert2,Expert2,2,familiar_1,Familiar 1,0,occlusion,Occluded,1,-0.20775022710067087,0.22309430000480696,0.036589361540973184,79.0,-11.0,0.038708616542992076,0.010200975621518569,900,10,120,90.0,120.0
un_un,un -> un,0,expert2,Expert2,2,familiar_1,Familiar 1,0,occlusion,Occluded,1,-0.3110300664608926,0.24806950088335275,0.03553580641746521,80.0,-10.0,0.038708616542992076,0.010200975621518569,900,10,120,90.0,120.0
un_un,un -> un,0,expert2,Expert2,2,familiar_1,Familiar 1,0,occlusion,Occluded,1,-0.30828391363926644,0.24279810738352897,0.03556381985545158,81.0,-9.0,0.038708616542992076,0.010200975621518569,900,10,120,90.0,120.0
un_un,un -> un,0,expert2,Expert2,2,familiar_1,Familiar 1,0,occlusion,Occluded,1,-0.11727209122384855,0.2443764946875372,0.0375123267993331,82.0,-8.0,0.038708616542992076,0.010200975621518569,900,10,120,90.0,120.0
un_un,un -> un,0,expert2,Expert2,2,familiar_1,Familiar 1,0,occlusion,Occluded,1,0.04410371796758163,0.24091571608874138,0.03915851749479771,83.0,-7.0,0.038708616542992076,0.010200975621518569,900,10,120,90.0,120.0
un_un,un -> un,0,expert2,Expert2,2,familiar_1,Familiar 1,0,occlusion,Occluded,1,-0.037681261862217895,0.23190820018359187,0.038324230909347536,84.0,-6.0,0.038708616542992076,0.010200975621518569,900,10,120,90.0,120.0
un_un,un -> un,0,expert2,Expert2,2,familiar_1,Familiar 1,0,occlusion,Occluded,1,-0.12665112813498172,0.24409346239442298,0.037416651472449304,85.0,-5.0,0.038708616542992076,0.010200975621518569,900,10,120,90.0,120.0
un_un,un -> un,0,expert2,Expert2,2,familiar_1,Familiar 1,0,occlusion,Occluded,1,-0.007207978421716099,0.2203118682280178,0.03863508813083172,86.0,-4.0,0.038708616542992076,0.010200975621518569,900,10,120,90.0,120.0
un_un,un -> un,0,expert2,Expert2,2,familiar_1,Familiar 1,0,occlusion,Occluded,1,0.0877245577106697,0.21787092186437323,0.039603492617607115,87.0,-3.0,0.038708616542992076,0.010200975621518569,900,10,120,90.0,120.0
un_un,un -> un,0,expert2,Expert2,2,familiar_1,Familiar 1,0,occlusion,Occluded,1,0.06498434683517589,0.19596238236199315,0.03937152028083801,88.0,-2.0,0.038708616542992076,0.010200975621518569,900,10,120,90.0,120.0
un_un,un -> un,0,expert2,Expert2,2,familiar_1,Familiar 1,0,occlusion,Occluded,1,0.15745207222069552,0.20852136111960037,0.04031478129327297,89.0,-1.0,0.038708616542992076,0.010200975621518569,900,10,120,90.0,120.0
un_un,un -> un,0,expert2,Expert2,2,familiar_1,Familiar 1,0,occlusion,Occluded,1,0.28087363405317695,0.2669044984524169,0.04157380163669586,90.0,0.0,0.038708616542992076,0.010200975621518569,900,10,120,90.0,120.0
un_un,un -> un,0,expert2,Expert2,2,familiar_1,Familiar 1,0,occlusion,Occluded,1,0.36081665227371024,0.29841200348615565,0.04238929841667414,91.0,1.0,0.038708616542992076,0.010200975621518569,900,10,120,90.0,120.0
un_un,un -> un,0,expert2,Expert2,2,familiar_1,Familiar 1,0,occlusion,Occluded,1,0.4879928928114644,0.32164333730102523,0.04368662014603615,92.0,2.0,0.038708616542992076,0.010200975621518569,900,10,120,90.0,120.0
un_un,un -> un,0,expert2,Expert2,2,familiar_1,Familiar 1,0,occlusion,Occluded,1,0.3558068716608063,0.2917921681934811,0.042338193766772746,93.0,3.0,0.038708616542992076,0.010200975621518569,900,10,120,90.0,120.0
un_un,un -> un,0,expert2,Expert2,2,familiar_1,Familiar 1,0,occlusion,Occluded,1,0.1730177132596787,0.2891374784827427,0.04047356601804495,94.0,4.0,0.038708616542992076,0.010200975621518569,900,10,120,90.0,120.0
un_un,un -> un,0,expert2,Expert2,2,familiar_1,Familiar 1,0,occlusion,Occluded,1,0.1365470486872212,0.3045267104529669,0.04010152965784073,95.0,5.0,0.038708616542992076,0.010200975621518569,900,10,120,90.0,120.0
un_un,un -> un,0,expert2,Expert2,2,familiar_1,Familiar 1,0,occlusion,Occluded,1,0.13202795509242646,0.31193853115872217,0.04005543049424887,96.0,6.0,0.038708616542992076,0.010200975621518569,900,10,120,90.0,120.0
un_un,un -> un,0,expert2,Expert2,2,familiar_1,Familiar 1,0,occlusion,Occluded,1,0.09055612838183698,0.27304114250501416,0.039632377400994304,97.0,7.0,0.038708616542992076,0.010200975621518569,900,10,120,90.0,120.0
un_un,un -> un,0,expert2,Expert2,2,familiar_1,Familiar 1,0,occlusion,Occluded,1,-0.008742450380219036,0.2509415799849567,0.03861943501979113,98.0,8.0,0.038708616542992076,0.010200975621518569,900,10,120,90.0,120.0
un_un,un -> un,0,expert2,Expert2,2,familiar_1,Familiar 1,0,occlusion,Occluded,1,-0.06400341675793567,0.22413845653901304,0.03805571924895048,99.0,9.0,0.038708616542992076,0.010200975621518569,900,10,120,90.0,120.0
un_un,un -> un,0,expert2,Expert2,2,familiar_1,Familiar 1,0,occlusion,Occluded,1,0.05320588637666477,0.26207592874176483,0.03925136849284172,100.0,10.0,0.038708616542992076,0.010200975621518569,900,10,120,90.0,120.0
un_un,un -> un,0,expert2,Expert2,2,familiar_1,Familiar 1,0,occlusion,Occluded,1,0.05122301635677275,0.2131187917908946,0.039231141284108165,101.0,11.0,0.038708616542992076,0.010200975621518569,900,10,120,90.0,120.0
un_un,un -> un,0,expert2,Expert2,2,familiar_1,Familiar 1,0,occlusion,Occluded,1,0.3874734304081387,0.2746327313713519,0.04266122356057167,102.0,12.0,0.038708616542992076,0.010200975621518569,900,10,120,90.0,120.0
un_un,un -> un,0,expert2,Expert2,2,familiar_1,Familiar 1,0,occlusion,Occluded,1,0.2308604423565382,0.2576084933076354,0.04106361828744411,103.0,13.0,0.038708616542992076,0.010200975621518569,900,10,120,90.0,120.0
un_un,un -> un,0,expert2,Expert2,2,familiar_1,Familiar 1,0,occlusion,Occluded,1,0.22468130635619188,0.2618388437720604,0.041000585071742535,104.0,14.0,0.038708616542992076,0.010200975621518569,900,10,120,90.0,120.0
un_un,un -> un,0,expert2,Expert2,2,familiar_1,Familiar 1,0,occlusion,Occluded,1,0.255293033177459,0.26814107408669763,0.04131285455077886,105.0,15.0,0.038708616542992076,0.010200975621518569,900,10,120,90.0,120.0
un_un,un -> un,0,expert2,Expert2,2,familiar_1,Familiar 1,0,occlusion,Occluded,1,0.21853481830688865,0.26703770367612156,0.04093788489699364,106.0,16.0,0.038708616542992076,0.010200975621518569,900,10,120,90.0,120.0
un_un,un -> un,0,expert2,Expert2,2,familiar_1,Familiar 1,0,occlusion,Occluded,1,0.20909170887885944,0.23977175778369456,0.040841555967926976,107.0,17.0,0.038708616542992076,0.010200975621518569,900,10,120,90.0,120.0
un_un,un -> un,0,expert2,Expert2,2,familiar_1,Familiar 1,0,occlusion,Occluded,1,0.22098251992057402,0.26592151719662266,0.04096285384148359,108.0,18.0,0.038708616542992076,0.010200975621518569,900,10,120,90.0,120.0
un_un,un -> un,0,expert2,Expert2,2,familiar_1,Familiar 1,0,occlusion,Occluded,1,0.07139769719124306,0.25151016563652184,0.03943694271147251,109.0,19.0,0.038708616542992076,0.010200975621518569,900,10,120,90.0,120.0
un_un,un -> un,0,expert2,Expert2,2,familiar_1,Familiar 1,0,occlusion,Occluded,1,0.1601623999416806,0.3092401115996843,0.04034242928028107,110.0,20.0,0.038708616542992076,0.010200975621518569,900,10,120,90.0,120.0
un_un,un -> un,0,expert2,Expert2,2,familiar_1,Familiar 1,0,occlusion,Occluded,1,0.13766226471513185,0.2772822855110368,0.04011290594935417,111.0,21.0,0.038708616542992076,0.010200975621518569,900,10,120,90.0,120.0
un_un,un -> un,0,expert2,Expert2,2,familiar_1,Familiar 1,0,occlusion,Occluded,1,0.21246642605546628,0.2879641868750146,0.04087598137557506,112.0,22.0,0.038708616542992076,0.010200975621518569,900,10,120,90.0,120.0
un_un,un -> un,0,expert2,Expert2,2,familiar_1,Familiar 1,0,occlusion,Occluded,1,0.07610645200946282,0.29996031520565675,0.039484976604580876,113.0,23.0,0.038708616542992076,0.010200975621518569,900,10,120,90.0,120.0
un_un,un -> un,0,expert2,Expert2,2,familiar_1,Familiar 1,0,occlusion,Occluded,1,0.009728620928348149,0.2777839924050355,0.038807857967913154,114.0,24.0,0.038708616542992076,0.010200975621518569,900,10,120,90.0,120.0
un_un,un -> un,0,expert2,Expert2,2,familiar_1,Familiar 1,0,occlusion,Occluded,1,-0.041923486954962584,0.2706812982915452,0.03828095607459545,115.0,25.0,0.038708616542992076,0.010200975621518569,900,10,120,90.0,120.0
un_un,un -> un,0,expert2,Expert2,2,familiar_1,Familiar 1,0,occlusion,Occluded,1,-0.07470464090787034,0.27335323698784025,0.037946556322276594,116.0,26.0,0.038708616542992076,0.010200975621518569,900,10,120,90.0,120.0
un_un,un -> un,0,expert2,Expert2,2,familiar_1,Familiar 1,0,occlusion,Occluded,1,-0.06757369297015264,0.2808081955123811,0.03801929894834757,117.0,27.0,0.038708616542992076,0.010200975621518569,900,10,120,90.0,120.0
un_un,un -> un,0,expert2,Expert2,2,familiar_1,Familiar 1,0,occlusion,Occluded,1,0.19524731602389322,0.34558419273292285,0.040700329653918746,118.0,28.0,0.038708616542992076,0.010200975621518569,900,10,120,90.0,120.0
un_un,un -> un,0,expert2,Expert2,2,familiar_1,Familiar 1,0,occlusion,Occluded,1,0.29911195176445915,0.31155367133620254,0.04175985027104616,119.0,29.0,0.038708616542992076,0.010200975621518569,900,10,120,90.0,120.0
un_un,un -> un,0,expert2,Expert2,2,familiar_2,Familiar 2,1,full,Nonoccluded,0,-1.8075780363943459,0.05922974121502723,0.01034313435666263,0.0,-90.0,0.03559285824911462,0.013968815389469274,900,10,120,90.0,120.0
un_un,un -> un,0,expert2,Expert2,2,familiar_2,Familiar 2,1,full,Nonoccluded,0,-1.7909051885142744,0.10014832006657862,0.010576034290716052,1.0,-89.0,0.03559285824911462,0.013968815389469274,900,10,120,90.0,120.0
un_un,un -> un,0,expert2,Expert2,2,familiar_2,Familiar 2,1,full,Nonoccluded,0,-1.761131541057761,0.09541428777038932,0.010991936875507235,2.0,-88.0,0.03559285824911462,0.013968815389469274,900,10,120,90.0,120.0
un_un,un -> un,0,expert2,Expert2,2,familiar_2,Familiar 2,1,full,Nonoccluded,0,-1.6512645004427813,0.08591686313290924,0.012526649283245206,3.0,-87.0,0.03559285824911462,0.013968815389469274,900,10,120,90.0,120.0
un_un,un -> un,0,expert2,Expert2,2,familiar_2,Familiar 2,1,full,Nonoccluded,0,-1.3372856061912266,0.10716258761143127,0.016912562493234872,4.0,-86.0,0.03559285824911462,0.013968815389469274,900,10,120,90.0,120.0
un_un,un -> un,0,expert2,Expert2,2,familiar_2,Familiar 2,1,full,Nonoccluded,0,-1.3131252965538973,0.11000758046413299,0.01725005339831114,5.0,-85.0,0.03559285824911462,0.013968815389469274,900,10,120,90.0,120.0
un_un,un -> un,0,expert2,Expert2,2,familiar_2,Familiar 2,1,full,Nonoccluded,0,-1.1744332979697725,0.1456618434884345,0.019187416322529315,6.0,-84.0,0.03559285824911462,0.013968815389469274,900,10,120,90.0,120.0
un_un,un -> un,0,expert2,Expert2,2,familiar_2,Familiar 2,1,full,Nonoccluded,0,-1.1032318494408104,0.15773691491105649,0.02018201621249318,7.0,-83.0,0.03559285824911462,0.013968815389469274,900,10,120,90.0,120.0
un_un,un -> un,0,expert2,Expert2,2,familiar_2,Familiar 2,1,full,Nonoccluded,0,-1.0630806952105103,0.15786773050954148,0.020742880273610355,8.0,-82.0,0.03559285824911462,0.013968815389469274,900,10,120,90.0,120.0
un_un,un -> un,0,expert2,Expert2,2,familiar_2,Familiar 2,1,full,Nonoccluded,0,-1.0121161622807056,0.21518218005586495,0.021454794425517322,9.0,-81.0,0.03559285824911462,0.013968815389469274,900,10,120,90.0,120.0
un_un,un -> un,0,expert2,Expert2,2,familiar_2,Familiar 2,1,full,Nonoccluded,0,-1.0184433257178376,0.2126648111733204,0.021366411447525026,10.0,-80.0,0.03559285824911462,0.013968815389469274,900,10,120,90.0,120.0
un_un,un -> un,0,expert2,Expert2,2,familiar_2,Familiar 2,1,full,Nonoccluded,0,-0.939514291176897,0.19487296218058664,0.022468956559896468,11.0,-79.0,0.03559285824911462,0.013968815389469274,900,10,120,90.0,120.0
un_un,un -> un,0,expert2,Expert2,2,familiar_2,Familiar 2,1,full,Nonoccluded,0,-0.8143073136450953,0.18351460725976085,0.024217949714511633,12.0,-78.0,0.03559285824911462,0.013968815389469274,900,10,120,90.0,120.0
un_un,un -> un,0,expert2,Expert2,2,familiar_2,Familiar 2,1,full,Nonoccluded,0,-0.8503376260417003,0.19338500918771015,0.02371464893221855,13.0,-77.0,0.03559285824911462,0.013968815389469274,900,10,120,90.0,120.0
un_un,un -> un,0,expert2,Expert2,2,familiar_2,Familiar 2,1,full,Nonoccluded,0,-0.7921486972897374,0.21040648175390408,0.0245274793356657,14.0,-76.0,0.03559285824911462,0.013968815389469274,900,10,120,90.0,120.0
un_un,un -> un,0,expert2,Expert2,2,familiar_2,Familiar 2,1,full,Nonoccluded,0,-0.670810643139703,0.22807895612932003,0.02622242821380496,15.0,-75.0,0.03559285824911462,0.013968815389469274,900,10,120,90.0,120.0
un_un,un -> un,0,expert2,Expert2,2,familiar_2,Familiar 2,1,full,Nonoccluded,0,-0.6645433307530662,0.22540741557320887,0.026309975143522023,16.0,-74.0,0.03559285824911462,0.013968815389469274,900,10,120,90.0,120.0
un_un,un -> un,0,expert2,Expert2,2,familiar_2,Familiar 2,1,full,Nonoccluded,0,-0.5847800817762222,0.16835004562643766,0.02742417324334383,17.0,-73.0,0.03559285824911462,0.013968815389469274,900,10,120,90.0,120.0
un_un,un -> un,0,expert2,Expert2,2,familiar_2,Familiar 2,1,full,Nonoccluded,0,-0.5455232863871405,0.14935402568374626,0.027972544170916082,18.0,-72.0,0.03559285824911462,0.013968815389469274,900,10,120,90.0,120.0
un_un,un -> un,0,expert2,Expert2,2,familiar_2,Familiar 2,1,full,Nonoccluded,0,-0.49735882521704927,0.1835528952230492,0.028645344637334348,19.0,-71.0,0.03559285824911462,0.013968815389469274,900,10,120,90.0,120.0
un_un,un -> un,0,expert2,Expert2,2,familiar_2,Familiar 2,1,full,Nonoccluded,0,-0.5234892458230826,0.19502281597011586,0.02828033361583948,20.0,-70.0,0.03559285824911462,0.013968815389469274,900,10,120,90.0,120.0
un_un,un -> un,0,expert2,Expert2,2,familiar_2,Familiar 2,1,full,Nonoccluded,0,-0.4935443458230668,0.20785973105123356,0.028698628395795824,21.0,-69.0,0.03559285824911462,0.013968815389469274,900,10,120,90.0,120.0
un_un,un -> un,0,expert2,Expert2,2,familiar_2,Familiar 2,1,full,Nonoccluded,0,-0.4570808350299016,0.24483843409760503,0.029207980446517467,22.0,-68.0,0.03559285824911462,0.013968815389469274,900,10,120,90.0,120.0
un_un,un -> un,0,expert2,Expert2,2,familiar_2,Familiar 2,1,full,Nonoccluded,0,-0.43525728988371526,0.24415363907696694,0.02951282951980829,23.0,-67.0,0.03559285824911462,0.013968815389469274,900,10,120,90.0,120.0
un_un,un -> un,0,expert2,Expert2,2,familiar_2,Familiar 2,1,full,Nonoccluded,0,-0.2966040808074191,0.2719585903195704,0.03144965060055256,24.0,-66.0,0.03559285824911462,0.013968815389469274,900,10,120,90.0,120.0
un_un,un -> un,0,expert2,Expert2,2,familiar_2,Familiar 2,1,full,Nonoccluded,0,-0.28352056249675395,0.2969353642385454,0.03163241185247898,25.0,-65.0,0.03559285824911462,0.013968815389469274,900,10,120,90.0,120.0
un_un,un -> un,0,expert2,Expert2,2,familiar_2,Familiar 2,1,full,Nonoccluded,0,-0.31359691212488194,0.288066518407296,0.031212280876934527,26.0,-64.0,0.03559285824911462,0.013968815389469274,900,10,120,90.0,120.0
un_un,un -> un,0,expert2,Expert2,2,familiar_2,Familiar 2,1,full,Nonoccluded,0,-0.27645903193709914,0.32402780531263126,0.03173105306923389,27.0,-63.0,0.03559285824911462,0.013968815389469274,900,10,120,90.0,120.0
un_un,un -> un,0,expert2,Expert2,2,familiar_2,Familiar 2,1,full,Nonoccluded,0,-0.2186980211949312,0.33851924640886416,0.03253790596500039,28.0,-62.0,0.03559285824911462,0.013968815389469274,900,10,120,90.0,120.0
un_un,un -> un,0,expert2,Expert2,2,familiar_2,Familiar 2,1,full,Nonoccluded,0,-0.19414047579514798,0.33127572797739613,0.032880945783108476,29.0,-61.0,0.03559285824911462,0.013968815389469274,900,10,120,90.0,120.0
un_un,un -> un,0,expert2,Expert2,2,familiar_2,Familiar 2,1,full,Nonoccluded,0,-0.05530203315130076,0.302003348538095,0.03482035435736179,30.0,-60.0,0.03559285824911462,0.013968815389469274,900,10,120,90.0,120.0
un_un,un -> un,0,expert2,Expert2,2,familiar_2,Familiar 2,1,full,Nonoccluded,0,-0.10021633626148652,0.3122766931704935,0.034192954748868944,31.0,-59.0,0.03559285824911462,0.013968815389469274,900,10,120,90.0,120.0
un_un,un -> un,0,expert2,Expert2,2,familiar_2,Familiar 2,1,full,Nonoccluded,0,-0.14941771338114967,0.3040507756353129,0.03350566979497671,32.0,-58.0,0.03559285824911462,0.013968815389469274,900,10,120,90.0,120.0
un_un,un -> un,0,expert2,Expert2,2,familiar_2,Familiar 2,1,full,Nonoccluded,0,-0.0990449304611196,0.30924922359073065,0.03420931790024042,33.0,-57.0,0.03559285824911462,0.013968815389469274,900,10,120,90.0,120.0
un_un,un -> un,0,expert2,Expert2,2,familiar_2,Familiar 2,1,full,Nonoccluded,0,-0.09783416177759315,0.3175086188212454,0.034226230904459955,34.0,-56.0,0.03559285824911462,0.013968815389469274,900,10,120,90.0,120.0
un_un,un -> un,0,expert2,Expert2,2,familiar_2,Familiar 2,1,full,Nonoccluded,0,-0.0758987151017744,0.2931485234027792,0.034532643109560016,35.0,-55.0,0.03559285824911462,0.013968815389469274,900,10,120,90.0,120.0
un_un,un -> un,0,expert2,Expert2,2,familiar_2,Familiar 2,1,full,Nonoccluded,0,-0.06410205104757215,0.2818667615323014,0.034697428531944755,36.0,-54.0,0.03559285824911462,0.013968815389469274,900,10,120,90.0,120.0
un_un,un -> un,0,expert2,Expert2,2,familiar_2,Familiar 2,1,full,Nonoccluded,0,0.027739222591911594,0.2815084757230048,0.03598034232854843,37.0,-53.0,0.03559285824911462,0.013968815389469274,900,10,120,90.0,120.0
un_un,un -> un,0,expert2,Expert2,2,familiar_2,Familiar 2,1,full,Nonoccluded,0,0.021409278951141898,0.2685769301248542,0.035891920514404776,38.0,-52.0,0.03559285824911462,0.013968815389469274,900,10,120,90.0,120.0
un_un,un -> un,0,expert2,Expert2,2,familiar_2,Familiar 2,1,full,Nonoccluded,0,0.06733002911251891,0.3005295688393111,0.03653337899595499,39.0,-51.0,0.03559285824911462,0.013968815389469274,900,10,120,90.0,120.0
un_un,un -> un,0,expert2,Expert2,2,familiar_2,Familiar 2,1,full,Nonoccluded,0,0.09332214625509336,0.3102774878077256,0.036896458081901076,40.0,-50.0,0.03559285824911462,0.013968815389469274,900,10,120,90.0,120.0
un_un,un -> un,0,expert2,Expert2,2,familiar_2,Familiar 2,1,full,Nonoccluded,0,0.11577193727105886,0.30423309159362205,0.03721005506813526,41.0,-49.0,0.03559285824911462,0.013968815389469274,900,10,120,90.0,120.0
un_un,un -> un,0,expert2,Expert2,2,familiar_2,Familiar 2,1,full,Nonoccluded,0,0.2391482007110362,0.31392208758847784,0.03893347531557083,42.0,-48.0,0.03559285824911462,0.013968815389469274,900,10,120,90.0,120.0
un_un,un -> un,0,expert2,Expert2,2,familiar_2,Familiar 2,1,full,Nonoccluded,0,0.3461726397845146,0.35297644409036594,0.04042847994714975,43.0,-47.0,0.03559285824911462,0.013968815389469274,900,10,120,90.0,120.0
un_un,un -> un,0,expert2,Expert2,2,familiar_2,Familiar 2,1,full,Nonoccluded,0,0.3414714954461913,0.34166757838127054,0.040362810529768464,44.0,-46.0,0.03559285824911462,0.013968815389469274,900,10,120,90.0,120.0
un_un,un -> un,0,expert2,Expert2,2,familiar_2,Familiar 2,1,full,Nonoccluded,0,0.24304339268352973,0.30511495526391363,0.038987886533141135,45.0,-45.0,0.03559285824911462,0.013968815389469274,900,10,120,90.0,120.0
un_un,un -> un,0,expert2,Expert2,2,familiar_2,Familiar 2,1,full,Nonoccluded,0,0.2739470562421289,0.3377737717966202,0.039419574104249476,46.0,-44.0,0.03559285824911462,0.013968815389469274,900,10,120,90.0,120.0
un_un,un -> un,0,expert2,Expert2,2,familiar_2,Familiar 2,1,full,Nonoccluded,0,0.26720422902610425,0.3019770974264046,0.03932538479566574,47.0,-43.0,0.03559285824911462,0.013968815389469274,900,10,120,90.0,120.0
un_un,un -> un,0,expert2,Expert2,2,familiar_2,Familiar 2,1,full,Nonoccluded,0,0.21765837334155508,0.2965369064465992,0.03863328788429499,48.0,-42.0,0.03559285824911462,0.013968815389469274,900,10,120,90.0,120.0
un_un,un -> un,0,expert2,Expert2,2,familiar_2,Familiar 2,1,full,Nonoccluded,0,0.2569766398997985,0.29374294729863,0.03918251749128103,49.0,-41.0,0.03559285824911462,0.013968815389469274,900,10,120,90.0,120.0
un_un,un -> un,0,expert2,Expert2,2,familiar_2,Familiar 2,1,full,Nonoccluded,0,0.3585355586477457,0.25695544016348726,0.04060117527842522,50.0,-40.0,0.03559285824911462,0.013968815389469274,900,10,120,90.0,120.0
un_un,un -> un,0,expert2,Expert2,2,familiar_2,Familiar 2,1,full,Nonoccluded,0,0.41018603515325947,0.262807603233837,0.041322671249508856,51.0,-39.0,0.03559285824911462,0.013968815389469274,900,10,120,90.0,120.0
un_un,un -> un,0,expert2,Expert2,2,familiar_2,Familiar 2,1,full,Nonoccluded,0,0.3710294071009984,0.2573455681426063,0.04077569954097271,52.0,-38.0,0.03559285824911462,0.013968815389469274,900,10,120,90.0,120.0
un_un,un -> un,0,expert2,Expert2,2,familiar_2,Familiar 2,1,full,Nonoccluded,0,0.4549287790308128,0.2793532041139761,0.04194767437875271,53.0,-37.0,0.03559285824911462,0.013968815389469274,900,10,120,90.0,120.0
un_un,un -> un,0,expert2,Expert2,2,familiar_2,Familiar 2,1,full,Nonoccluded,0,0.6390729067852041,0.27477774249432313,0.044519949704408646,54.0,-36.0,0.03559285824911462,0.013968815389469274,900,10,120,90.0,120.0
un_un,un -> un,0,expert2,Expert2,2,familiar_2,Familiar 2,1,full,Nonoccluded,0,0.5912883401073946,0.2616379656274539,0.04385245591402054,55.0,-35.0,0.03559285824911462,0.013968815389469274,900,10,120,90.0,120.0
un_un,un -> un,0,expert2,Expert2,2,familiar_2,Familiar 2,1,full,Nonoccluded,0,0.55801028930195,0.23691743296563267,0.0433876009657979,56.0,-34.0,0.03559285824911462,0.013968815389469274,900,10,120,90.0,120.0
un_un,un -> un,0,expert2,Expert2,2,familiar_2,Familiar 2,1,full,Nonoccluded,0,0.4836798715896394,0.2222236424269818,0.0423492930829525,57.0,-33.0,0.03559285824911462,0.013968815389469274,900,10,120,90.0,120.0
un_un,un -> un,0,expert2,Expert2,2,familiar_2,Familiar 2,1,full,Nonoccluded,0,0.56009064167869,0.2029029729682004,0.043416661024093625,58.0,-32.0,0.03559285824911462,0.013968815389469274,900,10,120,90.0,120.0
un_un,un -> un,0,expert2,Expert2,2,familiar_2,Familiar 2,1,full,Nonoccluded,0,0.6280350049736944,0.2241710103053426,0.04436576329171658,59.0,-31.0,0.03559285824911462,0.013968815389469274,900,10,120,90.0,120.0
un_un,un -> un,0,expert2,Expert2,2,familiar_2,Familiar 2,1,full,Nonoccluded,0,0.593728225485026,0.2373184648802595,0.04388653822243214,60.0,-30.0,0.03559285824911462,0.013968815389469274,900,10,120,90.0,120.0
un_un,un -> un,0,expert2,Expert2,2,familiar_2,Familiar 2,1,full,Nonoccluded,0,0.5228315792815055,0.25071637552378756,0.04289619605988264,61.0,-29.0,0.03559285824911462,0.013968815389469274,900,10,120,90.0,120.0
un_un,un -> un,0,expert2,Expert2,2,familiar_2,Familiar 2,1,full,Nonoccluded,0,0.5414133536487846,0.256821259337538,0.04315576143562794,62.0,-28.0,0.03559285824911462,0.013968815389469274,900,10,120,90.0,120.0
un_un,un -> un,0,expert2,Expert2,2,familiar_2,Familiar 2,1,full,Nonoccluded,0,0.6405053317040833,0.3234884312819246,0.04453995898365974,63.0,-27.0,0.03559285824911462,0.013968815389469274,900,10,120,90.0,120.0
un_un,un -> un,0,expert2,Expert2,2,familiar_2,Familiar 2,1,full,Nonoccluded,0,0.6730974522681291,0.27399695345940617,0.04499523229897022,64.0,-26.0,0.03559285824911462,0.013968815389469274,900,10,120,90.0,120.0
un_un,un -> un,0,expert2,Expert2,2,familiar_2,Familiar 2,1,full,Nonoccluded,0,0.6843581703999626,0.27526023802577326,0.04515253119170666,65.0,-25.0,0.03559285824911462,0.013968815389469274,900,10,120,90.0,120.0
un_un,un -> un,0,expert2,Expert2,2,familiar_2,Familiar 2,1,full,Nonoccluded,0,0.7044715636183109,0.2777989710963778,0.045433491468429565,66.0,-24.0,0.03559285824911462,0.013968815389469274,900,10,120,90.0,120.0
un_un,un -> un,0,expert2,Expert2,2,familiar_2,Familiar 2,1,full,Nonoccluded,0,0.6717929833881382,0.23325735975219647,0.04497701041400433,67.0,-23.0,0.03559285824911462,0.013968815389469274,900,10,120,90.0,120.0
un_un,un -> un,0,expert2,Expert2,2,familiar_2,Familiar 2,1,full,Nonoccluded,0,0.593485514374162,0.24296161684986606,0.04388314783573151,68.0,-22.0,0.03559285824911462,0.013968815389469274,900,10,120,90.0,120.0
un_un,un -> un,0,expert2,Expert2,2,familiar_2,Familiar 2,1,full,Nonoccluded,0,0.4993246041647478,0.21476970418619348,0.042567831464111805,69.0,-21.0,0.03559285824911462,0.013968815389469274,900,10,120,90.0,120.0
un_un,un -> un,0,expert2,Expert2,2,familiar_2,Familiar 2,1,full,Nonoccluded,0,0.44501807978197555,0.20746759072097132,0.041809233650565145,70.0,-20.0,0.03559285824911462,0.013968815389469274,900,10,120,90.0,120.0
un_un,un -> un,0,expert2,Expert2,2,familiar_2,Familiar 2,1,full,Nonoccluded,0,0.5331970851762797,0.19607638572535566,0.0430409898981452,71.0,-19.0,0.03559285824911462,0.013968815389469274,900,10,120,90.0,120.0
un_un,un -> un,0,expert2,Expert2,2,familiar_2,Familiar 2,1,full,Nonoccluded,0,0.4676608982696949,0.1738414540719315,0.042125527001917365,72.0,-18.0,0.03559285824911462,0.013968815389469274,900,10,120,90.0,120.0
un_un,un -> un,0,expert2,Expert2,2,familiar_2,Familiar 2,1,full,Nonoccluded,0,0.3295968656813408,0.1605442518296402,0.04019693601876497,73.0,-17.0,0.03559285824911462,0.013968815389469274,900,10,120,90.0,120.0
un_un,un -> un,0,expert2,Expert2,2,familiar_2,Familiar 2,1,full,Nonoccluded,0,0.36968154837622424,0.13417238153413924,0.040756871551275255,74.0,-16.0,0.03559285824911462,0.013968815389469274,900,10,120,90.0,120.0
un_un,un -> un,0,expert2,Expert2,2,familiar_2,Familiar 2,1,full,Nonoccluded,0,0.3986792856673685,0.13959857306271334,0.041161935590207574,75.0,-15.0,0.03559285824911462,0.013968815389469274,900,10,120,90.0,120.0
un_un,un -> un,0,expert2,Expert2,2,familiar_2,Familiar 2,1,full,Nonoccluded,0,0.4490026783031089,0.15475606604633996,0.04186489377170801,76.0,-14.0,0.03559285824911462,0.013968815389469274,900,10,120,90.0,120.0
un_un,un -> un,0,expert2,Expert2,2,familiar_2,Familiar 2,1,full,Nonoccluded,0,0.4433276893015772,0.1572682813124626,0.041785620898008344,77.0,-13.0,0.03559285824911462,0.013968815389469274,900,10,120,90.0,120.0
un_un,un -> un,0,expert2,Expert2,2,familiar_2,Familiar 2,1,full,Nonoccluded,0,0.4587288040327408,0.16083546807018195,0.04200075622648001,78.0,-12.0,0.03559285824911462,0.013968815389469274,900,10,120,90.0,120.0
un_un,un -> un,0,expert2,Expert2,2,familiar_2,Familiar 2,1,full,Nonoccluded,0,0.522394067235656,0.1805849070544065,0.0428900845348835,79.0,-11.0,0.03559285824911462,0.013968815389469274,900,10,120,90.0,120.0
un_un,un -> un,0,expert2,Expert2,2,familiar_2,Familiar 2,1,full,Nonoccluded,0,0.4562211136886914,0.18815453773933782,0.041965726763010025,80.0,-10.0,0.03559285824911462,0.013968815389469274,900,10,120,90.0,120.0
un_un,un -> un,0,expert2,Expert2,2,familiar_2,Familiar 2,1,full,Nonoccluded,0,0.6073393957772312,0.16105682039860614,0.04407667014747858,81.0,-9.0,0.03559285824911462,0.013968815389469274,900,10,120,90.0,120.0
un_un,un -> un,0,expert2,Expert2,2,familiar_2,Familiar 2,1,full,Nonoccluded,0,0.6569827519365984,0.18532212762667571,0.04477012902498245,82.0,-8.0,0.03559285824911462,0.013968815389469274,900,10,120,90.0,120.0
un_un,un -> un,0,expert2,Expert2,2,familiar_2,Familiar 2,1,full,Nonoccluded,0,0.8184139894041497,0.2276738346090571,0.04702513217926026,83.0,-7.0,0.03559285824911462,0.013968815389469274,900,10,120,90.0,120.0
un_un,un -> un,0,expert2,Expert2,2,familiar_2,Familiar 2,1,full,Nonoccluded,0,0.8524809113242972,0.2622589416920725,0.04750100672245026,84.0,-6.0,0.03559285824911462,0.013968815389469274,900,10,120,90.0,120.0
un_un,un -> un,0,expert2,Expert2,2,familiar_2,Familiar 2,1,full,Nonoccluded,0,0.9215353292592969,0.24122453128346305,0.04846561513841152,85.0,-5.0,0.03559285824911462,0.013968815389469274,900,10,120,90.0,120.0
un_un,un -> un,0,expert2,Expert2,2,familiar_2,Familiar 2,1,full,Nonoccluded,0,0.8579197363611817,0.23486490670473623,0.04757698066532612,86.0,-4.0,0.03559285824911462,0.013968815389469274,900,10,120,90.0,120.0
un_un,un -> un,0,expert2,Expert2,2,familiar_2,Familiar 2,1,full,Nonoccluded,0,0.7934017040299797,0.22315064629010609,0.04667574018239975,87.0,-3.0,0.03559285824911462,0.013968815389469274,900,10,120,90.0,120.0
un_un,un -> un,0,expert2,Expert2,2,familiar_2,Familiar 2,1,full,Nonoccluded,0,0.7301722994184725,0.21612114167562954,0.045792500302195546,88.0,-2.0,0.03559285824911462,0.013968815389469274,900,10,120,90.0,120.0
un_un,un -> un,0,expert2,Expert2,2,familiar_2,Familiar 2,1,full,Nonoccluded,0,0.7233118502538199,0.2453459350250287,0.04569666795432568,89.0,-1.0,0.03559285824911462,0.013968815389469274,900,10,120,90.0,120.0
un_un,un -> un,0,expert2,Expert2,2,familiar_2,Familiar 2,1,full,Nonoccluded,0,0.7126736577192714,0.2577826859889292,0.04554806500673294,90.0,0.0,0.03559285824911462,0.013968815389469274,900,10,120,90.0,120.0
un_un,un -> un,0,expert2,Expert2,2,familiar_2,Familiar 2,1,full,Nonoccluded,0,0.549638756123649,0.244893561660138,0.0432706605643034,91.0,1.0,0.03559285824911462,0.013968815389469274,900,10,120,90.0,120.0
un_un,un -> un,0,expert2,Expert2,2,familiar_2,Familiar 2,1,full,Nonoccluded,0,0.3947556382773063,0.23264888328146846,0.041107126884162425,92.0,2.0,0.03559285824911462,0.013968815389469274,900,10,120,90.0,120.0
un_un,un -> un,0,expert2,Expert2,2,familiar_2,Familiar 2,1,full,Nonoccluded,0,0.24761666098882454,0.22101642292692392,0.03905176967382431,93.0,3.0,0.03559285824911462,0.013968815389469274,900,10,120,90.0,120.0
un_un,un -> un,0,expert2,Expert2,2,familiar_2,Familiar 2,1,full,Nonoccluded,0,0.10783466256696425,0.2099655974233631,0.03709918074309826,94.0,4.0,0.03559285824911462,0.013968815389469274,900,10,120,90.0,120.0
un_un,un -> un,0,expert2,Expert2,2,familiar_2,Familiar 2,1,full,Nonoccluded,0,-0.024958237267234017,0.19946730947471758,0.03524422124028206,95.0,5.0,0.03559285824911462,0.013968815389469274,900,10,120,90.0,120.0
un_un,un -> un,0,expert2,Expert2,2,familiar_2,Familiar 2,1,full,Nonoccluded,0,-0.15111150411060134,0.18949393028375308,0.033482009544968605,96.0,6.0,0.03559285824911462,0.013968815389469274,900,10,120,90.0,120.0
un_un,un -> un,0,expert2,Expert2,2,familiar_2,Familiar 2,1,full,Nonoccluded,0,-0.2709571089452313,0.18001921987401048,0.031807908415794374,97.0,7.0,0.03559285824911462,0.013968815389469274,900,10,120,90.0,120.0
un_un,un -> un,0,expert2,Expert2,2,familiar_2,Familiar 2,1,full,Nonoccluded,0,-0.373684006575872,0.16647911357730677,0.030372935347259045,98.0,8.0,0.03559285824911462,0.013968815389469274,900,10,120,90.0,120.0
un_un,un -> un,0,expert2,Expert2,2,familiar_2,Familiar 2,1,full,Nonoccluded,0,-0.4824009696193509,0.15815515334601551,0.028854288160800934,99.0,9.0,0.03559285824911462,0.013968815389469274,900,10,120,90.0,120.0
un_un,un -> un,0,expert2,Expert2,2,familiar_2,Familiar 2,1,full,Nonoccluded,0,-0.5387394028305847,0.13934171113158525,0.028067306987941264,100.0,10.0,0.03559285824911462,0.013968815389469274,900,10,120,90.0,120.0
un_un,un -> un,0,expert2,Expert2,2,familiar_2,Familiar 2,1,full,Nonoccluded,0,-0.639203561392122,0.13237463926155288,0.02666394170373678,101.0,11.0,0.03559285824911462,0.013968815389469274,900,10,120,90.0,120.0
un_un,un -> un,0,expert2,Expert2,2,familiar_2,Familiar 2,1,full,Nonoccluded,0,-0.7346445253598923,0.12575591922422388,0.02533074449747801,102.0,12.0,0.03559285824911462,0.013968815389469274,900,10,120,90.0,120.0
un_un,un -> un,0,expert2,Expert2,2,familiar_2,Familiar 2,1,full,Nonoccluded,0,-0.8253134597973084,0.11946812671209404,0.02406420689076185,103.0,13.0,0.03559285824911462,0.013968815389469274,900,10,120,90.0,120.0
un_un,un -> un,0,expert2,Expert2,2,familiar_2,Familiar 2,1,full,Nonoccluded,0,-0.9114489421791296,0.11349471487776011,0.02286099623888731,104.0,14.0,0.03559285824911462,0.013968815389469274,900,10,120,90.0,120.0
un_un,un -> un,0,expert2,Expert2,2,familiar_2,Familiar 2,1,full,Nonoccluded,0,-0.9932776557755834,0.10781997907425693,0.02171794604510069,105.0,15.0,0.03559285824911462,0.013968815389469274,900,10,120,90.0,120.0
un_un,un -> un,0,expert2,Expert2,2,familiar_2,Familiar 2,1,full,Nonoccluded,0,-1.0710149296919218,0.10242898161178089,0.020632048416882754,106.0,16.0,0.03559285824911462,0.013968815389469274,900,10,120,90.0,120.0
un_un,un -> un,0,expert2,Expert2,2,familiar_2,Familiar 2,1,full,Nonoccluded,0,-1.144865332245215,0.09730753651399152,0.01960044577717781,107.0,17.0,0.03559285824911462,0.013968815389469274,900,10,120,90.0,120.0
un_un,un -> un,0,expert2,Expert2,2,familiar_2,Familiar 2,1,full,Nonoccluded,0,-1.2150231910024434,0.09244216107758618,0.01862042360007763,108.0,18.0,0.03559285824911462,0.013968815389469274,900,10,120,90.0,120.0
un_un,un -> un,0,expert2,Expert2,2,familiar_2,Familiar 2,1,full,Nonoccluded,0,-1.281673199491602,0.08782004817200677,0.017689401935786008,109.0,19.0,0.03559285824911462,0.013968815389469274,900,10,120,90.0,120.0
un_un,un -> un,0,expert2,Expert2,2,familiar_2,Familiar 2,1,full,Nonoccluded,0,-1.3449906772207476,0.08342904094043505,0.016804931778460742,110.0,20.0,0.03559285824911462,0.013968815389469274,900,10,120,90.0,120.0
un_un,un -> un,0,expert2,Expert2,2,familiar_2,Familiar 2,1,full,Nonoccluded,0,-1.4051422897307377,0.07925759442521502,0.015964685007929802,111.0,21.0,0.03559285824911462,0.013968815389469274,900,10,120,90.0,120.0
un_un,un -> un,0,expert2,Expert2,2,familiar_2,Familiar 2,1,full,Nonoccluded,0,-1.4622863352828959,0.07529471361896087,0.015166450385004282,112.0,22.0,0.03559285824911462,0.013968815389469274,900,10,120,90.0,120.0
un_un,un -> un,0,expert2,Expert2,2,familiar_2,Familiar 2,1,full,Nonoccluded,0,-1.5165731648897784,0.07152997605031529,0.014408127684146167,113.0,23.0,0.03559285824911462,0.013968815389469274,900,10,120,90.0,120.0
un_un,un -> un,0,expert2,Expert2,2,familiar_2,Familiar 2,1,full,Nonoccluded,0,-1.5648051043356923,0.06868939193046045,0.01373438462615013,114.0,24.0,0.03559285824911462,0.013968815389469274,900,10,120,90.0,120.0
un_un,un -> un,0,expert2,Expert2,2,familiar_2,Familiar 2,1,full,Nonoccluded,0,-1.6139659851558446,0.06525492450215695,0.013047665357589722,115.0,25.0,0.03559285824911462,0.013968815389469274,900,10,120,90.0,120.0
un_un,un -> un,0,expert2,Expert2,2,familiar_2,Familiar 2,1,full,Nonoccluded,0,-1.6606688326024373,0.06199217452440824,0.01239528190344572,116.0,26.0,0.03559285824911462,0.013968815389469274,900,10,120,90.0,120.0
un_un,un -> un,0,expert2,Expert2,2,familiar_2,Familiar 2,1,full,Nonoccluded,0,-1.7050365356765542,0.05889255966153567,0.011775517649948598,117.0,27.0,0.03559285824911462,0.013968815389469274,900,10,120,90.0,120.0
un_un,un -> un,0,expert2,Expert2,2,familiar_2,Familiar 2,1,full,Nonoccluded,0,-1.7471858562638267,0.05594793018410105,0.011186741571873427,118.0,28.0,0.03559285824911462,0.013968815389469274,900,10,120,90.0,120.0
un_un,un -> un,0,expert2,Expert2,2,familiar_2,Familiar 2,1,full,Nonoccluded,0,-1.787227702487792,0.05315053573529899,0.010627404414117336,119.0,29.0,0.03559285824911462,0.013968815389469274,900,10,120,90.0,120.0
un_un,un -> un,0,expert2,Expert2,2,familiar_2,Familiar 2,1,occlusion,Occluded,1,-0.6272024228582154,0.4243030653630478,0.033226969058159736,0.0,-90.0,0.040312477650974565,0.011297004499002975,900,10,120,90.0,120.0
un_un,un -> un,0,expert2,Expert2,2,familiar_2,Familiar 2,1,occlusion,Occluded,1,-0.5700837868067657,0.39286731146791615,0.03387223854660988,1.0,-89.0,0.040312477650974565,0.011297004499002975,900,10,120,90.0,120.0
un_un,un -> un,0,expert2,Expert2,2,familiar_2,Familiar 2,1,occlusion,Occluded,1,-0.5875525846861904,0.40449616465535143,0.03367489345837384,2.0,-88.0,0.040312477650974565,0.011297004499002975,900,10,120,90.0,120.0
un_un,un -> un,0,expert2,Expert2,2,familiar_2,Familiar 2,1,occlusion,Occluded,1,-0.6031745233152068,0.4269924445220382,0.0334984123473987,3.0,-87.0,0.040312477650974565,0.011297004499002975,900,10,120,90.0,120.0
un_un,un -> un,0,expert2,Expert2,2,familiar_2,Familiar 2,1,occlusion,Occluded,1,-0.5506869924446676,0.4105063588789384,0.03409136421978474,4.0,-86.0,0.040312477650974565,0.011297004499002975,900,10,120,90.0,120.0
un_un,un -> un,0,expert2,Expert2,2,familiar_2,Familiar 2,1,occlusion,Occluded,1,-0.38191508605424784,0.3745045324601231,0.03599798120558262,5.0,-85.0,0.040312477650974565,0.011297004499002975,900,10,120,90.0,120.0
un_un,un -> un,0,expert2,Expert2,2,familiar_2,Familiar 2,1,occlusion,Occluded,1,-0.3931858241986186,0.34457639758228253,0.03587065562605858,6.0,-84.0,0.040312477650974565,0.011297004499002975,900,10,120,90.0,120.0
un_un,un -> un,0,expert2,Expert2,2,familiar_2,Familiar 2,1,occlusion,Occluded,1,-0.21342016083936616,0.36350880325478885,0.03790146913379431,7.0,-83.0,0.040312477650974565,0.011297004499002975,900,10,120,90.0,120.0
un_un,un -> un,0,expert2,Expert2,2,familiar_2,Familiar 2,1,occlusion,Occluded,1,-0.24987857682052494,0.3461372415218375,0.037489598244428636,8.0,-82.0,0.040312477650974565,0.011297004499002975,900,10,120,90.0,120.0
un_un,un -> un,0,expert2,Expert2,2,familiar_2,Familiar 2,1,occlusion,Occluded,1,-0.22567114095338336,0.38915357653158367,0.03776306975632906,9.0,-81.0,0.040312477650974565,0.011297004499002975,900,10,120,90.0,120.0
un_un,un -> un,0,expert2,Expert2,2,familiar_2,Familiar 2,1,occlusion,Occluded,1,-0.17894470188174688,0.3201931074335371,0.03829093854874373,10.0,-80.0,0.040312477650974565,0.011297004499002975,900,10,120,90.0,120.0
un_un,un -> un,0,expert2,Expert2,2,familiar_2,Familiar 2,1,occlusion,Occluded,1,-0.169686351762662,0.35405799246324104,0.03839553017169237,11.0,-79.0,0.040312477650974565,0.011297004499002975,900,10,120,90.0,120.0
un_un,un -> un,0,expert2,Expert2,2,familiar_2,Familiar 2,1,occlusion,Occluded,1,-0.07697264518201474,0.3399104838281294,0.039442917332053185,12.0,-78.0,0.040312477650974565,0.011297004499002975,900,10,120,90.0,120.0
un_un,un -> un,0,expert2,Expert2,2,familiar_2,Familiar 2,1,occlusion,Occluded,1,-0.11449262173260306,0.3370069215483028,0.039019053988158706,13.0,-77.0,0.040312477650974565,0.011297004499002975,900,10,120,90.0,120.0
un_un,un -> un,0,expert2,Expert2,2,familiar_2,Familiar 2,1,occlusion,Occluded,1,-0.18951041502069998,0.35499595121522615,0.038171577639877795,14.0,-76.0,0.040312477650974565,0.011297004499002975,900,10,120,90.0,120.0
un_un,un -> un,0,expert2,Expert2,2,familiar_2,Familiar 2,1,occlusion,Occluded,1,-0.22817650237990805,0.3148260432893455,0.03773476667702198,15.0,-75.0,0.040312477650974565,0.011297004499002975,900,10,120,90.0,120.0
un_un,un -> un,0,expert2,Expert2,2,familiar_2,Familiar 2,1,occlusion,Occluded,1,-0.17690509224084022,0.29264571221363755,0.038313980028033254,16.0,-74.0,0.040312477650974565,0.011297004499002975,900,10,120,90.0,120.0
un_un,un -> un,0,expert2,Expert2,2,familiar_2,Familiar 2,1,occlusion,Occluded,1,0.0015496796759256082,0.27450962625087477,0.04032998438924551,17.0,-73.0,0.040312477650974565,0.011297004499002975,900,10,120,90.0,120.0
un_un,un -> un,0,expert2,Expert2,2,familiar_2,Familiar 2,1,occlusion,Occluded,1,-0.17064520885316847,0.26240528283622194,0.03838469795882702,18.0,-72.0,0.040312477650974565,0.011297004499002975,900,10,120,90.0,120.0
un_un,un -> un,0,expert2,Expert2,2,familiar_2,Familiar 2,1,occlusion,Occluded,1,-0.19878452762587423,0.2405058315121194,0.03806680794805288,19.0,-71.0,0.040312477650974565,0.011297004499002975,900,10,120,90.0,120.0
un_un,un -> un,0,expert2,Expert2,2,familiar_2,Familiar 2,1,occlusion,Occluded,1,-0.169330937379669,0.21117075928981333,0.03839954528957605,20.0,-70.0,0.040312477650974565,0.011297004499002975,900,10,120,90.0,120.0
un_un,un -> un,0,expert2,Expert2,2,familiar_2,Familiar 2,1,occlusion,Occluded,1,-0.20289187536089698,0.21308438959237652,0.03802040722221136,21.0,-69.0,0.040312477650974565,0.011297004499002975,900,10,120,90.0,120.0
un_un,un -> un,0,expert2,Expert2,2,familiar_2,Familiar 2,1,occlusion,Occluded,1,-0.18793322659826722,0.2453777576133373,0.03818939514458179,22.0,-68.0,0.040312477650974565,0.011297004499002975,900,10,120,90.0,120.0
un_un,un -> un,0,expert2,Expert2,2,familiar_2,Familiar 2,1,occlusion,Occluded,1,-0.2159495452180166,0.2322029245767609,0.037872894667088985,23.0,-67.0,0.040312477650974565,0.011297004499002975,900,10,120,90.0,120.0
un_un,un -> un,0,expert2,Expert2,2,familiar_2,Familiar 2,1,occlusion,Occluded,1,-0.22091617927629334,0.27044597732102854,0.03781678657978773,24.0,-66.0,0.040312477650974565,0.011297004499002975,900,10,120,90.0,120.0
un_un,un -> un,0,expert2,Expert2,2,familiar_2,Familiar 2,1,occlusion,Occluded,1,-0.3204326846650612,0.24873327765168862,0.03669254817068577,25.0,-65.0,0.040312477650974565,0.011297004499002975,900,10,120,90.0,120.0
un_un,un -> un,0,expert2,Expert2,2,familiar_2,Familiar 2,1,occlusion,Occluded,1,-0.3508974977505382,0.21154104400245866,0.03634838704019785,26.0,-64.0,0.040312477650974565,0.011297004499002975,900,10,120,90.0,120.0
un_un,un -> un,0,expert2,Expert2,2,familiar_2,Familiar 2,1,occlusion,Occluded,1,-0.22932722981625284,0.22404788760241676,0.037721766903996465,27.0,-63.0,0.040312477650974565,0.011297004499002975,900,10,120,90.0,120.0
un_un,un -> un,0,expert2,Expert2,2,familiar_2,Familiar 2,1,occlusion,Occluded,1,-0.2361847356629135,0.21651411947531787,0.0376442976295948,28.0,-62.0,0.040312477650974565,0.011297004499002975,900,10,120,90.0,120.0
un_un,un -> un,0,expert2,Expert2,2,familiar_2,Familiar 2,1,occlusion,Occluded,1,-0.09088665001823566,0.23964452099113612,0.03928573075681925,29.0,-61.0,0.040312477650974565,0.011297004499002975,900,10,120,90.0,120.0
un_un,un -> un,0,expert2,Expert2,2,familiar_2,Familiar 2,1,occlusion,Occluded,1,-0.08753735255564216,0.21586281336269875,0.039323567785322665,30.0,-60.0,0.040312477650974565,0.011297004499002975,900,10,120,90.0,120.0
un_un,un -> un,0,expert2,Expert2,2,familiar_2,Familiar 2,1,occlusion,Occluded,1,0.08909609377182424,0.2568326534974785,0.04131899662315845,31.0,-59.0,0.040312477650974565,0.011297004499002975,900,10,120,90.0,120.0
un_un,un -> un,0,expert2,Expert2,2,familiar_2,Familiar 2,1,occlusion,Occluded,1,0.10020460691553305,0.26606912419633727,0.041444489546120164,32.0,-58.0,0.040312477650974565,0.011297004499002975,900,10,120,90.0,120.0
un_un,un -> un,0,expert2,Expert2,2,familiar_2,Familiar 2,1,occlusion,Occluded,1,0.0968777330733176,0.23996681115718543,0.041406905837357046,33.0,-57.0,0.040312477650974565,0.011297004499002975,900,10,120,90.0,120.0
un_un,un -> un,0,expert2,Expert2,2,familiar_2,Familiar 2,1,occlusion,Occluded,1,0.06909519718396617,0.26341954239854926,0.04109304640442133,34.0,-56.0,0.040312477650974565,0.011297004499002975,900,10,120,90.0,120.0
un_un,un -> un,0,expert2,Expert2,2,familiar_2,Familiar 2,1,occlusion,Occluded,1,0.04917954332945736,0.2436220482670461,0.040868059173226355,35.0,-55.0,0.040312477650974565,0.011297004499002975,900,10,120,90.0,120.0
un_un,un -> un,0,expert2,Expert2,2,familiar_2,Familiar 2,1,occlusion,Occluded,1,-0.008465467630920404,0.20755589346876543,0.040216843225061895,36.0,-54.0,0.040312477650974565,0.011297004499002975,900,10,120,90.0,120.0
un_un,un -> un,0,expert2,Expert2,2,familiar_2,Familiar 2,1,occlusion,Occluded,1,0.07974696096612033,0.2557064764447214,0.041213379427790645,37.0,-53.0,0.040312477650974565,0.011297004499002975,900,10,120,90.0,120.0
un_un,un -> un,0,expert2,Expert2,2,familiar_2,Familiar 2,1,occlusion,Occluded,1,0.056285984338227305,0.24654406094708492,0.04094834066927433,38.0,-52.0,0.040312477650974565,0.011297004499002975,900,10,120,90.0,120.0
un_un,un -> un,0,expert2,Expert2,2,familiar_2,Familiar 2,1,occlusion,Occluded,1,0.10878531852438275,0.27352374794824746,0.04154142588376999,39.0,-51.0,0.040312477650974565,0.011297004499002975,900,10,120,90.0,120.0
un_un,un -> un,0,expert2,Expert2,2,familiar_2,Familiar 2,1,occlusion,Occluded,1,-0.012374086030342202,0.2679836757287098,0.04017268754541874,40.0,-50.0,0.040312477650974565,0.011297004499002975,900,10,120,90.0,120.0
un_un,un -> un,0,expert2,Expert2,2,familiar_2,Familiar 2,1,occlusion,Occluded,1,0.04536299367723505,0.27248982031424157,0.04082494359463453,41.0,-49.0,0.040312477650974565,0.011297004499002975,900,10,120,90.0,120.0
un_un,un -> un,0,expert2,Expert2,2,familiar_2,Familiar 2,1,occlusion,Occluded,1,0.1823878021436295,0.32932060197033036,0.04237291347235441,42.0,-48.0,0.040312477650974565,0.011297004499002975,900,10,120,90.0,120.0
un_un,un -> un,0,expert2,Expert2,2,familiar_2,Familiar 2,1,occlusion,Occluded,1,0.17437388051574873,0.36614622243704614,0.042282380163669586,43.0,-47.0,0.040312477650974565,0.011297004499002975,900,10,120,90.0,120.0
un_un,un -> un,0,expert2,Expert2,2,familiar_2,Familiar 2,1,occlusion,Occluded,1,0.17034732376591177,0.3136807196972051,0.04223689213395119,44.0,-46.0,0.040312477650974565,0.011297004499002975,900,10,120,90.0,120.0
un_un,un -> un,0,expert2,Expert2,2,familiar_2,Familiar 2,1,occlusion,Occluded,1,0.17164500835551394,0.3257439156375958,0.04225155208259821,45.0,-45.0,0.040312477650974565,0.011297004499002975,900,10,120,90.0,120.0
un_un,un -> un,0,expert2,Expert2,2,familiar_2,Familiar 2,1,occlusion,Occluded,1,0.07522762867051835,0.28470445214708695,0.041162324510514735,46.0,-44.0,0.040312477650974565,0.011297004499002975,900,10,120,90.0,120.0
un_un,un -> un,0,expert2,Expert2,2,familiar_2,Familiar 2,1,occlusion,Occluded,1,0.16071041017338475,0.29952566905783873,0.04212802387773991,47.0,-43.0,0.040312477650974565,0.011297004499002975,900,10,120,90.0,120.0
un_un,un -> un,0,expert2,Expert2,2,familiar_2,Familiar 2,1,occlusion,Occluded,1,0.28547615942724336,0.37984566475593295,0.043537503108382225,48.0,-42.0,0.040312477650974565,0.011297004499002975,900,10,120,90.0,120.0
un_un,un -> un,0,expert2,Expert2,2,familiar_2,Familiar 2,1,occlusion,Occluded,1,0.2690754905067836,0.3371746701616096,0.04335222467780113,49.0,-41.0,0.040312477650974565,0.011297004499002975,900,10,120,90.0,120.0
un_un,un -> un,0,expert2,Expert2,2,familiar_2,Familiar 2,1,occlusion,Occluded,1,0.25286402088326415,0.42145060890196634,0.04316908363252878,50.0,-40.0,0.040312477650974565,0.011297004499002975,900,10,120,90.0,120.0
un_un,un -> un,0,expert2,Expert2,2,familiar_2,Familiar 2,1,occlusion,Occluded,1,0.15053869323483987,0.4156792560576726,0.04201311394572258,51.0,-39.0,0.040312477650974565,0.011297004499002975,900,10,120,90.0,120.0
un_un,un -> un,0,expert2,Expert2,2,familiar_2,Familiar 2,1,occlusion,Occluded,1,0.2048977699481484,0.4051633310428752,0.04262720867991447,52.0,-38.0,0.040312477650974565,0.011297004499002975,900,10,120,90.0,120.0
un_un,un -> un,0,expert2,Expert2,2,familiar_2,Familiar 2,1,occlusion,Occluded,1,0.3062543147564576,0.4469009465159398,0.04377223402261734,53.0,-37.0,0.040312477650974565,0.011297004499002975,900,10,120,90.0,120.0
un_un,un -> un,0,expert2,Expert2,2,familiar_2,Familiar 2,1,occlusion,Occluded,1,0.150549608261818,0.4193770531833454,0.04201323725283146,54.0,-36.0,0.040312477650974565,0.011297004499002975,900,10,120,90.0,120.0
un_un,un -> un,0,expert2,Expert2,2,familiar_2,Familiar 2,1,occlusion,Occluded,1,0.05223148050269857,0.4013698081125875,0.04090253692120314,55.0,-35.0,0.040312477650974565,0.011297004499002975,900,10,120,90.0,120.0
un_un,un -> un,0,expert2,Expert2,2,familiar_2,Familiar 2,1,occlusion,Occluded,1,0.09631836267262087,0.34899117451865075,0.04140058662742376,56.0,-34.0,0.040312477650974565,0.011297004499002975,900,10,120,90.0,120.0
un_un,un -> un,0,expert2,Expert2,2,familiar_2,Familiar 2,1,occlusion,Occluded,1,0.33354790030587317,0.3989627858529227,0.04408056978136301,57.0,-33.0,0.040312477650974565,0.011297004499002975,900,10,120,90.0,120.0
un_un,un -> un,0,expert2,Expert2,2,familiar_2,Familiar 2,1,occlusion,Occluded,1,0.4593888786448182,0.43998946512564435,0.045502195879817006,58.0,-32.0,0.040312477650974565,0.011297004499002975,900,10,120,90.0,120.0
un_un,un -> un,0,expert2,Expert2,2,familiar_2,Familiar 2,1,occlusion,Occluded,1,0.4348854674766417,0.4335146705667625,0.0452253807336092,59.0,-31.0,0.040312477650974565,0.011297004499002975,900,10,120,90.0,120.0
un_un,un -> un,0,expert2,Expert2,2,familiar_2,Familiar 2,1,occlusion,Occluded,1,0.3375586615937084,0.45225385863013645,0.044125879369676116,60.0,-30.0,0.040312477650974565,0.011297004499002975,900,10,120,90.0,120.0
un_un,un -> un,0,expert2,Expert2,2,familiar_2,Familiar 2,1,occlusion,Occluded,1,0.3070489023397382,0.39595899917323946,0.04378121048212051,61.0,-29.0,0.040312477650974565,0.011297004499002975,900,10,120,90.0,120.0
un_un,un -> un,0,expert2,Expert2,2,familiar_2,Familiar 2,1,occlusion,Occluded,1,0.2616637749897044,0.41833656481710857,0.04326849449425936,62.0,-28.0,0.040312477650974565,0.011297004499002975,900,10,120,90.0,120.0
un_un,un -> un,0,expert2,Expert2,2,familiar_2,Familiar 2,1,occlusion,Occluded,1,0.23152659408109008,0.3887939490219628,0.04292803462594748,63.0,-27.0,0.040312477650974565,0.011297004499002975,900,10,120,90.0,120.0
un_un,un -> un,0,expert2,Expert2,2,familiar_2,Familiar 2,1,occlusion,Occluded,1,0.14814457604852907,0.3511444331259105,0.041986067593097684,64.0,-26.0,0.040312477650974565,0.011297004499002975,900,10,120,90.0,120.0
un_un,un -> un,0,expert2,Expert2,2,familiar_2,Familiar 2,1,occlusion,Occluded,1,0.19236425221736705,0.38524768635692586,0.0424856174737215,65.0,-25.0,0.040312477650974565,0.011297004499002975,900,10,120,90.0,120.0
un_un,un -> un,0,expert2,Expert2,2,familiar_2,Familiar 2,1,occlusion,Occluded,1,0.15695938365894374,0.3747950267178789,0.04208564851433039,66.0,-24.0,0.040312477650974565,0.011297004499002975,900,10,120,90.0,120.0
un_un,un -> un,0,expert2,Expert2,2,familiar_2,Familiar 2,1,occlusion,Occluded,1,0.18144620794322297,0.33571675846965865,0.04236227627843618,67.0,-23.0,0.040312477650974565,0.011297004499002975,900,10,120,90.0,120.0
un_un,un -> un,0,expert2,Expert2,2,familiar_2,Familiar 2,1,occlusion,Occluded,1,0.44612510933569405,0.3546855617959073,0.04535235501825809,68.0,-22.0,0.040312477650974565,0.011297004499002975,900,10,120,90.0,120.0
un_un,un -> un,0,expert2,Expert2,2,familiar_2,Familiar 2,1,occlusion,Occluded,1,0.5308349519417183,0.30205477515231005,0.046309322491288184,69.0,-21.0,0.040312477650974565,0.011297004499002975,900,10,120,90.0,120.0
un_un,un -> un,0,expert2,Expert2,2,familiar_2,Familiar 2,1,occlusion,Occluded,1,0.4886623214820152,0.26825560179853336,0.04583289809525013,70.0,-20.0,0.040312477650974565,0.011297004499002975,900,10,120,90.0,120.0
un_un,un -> un,0,expert2,Expert2,2,familiar_2,Familiar 2,1,occlusion,Occluded,1,0.3978301380186089,0.30997153899117014,0.04480676651000977,71.0,-19.0,0.040312477650974565,0.011297004499002975,900,10,120,90.0,120.0
un_un,un -> un,0,expert2,Expert2,2,familiar_2,Familiar 2,1,occlusion,Occluded,1,0.40043065144013534,0.3870821849898057,0.04483614452183247,72.0,-18.0,0.040312477650974565,0.011297004499002975,900,10,120,90.0,120.0
un_un,un -> un,0,expert2,Expert2,2,familiar_2,Familiar 2,1,occlusion,Occluded,1,0.3369863811233381,0.3632081666756167,0.044119414314627646,73.0,-17.0,0.040312477650974565,0.011297004499002975,900,10,120,90.0,120.0
un_un,un -> un,0,expert2,Expert2,2,familiar_2,Familiar 2,1,occlusion,Occluded,1,0.1939605831569021,0.33993712910760565,0.04250365123152733,74.0,-16.0,0.040312477650974565,0.011297004499002975,900,10,120,90.0,120.0
un_un,un -> un,0,expert2,Expert2,2,familiar_2,Familiar 2,1,occlusion,Occluded,1,0.2462545763370363,0.30932950129130027,0.043094416707754137,75.0,-15.0,0.040312477650974565,0.011297004499002975,900,10,120,90.0,120.0
un_un,un -> un,0,expert2,Expert2,2,familiar_2,Familiar 2,1,occlusion,Occluded,1,0.2068332416579461,0.31725383803198504,0.042649073712527755,76.0,-14.0,0.040312477650974565,0.011297004499002975,900,10,120,90.0,120.0
un_un,un -> un,0,expert2,Expert2,2,familiar_2,Familiar 2,1,occlusion,Occluded,1,0.13664759016972577,0.32606779285702503,0.04185618609189987,77.0,-13.0,0.040312477650974565,0.011297004499002975,900,10,120,90.0,120.0
un_un,un -> un,0,expert2,Expert2,2,familiar_2,Familiar 2,1,occlusion,Occluded,1,0.028864765520174272,0.3118615976219521,0.04063856303691864,78.0,-12.0,0.040312477650974565,0.011297004499002975,900,10,120,90.0,120.0
un_un,un -> un,0,expert2,Expert2,2,familiar_2,Familiar 2,1,occlusion,Occluded,1,-0.04281274921734892,0.3015074471134466,0.039828821830451486,79.0,-11.0,0.040312477650974565,0.011297004499002975,900,10,120,90.0,120.0
un_un,un -> un,0,expert2,Expert2,2,familiar_2,Familiar 2,1,occlusion,Occluded,1,-0.1084860098395107,0.2693670982431301,0.03908691070973873,80.0,-10.0,0.040312477650974565,0.011297004499002975,900,10,120,90.0,120.0
un_un,un -> un,0,expert2,Expert2,2,familiar_2,Familiar 2,1,occlusion,Occluded,1,-0.13689825375053916,0.27721312012147686,0.03876593746244907,81.0,-9.0,0.040312477650974565,0.011297004499002975,900,10,120,90.0,120.0
un_un,un -> un,0,expert2,Expert2,2,familiar_2,Familiar 2,1,occlusion,Occluded,1,-0.11729596999081426,0.23542805152152402,0.03898738455027342,82.0,-8.0,0.040312477650974565,0.011297004499002975,900,10,120,90.0,120.0
un_un,un -> un,0,expert2,Expert2,2,familiar_2,Familiar 2,1,occlusion,Occluded,1,-0.056007516429941985,0.18347436331323355,0.039679760485887526,83.0,-7.0,0.040312477650974565,0.011297004499002975,900,10,120,90.0,120.0
un_un,un -> un,0,expert2,Expert2,2,familiar_2,Familiar 2,1,occlusion,Occluded,1,-0.09883198174848924,0.17918108382407286,0.0391959723085165,84.0,-6.0,0.040312477650974565,0.011297004499002975,900,10,120,90.0,120.0
un_un,un -> un,0,expert2,Expert2,2,familiar_2,Familiar 2,1,occlusion,Occluded,1,-0.13807407585615997,0.18421103089990726,0.03875265419483185,85.0,-5.0,0.040312477650974565,0.011297004499002975,900,10,120,90.0,120.0
un_un,un -> un,0,expert2,Expert2,2,familiar_2,Familiar 2,1,occlusion,Occluded,1,-0.19032872877289547,0.20147419399050862,0.03816233314573765,86.0,-4.0,0.040312477650974565,0.011297004499002975,900,10,120,90.0,120.0
un_un,un -> un,0,expert2,Expert2,2,familiar_2,Familiar 2,1,occlusion,Occluded,1,-0.2255364673274654,0.1989263633067704,0.03776459116488695,87.0,-3.0,0.040312477650974565,0.011297004499002975,900,10,120,90.0,120.0
un_un,un -> un,0,expert2,Expert2,2,familiar_2,Familiar 2,1,occlusion,Occluded,1,-0.2765795027857559,0.22279199946048991,0.037187957763671876,88.0,-2.0,0.040312477650974565,0.011297004499002975,900,10,120,90.0,120.0
un_un,un -> un,0,expert2,Expert2,2,familiar_2,Familiar 2,1,occlusion,Occluded,1,-0.22617908541881593,0.1517506252683222,0.037757331505417824,89.0,-1.0,0.040312477650974565,0.011297004499002975,900,10,120,90.0,120.0
un_un,un -> un,0,expert2,Expert2,2,familiar_2,Familiar 2,1,occlusion,Occluded,1,-0.16575280357352568,0.12500539677730158,0.038439967483282086,90.0,0.0,0.040312477650974565,0.011297004499002975,900,10,120,90.0,120.0
un_un,un -> un,0,expert2,Expert2,2,familiar_2,Familiar 2,1,occlusion,Occluded,1,-0.1305310337682633,0.12861943242914878,0.03883786797523499,91.0,1.0,0.040312477650974565,0.011297004499002975,900,10,120,90.0,120.0
un_un,un -> un,0,expert2,Expert2,2,familiar_2,Familiar 2,1,occlusion,Occluded,1,-0.14469117081404623,0.14670223841445298,0.038677900843322274,92.0,2.0,0.040312477650974565,0.011297004499002975,900,10,120,90.0,120.0
un_un,un -> un,0,expert2,Expert2,2,familiar_2,Familiar 2,1,occlusion,Occluded,1,0.0064382267738268715,0.18199582749351365,0.04038521032780409,93.0,3.0,0.040312477650974565,0.011297004499002975,900,10,120,90.0,120.0
un_un,un -> un,0,expert2,Expert2,2,familiar_2,Familiar 2,1,occlusion,Occluded,1,-0.020469441673699025,0.15622494793589028,0.04008123427629471,94.0,4.0,0.040312477650974565,0.011297004499002975,900,10,120,90.0,120.0
un_un,un -> un,0,expert2,Expert2,2,familiar_2,Familiar 2,1,occlusion,Occluded,1,-0.10674329882518396,0.15626903160675162,0.03910659812390804,95.0,5.0,0.040312477650974565,0.011297004499002975,900,10,120,90.0,120.0
un_un,un -> un,0,expert2,Expert2,2,familiar_2,Familiar 2,1,occlusion,Occluded,1,-0.21099286988526064,0.16188238979512068,0.03792889025062322,96.0,6.0,0.040312477650974565,0.011297004499002975,900,10,120,90.0,120.0
un_un,un -> un,0,expert2,Expert2,2,familiar_2,Familiar 2,1,occlusion,Occluded,1,-0.2011037235393923,0.2153745064643561,0.0380406079813838,97.0,7.0,0.040312477650974565,0.011297004499002975,900,10,120,90.0,120.0
un_un,un -> un,0,expert2,Expert2,2,familiar_2,Familiar 2,1,occlusion,Occluded,1,-0.13510350674657026,0.26175192850993184,0.03878621272742748,98.0,8.0,0.040312477650974565,0.011297004499002975,900,10,120,90.0,120.0
un_un,un -> un,0,expert2,Expert2,2,familiar_2,Familiar 2,1,occlusion,Occluded,1,-0.20776543490664845,0.27072202990000044,0.037965350598096845,99.0,9.0,0.040312477650974565,0.011297004499002975,900,10,120,90.0,120.0
un_un,un -> un,0,expert2,Expert2,2,familiar_2,Familiar 2,1,occlusion,Occluded,1,-0.2852934535683376,0.26797287917840074,0.037089516222476956,100.0,10.0,0.040312477650974565,0.011297004499002975,900,10,120,90.0,120.0
un_un,un -> un,0,expert2,Expert2,2,familiar_2,Familiar 2,1,occlusion,Occluded,1,-0.17955187086735258,0.22934672643708298,0.038284079357981685,101.0,11.0,0.040312477650974565,0.011297004499002975,900,10,120,90.0,120.0
un_un,un -> un,0,expert2,Expert2,2,familiar_2,Familiar 2,1,occlusion,Occluded,1,-0.27733661324468406,0.20767875185640797,0.03717940468341112,102.0,12.0,0.040312477650974565,0.011297004499002975,900,10,120,90.0,120.0
un_un,un -> un,0,expert2,Expert2,2,familiar_2,Familiar 2,1,occlusion,Occluded,1,-0.14411481781850424,0.2205294509667958,0.03868441190570593,103.0,13.0,0.040312477650974565,0.011297004499002975,900,10,120,90.0,120.0
un_un,un -> un,0,expert2,Expert2,2,familiar_2,Familiar 2,1,occlusion,Occluded,1,-0.24882285298757623,0.2069909383846926,0.03750152476131916,104.0,14.0,0.040312477650974565,0.011297004499002975,900,10,120,90.0,120.0
un_un,un -> un,0,expert2,Expert2,2,familiar_2,Familiar 2,1,occlusion,Occluded,1,-0.26913932905634386,0.22762072454714516,0.037272009439766406,105.0,15.0,0.040312477650974565,0.011297004499002975,900,10,120,90.0,120.0
un_un,un -> un,0,expert2,Expert2,2,familiar_2,Familiar 2,1,occlusion,Occluded,1,-0.3480420475508601,0.203475819427225,0.03638064507395029,106.0,16.0,0.040312477650974565,0.011297004499002975,900,10,120,90.0,120.0
un_un,un -> un,0,expert2,Expert2,2,familiar_2,Familiar 2,1,occlusion,Occluded,1,-0.3575081953814342,0.2006096082795788,0.03627370595932007,107.0,17.0,0.040312477650974565,0.011297004499002975,900,10,120,90.0,120.0
un_un,un -> un,0,expert2,Expert2,2,familiar_2,Familiar 2,1,occlusion,Occluded,1,-0.197141288451063,0.2661015464888439,0.03808537162840366,108.0,18.0,0.040312477650974565,0.011297004499002975,900,10,120,90.0,120.0
un_un,un -> un,0,expert2,Expert2,2,familiar_2,Familiar 2,1,occlusion,Occluded,1,-0.1669215358579976,0.3084401493731682,0.03842676430940628,109.0,19.0,0.040312477650974565,0.011297004499002975,900,10,120,90.0,120.0
un_un,un -> un,0,expert2,Expert2,2,familiar_2,Familiar 2,1,occlusion,Occluded,1,-0.2773714358080947,0.28404178696715404,0.0371790112927556,110.0,20.0,0.040312477650974565,0.011297004499002975,900,10,120,90.0,120.0
un_un,un -> un,0,expert2,Expert2,2,familiar_2,Familiar 2,1,occlusion,Occluded,1,-0.09220255379939504,0.34600259592711013,0.03927086498588324,111.0,21.0,0.040312477650974565,0.011297004499002975,900,10,120,90.0,120.0
un_un,un -> un,0,expert2,Expert2,2,familiar_2,Familiar 2,1,occlusion,Occluded,1,-0.02591482002704839,0.3366839245753834,0.040019717812538144,112.0,22.0,0.040312477650974565,0.011297004499002975,900,10,120,90.0,120.0
un_un,un -> un,0,expert2,Expert2,2,familiar_2,Familiar 2,1,occlusion,Occluded,1,-0.09968515104000773,0.323162644882981,0.039186334051191804,113.0,23.0,0.040312477650974565,0.011297004499002975,900,10,120,90.0,120.0
un_un,un -> un,0,expert2,Expert2,2,familiar_2,Familiar 2,1,occlusion,Occluded,1,0.022132139453472276,0.34957479249263756,0.040562504529953004,114.0,24.0,0.040312477650974565,0.011297004499002975,900,10,120,90.0,120.0
un_un,un -> un,0,expert2,Expert2,2,familiar_2,Familiar 2,1,occlusion,Occluded,1,-0.05081080943140339,0.3342954058049235,0.039738467708230016,115.0,25.0,0.040312477650974565,0.011297004499002975,900,10,120,90.0,120.0
un_un,un -> un,0,expert2,Expert2,2,familiar_2,Familiar 2,1,occlusion,Occluded,1,-0.006915484336152256,0.35033920826235054,0.04023435339331627,116.0,26.0,0.040312477650974565,0.011297004499002975,900,10,120,90.0,120.0
un_un,un -> un,0,expert2,Expert2,2,familiar_2,Familiar 2,1,occlusion,Occluded,1,0.05942042724409502,0.3966063584308493,0.040983750484883785,117.0,27.0,0.040312477650974565,0.011297004499002975,900,10,120,90.0,120.0
un_un,un -> un,0,expert2,Expert2,2,familiar_2,Familiar 2,1,occlusion,Occluded,1,0.06343173263448362,0.41639600372398433,0.04102906621992588,118.0,28.0,0.040312477650974565,0.011297004499002975,900,10,120,90.0,120.0
un_un,un -> un,0,expert2,Expert2,2,familiar_2,Familiar 2,1,occlusion,Occluded,1,-0.0320813650948963,0.4004732022601771,0.03995005432516337,119.0,29.0,0.040312477650974565,0.011297004499002975,900,10,120,90.0,120.0
un_un,un -> un,0,expert2,Expert2,2,novel,Novel Image,2,full,Nonoccluded,0,-2.147145846049157,0.06224573271924123,0.009640263952314853,0.0,-90.0,0.039222823111340406,0.01377761981723727,900,10,120,90.0,120.0
un_un,un -> un,0,expert2,Expert2,2,novel,Novel Image,2,full,Nonoccluded,0,-2.016550045583683,0.07183624103419033,0.011439563240855932,1.0,-89.0,0.039222823111340406,0.01377761981723727,900,10,120,90.0,120.0
un_un,un -> un,0,expert2,Expert2,2,novel,Novel Image,2,full,Nonoccluded,0,-1.8866322778825562,0.10361125496445865,0.013229520851746201,2.0,-88.0,0.039222823111340406,0.01377761981723727,900,10,120,90.0,120.0
un_un,un -> un,0,expert2,Expert2,2,novel,Novel Image,2,full,Nonoccluded,0,-1.7951161294819655,0.138034863198115,0.014490395551547408,3.0,-87.0,0.039222823111340406,0.01377761981723727,900,10,120,90.0,120.0
un_un,un -> un,0,expert2,Expert2,2,novel,Novel Image,2,full,Nonoccluded,0,-1.6654795710966757,0.14905423679605603,0.01627647876739502,4.0,-86.0,0.039222823111340406,0.01377761981723727,900,10,120,90.0,120.0
un_un,un -> un,0,expert2,Expert2,2,novel,Novel Image,2,full,Nonoccluded,0,-1.625382371359105,0.2111540604678289,0.016828922741115093,5.0,-85.0,0.039222823111340406,0.01377761981723727,900,10,120,90.0,120.0
un_un,un -> un,0,expert2,Expert2,2,novel,Novel Image,2,full,Nonoccluded,0,-1.5473450523574264,0.22815901199506652,0.017904091253876687,6.0,-84.0,0.039222823111340406,0.01377761981723727,900,10,120,90.0,120.0
un_un,un -> un,0,expert2,Expert2,2,novel,Novel Image,2,full,Nonoccluded,0,-1.4121636426025344,0.18365603962859312,0.019766569323837756,7.0,-83.0,0.039222823111340406,0.01377761981723727,900,10,120,90.0,120.0
un_un,un -> un,0,expert2,Expert2,2,novel,Novel Image,2,full,Nonoccluded,0,-1.3478655560303197,0.16173047060711698,0.020652443915605546,8.0,-82.0,0.039222823111340406,0.01377761981723727,900,10,120,90.0,120.0
un_un,un -> un,0,expert2,Expert2,2,novel,Novel Image,2,full,Nonoccluded,0,-1.272772245280356,0.18749725988660354,0.021687051001936197,9.0,-81.0,0.039222823111340406,0.01377761981723727,900,10,120,90.0,120.0
un_un,un -> un,0,expert2,Expert2,2,novel,Novel Image,2,full,Nonoccluded,0,-1.2412014112309977,0.17324394919500735,0.022122021950781345,10.0,-80.0,0.039222823111340406,0.01377761981723727,900,10,120,90.0,120.0
un_un,un -> un,0,expert2,Expert2,2,novel,Novel Image,2,full,Nonoccluded,0,-1.084481994693462,0.16219412855262114,0.02428124248981476,11.0,-79.0,0.039222823111340406,0.01377761981723727,900,10,120,90.0,120.0
un_un,un -> un,0,expert2,Expert2,2,novel,Novel Image,2,full,Nonoccluded,0,-0.9820954409894114,0.1712569468279501,0.025691885501146317,12.0,-78.0,0.039222823111340406,0.01377761981723727,900,10,120,90.0,120.0
un_un,un -> un,0,expert2,Expert2,2,novel,Novel Image,2,full,Nonoccluded,0,-0.8325257481551205,0.16467279148625774,0.027752599865198135,13.0,-77.0,0.039222823111340406,0.01377761981723727,900,10,120,90.0,120.0
un_un,un -> un,0,expert2,Expert2,2,novel,Novel Image,2,full,Nonoccluded,0,-0.7619548842742683,0.22126030064710103,0.028724898397922517,14.0,-76.0,0.039222823111340406,0.01377761981723727,900,10,120,90.0,120.0
un_un,un -> un,0,expert2,Expert2,2,novel,Novel Image,2,full,Nonoccluded,0,-0.6665709366669177,0.1947255699693266,0.030039062164723872,15.0,-75.0,0.039222823111340406,0.01377761981723727,900,10,120,90.0,120.0
un_un,un -> un,0,expert2,Expert2,2,novel,Novel Image,2,full,Nonoccluded,0,-0.690933149948805,0.20813819817691032,0.02970340885221958,16.0,-74.0,0.039222823111340406,0.01377761981723727,900,10,120,90.0,120.0
un_un,un -> un,0,expert2,Expert2,2,novel,Novel Image,2,full,Nonoccluded,0,-0.5200471001351507,0.21020177542885046,0.03205781187862158,17.0,-73.0,0.039222823111340406,0.01377761981723727,900,10,120,90.0,120.0
un_un,un -> un,0,expert2,Expert2,2,novel,Novel Image,2,full,Nonoccluded,0,-0.4124493763687333,0.18535943022144116,0.03354025240987539,18.0,-72.0,0.039222823111340406,0.01377761981723727,900,10,120,90.0,120.0
un_un,un -> un,0,expert2,Expert2,2,novel,Novel Image,2,full,Nonoccluded,0,-0.43594699994525943,0.18600197422099546,0.033216511085629466,19.0,-71.0,0.039222823111340406,0.01377761981723727,900,10,120,90.0,120.0
un_un,un -> un,0,expert2,Expert2,2,novel,Novel Image,2,full,Nonoccluded,0,-0.41754552377014775,0.2156922639511587,0.0334700396284461,20.0,-70.0,0.039222823111340406,0.01377761981723727,900,10,120,90.0,120.0
un_un,un -> un,0,expert2,Expert2,2,novel,Novel Image,2,full,Nonoccluded,0,-0.3379845398124326,0.22041525939118486,0.03456620061770081,21.0,-69.0,0.039222823111340406,0.01377761981723727,900,10,120,90.0,120.0
un_un,un -> un,0,expert2,Expert2,2,novel,Novel Image,2,full,Nonoccluded,0,-0.1307423725660985,0.22887181674326068,0.03742150440812111,22.0,-68.0,0.039222823111340406,0.01377761981723727,900,10,120,90.0,120.0
un_un,un -> un,0,expert2,Expert2,2,novel,Novel Image,2,full,Nonoccluded,0,-0.13588412074741332,0.268628623744206,0.03735066335648298,23.0,-67.0,0.039222823111340406,0.01377761981723727,900,10,120,90.0,120.0
un_un,un -> un,0,expert2,Expert2,2,novel,Novel Image,2,full,Nonoccluded,0,-0.009717145626944701,0.24846825608601492,0.03908894397318363,24.0,-66.0,0.039222823111340406,0.01377761981723727,900,10,120,90.0,120.0
un_un,un -> un,0,expert2,Expert2,2,novel,Novel Image,2,full,Nonoccluded,0,-0.030391279229971403,0.22784000577262387,0.03880410362035036,25.0,-65.0,0.039222823111340406,0.01377761981723727,900,10,120,90.0,120.0
un_un,un -> un,0,expert2,Expert2,2,novel,Novel Image,2,full,Nonoccluded,0,-0.048714424269968346,0.24974017101773763,0.03855165429413319,26.0,-64.0,0.039222823111340406,0.01377761981723727,900,10,120,90.0,120.0
un_un,un -> un,0,expert2,Expert2,2,novel,Novel Image,2,full,Nonoccluded,0,0.11321499966551907,0.2421238307781221,0.04078265633434057,27.0,-63.0,0.039222823111340406,0.01377761981723727,900,10,120,90.0,120.0
un_un,un -> un,0,expert2,Expert2,2,novel,Novel Image,2,full,Nonoccluded,0,0.21551493487066056,0.2129892920986185,0.042192105948925016,28.0,-62.0,0.039222823111340406,0.01377761981723727,900,10,120,90.0,120.0
un_un,un -> un,0,expert2,Expert2,2,novel,Novel Image,2,full,Nonoccluded,0,0.15764205631961598,0.2152206362054743,0.041394755430519584,29.0,-61.0,0.039222823111340406,0.01377761981723727,900,10,120,90.0,120.0
un_un,un -> un,0,expert2,Expert2,2,novel,Novel Image,2,full,Nonoccluded,0,0.21374279095400212,0.20763987640047976,0.04216769002377987,30.0,-60.0,0.039222823111340406,0.01377761981723727,900,10,120,90.0,120.0
un_un,un -> un,0,expert2,Expert2,2,novel,Novel Image,2,full,Nonoccluded,0,0.29581200031750726,0.20199289253772207,0.04329840838909149,31.0,-59.0,0.039222823111340406,0.01377761981723727,900,10,120,90.0,120.0
un_un,un -> un,0,expert2,Expert2,2,novel,Novel Image,2,full,Nonoccluded,0,0.3189709235267516,0.2430003615483547,0.04361748322844505,32.0,-58.0,0.039222823111340406,0.01377761981723727,900,10,120,90.0,120.0
un_un,un -> un,0,expert2,Expert2,2,novel,Novel Image,2,full,Nonoccluded,0,0.37868385370789637,0.2049544723117025,0.0444401852786541,33.0,-57.0,0.039222823111340406,0.01377761981723727,900,10,120,90.0,120.0
un_un,un -> un,0,expert2,Expert2,2,novel,Novel Image,2,full,Nonoccluded,0,0.602144276985575,0.20200669147181233,0.047518938034772876,34.0,-56.0,0.039222823111340406,0.01377761981723727,900,10,120,90.0,120.0
un_un,un -> un,0,expert2,Expert2,2,novel,Novel Image,2,full,Nonoccluded,0,0.7460635018796221,0.24538920055660246,0.049501802399754526,35.0,-55.0,0.039222823111340406,0.01377761981723727,900,10,120,90.0,120.0
un_un,un -> un,0,expert2,Expert2,2,novel,Novel Image,2,full,Nonoccluded,0,0.6485693859560142,0.21715976698844827,0.048158565536141396,36.0,-54.0,0.039222823111340406,0.01377761981723727,900,10,120,90.0,120.0
un_un,un -> un,0,expert2,Expert2,2,novel,Novel Image,2,full,Nonoccluded,0,0.5571109313971739,0.18015265241491868,0.046898485720157625,37.0,-53.0,0.039222823111340406,0.01377761981723727,900,10,120,90.0,120.0
un_un,un -> un,0,expert2,Expert2,2,novel,Novel Image,2,full,Nonoccluded,0,0.6022718185680178,0.19878833078527072,0.04752069525420666,38.0,-52.0,0.039222823111340406,0.01377761981723727,900,10,120,90.0,120.0
un_un,un -> un,0,expert2,Expert2,2,novel,Novel Image,2,full,Nonoccluded,0,0.6024408375274939,0.1906536978782601,0.047523023933172225,39.0,-51.0,0.039222823111340406,0.01377761981723727,900,10,120,90.0,120.0
un_un,un -> un,0,expert2,Expert2,2,novel,Novel Image,2,full,Nonoccluded,0,0.5942953187916034,0.21630225856603502,0.04741079807281494,40.0,-50.0,0.039222823111340406,0.01377761981723727,900,10,120,90.0,120.0
un_un,un -> un,0,expert2,Expert2,2,novel,Novel Image,2,full,Nonoccluded,0,0.5525779732305908,0.23551358491458088,0.046836032345890996,41.0,-49.0,0.039222823111340406,0.01377761981723727,900,10,120,90.0,120.0
un_un,un -> un,0,expert2,Expert2,2,novel,Novel Image,2,full,Nonoccluded,0,0.5489231241230301,0.19598658465261645,0.04678567722439766,42.0,-48.0,0.039222823111340406,0.01377761981723727,900,10,120,90.0,120.0
un_un,un -> un,0,expert2,Expert2,2,novel,Novel Image,2,full,Nonoccluded,0,0.6698751302427531,0.2150792152078476,0.048452107980847356,43.0,-47.0,0.039222823111340406,0.01377761981723727,900,10,120,90.0,120.0
un_un,un -> un,0,expert2,Expert2,2,novel,Novel Image,2,full,Nonoccluded,0,0.8304264588627541,0.30004573405428386,0.05066412314772606,44.0,-46.0,0.039222823111340406,0.01377761981723727,900,10,120,90.0,120.0
un_un,un -> un,0,expert2,Expert2,2,novel,Novel Image,2,full,Nonoccluded,0,0.7191937864773659,0.290515948412052,0.04913160167634487,45.0,-45.0,0.039222823111340406,0.01377761981723727,900,10,120,90.0,120.0
un_un,un -> un,0,expert2,Expert2,2,novel,Novel Image,2,full,Nonoccluded,0,0.5916515956637409,0.2893523019855071,0.047374373860657217,46.0,-44.0,0.039222823111340406,0.01377761981723727,900,10,120,90.0,120.0
un_un,un -> un,0,expert2,Expert2,2,novel,Novel Image,2,full,Nonoccluded,0,0.4483726203203956,0.28643328748473856,0.04540033061057329,47.0,-43.0,0.039222823111340406,0.01377761981723727,900,10,120,90.0,120.0
un_un,un -> un,0,expert2,Expert2,2,novel,Novel Image,2,full,Nonoccluded,0,0.3592140106096836,0.2854560198536328,0.04417193718254566,48.0,-42.0,0.039222823111340406,0.01377761981723727,900,10,120,90.0,120.0
un_un,un -> un,0,expert2,Expert2,2,novel,Novel Image,2,full,Nonoccluded,0,0.2952833395119275,0.2787295290772731,0.04329112470149994,49.0,-41.0,0.039222823111340406,0.01377761981723727,900,10,120,90.0,120.0
un_un,un -> un,0,expert2,Expert2,2,novel,Novel Image,2,full,Nonoccluded,0,0.18695784189920345,0.2691482776593847,0.04179865717887878,50.0,-40.0,0.039222823111340406,0.01377761981723727,900,10,120,90.0,120.0
un_un,un -> un,0,expert2,Expert2,2,novel,Novel Image,2,full,Nonoccluded,0,0.07659920924738556,0.24404843785663172,0.04027817789465189,51.0,-39.0,0.039222823111340406,0.01377761981723727,900,10,120,90.0,120.0
un_un,un -> un,0,expert2,Expert2,2,novel,Novel Image,2,full,Nonoccluded,0,0.11858502213340849,0.2106912298058791,0.04085664246231317,52.0,-38.0,0.039222823111340406,0.01377761981723727,900,10,120,90.0,120.0
un_un,un -> un,0,expert2,Expert2,2,novel,Novel Image,2,full,Nonoccluded,0,0.3601019212001108,0.23873087227182802,0.04418417047709226,53.0,-37.0,0.039222823111340406,0.01377761981723727,900,10,120,90.0,120.0
un_un,un -> un,0,expert2,Expert2,2,novel,Novel Image,2,full,Nonoccluded,0,0.34271174675629484,0.24925791314235463,0.04394457526504993,54.0,-36.0,0.039222823111340406,0.01377761981723727,900,10,120,90.0,120.0
un_un,un -> un,0,expert2,Expert2,2,novel,Novel Image,2,full,Nonoccluded,0,0.25387991334293514,0.23404603720959952,0.04272068403661251,55.0,-35.0,0.039222823111340406,0.01377761981723727,900,10,120,90.0,120.0
un_un,un -> un,0,expert2,Expert2,2,novel,Novel Image,2,full,Nonoccluded,0,0.31238962104820533,0.2559877174533349,0.0435268085449934,56.0,-34.0,0.039222823111340406,0.01377761981723727,900,10,120,90.0,120.0
un_un,un -> un,0,expert2,Expert2,2,novel,Novel Image,2,full,Nonoccluded,0,0.29853007989050795,0.2395198904027819,0.0433358570560813,57.0,-33.0,0.039222823111340406,0.01377761981723727,900,10,120,90.0,120.0
un_un,un -> un,0,expert2,Expert2,2,novel,Novel Image,2,full,Nonoccluded,0,0.3815506056131127,0.22451463542246544,0.044479682296514514,58.0,-32.0,0.039222823111340406,0.01377761981723727,900,10,120,90.0,120.0
un_un,un -> un,0,expert2,Expert2,2,novel,Novel Image,2,full,Nonoccluded,0,0.4615332108937927,0.2383308498179948,0.04558165222406387,59.0,-31.0,0.039222823111340406,0.01377761981723727,900,10,120,90.0,120.0
un_un,un -> un,0,expert2,Expert2,2,novel,Novel Image,2,full,Nonoccluded,0,0.4937246170745987,0.24780991881689768,0.04602517317980528,60.0,-30.0,0.039222823111340406,0.01377761981723727,900,10,120,90.0,120.0
un_un,un -> un,0,expert2,Expert2,2,novel,Novel Image,2,full,Nonoccluded,0,0.44829308596280504,0.23028852189345578,0.045399234816432,61.0,-29.0,0.039222823111340406,0.01377761981723727,900,10,120,90.0,120.0
un_un,un -> un,0,expert2,Expert2,2,novel,Novel Image,2,full,Nonoccluded,0,0.5158812559614395,0.2586281693977906,0.04633043892681599,62.0,-28.0,0.039222823111340406,0.01377761981723727,900,10,120,90.0,120.0
un_un,un -> un,0,expert2,Expert2,2,novel,Novel Image,2,full,Nonoccluded,0,0.5933559805798477,0.28948015813239686,0.04739785622805357,63.0,-27.0,0.039222823111340406,0.01377761981723727,900,10,120,90.0,120.0
un_un,un -> un,0,expert2,Expert2,2,novel,Novel Image,2,full,Nonoccluded,0,0.5021300994620466,0.2909616750406317,0.04614098072052002,64.0,-26.0,0.039222823111340406,0.01377761981723727,900,10,120,90.0,120.0
un_un,un -> un,0,expert2,Expert2,2,novel,Novel Image,2,full,Nonoccluded,0,0.4005787849465577,0.2796862034936408,0.044741845317184926,65.0,-25.0,0.039222823111340406,0.01377761981723727,900,10,120,90.0,120.0
un_un,un -> un,0,expert2,Expert2,2,novel,Novel Image,2,full,Nonoccluded,0,0.39737959213480456,0.2998333217114543,0.044697768054902554,66.0,-24.0,0.039222823111340406,0.01377761981723727,900,10,120,90.0,120.0
un_un,un -> un,0,expert2,Expert2,2,novel,Novel Image,2,full,Nonoccluded,0,0.3358624095720553,0.2608990541747937,0.04385020770132542,67.0,-23.0,0.039222823111340406,0.01377761981723727,900,10,120,90.0,120.0
un_un,un -> un,0,expert2,Expert2,2,novel,Novel Image,2,full,Nonoccluded,0,0.29722739552974564,0.23774565628990532,0.04331790916621685,68.0,-22.0,0.039222823111340406,0.01377761981723727,900,10,120,90.0,120.0
un_un,un -> un,0,expert2,Expert2,2,novel,Novel Image,2,full,Nonoccluded,0,0.29722190667215903,0.2639185080888807,0.04331783354282379,69.0,-21.0,0.039222823111340406,0.01377761981723727,900,10,120,90.0,120.0
un_un,un -> un,0,expert2,Expert2,2,novel,Novel Image,2,full,Nonoccluded,0,0.3272156607991641,0.26426280143018366,0.04373107608407736,70.0,-20.0,0.039222823111340406,0.01377761981723727,900,10,120,90.0,120.0
un_un,un -> un,0,expert2,Expert2,2,novel,Novel Image,2,full,Nonoccluded,0,0.41256227243535404,0.29866070268592615,0.044906949251890184,71.0,-19.0,0.039222823111340406,0.01377761981723727,900,10,120,90.0,120.0
un_un,un -> un,0,expert2,Expert2,2,novel,Novel Image,2,full,Nonoccluded,0,0.5012241405344813,0.3105881403677392,0.04612849876284599,72.0,-18.0,0.039222823111340406,0.01377761981723727,900,10,120,90.0,120.0
un_un,un -> un,0,expert2,Expert2,2,novel,Novel Image,2,full,Nonoccluded,0,0.6553997960451274,0.28857762537722353,0.04825267232954502,73.0,-17.0,0.039222823111340406,0.01377761981723727,900,10,120,90.0,120.0
un_un,un -> un,0,expert2,Expert2,2,novel,Novel Image,2,full,Nonoccluded,0,0.7145653275965177,0.2641344001999865,0.04906783252954483,74.0,-16.0,0.039222823111340406,0.01377761981723727,900,10,120,90.0,120.0
un_un,un -> un,0,expert2,Expert2,2,novel,Novel Image,2,full,Nonoccluded,0,0.7674750891861771,0.3020258728185764,0.04979680310934782,75.0,-15.0,0.039222823111340406,0.01377761981723727,900,10,120,90.0,120.0
un_un,un -> un,0,expert2,Expert2,2,novel,Novel Image,2,full,Nonoccluded,0,0.605349986125793,0.28932225045467536,0.04756310507655144,76.0,-14.0,0.039222823111340406,0.01377761981723727,900,10,120,90.0,120.0
un_un,un -> un,0,expert2,Expert2,2,novel,Novel Image,2,full,Nonoccluded,0,0.48649069483675006,0.25231867669206737,0.045925506949424745,77.0,-13.0,0.039222823111340406,0.01377761981723727,900,10,120,90.0,120.0
un_un,un -> un,0,expert2,Expert2,2,novel,Novel Image,2,full,Nonoccluded,0,0.4738446914217712,0.229331606714655,0.04575127512216568,78.0,-12.0,0.039222823111340406,0.01377761981723727,900,10,120,90.0,120.0
un_un,un -> un,0,expert2,Expert2,2,novel,Novel Image,2,full,Nonoccluded,0,0.39368161628906373,0.1860376947552966,0.04464681874960661,79.0,-11.0,0.039222823111340406,0.01377761981723727,900,10,120,90.0,120.0
un_un,un -> un,0,expert2,Expert2,2,novel,Novel Image,2,full,Nonoccluded,0,0.3589397570013062,0.16977072321375242,0.044168158620595935,80.0,-10.0,0.039222823111340406,0.01377761981723727,900,10,120,90.0,120.0
un_un,un -> un,0,expert2,Expert2,2,novel,Novel Image,2,full,Nonoccluded,0,0.35390340570113643,0.20627195766355802,0.044098769687116145,81.0,-9.0,0.039222823111340406,0.01377761981723727,900,10,120,90.0,120.0
un_un,un -> un,0,expert2,Expert2,2,novel,Novel Image,2,full,Nonoccluded,0,0.19799143256103474,0.19490380765638302,0.041950673796236515,82.0,-8.0,0.039222823111340406,0.01377761981723727,900,10,120,90.0,120.0
un_un,un -> un,0,expert2,Expert2,2,novel,Novel Image,2,full,Nonoccluded,0,0.13847191025337163,0.19770566558744,0.04113063644617796,83.0,-7.0,0.039222823111340406,0.01377761981723727,900,10,120,90.0,120.0
un_un,un -> un,0,expert2,Expert2,2,novel,Novel Image,2,full,Nonoccluded,0,0.18271832130384338,0.2250939811715011,0.04174024667590857,84.0,-6.0,0.039222823111340406,0.01377761981723727,900,10,120,90.0,120.0
un_un,un -> un,0,expert2,Expert2,2,novel,Novel Image,2,full,Nonoccluded,0,0.25010436344588455,0.16674794992615455,0.04266866594552994,85.0,-5.0,0.039222823111340406,0.01377761981723727,900,10,120,90.0,120.0
un_un,un -> un,0,expert2,Expert2,2,novel,Novel Image,2,full,Nonoccluded,0,0.17518843337563705,0.1675598569247393,0.04163650274276733,86.0,-4.0,0.039222823111340406,0.01377761981723727,900,10,120,90.0,120.0
un_un,un -> un,0,expert2,Expert2,2,novel,Novel Image,2,full,Nonoccluded,0,0.11268501396328043,0.16623645077555205,0.040775354392826556,87.0,-3.0,0.039222823111340406,0.01377761981723727,900,10,120,90.0,120.0
un_un,un -> un,0,expert2,Expert2,2,novel,Novel Image,2,full,Nonoccluded,0,0.10331922484654803,0.18359089681843838,0.0406463161110878,88.0,-2.0,0.039222823111340406,0.01377761981723727,900,10,120,90.0,120.0
un_un,un -> un,0,expert2,Expert2,2,novel,Novel Image,2,full,Nonoccluded,0,0.10801807900191165,0.1711167667758981,0.040711055137217046,89.0,-1.0,0.039222823111340406,0.01377761981723727,900,10,120,90.0,120.0
un_un,un -> un,0,expert2,Expert2,2,novel,Novel Image,2,full,Nonoccluded,0,-0.012924003912223836,0.16940687364477985,0.0390447610989213,90.0,0.0,0.039222823111340406,0.01377761981723727,900,10,120,90.0,120.0
un_un,un -> un,0,expert2,Expert2,2,novel,Novel Image,2,full,Nonoccluded,0,-0.14188783587947879,0.1511059129815132,0.03726794645190239,91.0,1.0,0.039222823111340406,0.01377761981723727,900,10,120,90.0,120.0
un_un,un -> un,0,expert2,Expert2,2,novel,Novel Image,2,full,Nonoccluded,0,-0.2771359636446903,0.14355061811903816,0.035404549166560176,92.0,2.0,0.039222823111340406,0.01377761981723727,900,10,120,90.0,120.0
un_un,un -> un,0,expert2,Expert2,2,novel,Novel Image,2,full,Nonoccluded,0,-0.40562168366970586,0.13637309424158747,0.03363432176411152,93.0,3.0,0.039222823111340406,0.01377761981723727,900,10,120,90.0,120.0
un_un,un -> un,0,expert2,Expert2,2,novel,Novel Image,2,full,Nonoccluded,0,-0.5276831690670146,0.12955443213576573,0.03195260502398014,94.0,4.0,0.039222823111340406,0.01377761981723727,900,10,120,90.0,120.0
un_un,un -> un,0,expert2,Expert2,2,novel,Novel Image,2,full,Nonoccluded,0,-0.6436415720828457,0.12307670934755455,0.03035497423261404,95.0,5.0,0.039222823111340406,0.01377761981723727,900,10,120,90.0,120.0
un_un,un -> un,0,expert2,Expert2,2,novel,Novel Image,2,full,Nonoccluded,0,-0.7538020245293394,0.11692287742556709,0.028837225399911404,96.0,6.0,0.039222823111340406,0.01377761981723727,900,10,120,90.0,120.0
un_un,un -> un,0,expert2,Expert2,2,novel,Novel Image,2,full,Nonoccluded,0,-0.8584544895038281,0.11107672609806508,0.02739536352455616,97.0,7.0,0.039222823111340406,0.01377761981723727,900,10,120,90.0,120.0
un_un,un -> un,0,expert2,Expert2,2,novel,Novel Image,2,full,Nonoccluded,0,-0.957494192015435,0.10549739309571625,0.026030832156538963,98.0,8.0,0.039222823111340406,0.01377761981723727,900,10,120,90.0,120.0
un_un,un -> un,0,expert2,Expert2,2,novel,Novel Image,2,full,Nonoccluded,0,-1.0404202039365917,0.10104203466444828,0.024888309091329573,99.0,9.0,0.039222823111340406,0.01377761981723727,900,10,120,90.0,120.0
un_un,un -> un,0,expert2,Expert2,2,novel,Novel Image,2,full,Nonoccluded,0,-1.1307417416895906,0.09598992897625555,0.02364389328286052,100.0,10.0,0.039222823111340406,0.01377761981723727,900,10,120,90.0,120.0
un_un,un -> un,0,expert2,Expert2,2,novel,Novel Image,2,full,Nonoccluded,0,-1.2165471866696986,0.09119043089527377,0.02246169848367572,101.0,11.0,0.039222823111340406,0.01377761981723727,900,10,120,90.0,120.0
un_un,un -> un,0,expert2,Expert2,2,novel,Novel Image,2,full,Nonoccluded,0,-1.2980623729201548,0.08663090804260236,0.021338613238185644,102.0,12.0,0.039222823111340406,0.01377761981723727,900,10,120,90.0,120.0
un_un,un -> un,0,expert2,Expert2,2,novel,Novel Image,2,full,Nonoccluded,0,-1.349635131269782,0.08433646280080555,0.02062806338071823,103.0,13.0,0.039222823111340406,0.01377761981723727,900,10,120,90.0,120.0
un_un,un -> un,0,expert2,Expert2,2,novel,Novel Image,2,full,Nonoccluded,0,-1.4244959158964443,0.08011963711014389,0.019596659950911997,104.0,14.0,0.039222823111340406,0.01377761981723727,900,10,120,90.0,120.0
un_un,un -> un,0,expert2,Expert2,2,novel,Novel Image,2,full,Nonoccluded,0,-1.4956136579119348,0.07611365099182943,0.018616826739162207,105.0,15.0,0.039222823111340406,0.01377761981723727,900,10,120,90.0,120.0
un_un,un -> un,0,expert2,Expert2,2,novel,Novel Image,2,full,Nonoccluded,0,-1.563175519248344,0.07230797085172486,0.017685985099524258,106.0,16.0,0.039222823111340406,0.01377761981723727,900,10,120,90.0,120.0
un_un,un -> un,0,expert2,Expert2,2,novel,Novel Image,2,full,Nonoccluded,0,-1.5989326414380203,0.05750259402513195,0.017193337064236404,107.0,17.0,0.039222823111340406,0.01377761981723727,900,10,120,90.0,120.0
un_un,un -> un,0,expert2,Expert2,2,novel,Novel Image,2,full,Nonoccluded,0,-1.6613285549500607,0.054627461813667864,0.016333669889718294,108.0,18.0,0.039222823111340406,0.01377761981723727,900,10,120,90.0,120.0
un_un,un -> un,0,expert2,Expert2,2,novel,Novel Image,2,full,Nonoccluded,0,-1.7206046815740783,0.05189609020262398,0.015516985952854157,109.0,19.0,0.039222823111340406,0.01377761981723727,900,10,120,90.0,120.0
un_un,un -> un,0,expert2,Expert2,2,novel,Novel Image,2,full,Nonoccluded,0,-1.776916973814237,0.04930128898776726,0.014741136599332095,110.0,20.0,0.039222823111340406,0.01377761981723727,900,10,120,90.0,120.0
un_un,un -> un,0,expert2,Expert2,2,novel,Novel Image,2,full,Nonoccluded,0,-1.8304136646237574,0.046836222328592275,0.014004079531878233,111.0,21.0,0.039222823111340406,0.01377761981723727,900,10,120,90.0,120.0
un_un,un -> un,0,expert2,Expert2,2,novel,Novel Image,2,full,Nonoccluded,0,-1.8812355242726397,0.0444944079569783,0.013303875271230937,112.0,22.0,0.039222823111340406,0.01377761981723727,900,10,120,90.0,120.0
un_un,un -> un,0,expert2,Expert2,2,novel,Novel Image,2,full,Nonoccluded,0,-1.8936283101935392,0.0612030811427796,0.013133132178336383,113.0,23.0,0.039222823111340406,0.01377761981723727,900,10,120,90.0,120.0
un_un,un -> un,0,expert2,Expert2,2,novel,Novel Image,2,full,Nonoccluded,0,-1.9412894328321584,0.05814292828297737,0.012476475350558758,114.0,24.0,0.039222823111340406,0.01377761981723727,900,10,120,90.0,120.0
un_un,un -> un,0,expert2,Expert2,2,novel,Novel Image,2,full,Nonoccluded,0,-1.9865674922411867,0.05523578278342104,0.011852651461958885,115.0,25.0,0.039222823111340406,0.01377761981723727,900,10,120,90.0,120.0
un_un,un -> un,0,expert2,Expert2,2,novel,Novel Image,2,full,Nonoccluded,0,-2.0295816547634726,0.052473992769159,0.011260018683969975,116.0,26.0,0.039222823111340406,0.01377761981723727,900,10,120,90.0,120.0
un_un,un -> un,0,expert2,Expert2,2,novel,Novel Image,2,full,Nonoccluded,0,-2.0704451078077084,0.04985029029473557,0.010697017563506961,117.0,27.0,0.039222823111340406,0.01377761981723727,900,10,120,90.0,120.0
un_un,un -> un,0,expert2,Expert2,2,novel,Novel Image,2,full,Nonoccluded,0,-2.1092653876927576,0.047357774764704805,0.010162166506052017,118.0,28.0,0.039222823111340406,0.01377761981723727,900,10,120,90.0,120.0
un_un,un -> un,0,expert2,Expert2,2,novel,Novel Image,2,full,Nonoccluded,0,-2.146144643275046,0.044989884245611726,0.009654058143496513,119.0,29.0,0.039222823111340406,0.01377761981723727,900,10,120,90.0,120.0
un_un,un -> un,0,expert2,Expert2,2,novel,Novel Image,2,occlusion,Occluded,1,-0.5054633405174112,0.47327819639546254,0.037351597915403545,0.0,-90.0,0.04217732148529548,0.009547128709575942,900,10,120,90.0,120.0
un_un,un -> un,0,expert2,Expert2,2,novel,Novel Image,2,occlusion,Occluded,1,-0.37344412892766043,0.3280760682630508,0.03861200232058763,1.0,-89.0,0.04217732148529548,0.009547128709575942,900,10,120,90.0,120.0
un_un,un -> un,0,expert2,Expert2,2,novel,Novel Image,2,occlusion,Occluded,1,-0.41657877624480644,0.2936180353460759,0.03820019029080868,2.0,-88.0,0.04217732148529548,0.009547128709575942,900,10,120,90.0,120.0
un_un,un -> un,0,expert2,Expert2,2,novel,Novel Image,2,occlusion,Occluded,1,-0.5263351886410342,0.28828884405849636,0.03715233169496059,3.0,-87.0,0.04217732148529548,0.009547128709575942,900,10,120,90.0,120.0
un_un,un -> un,0,expert2,Expert2,2,novel,Novel Image,2,occlusion,Occluded,1,-0.4968425210993407,0.26668945152218043,0.03743390198796988,4.0,-86.0,0.04217732148529548,0.009547128709575942,900,10,120,90.0,120.0
un_un,un -> un,0,expert2,Expert2,2,novel,Novel Image,2,occlusion,Occluded,1,-0.29352865714632326,0.289112516117781,0.039374965615570544,5.0,-85.0,0.04217732148529548,0.009547128709575942,900,10,120,90.0,120.0
un_un,un -> un,0,expert2,Expert2,2,novel,Novel Image,2,occlusion,Occluded,1,-0.1711252556451925,0.3157578160934231,0.040543566644191745,6.0,-84.0,0.04217732148529548,0.009547128709575942,900,10,120,90.0,120.0
un_un,un -> un,0,expert2,Expert2,2,novel,Novel Image,2,occlusion,Occluded,1,-0.013574485216274768,0.3616526799389268,0.04204772412776947,7.0,-83.0,0.04217732148529548,0.009547128709575942,900,10,120,90.0,120.0
un_un,un -> un,0,expert2,Expert2,2,novel,Novel Image,2,occlusion,Occluded,1,-0.1049234824123217,0.3549073411755224,0.04117560349404812,8.0,-82.0,0.04217732148529548,0.009547128709575942,900,10,120,90.0,120.0
un_un,un -> un,0,expert2,Expert2,2,novel,Novel Image,2,occlusion,Occluded,1,-0.23122867001146452,0.338652507417557,0.03996975161135197,9.0,-81.0,0.04217732148529548,0.009547128709575942,900,10,120,90.0,120.0
un_un,un -> un,0,expert2,Expert2,2,novel,Novel Image,2,occlusion,Occluded,1,-0.18163562622238794,0.30624058356443296,0.040443222783505914,10.0,-80.0,0.04217732148529548,0.009547128709575942,900,10,120,90.0,120.0
un_un,un -> un,0,expert2,Expert2,2,novel,Novel Image,2,occlusion,Occluded,1,-0.08489191794742515,0.31929230680824094,0.041366847418248656,11.0,-79.0,0.04217732148529548,0.009547128709575942,900,10,120,90.0,120.0
un_un,un -> un,0,expert2,Expert2,2,novel,Novel Image,2,occlusion,Occluded,1,-0.059911172844458016,0.32658086289196936,0.04160534180700779,12.0,-78.0,0.04217732148529548,0.009547128709575942,900,10,120,90.0,120.0
un_un,un -> un,0,expert2,Expert2,2,novel,Novel Image,2,occlusion,Occluded,1,0.032651561181831726,0.3506339633552931,0.042489050142467025,13.0,-77.0,0.04217732148529548,0.009547128709575942,900,10,120,90.0,120.0
un_un,un -> un,0,expert2,Expert2,2,novel,Novel Image,2,occlusion,Occluded,1,0.030364403466807643,0.29720667573504883,0.04246721435338259,14.0,-76.0,0.04217732148529548,0.009547128709575942,900,10,120,90.0,120.0
un_un,un -> un,0,expert2,Expert2,2,novel,Novel Image,2,occlusion,Occluded,1,0.08756094436560292,0.31353795315856714,0.04301327709108591,15.0,-75.0,0.04217732148529548,0.009547128709575942,900,10,120,90.0,120.0
un_un,un -> un,0,expert2,Expert2,2,novel,Novel Image,2,occlusion,Occluded,1,0.09964458211828109,0.3308535702267472,0.04312864113599062,16.0,-74.0,0.04217732148529548,0.009547128709575942,900,10,120,90.0,120.0
un_un,un -> un,0,expert2,Expert2,2,novel,Novel Image,2,occlusion,Occluded,1,0.2729736191802984,0.3431011673837181,0.04478343576192856,17.0,-73.0,0.04217732148529548,0.009547128709575942,900,10,120,90.0,120.0
un_un,un -> un,0,expert2,Expert2,2,novel,Novel Image,2,occlusion,Occluded,1,0.12938297815456412,0.3349009651034869,0.04341255743056536,18.0,-72.0,0.04217732148529548,0.009547128709575942,900,10,120,90.0,120.0
un_un,un -> un,0,expert2,Expert2,2,novel,Novel Image,2,occlusion,Occluded,1,0.19030403725920478,0.23875150866342326,0.043994178622961046,19.0,-71.0,0.04217732148529548,0.009547128709575942,900,10,120,90.0,120.0
un_un,un -> un,0,expert2,Expert2,2,novel,Novel Image,2,occlusion,Occluded,1,0.10158481295035231,0.22381343622862215,0.04314716476947069,20.0,-70.0,0.04217732148529548,0.009547128709575942,900,10,120,90.0,120.0
un_un,un -> un,0,expert2,Expert2,2,novel,Novel Image,2,occlusion,Occluded,1,0.07949900119269529,0.23495494954741114,0.04293630868196487,21.0,-69.0,0.04217732148529548,0.009547128709575942,900,10,120,90.0,120.0
un_un,un -> un,0,expert2,Expert2,2,novel,Novel Image,2,occlusion,Occluded,1,0.18335991973913596,0.2933496059306245,0.043927882239222525,22.0,-68.0,0.04217732148529548,0.009547128709575942,900,10,120,90.0,120.0
un_un,un -> un,0,expert2,Expert2,2,novel,Novel Image,2,occlusion,Occluded,1,0.1870261615644065,0.33635373902139415,0.043962884321808816,23.0,-67.0,0.04217732148529548,0.009547128709575942,900,10,120,90.0,120.0
un_un,un -> un,0,expert2,Expert2,2,novel,Novel Image,2,occlusion,Occluded,1,0.32021986317352835,0.3441302085332206,0.04523450173437595,24.0,-66.0,0.04217732148529548,0.009547128709575942,900,10,120,90.0,120.0
un_un,un -> un,0,expert2,Expert2,2,novel,Novel Image,2,occlusion,Occluded,1,0.2735436819737411,0.3653969069213448,0.044788878224790094,25.0,-65.0,0.04217732148529548,0.009547128709575942,900,10,120,90.0,120.0
un_un,un -> un,0,expert2,Expert2,2,novel,Novel Image,2,occlusion,Occluded,1,0.26995635811279095,0.35370344495578826,0.04475462958216667,26.0,-64.0,0.04217732148529548,0.009547128709575942,900,10,120,90.0,120.0
un_un,un -> un,0,expert2,Expert2,2,novel,Novel Image,2,occlusion,Occluded,1,0.3450349488364352,0.2866275772042521,0.04547141455113888,27.0,-63.0,0.04217732148529548,0.009547128709575942,900,10,120,90.0,120.0
un_un,un -> un,0,expert2,Expert2,2,novel,Novel Image,2,occlusion,Occluded,1,0.4838527016160886,0.315149612121862,0.04679672550410032,28.0,-62.0,0.04217732148529548,0.009547128709575942,900,10,120,90.0,120.0
un_un,un -> un,0,expert2,Expert2,2,novel,Novel Image,2,occlusion,Occluded,1,0.34578017244166237,0.29418291778753314,0.045478529296815395,29.0,-61.0,0.04217732148529548,0.009547128709575942,900,10,120,90.0,120.0
un_un,un -> un,0,expert2,Expert2,2,novel,Novel Image,2,occlusion,Occluded,1,0.28212980041176483,0.30999035020548366,0.04487085100263357,30.0,-60.0,0.04217732148529548,0.009547128709575942,900,10,120,90.0,120.0
un_un,un -> un,0,expert2,Expert2,2,novel,Novel Image,2,occlusion,Occluded,1,0.2522386020277545,0.28263335227260433,0.04458547588437796,31.0,-59.0,0.04217732148529548,0.009547128709575942,900,10,120,90.0,120.0
un_un,un -> un,0,expert2,Expert2,2,novel,Novel Image,2,occlusion,Occluded,1,0.16548247427512255,0.29757149697769714,0.043757203966379166,32.0,-58.0,0.04217732148529548,0.009547128709575942,900,10,120,90.0,120.0
un_un,un -> un,0,expert2,Expert2,2,novel,Novel Image,2,occlusion,Occluded,1,0.0794819689596046,0.29079701147303477,0.042936146073043344,33.0,-57.0,0.04217732148529548,0.009547128709575942,900,10,120,90.0,120.0
un_un,un -> un,0,expert2,Expert2,2,novel,Novel Image,2,occlusion,Occluded,1,0.13379506790517506,0.30858160685096675,0.04345468021929264,34.0,-56.0,0.04217732148529548,0.009547128709575942,900,10,120,90.0,120.0
un_un,un -> un,0,expert2,Expert2,2,novel,Novel Image,2,occlusion,Occluded,1,0.07212519535465592,0.28294790734920466,0.04286591000854969,35.0,-55.0,0.04217732148529548,0.009547128709575942,900,10,120,90.0,120.0
un_un,un -> un,0,expert2,Expert2,2,novel,Novel Image,2,occlusion,Occluded,1,-0.059275771049158966,0.2913538556792926,0.04161140806972981,36.0,-54.0,0.04217732148529548,0.009547128709575942,900,10,120,90.0,120.0
un_un,un -> un,0,expert2,Expert2,2,novel,Novel Image,2,occlusion,Occluded,1,0.1801061974287206,0.2859652586397458,0.04389681853353977,37.0,-53.0,0.04217732148529548,0.009547128709575942,900,10,120,90.0,120.0
un_un,un -> un,0,expert2,Expert2,2,novel,Novel Image,2,occlusion,Occluded,1,0.18024571346403695,0.27829717739303406,0.04389815051108599,38.0,-52.0,0.04217732148529548,0.009547128709575942,900,10,120,90.0,120.0
un_un,un -> un,0,expert2,Expert2,2,novel,Novel Image,2,occlusion,Occluded,1,0.06586907859943074,0.2918986650801719,0.04280618205666542,39.0,-51.0,0.04217732148529548,0.009547128709575942,900,10,120,90.0,120.0
un_un,un -> un,0,expert2,Expert2,2,novel,Novel Image,2,occlusion,Occluded,1,-0.03910215424848587,0.2705502830811935,0.041804008185863495,40.0,-50.0,0.04217732148529548,0.009547128709575942,900,10,120,90.0,120.0
un_un,un -> un,0,expert2,Expert2,2,novel,Novel Image,2,occlusion,Occluded,1,-0.13337453037500455,0.26541088471939406,0.04090397767722607,41.0,-49.0,0.04217732148529548,0.009547128709575942,900,10,120,90.0,120.0
un_un,un -> un,0,expert2,Expert2,2,novel,Novel Image,2,occlusion,Occluded,1,0.134380016831319,0.3355296156089614,0.043460264801979065,42.0,-48.0,0.04217732148529548,0.009547128709575942,900,10,120,90.0,120.0
un_un,un -> un,0,expert2,Expert2,2,novel,Novel Image,2,occlusion,Occluded,1,0.10930457017116738,0.3628485749502579,0.04322086628526449,43.0,-47.0,0.04217732148529548,0.009547128709575942,900,10,120,90.0,120.0
un_un,un -> un,0,expert2,Expert2,2,novel,Novel Image,2,occlusion,Occluded,1,0.2396264577891744,0.4409864696212805,0.0444650661200285,44.0,-46.0,0.04217732148529548,0.009547128709575942,900,10,120,90.0,120.0
un_un,un -> un,0,expert2,Expert2,2,novel,Novel Image,2,occlusion,Occluded,1,0.12406751671002877,0.4012916980059227,0.04336181003600359,45.0,-45.0,0.04217732148529548,0.009547128709575942,900,10,120,90.0,120.0
un_un,un -> un,0,expert2,Expert2,2,novel,Novel Image,2,occlusion,Occluded,1,0.012011791866571276,0.39096635322060075,0.04229199960827827,46.0,-44.0,0.04217732148529548,0.009547128709575942,900,10,120,90.0,120.0
un_un,un -> un,0,expert2,Expert2,2,novel,Novel Image,2,occlusion,Occluded,1,0.013522646540728633,0.44258181970012217,0.042306423932313916,47.0,-43.0,0.04217732148529548,0.009547128709575942,900,10,120,90.0,120.0
un_un,un -> un,0,expert2,Expert2,2,novel,Novel Image,2,occlusion,Occluded,1,-0.10814992973778774,0.4285468896648054,0.041144800186157224,48.0,-42.0,0.04217732148529548,0.009547128709575942,900,10,120,90.0,120.0
un_un,un -> un,0,expert2,Expert2,2,novel,Novel Image,2,occlusion,Occluded,1,-0.19233422931373984,0.40799578353861,0.04034108184278011,49.0,-41.0,0.04217732148529548,0.009547128709575942,900,10,120,90.0,120.0
un_un,un -> un,0,expert2,Expert2,2,novel,Novel Image,2,occlusion,Occluded,1,-0.1627017921066838,0.40145138879119957,0.0406239865347743,50.0,-40.0,0.04217732148529548,0.009547128709575942,900,10,120,90.0,120.0
un_un,un -> un,0,expert2,Expert2,2,novel,Novel Image,2,occlusion,Occluded,1,-0.21230738082803682,0.40283902752439904,0.04015039559453726,51.0,-39.0,0.04217732148529548,0.009547128709575942,900,10,120,90.0,120.0
un_un,un -> un,0,expert2,Expert2,2,novel,Novel Image,2,occlusion,Occluded,1,0.09812662580283502,0.40290208800185673,0.04311414901167154,52.0,-38.0,0.04217732148529548,0.009547128709575942,900,10,120,90.0,120.0
un_un,un -> un,0,expert2,Expert2,2,novel,Novel Image,2,occlusion,Occluded,1,0.04999511539896606,0.394499088778446,0.042654631286859514,53.0,-37.0,0.04217732148529548,0.009547128709575942,900,10,120,90.0,120.0
un_un,un -> un,0,expert2,Expert2,2,novel,Novel Image,2,occlusion,Occluded,1,-0.009350198759742344,0.44294854740528977,0.0420880539342761,54.0,-36.0,0.04217732148529548,0.009547128709575942,900,10,120,90.0,120.0
un_un,un -> un,0,expert2,Expert2,2,novel,Novel Image,2,occlusion,Occluded,1,0.0267127941441923,0.4455715591735385,0.04243235196918249,55.0,-35.0,0.04217732148529548,0.009547128709575942,900,10,120,90.0,120.0
un_un,un -> un,0,expert2,Expert2,2,novel,Novel Image,2,occlusion,Occluded,1,-0.020316713219709005,0.42557371734994776,0.041983355209231375,56.0,-34.0,0.04217732148529548,0.009547128709575942,900,10,120,90.0,120.0
un_un,un -> un,0,expert2,Expert2,2,novel,Novel Image,2,occlusion,Occluded,1,-0.11811421531589147,0.4092078686113515,0.0410496698692441,57.0,-33.0,0.04217732148529548,0.009547128709575942,900,10,120,90.0,120.0
un_un,un -> un,0,expert2,Expert2,2,novel,Novel Image,2,occlusion,Occluded,1,-0.20171805326651387,0.37070029420558903,0.040251493267714974,58.0,-32.0,0.04217732148529548,0.009547128709575942,900,10,120,90.0,120.0
un_un,un -> un,0,expert2,Expert2,2,novel,Novel Image,2,occlusion,Occluded,1,-0.1668783961145639,0.3687299593108375,0.04058411195874214,59.0,-31.0,0.04217732148529548,0.009547128709575942,900,10,120,90.0,120.0
un_un,un -> un,0,expert2,Expert2,2,novel,Novel Image,2,occlusion,Occluded,1,-0.24751417722660726,0.34847238533492453,0.03981427177786827,60.0,-30.0,0.04217732148529548,0.009547128709575942,900,10,120,90.0,120.0
un_un,un -> un,0,expert2,Expert2,2,novel,Novel Image,2,occlusion,Occluded,1,-0.2275245007393117,0.29247378210916314,0.040005115792155266,61.0,-29.0,0.04217732148529548,0.009547128709575942,900,10,120,90.0,120.0
un_un,un -> un,0,expert2,Expert2,2,novel,Novel Image,2,occlusion,Occluded,1,-0.3163918449950417,0.30460380309651947,0.039156687818467616,62.0,-28.0,0.04217732148529548,0.009547128709575942,900,10,120,90.0,120.0
un_un,un -> un,0,expert2,Expert2,2,novel,Novel Image,2,occlusion,Occluded,1,-0.44220877524558616,0.2789934570219444,0.03795549739152193,63.0,-27.0,0.04217732148529548,0.009547128709575942,900,10,120,90.0,120.0
un_un,un -> un,0,expert2,Expert2,2,novel,Novel Image,2,occlusion,Occluded,1,-0.44655856955489304,0.31575471516355,0.0379139693453908,64.0,-26.0,0.04217732148529548,0.009547128709575942,900,10,120,90.0,120.0
un_un,un -> un,0,expert2,Expert2,2,novel,Novel Image,2,occlusion,Occluded,1,-0.39571278843849667,0.3108657701604162,0.03839940056204796,65.0,-25.0,0.04217732148529548,0.009547128709575942,900,10,120,90.0,120.0
un_un,un -> un,0,expert2,Expert2,2,novel,Novel Image,2,occlusion,Occluded,1,-0.3723988804879913,0.281239308339649,0.03862198144197464,66.0,-24.0,0.04217732148529548,0.009547128709575942,900,10,120,90.0,120.0
un_un,un -> un,0,expert2,Expert2,2,novel,Novel Image,2,occlusion,Occluded,1,-0.16790505152085922,0.27808522941993097,0.04057431034743786,67.0,-23.0,0.04217732148529548,0.009547128709575942,900,10,120,90.0,120.0
un_un,un -> un,0,expert2,Expert2,2,novel,Novel Image,2,occlusion,Occluded,1,-0.18432152938976773,0.23007938863575408,0.04041758012026549,68.0,-22.0,0.04217732148529548,0.009547128709575942,900,10,120,90.0,120.0
un_un,un -> un,0,expert2,Expert2,2,novel,Novel Image,2,occlusion,Occluded,1,-0.08873698846514565,0.24914142157534408,0.04133013803511858,69.0,-21.0,0.04217732148529548,0.009547128709575942,900,10,120,90.0,120.0
un_un,un -> un,0,expert2,Expert2,2,novel,Novel Image,2,occlusion,Occluded,1,-0.12791526069437398,0.2662558849631524,0.04095609802752733,70.0,-20.0,0.04217732148529548,0.009547128709575942,900,10,120,90.0,120.0
un_un,un -> un,0,expert2,Expert2,2,novel,Novel Image,2,occlusion,Occluded,1,-0.002041497803516784,0.24766475910721378,0.04215783104300499,71.0,-19.0,0.04217732148529548,0.009547128709575942,900,10,120,90.0,120.0
un_un,un -> un,0,expert2,Expert2,2,novel,Novel Image,2,occlusion,Occluded,1,-0.05235436317321107,0.22508491712713713,0.041677487641572954,72.0,-18.0,0.04217732148529548,0.009547128709575942,900,10,120,90.0,120.0
un_un,un -> un,0,expert2,Expert2,2,novel,Novel Image,2,occlusion,Occluded,1,-0.051397124359512006,0.26110310525727515,0.04168662652373314,73.0,-17.0,0.04217732148529548,0.009547128709575942,900,10,120,90.0,120.0
un_un,un -> un,0,expert2,Expert2,2,novel,Novel Image,2,occlusion,Occluded,1,0.057214480048980755,0.26193553933655417,0.042723555490374564,74.0,-16.0,0.04217732148529548,0.009547128709575942,900,10,120,90.0,120.0
un_un,un -> un,0,expert2,Expert2,2,novel,Novel Image,2,occlusion,Occluded,1,-0.041351130886581655,0.25996743873686323,0.041782536916434763,75.0,-15.0,0.04217732148529548,0.009547128709575942,900,10,120,90.0,120.0
un_un,un -> un,0,expert2,Expert2,2,novel,Novel Image,2,occlusion,Occluded,1,-0.010234021430119412,0.26697992159459,0.042079615965485574,76.0,-14.0,0.04217732148529548,0.009547128709575942,900,10,120,90.0,120.0
un_un,un -> un,0,expert2,Expert2,2,novel,Novel Image,2,occlusion,Occluded,1,-0.015885425625614447,0.2760086159302581,0.04202566128224135,77.0,-13.0,0.04217732148529548,0.009547128709575942,900,10,120,90.0,120.0
un_un,un -> un,0,expert2,Expert2,2,novel,Novel Image,2,occlusion,Occluded,1,-0.10281525093976521,0.2939788114074177,0.04119573105126619,78.0,-12.0,0.04217732148529548,0.009547128709575942,900,10,120,90.0,120.0
un_un,un -> un,0,expert2,Expert2,2,novel,Novel Image,2,occlusion,Occluded,1,0.1923906906678455,0.3195628629167062,0.04401410017162562,79.0,-11.0,0.04217732148529548,0.009547128709575942,900,10,120,90.0,120.0
un_un,un -> un,0,expert2,Expert2,2,novel,Novel Image,2,occlusion,Occluded,1,0.2206266408414972,0.2867727529788614,0.04428367242217064,80.0,-10.0,0.04217732148529548,0.009547128709575942,900,10,120,90.0,120.0
un_un,un -> un,0,expert2,Expert2,2,novel,Novel Image,2,occlusion,Occluded,1,0.27144641512317436,0.3596389978783916,0.04476885534822941,81.0,-9.0,0.04217732148529548,0.009547128709575942,900,10,120,90.0,120.0
un_un,un -> un,0,expert2,Expert2,2,novel,Novel Image,2,occlusion,Occluded,1,0.4113053192417535,0.3264860414596742,0.04610410630702973,82.0,-8.0,0.04217732148529548,0.009547128709575942,900,10,120,90.0,120.0
un_un,un -> un,0,expert2,Expert2,2,novel,Novel Image,2,occlusion,Occluded,1,0.46523510514776845,0.2984141031635262,0.046618980914354326,83.0,-7.0,0.04217732148529548,0.009547128709575942,900,10,120,90.0,120.0
un_un,un -> un,0,expert2,Expert2,2,novel,Novel Image,2,occlusion,Occluded,1,0.31181144184774934,0.2751689615180267,0.045154225453734397,84.0,-6.0,0.04217732148529548,0.009547128709575942,900,10,120,90.0,120.0
un_un,un -> un,0,expert2,Expert2,2,novel,Novel Image,2,occlusion,Occluded,1,0.13293389634890818,0.2636833535419752,0.04344645850360394,85.0,-5.0,0.04217732148529548,0.009547128709575942,900,10,120,90.0,120.0
un_un,un -> un,0,expert2,Expert2,2,novel,Novel Image,2,occlusion,Occluded,1,0.1351315031476825,0.26854298341980715,0.043467439338564874,86.0,-4.0,0.04217732148529548,0.009547128709575942,900,10,120,90.0,120.0
un_un,un -> un,0,expert2,Expert2,2,novel,Novel Image,2,occlusion,Occluded,1,0.06073851345844637,0.29107646116940766,0.042757199890911576,87.0,-3.0,0.04217732148529548,0.009547128709575942,900,10,120,90.0,120.0
un_un,un -> un,0,expert2,Expert2,2,novel,Novel Image,2,occlusion,Occluded,1,0.10999627783668368,0.31256220206859087,0.04322747010737658,88.0,-2.0,0.04217732148529548,0.009547128709575942,900,10,120,90.0,120.0
un_un,un -> un,0,expert2,Expert2,2,novel,Novel Image,2,occlusion,Occluded,1,0.15558210346861662,0.27064709477050936,0.04366268385201692,89.0,-1.0,0.04217732148529548,0.009547128709575942,900,10,120,90.0,120.0
un_un,un -> un,0,expert2,Expert2,2,novel,Novel Image,2,occlusion,Occluded,1,0.2251846068885787,0.28367295419473515,0.044327187910676004,90.0,0.0,0.04217732148529548,0.009547128709575942,900,10,120,90.0,120.0
un_un,un -> un,0,expert2,Expert2,2,novel,Novel Image,2,occlusion,Occluded,1,0.22194692180107337,0.35104480639973384,0.044296277314424516,91.0,1.0,0.04217732148529548,0.009547128709575942,900,10,120,90.0,120.0
un_un,un -> un,0,expert2,Expert2,2,novel,Novel Image,2,occlusion,Occluded,1,0.10602207060553015,0.35181735342763376,0.043189527839422225,92.0,2.0,0.04217732148529548,0.009547128709575942,900,10,120,90.0,120.0
un_un,un -> un,0,expert2,Expert2,2,novel,Novel Image,2,occlusion,Occluded,1,0.029504890260841733,0.3299437076052663,0.04245900847017765,93.0,3.0,0.04217732148529548,0.009547128709575942,900,10,120,90.0,120.0
un_un,un -> un,0,expert2,Expert2,2,novel,Novel Image,2,occlusion,Occluded,1,-0.00998128884425894,0.3075195770588111,0.042082028836011885,94.0,4.0,0.04217732148529548,0.009547128709575942,900,10,120,90.0,120.0
un_un,un -> un,0,expert2,Expert2,2,novel,Novel Image,2,occlusion,Occluded,1,-0.1688156809361006,0.2950398043671859,0.04056561645120382,95.0,5.0,0.04217732148529548,0.009547128709575942,900,10,120,90.0,120.0
un_un,un -> un,0,expert2,Expert2,2,novel,Novel Image,2,occlusion,Occluded,1,-0.2240190408532164,0.30082062246082064,0.04003858286887407,96.0,6.0,0.04217732148529548,0.009547128709575942,900,10,120,90.0,120.0
un_un,un -> un,0,expert2,Expert2,2,novel,Novel Image,2,occlusion,Occluded,1,-0.21538701537686253,0.26974603979851297,0.040120993927121165,97.0,7.0,0.04217732148529548,0.009547128709575942,900,10,120,90.0,120.0
un_un,un -> un,0,expert2,Expert2,2,novel,Novel Image,2,occlusion,Occluded,1,-0.24572315890161187,0.20213236458132444,0.03983137086033821,98.0,8.0,0.04217732148529548,0.009547128709575942,900,10,120,90.0,120.0
un_un,un -> un,0,expert2,Expert2,2,novel,Novel Image,2,occlusion,Occluded,1,-0.21298738249142887,0.2449695932763817,0.04014390353113413,99.0,9.0,0.04217732148529548,0.009547128709575942,900,10,120,90.0,120.0
un_un,un -> un,0,expert2,Expert2,2,novel,Novel Image,2,occlusion,Occluded,1,-0.23799189077870803,0.2595456574964631,0.03990518227219582,100.0,10.0,0.04217732148529548,0.009547128709575942,900,10,120,90.0,120.0
un_un,un -> un,0,expert2,Expert2,2,novel,Novel Image,2,occlusion,Occluded,1,-0.21715501189768038,0.2245614362710216,0.040104114636778834,101.0,11.0,0.04217732148529548,0.009547128709575942,900,10,120,90.0,120.0
un_un,un -> un,0,expert2,Expert2,2,novel,Novel Image,2,occlusion,Occluded,1,-0.23433335540483585,0.19896480116258217,0.03994011078029871,102.0,12.0,0.04217732148529548,0.009547128709575942,900,10,120,90.0,120.0
un_un,un -> un,0,expert2,Expert2,2,novel,Novel Image,2,occlusion,Occluded,1,-0.31135964929190735,0.2226175945400052,0.03920473083853722,103.0,13.0,0.04217732148529548,0.009547128709575942,900,10,120,90.0,120.0
un_un,un -> un,0,expert2,Expert2,2,novel,Novel Image,2,occlusion,Occluded,1,-0.3723682692924366,0.18175882311580563,0.038622273690998556,104.0,14.0,0.04217732148529548,0.009547128709575942,900,10,120,90.0,120.0
un_un,un -> un,0,expert2,Expert2,2,novel,Novel Image,2,occlusion,Occluded,1,-0.27875162438490586,0.18400302673417737,0.03951604384928942,105.0,15.0,0.04217732148529548,0.009547128709575942,900,10,120,90.0,120.0
un_un,un -> un,0,expert2,Expert2,2,novel,Novel Image,2,occlusion,Occluded,1,-0.3241362823703353,0.21740638227721445,0.03908275067806244,106.0,16.0,0.04217732148529548,0.009547128709575942,900,10,120,90.0,120.0
un_un,un -> un,0,expert2,Expert2,2,novel,Novel Image,2,occlusion,Occluded,1,-0.18466389093189212,0.20411136901111374,0.040414311550557615,107.0,17.0,0.04217732148529548,0.009547128709575942,900,10,120,90.0,120.0
un_un,un -> un,0,expert2,Expert2,2,novel,Novel Image,2,occlusion,Occluded,1,-0.13772485145440702,0.22516789109742416,0.04086244460195303,108.0,18.0,0.04217732148529548,0.009547128709575942,900,10,120,90.0,120.0
un_un,un -> un,0,expert2,Expert2,2,novel,Novel Image,2,occlusion,Occluded,1,-0.019953163813739867,0.25174763679589396,0.041986826062202456,109.0,19.0,0.04217732148529548,0.009547128709575942,900,10,120,90.0,120.0
un_un,un -> un,0,expert2,Expert2,2,novel,Novel Image,2,occlusion,Occluded,1,-0.10599046499593467,0.25227496355258294,0.04116541687399149,110.0,20.0,0.04217732148529548,0.009547128709575942,900,10,120,90.0,120.0
un_un,un -> un,0,expert2,Expert2,2,novel,Novel Image,2,occlusion,Occluded,1,0.04100297427726616,0.3433260133762352,0.04256878215819597,111.0,21.0,0.04217732148529548,0.009547128709575942,900,10,120,90.0,120.0
un_un,un -> un,0,expert2,Expert2,2,novel,Novel Image,2,occlusion,Occluded,1,0.11592525085254583,0.2711289708862173,0.04328407477587461,112.0,22.0,0.04217732148529548,0.009547128709575942,900,10,120,90.0,120.0
un_un,un -> un,0,expert2,Expert2,2,novel,Novel Image,2,occlusion,Occluded,1,0.13318914572522536,0.2875402139503106,0.04344889540225268,113.0,23.0,0.04217732148529548,0.009547128709575942,900,10,120,90.0,120.0
un_un,un -> un,0,expert2,Expert2,2,novel,Novel Image,2,occlusion,Occluded,1,0.19057667004867623,0.27006278647826215,0.04399678148329258,114.0,24.0,0.04217732148529548,0.009547128709575942,900,10,120,90.0,120.0
un_un,un -> un,0,expert2,Expert2,2,novel,Novel Image,2,occlusion,Occluded,1,0.1682190254116928,0.2724760453437607,0.043783330172300336,115.0,25.0,0.04217732148529548,0.009547128709575942,900,10,120,90.0,120.0
un_un,un -> un,0,expert2,Expert2,2,novel,Novel Image,2,occlusion,Occluded,1,0.048011572359035415,0.27075714106244125,0.04263569414615631,116.0,26.0,0.04217732148529548,0.009547128709575942,900,10,120,90.0,120.0
un_un,un -> un,0,expert2,Expert2,2,novel,Novel Image,2,occlusion,Occluded,1,0.04619698594976342,0.2618672584371091,0.04261837005615234,117.0,27.0,0.04217732148529548,0.009547128709575942,900,10,120,90.0,120.0
un_un,un -> un,0,expert2,Expert2,2,novel,Novel Image,2,occlusion,Occluded,1,0.050653890178506314,0.23120692679514265,0.0426609206944704,118.0,28.0,0.04217732148529548,0.009547128709575942,900,10,120,90.0,120.0
un_un,un -> un,0,expert2,Expert2,2,novel,Novel Image,2,occlusion,Occluded,1,-0.026473524056914277,0.24579810262548318,0.041924575343728065,119.0,29.0,0.04217732148529548,0.009547128709575942,900,10,120,90.0,120.0
