{
  "explained_variance_ratio": [
    0.31255240002278406,
    0.16081111831666547
  ],
  "components": [
    [
      -0.21978433293980074,
      -0.16103009634637738,
      -0.28497696874474066,
      -0.22695852796732816,
      -0.4358849662883936,
      -0.4468130014820659,
      -0.44336947598389337,
      -0.4547835249533205
    ],
    [
      0.4608232868909815,
      -0.12979229510139384,
      -0.5014394268571765,
      -0.6761716790339266,
      0.09614801784437609,
      0.14528845735213908,
      0.08594390300360477,
      0.15622640115624872
    ]
  ]
}