transition,transition_label,transition_row,experiment_phase,phase_label,phase_index,condition,condition_label,condition_index,image_type,trace_label,trace_index,step,y,plot_window_start,plot_window_end,stim_start,stim_end,experiment_series,seed
un_un,un -> un,0,naive,Naive,0,familiar_1,Familiar 1,0,full,Nonoccluded,0,1006.0,0.03447587043046951,1005.0,1125.0,1050.0,1080.0,training_familiar,42
un_un,un -> un,0,naive,Naive,0,familiar_1,Familiar 1,0,full,Nonoccluded,0,1007.0,0.03275207802653313,1005.0,1125.0,1050.0,1080.0,training_familiar,42
un_un,un -> un,0,naive,Naive,0,familiar_1,Familiar 1,0,full,Nonoccluded,0,1008.0,0.031114473938941956,1005.0,1125.0,1050.0,1080.0,training_familiar,42
un_un,un -> un,0,naive,Naive,0,familiar_1,Familiar 1,0,full,Nonoccluded,0,1009.0,0.029902521520853043,1005.0,1125.0,1050.0,1080.0,training_familiar,42
un_un,un -> un,0,naive,Naive,0,familiar_1,Familiar 1,0,full,Nonoccluded,0,1010.0,0.028407394886016846,1005.0,1125.0,1050.0,1080.0,training_familiar,42
un_un,un -> un,0,naive,Naive,0,familiar_1,Familiar 1,0,full,Nonoccluded,0,1011.0,0.026987025514245033,1005.0,1125.0,1050.0,1080.0,training_familiar,42
un_un,un -> un,0,naive,Naive,0,familiar_1,Familiar 1,0,full,Nonoccluded,0,1012.0,0.029101304709911346,1005.0,1125.0,1050.0,1080.0,training_familiar,42
un_un,un -> un,0,naive,Naive,0,familiar_1,Familiar 1,0,full,Nonoccluded,0,1013.0,0.02764623984694481,1005.0,1125.0,1050.0,1080.0,training_familiar,42
un_un,un -> un,0,naive,Naive,0,familiar_1,Familiar 1,0,full,Nonoccluded,0,1014.0,0.026263928040862083,1005.0,1125.0,1050.0,1080.0,training_familiar,42
un_un,un -> un,0,naive,Naive,0,familiar_1,Familiar 1,0,full,Nonoccluded,0,1015.0,0.024950731545686722,1005.0,1125.0,1050.0,1080.0,training_familiar,42
un_un,un -> un,0,naive,Naive,0,familiar_1,Familiar 1,0,full,Nonoccluded,0,1016.0,0.031175535172224045,1005.0,1125.0,1050.0,1080.0,training_familiar,42
un_un,un -> un,0,naive,Naive,0,familiar_1,Familiar 1,0,full,Nonoccluded,0,1017.0,0.029616758227348328,1005.0,1125.0,1050.0,1080.0,training_familiar,42
un_un,un -> un,0,naive,Naive,0,familiar_1,Familiar 1,0,full,Nonoccluded,0,1018.0,0.03581839054822922,1005.0,1125.0,1050.0,1080.0,training_familiar,42
un_un,un -> un,0,naive,Naive,0,familiar_1,Familiar 1,0,full,Nonoccluded,0,1019.0,0.03744020313024521,1005.0,1125.0,1050.0,1080.0,training_familiar,42
un_un,un -> un,0,naive,Naive,0,familiar_1,Familiar 1,0,full,Nonoccluded,0,1020.0,0.03556819260120392,1005.0,1125.0,1050.0,1080.0,training_familiar,42
un_un,un -> un,0,naive,Naive,0,familiar_1,Familiar 1,0,full,Nonoccluded,0,1021.0,0.03378978371620178,1005.0,1125.0,1050.0,1080.0,training_familiar,42
un_un,un -> un,0,naive,Naive,0,familiar_1,Familiar 1,0,full,Nonoccluded,0,1022.0,0.036835942417383194,1005.0,1125.0,1050.0,1080.0,training_familiar,42
un_un,un -> un,0,naive,Naive,0,familiar_1,Familiar 1,0,full,Nonoccluded,0,1023.0,0.045100174844264984,1005.0,1125.0,1050.0,1080.0,training_familiar,42
un_un,un -> un,0,naive,Naive,0,familiar_1,Familiar 1,0,full,Nonoccluded,0,1024.0,0.04746061563491821,1005.0,1125.0,1050.0,1080.0,training_familiar,42
un_un,un -> un,0,naive,Naive,0,familiar_1,Familiar 1,0,full,Nonoccluded,0,1025.0,0.04671322554349899,1005.0,1125.0,1050.0,1080.0,training_familiar,42
un_un,un -> un,0,naive,Naive,0,familiar_1,Familiar 1,0,full,Nonoccluded,0,1026.0,0.04797077178955078,1005.0,1125.0,1050.0,1080.0,training_familiar,42
un_un,un -> un,0,naive,Naive,0,familiar_1,Familiar 1,0,full,Nonoccluded,0,1027.0,0.04557223245501518,1005.0,1125.0,1050.0,1080.0,training_familiar,42
un_un,un -> un,0,naive,Naive,0,familiar_1,Familiar 1,0,full,Nonoccluded,0,1028.0,0.049910541623830795,1005.0,1125.0,1050.0,1080.0,training_familiar,42
un_un,un -> un,0,naive,Naive,0,familiar_1,Familiar 1,0,full,Nonoccluded,0,1029.0,0.049170076847076416,1005.0,1125.0,1050.0,1080.0,training_familiar,42
un_un,un -> un,0,naive,Naive,0,familiar_1,Familiar 1,0,full,Nonoccluded,0,1030.0,0.046711571514606476,1005.0,1125.0,1050.0,1080.0,training_familiar,42
un_un,un -> un,0,naive,Naive,0,familiar_1,Familiar 1,0,full,Nonoccluded,0,1031.0,0.04800282418727875,1005.0,1125.0,1050.0,1080.0,training_familiar,42
un_un,un -> un,0,naive,Naive,0,familiar_1,Familiar 1,0,full,Nonoccluded,0,1032.0,0.05063004046678543,1005.0,1125.0,1050.0,1080.0,training_familiar,42
un_un,un -> un,0,naive,Naive,0,familiar_1,Familiar 1,0,full,Nonoccluded,0,1033.0,0.050804946571588516,1005.0,1125.0,1050.0,1080.0,training_familiar,42
un_un,un -> un,0,naive,Naive,0,familiar_1,Familiar 1,0,full,Nonoccluded,0,1034.0,0.04855521768331528,1005.0,1125.0,1050.0,1080.0,training_familiar,42
un_un,un -> un,0,naive,Naive,0,familiar_1,Familiar 1,0,full,Nonoccluded,0,1035.0,0.04612745717167854,1005.0,1125.0,1050.0,1080.0,training_familiar,42
un_un,un -> un,0,naive,Naive,0,familiar_1,Familiar 1,0,full,Nonoccluded,0,1036.0,0.04382108524441719,1005.0,1125.0,1050.0,1080.0,training_familiar,42
un_un,un -> un,0,naive,Naive,0,familiar_1,Familiar 1,0,full,Nonoccluded,0,1037.0,0.04163002967834473,1005.0,1125.0,1050.0,1080.0,training_familiar,42
un_un,un -> un,0,naive,Naive,0,familiar_1,Familiar 1,0,full,Nonoccluded,0,1038.0,0.047662872821092606,1005.0,1125.0,1050.0,1080.0,training_familiar,42
un_un,un -> un,0,naive,Naive,0,familiar_1,Familiar 1,0,full,Nonoccluded,0,1039.0,0.049544572830200195,1005.0,1125.0,1050.0,1080.0,training_familiar,42
un_un,un -> un,0,naive,Naive,0,familiar_1,Familiar 1,0,full,Nonoccluded,0,1040.0,0.05518832057714462,1005.0,1125.0,1050.0,1080.0,training_familiar,42
un_un,un -> un,0,naive,Naive,0,familiar_1,Familiar 1,0,full,Nonoccluded,0,1041.0,0.05242890492081642,1005.0,1125.0,1050.0,1080.0,training_familiar,42
un_un,un -> un,0,naive,Naive,0,familiar_1,Familiar 1,0,full,Nonoccluded,0,1042.0,0.049807459115982056,1005.0,1125.0,1050.0,1080.0,training_familiar,42
un_un,un -> un,0,naive,Naive,0,familiar_1,Familiar 1,0,full,Nonoccluded,0,1043.0,0.047317083925008774,1005.0,1125.0,1050.0,1080.0,training_familiar,42
un_un,un -> un,0,naive,Naive,0,familiar_1,Familiar 1,0,full,Nonoccluded,0,1044.0,0.04495123028755188,1005.0,1125.0,1050.0,1080.0,training_familiar,42
un_un,un -> un,0,naive,Naive,0,familiar_1,Familiar 1,0,full,Nonoccluded,0,1045.0,0.04957927390933037,1005.0,1125.0,1050.0,1080.0,training_familiar,42
un_un,un -> un,0,naive,Naive,0,familiar_1,Familiar 1,0,full,Nonoccluded,0,1046.0,0.04994896054267883,1005.0,1125.0,1050.0,1080.0,training_familiar,42
un_un,un -> un,0,naive,Naive,0,familiar_1,Familiar 1,0,full,Nonoccluded,0,1047.0,0.04966677725315094,1005.0,1125.0,1050.0,1080.0,training_familiar,42
un_un,un -> un,0,naive,Naive,0,familiar_1,Familiar 1,0,full,Nonoccluded,0,1048.0,0.048097558319568634,1005.0,1125.0,1050.0,1080.0,training_familiar,42
un_un,un -> un,0,naive,Naive,0,familiar_1,Familiar 1,0,full,Nonoccluded,0,1049.0,0.04569267854094505,1005.0,1125.0,1050.0,1080.0,training_familiar,42
un_un,un -> un,0,naive,Naive,0,familiar_1,Familiar 1,0,full,Nonoccluded,0,1050.0,0.043408043682575226,1005.0,1125.0,1050.0,1080.0,training_familiar,42
un_un,un -> un,0,naive,Naive,0,familiar_1,Familiar 1,0,full,Nonoccluded,0,1051.0,0.041237641125917435,1005.0,1125.0,1050.0,1080.0,training_familiar,42
un_un,un -> un,0,naive,Naive,0,familiar_1,Familiar 1,0,full,Nonoccluded,0,1052.0,0.03917576000094414,1005.0,1125.0,1050.0,1080.0,training_familiar,42
un_un,un -> un,0,naive,Naive,0,familiar_1,Familiar 1,0,full,Nonoccluded,0,1053.0,0.037216972559690475,1005.0,1125.0,1050.0,1080.0,training_familiar,42
un_un,un -> un,0,naive,Naive,0,familiar_1,Familiar 1,0,full,Nonoccluded,0,1054.0,0.03535612300038338,1005.0,1125.0,1050.0,1080.0,training_familiar,42
un_un,un -> un,0,naive,Naive,0,familiar_1,Familiar 1,0,full,Nonoccluded,0,1055.0,0.03358831629157066,1005.0,1125.0,1050.0,1080.0,training_familiar,42
un_un,un -> un,0,naive,Naive,0,familiar_1,Familiar 1,0,full,Nonoccluded,0,1056.0,0.031908899545669556,1005.0,1125.0,1050.0,1080.0,training_familiar,42
un_un,un -> un,0,naive,Naive,0,familiar_1,Familiar 1,0,full,Nonoccluded,0,1057.0,0.030313454568386078,1005.0,1125.0,1050.0,1080.0,training_familiar,42
un_un,un -> un,0,naive,Naive,0,familiar_1,Familiar 1,0,full,Nonoccluded,0,1058.0,0.028797781094908714,1005.0,1125.0,1050.0,1080.0,training_familiar,42
un_un,un -> un,0,naive,Naive,0,familiar_1,Familiar 1,0,full,Nonoccluded,0,1059.0,0.02735789120197296,1005.0,1125.0,1050.0,1080.0,training_familiar,42
un_un,un -> un,0,naive,Naive,0,familiar_1,Familiar 1,0,full,Nonoccluded,0,1060.0,0.025989996269345284,1005.0,1125.0,1050.0,1080.0,training_familiar,42
un_un,un -> un,0,naive,Naive,0,familiar_1,Familiar 1,0,full,Nonoccluded,0,1061.0,0.024690495803952217,1005.0,1125.0,1050.0,1080.0,training_familiar,42
un_un,un -> un,0,naive,Naive,0,familiar_1,Familiar 1,0,full,Nonoccluded,0,1062.0,0.023455969989299774,1005.0,1125.0,1050.0,1080.0,training_familiar,42
un_un,un -> un,0,naive,Naive,0,familiar_1,Familiar 1,0,full,Nonoccluded,0,1063.0,0.022283170372247696,1005.0,1125.0,1050.0,1080.0,training_familiar,42
un_un,un -> un,0,naive,Naive,0,familiar_1,Familiar 1,0,full,Nonoccluded,0,1064.0,0.021169012412428856,1005.0,1125.0,1050.0,1080.0,training_familiar,42
un_un,un -> un,0,naive,Naive,0,familiar_1,Familiar 1,0,full,Nonoccluded,0,1065.0,0.020110562443733215,1005.0,1125.0,1050.0,1080.0,training_familiar,42
un_un,un -> un,0,naive,Naive,0,familiar_1,Familiar 1,0,full,Nonoccluded,0,1066.0,0.019105033949017525,1005.0,1125.0,1050.0,1080.0,training_familiar,42
un_un,un -> un,0,naive,Naive,0,familiar_1,Familiar 1,0,full,Nonoccluded,0,1067.0,0.018149781972169876,1005.0,1125.0,1050.0,1080.0,training_familiar,42
un_un,un -> un,0,naive,Naive,0,familiar_1,Familiar 1,0,full,Nonoccluded,0,1068.0,0.017242291942238808,1005.0,1125.0,1050.0,1080.0,training_familiar,42
un_un,un -> un,0,naive,Naive,0,familiar_1,Familiar 1,0,full,Nonoccluded,0,1069.0,0.016380177810788155,1005.0,1125.0,1050.0,1080.0,training_familiar,42
un_un,un -> un,0,naive,Naive,0,familiar_1,Familiar 1,0,full,Nonoccluded,0,1070.0,0.015561169013381004,1005.0,1125.0,1050.0,1080.0,training_familiar,42
un_un,un -> un,0,naive,Naive,0,familiar_1,Familiar 1,0,full,Nonoccluded,0,1071.0,0.014783110469579697,1005.0,1125.0,1050.0,1080.0,training_familiar,42
un_un,un -> un,0,naive,Naive,0,familiar_1,Familiar 1,0,full,Nonoccluded,0,1072.0,0.014043955132365227,1005.0,1125.0,1050.0,1080.0,training_familiar,42
un_un,un -> un,0,naive,Naive,0,familiar_1,Familiar 1,0,full,Nonoccluded,0,1073.0,0.013341757468879223,1005.0,1125.0,1050.0,1080.0,training_familiar,42
un_un,un -> un,0,naive,Naive,0,familiar_1,Familiar 1,0,full,Nonoccluded,0,1074.0,0.012674669735133648,1005.0,1125.0,1050.0,1080.0,training_familiar,42
un_un,un -> un,0,naive,Naive,0,familiar_1,Familiar 1,0,full,Nonoccluded,0,1075.0,0.012040936388075352,1005.0,1125.0,1050.0,1080.0,training_familiar,42
un_un,un -> un,0,naive,Naive,0,familiar_1,Familiar 1,0,full,Nonoccluded,0,1076.0,0.011438889428973198,1005.0,1125.0,1050.0,1080.0,training_familiar,42
un_un,un -> un,0,naive,Naive,0,familiar_1,Familiar 1,0,full,Nonoccluded,0,1077.0,0.010866944678127766,1005.0,1125.0,1050.0,1080.0,training_familiar,42
un_un,un -> un,0,naive,Naive,0,familiar_1,Familiar 1,0,full,Nonoccluded,0,1078.0,0.010323597118258476,1005.0,1125.0,1050.0,1080.0,training_familiar,42
un_un,un -> un,0,naive,Naive,0,familiar_1,Familiar 1,0,full,Nonoccluded,0,1079.0,0.009807417169213295,1005.0,1125.0,1050.0,1080.0,training_familiar,42
un_un,un -> un,0,naive,Naive,0,familiar_1,Familiar 1,0,full,Nonoccluded,0,1080.0,0.009317046031355858,1005.0,1125.0,1050.0,1080.0,training_familiar,42
un_un,un -> un,0,naive,Naive,0,familiar_1,Familiar 1,0,full,Nonoccluded,0,1081.0,0.011723504401743412,1005.0,1125.0,1050.0,1080.0,training_familiar,42
un_un,un -> un,0,naive,Naive,0,familiar_1,Familiar 1,0,full,Nonoccluded,0,1082.0,0.0113780926913023,1005.0,1125.0,1050.0,1080.0,training_familiar,42
un_un,un -> un,0,naive,Naive,0,familiar_1,Familiar 1,0,full,Nonoccluded,0,1083.0,0.01946459338068962,1005.0,1125.0,1050.0,1080.0,training_familiar,42
un_un,un -> un,0,naive,Naive,0,familiar_1,Familiar 1,0,full,Nonoccluded,0,1084.0,0.018491363152861595,1005.0,1125.0,1050.0,1080.0,training_familiar,42
un_un,un -> un,0,naive,Naive,0,familiar_1,Familiar 1,0,full,Nonoccluded,0,1085.0,0.021058807149529457,1005.0,1125.0,1050.0,1080.0,training_familiar,42
un_un,un -> un,0,naive,Naive,0,familiar_1,Familiar 1,0,full,Nonoccluded,0,1086.0,0.02000586688518524,1005.0,1125.0,1050.0,1080.0,training_familiar,42
un_un,un -> un,0,naive,Naive,0,familiar_1,Familiar 1,0,full,Nonoccluded,0,1087.0,0.019031545147299767,1005.0,1125.0,1050.0,1080.0,training_familiar,42
un_un,un -> un,0,naive,Naive,0,familiar_1,Familiar 1,0,full,Nonoccluded,0,1088.0,0.01848839409649372,1005.0,1125.0,1050.0,1080.0,training_familiar,42
un_un,un -> un,0,naive,Naive,0,familiar_1,Familiar 1,0,full,Nonoccluded,0,1089.0,0.01951950043439865,1005.0,1125.0,1050.0,1080.0,training_familiar,42
un_un,un -> un,0,naive,Naive,0,familiar_1,Familiar 1,0,full,Nonoccluded,0,1090.0,0.01854352466762066,1005.0,1125.0,1050.0,1080.0,training_familiar,42
un_un,un -> un,0,naive,Naive,0,familiar_1,Familiar 1,0,full,Nonoccluded,0,1091.0,0.01761634834110737,1005.0,1125.0,1050.0,1080.0,training_familiar,42
un_un,un -> un,0,naive,Naive,0,familiar_1,Familiar 1,0,full,Nonoccluded,0,1092.0,0.017644811421632767,1005.0,1125.0,1050.0,1080.0,training_familiar,42
un_un,un -> un,0,naive,Naive,0,familiar_1,Familiar 1,0,full,Nonoccluded,0,1093.0,0.016762571409344673,1005.0,1125.0,1050.0,1080.0,training_familiar,42
un_un,un -> un,0,naive,Naive,0,familiar_1,Familiar 1,0,full,Nonoccluded,0,1094.0,0.015924442559480667,1005.0,1125.0,1050.0,1080.0,training_familiar,42
un_un,un -> un,0,naive,Naive,0,familiar_1,Familiar 1,0,full,Nonoccluded,0,1095.0,0.015128220431506634,1005.0,1125.0,1050.0,1080.0,training_familiar,42
un_un,un -> un,0,naive,Naive,0,familiar_1,Familiar 1,0,full,Nonoccluded,0,1096.0,0.024838484823703766,1005.0,1125.0,1050.0,1080.0,training_familiar,42
un_un,un -> un,0,naive,Naive,0,familiar_1,Familiar 1,0,full,Nonoccluded,0,1097.0,0.02942923828959465,1005.0,1125.0,1050.0,1080.0,training_familiar,42
un_un,un -> un,0,naive,Naive,0,familiar_1,Familiar 1,0,full,Nonoccluded,0,1098.0,0.03436623886227608,1005.0,1125.0,1050.0,1080.0,training_familiar,42
un_un,un -> un,0,naive,Naive,0,familiar_1,Familiar 1,0,full,Nonoccluded,0,1099.0,0.03264792636036873,1005.0,1125.0,1050.0,1080.0,training_familiar,42
un_un,un -> un,0,naive,Naive,0,familiar_1,Familiar 1,0,full,Nonoccluded,0,1100.0,0.031015530228614807,1005.0,1125.0,1050.0,1080.0,training_familiar,42
un_un,un -> un,0,naive,Naive,0,familiar_1,Familiar 1,0,full,Nonoccluded,0,1101.0,0.036508820950984955,1005.0,1125.0,1050.0,1080.0,training_familiar,42
un_un,un -> un,0,naive,Naive,0,familiar_1,Familiar 1,0,full,Nonoccluded,0,1102.0,0.038032904267311096,1005.0,1125.0,1050.0,1080.0,training_familiar,42
un_un,un -> un,0,naive,Naive,0,familiar_1,Familiar 1,0,full,Nonoccluded,0,1103.0,0.03613125905394554,1005.0,1125.0,1050.0,1080.0,training_familiar,42
un_un,un -> un,0,naive,Naive,0,familiar_1,Familiar 1,0,full,Nonoccluded,0,1104.0,0.03432469442486763,1005.0,1125.0,1050.0,1080.0,training_familiar,42
un_un,un -> un,0,naive,Naive,0,familiar_1,Familiar 1,0,full,Nonoccluded,0,1105.0,0.03584107756614685,1005.0,1125.0,1050.0,1080.0,training_familiar,42
un_un,un -> un,0,naive,Naive,0,familiar_1,Familiar 1,0,full,Nonoccluded,0,1106.0,0.0400489866733551,1005.0,1125.0,1050.0,1080.0,training_familiar,42
un_un,un -> un,0,naive,Naive,0,familiar_1,Familiar 1,0,full,Nonoccluded,0,1107.0,0.03804653510451317,1005.0,1125.0,1050.0,1080.0,training_familiar,42
un_un,un -> un,0,naive,Naive,0,familiar_1,Familiar 1,0,full,Nonoccluded,0,1108.0,0.036144208163022995,1005.0,1125.0,1050.0,1080.0,training_familiar,42
un_un,un -> un,0,naive,Naive,0,familiar_1,Familiar 1,0,full,Nonoccluded,0,1109.0,0.03433699905872345,1005.0,1125.0,1050.0,1080.0,training_familiar,42
un_un,un -> un,0,naive,Naive,0,familiar_1,Familiar 1,0,full,Nonoccluded,0,1110.0,0.03343304246664047,1005.0,1125.0,1050.0,1080.0,training_familiar,42
un_un,un -> un,0,naive,Naive,0,familiar_1,Familiar 1,0,full,Nonoccluded,0,1111.0,0.03176138922572136,1005.0,1125.0,1050.0,1080.0,training_familiar,42
un_un,un -> un,0,naive,Naive,0,familiar_1,Familiar 1,0,full,Nonoccluded,0,1112.0,0.030173318460583687,1005.0,1125.0,1050.0,1080.0,training_familiar,42
un_un,un -> un,0,naive,Naive,0,familiar_1,Familiar 1,0,full,Nonoccluded,0,1113.0,0.039507847279310226,1005.0,1125.0,1050.0,1080.0,training_familiar,42
un_un,un -> un,0,naive,Naive,0,familiar_1,Familiar 1,0,full,Nonoccluded,0,1114.0,0.04458772763609886,1005.0,1125.0,1050.0,1080.0,training_familiar,42
un_un,un -> un,0,naive,Naive,0,familiar_1,Familiar 1,0,full,Nonoccluded,0,1115.0,0.04235834255814552,1005.0,1125.0,1050.0,1080.0,training_familiar,42
un_un,un -> un,0,naive,Naive,0,familiar_1,Familiar 1,0,full,Nonoccluded,0,1116.0,0.04024042561650276,1005.0,1125.0,1050.0,1080.0,training_familiar,42
un_un,un -> un,0,naive,Naive,0,familiar_1,Familiar 1,0,full,Nonoccluded,0,1117.0,0.04332973435521126,1005.0,1125.0,1050.0,1080.0,training_familiar,42
un_un,un -> un,0,naive,Naive,0,familiar_1,Familiar 1,0,full,Nonoccluded,0,1118.0,0.04330246523022652,1005.0,1125.0,1050.0,1080.0,training_familiar,42
un_un,un -> un,0,naive,Naive,0,familiar_1,Familiar 1,0,full,Nonoccluded,0,1119.0,0.042149562388658524,1005.0,1125.0,1050.0,1080.0,training_familiar,42
un_un,un -> un,0,naive,Naive,0,familiar_1,Familiar 1,0,full,Nonoccluded,0,1120.0,0.04004208371043205,1005.0,1125.0,1050.0,1080.0,training_familiar,42
un_un,un -> un,0,naive,Naive,0,familiar_1,Familiar 1,0,full,Nonoccluded,0,1121.0,0.038039978593587875,1005.0,1125.0,1050.0,1080.0,training_familiar,42
un_un,un -> un,0,naive,Naive,0,familiar_1,Familiar 1,0,full,Nonoccluded,0,1122.0,0.037772685289382935,1005.0,1125.0,1050.0,1080.0,training_familiar,42
un_un,un -> un,0,naive,Naive,0,familiar_1,Familiar 1,0,full,Nonoccluded,0,1123.0,0.03588404878973961,1005.0,1125.0,1050.0,1080.0,training_familiar,42
un_un,un -> un,0,naive,Naive,0,familiar_1,Familiar 1,0,full,Nonoccluded,0,1124.0,0.039126235991716385,1005.0,1125.0,1050.0,1080.0,training_familiar,42
un_un,un -> un,0,naive,Naive,0,familiar_1,Familiar 1,0,occlusion,Occluded,1,1006.0,0.051890067756175995,1005.0,1125.0,1050.0,1080.0,training_familiar,42
un_un,un -> un,0,naive,Naive,0,familiar_1,Familiar 1,0,occlusion,Occluded,1,1007.0,0.04973002150654793,1005.0,1125.0,1050.0,1080.0,training_familiar,42
un_un,un -> un,0,naive,Naive,0,familiar_1,Familiar 1,0,occlusion,Occluded,1,1008.0,0.04777701571583748,1005.0,1125.0,1050.0,1080.0,training_familiar,42
un_un,un -> un,0,naive,Naive,0,familiar_1,Familiar 1,0,occlusion,Occluded,1,1009.0,0.04538816586136818,1005.0,1125.0,1050.0,1080.0,training_familiar,42
un_un,un -> un,0,naive,Naive,0,familiar_1,Familiar 1,0,occlusion,Occluded,1,1010.0,0.043118756264448166,1005.0,1125.0,1050.0,1080.0,training_familiar,42
un_un,un -> un,0,naive,Naive,0,familiar_1,Familiar 1,0,occlusion,Occluded,1,1011.0,0.04641164466738701,1005.0,1125.0,1050.0,1080.0,training_familiar,42
un_un,un -> un,0,naive,Naive,0,familiar_1,Familiar 1,0,occlusion,Occluded,1,1012.0,0.044091060757637024,1005.0,1125.0,1050.0,1080.0,training_familiar,42
un_un,un -> un,0,naive,Naive,0,familiar_1,Familiar 1,0,occlusion,Occluded,1,1013.0,0.04188650846481323,1005.0,1125.0,1050.0,1080.0,training_familiar,42
un_un,un -> un,0,naive,Naive,0,familiar_1,Familiar 1,0,occlusion,Occluded,1,1014.0,0.03979218378663063,1005.0,1125.0,1050.0,1080.0,training_familiar,42
un_un,un -> un,0,naive,Naive,0,familiar_1,Familiar 1,0,occlusion,Occluded,1,1015.0,0.038763295859098434,1005.0,1125.0,1050.0,1080.0,training_familiar,42
un_un,un -> un,0,naive,Naive,0,familiar_1,Familiar 1,0,occlusion,Occluded,1,1016.0,0.046648524701595306,1005.0,1125.0,1050.0,1080.0,training_familiar,42
un_un,un -> un,0,naive,Naive,0,familiar_1,Familiar 1,0,occlusion,Occluded,1,1017.0,0.04479445517063141,1005.0,1125.0,1050.0,1080.0,training_familiar,42
un_un,un -> un,0,naive,Naive,0,familiar_1,Familiar 1,0,occlusion,Occluded,1,1018.0,0.04255473241209984,1005.0,1125.0,1050.0,1080.0,training_familiar,42
un_un,un -> un,0,naive,Naive,0,familiar_1,Familiar 1,0,occlusion,Occluded,1,1019.0,0.04042699560523033,1005.0,1125.0,1050.0,1080.0,training_familiar,42
un_un,un -> un,0,naive,Naive,0,familiar_1,Familiar 1,0,occlusion,Occluded,1,1020.0,0.04188337177038193,1005.0,1125.0,1050.0,1080.0,training_familiar,42
un_un,un -> un,0,naive,Naive,0,familiar_1,Familiar 1,0,occlusion,Occluded,1,1021.0,0.03978920355439186,1005.0,1125.0,1050.0,1080.0,training_familiar,42
un_un,un -> un,0,naive,Naive,0,familiar_1,Familiar 1,0,occlusion,Occluded,1,1022.0,0.04130130633711815,1005.0,1125.0,1050.0,1080.0,training_familiar,42
un_un,un -> un,0,naive,Naive,0,familiar_1,Familiar 1,0,occlusion,Occluded,1,1023.0,0.03923624008893967,1005.0,1125.0,1050.0,1080.0,training_familiar,42
un_un,un -> un,0,naive,Naive,0,familiar_1,Familiar 1,0,occlusion,Occluded,1,1024.0,0.03780851513147354,1005.0,1125.0,1050.0,1080.0,training_familiar,42
un_un,un -> un,0,naive,Naive,0,familiar_1,Familiar 1,0,occlusion,Occluded,1,1025.0,0.04109231382608414,1005.0,1125.0,1050.0,1080.0,training_familiar,42
un_un,un -> un,0,naive,Naive,0,familiar_1,Familiar 1,0,occlusion,Occluded,1,1026.0,0.03903769701719284,1005.0,1125.0,1050.0,1080.0,training_familiar,42
un_un,un -> un,0,naive,Naive,0,familiar_1,Familiar 1,0,occlusion,Occluded,1,1027.0,0.03708581253886223,1005.0,1125.0,1050.0,1080.0,training_familiar,42
un_un,un -> un,0,naive,Naive,0,familiar_1,Familiar 1,0,occlusion,Occluded,1,1028.0,0.03729947283864021,1005.0,1125.0,1050.0,1080.0,training_familiar,42
un_un,un -> un,0,naive,Naive,0,familiar_1,Familiar 1,0,occlusion,Occluded,1,1029.0,0.03543449938297272,1005.0,1125.0,1050.0,1080.0,training_familiar,42
un_un,un -> un,0,naive,Naive,0,familiar_1,Familiar 1,0,occlusion,Occluded,1,1030.0,0.04378751292824745,1005.0,1125.0,1050.0,1080.0,training_familiar,42
un_un,un -> un,0,naive,Naive,0,familiar_1,Familiar 1,0,occlusion,Occluded,1,1031.0,0.041598137468099594,1005.0,1125.0,1050.0,1080.0,training_familiar,42
un_un,un -> un,0,naive,Naive,0,familiar_1,Familiar 1,0,occlusion,Occluded,1,1032.0,0.04743637517094612,1005.0,1125.0,1050.0,1080.0,training_familiar,42
un_un,un -> un,0,naive,Naive,0,familiar_1,Familiar 1,0,occlusion,Occluded,1,1033.0,0.048281412571668625,1005.0,1125.0,1050.0,1080.0,training_familiar,42
un_un,un -> un,0,naive,Naive,0,familiar_1,Familiar 1,0,occlusion,Occluded,1,1034.0,0.04586734250187874,1005.0,1125.0,1050.0,1080.0,training_familiar,42
un_un,un -> un,0,naive,Naive,0,familiar_1,Familiar 1,0,occlusion,Occluded,1,1035.0,0.043573975563049316,1005.0,1125.0,1050.0,1080.0,training_familiar,42
un_un,un -> un,0,naive,Naive,0,familiar_1,Familiar 1,0,occlusion,Occluded,1,1036.0,0.04139527678489685,1005.0,1125.0,1050.0,1080.0,training_familiar,42
un_un,un -> un,0,naive,Naive,0,familiar_1,Familiar 1,0,occlusion,Occluded,1,1037.0,0.03932551294565201,1005.0,1125.0,1050.0,1080.0,training_familiar,42
un_un,un -> un,0,naive,Naive,0,familiar_1,Familiar 1,0,occlusion,Occluded,1,1038.0,0.03735923767089844,1005.0,1125.0,1050.0,1080.0,training_familiar,42
un_un,un -> un,0,naive,Naive,0,familiar_1,Familiar 1,0,occlusion,Occluded,1,1039.0,0.035491276532411575,1005.0,1125.0,1050.0,1080.0,training_familiar,42
un_un,un -> un,0,naive,Naive,0,familiar_1,Familiar 1,0,occlusion,Occluded,1,1040.0,0.03744172304868698,1005.0,1125.0,1050.0,1080.0,training_familiar,42
un_un,un -> un,0,naive,Naive,0,familiar_1,Familiar 1,0,occlusion,Occluded,1,1041.0,0.03556963801383972,1005.0,1125.0,1050.0,1080.0,training_familiar,42
un_un,un -> un,0,naive,Naive,0,familiar_1,Familiar 1,0,occlusion,Occluded,1,1042.0,0.037095896899700165,1005.0,1125.0,1050.0,1080.0,training_familiar,42
un_un,un -> un,0,naive,Naive,0,familiar_1,Familiar 1,0,occlusion,Occluded,1,1043.0,0.04202355071902275,1005.0,1125.0,1050.0,1080.0,training_familiar,42
un_un,un -> un,0,naive,Naive,0,familiar_1,Familiar 1,0,occlusion,Occluded,1,1044.0,0.04808993637561798,1005.0,1125.0,1050.0,1080.0,training_familiar,42
un_un,un -> un,0,naive,Naive,0,familiar_1,Familiar 1,0,occlusion,Occluded,1,1045.0,0.04568544030189514,1005.0,1125.0,1050.0,1080.0,training_familiar,42
un_un,un -> un,0,naive,Naive,0,familiar_1,Familiar 1,0,occlusion,Occluded,1,1046.0,0.04764065146446228,1005.0,1125.0,1050.0,1080.0,training_familiar,42
un_un,un -> un,0,naive,Naive,0,familiar_1,Familiar 1,0,occlusion,Occluded,1,1047.0,0.045258618891239166,1005.0,1125.0,1050.0,1080.0,training_familiar,42
un_un,un -> un,0,naive,Naive,0,familiar_1,Familiar 1,0,occlusion,Occluded,1,1048.0,0.04299568757414818,1005.0,1125.0,1050.0,1080.0,training_familiar,42
un_un,un -> un,0,naive,Naive,0,familiar_1,Familiar 1,0,occlusion,Occluded,1,1049.0,0.04855310171842575,1005.0,1125.0,1050.0,1080.0,training_familiar,42
un_un,un -> un,0,naive,Naive,0,familiar_1,Familiar 1,0,occlusion,Occluded,1,1050.0,0.04817206785082817,1005.0,1125.0,1050.0,1080.0,training_familiar,42
un_un,un -> un,0,naive,Naive,0,familiar_1,Familiar 1,0,occlusion,Occluded,1,1051.0,0.04576346278190613,1005.0,1125.0,1050.0,1080.0,training_familiar,42
un_un,un -> un,0,naive,Naive,0,familiar_1,Familiar 1,0,occlusion,Occluded,1,1052.0,0.05047142133116722,1005.0,1125.0,1050.0,1080.0,training_familiar,42
un_un,un -> un,0,naive,Naive,0,familiar_1,Familiar 1,0,occlusion,Occluded,1,1053.0,0.047947850078344345,1005.0,1125.0,1050.0,1080.0,training_familiar,42
un_un,un -> un,0,naive,Naive,0,familiar_1,Familiar 1,0,occlusion,Occluded,1,1054.0,0.048022281378507614,1005.0,1125.0,1050.0,1080.0,training_familiar,42
un_un,un -> un,0,naive,Naive,0,familiar_1,Familiar 1,0,occlusion,Occluded,1,1055.0,0.053680308163166046,1005.0,1125.0,1050.0,1080.0,training_familiar,42
un_un,un -> un,0,naive,Naive,0,familiar_1,Familiar 1,0,occlusion,Occluded,1,1056.0,0.050996292382478714,1005.0,1125.0,1050.0,1080.0,training_familiar,42
un_un,un -> un,0,naive,Naive,0,familiar_1,Familiar 1,0,occlusion,Occluded,1,1057.0,0.048446476459503174,1005.0,1125.0,1050.0,1080.0,training_familiar,42
un_un,un -> un,0,naive,Naive,0,familiar_1,Familiar 1,0,occlusion,Occluded,1,1058.0,0.046024151146411896,1005.0,1125.0,1050.0,1080.0,training_familiar,42
un_un,un -> un,0,naive,Naive,0,familiar_1,Familiar 1,0,occlusion,Occluded,1,1059.0,0.04914175346493721,1005.0,1125.0,1050.0,1080.0,training_familiar,42
un_un,un -> un,0,naive,Naive,0,familiar_1,Familiar 1,0,occlusion,Occluded,1,1060.0,0.046684663742780685,1005.0,1125.0,1050.0,1080.0,training_familiar,42
un_un,un -> un,0,naive,Naive,0,familiar_1,Familiar 1,0,occlusion,Occluded,1,1061.0,0.044350430369377136,1005.0,1125.0,1050.0,1080.0,training_familiar,42
un_un,un -> un,0,naive,Naive,0,familiar_1,Familiar 1,0,occlusion,Occluded,1,1062.0,0.0421329066157341,1005.0,1125.0,1050.0,1080.0,training_familiar,42
un_un,un -> un,0,naive,Naive,0,familiar_1,Familiar 1,0,occlusion,Occluded,1,1063.0,0.04724223166704178,1005.0,1125.0,1050.0,1080.0,training_familiar,42
un_un,un -> un,0,naive,Naive,0,familiar_1,Familiar 1,0,occlusion,Occluded,1,1064.0,0.04488011822104454,1005.0,1125.0,1050.0,1080.0,training_familiar,42
un_un,un -> un,0,naive,Naive,0,familiar_1,Familiar 1,0,occlusion,Occluded,1,1065.0,0.04263611137866974,1005.0,1125.0,1050.0,1080.0,training_familiar,42
un_un,un -> un,0,naive,Naive,0,familiar_1,Familiar 1,0,occlusion,Occluded,1,1066.0,0.04428142309188843,1005.0,1125.0,1050.0,1080.0,training_familiar,42
un_un,un -> un,0,naive,Naive,0,familiar_1,Familiar 1,0,occlusion,Occluded,1,1067.0,0.04662705585360527,1005.0,1125.0,1050.0,1080.0,training_familiar,42
un_un,un -> un,0,naive,Naive,0,familiar_1,Familiar 1,0,occlusion,Occluded,1,1068.0,0.05176684260368347,1005.0,1125.0,1050.0,1080.0,training_familiar,42
un_un,un -> un,0,naive,Naive,0,familiar_1,Familiar 1,0,occlusion,Occluded,1,1069.0,0.05184042081236839,1005.0,1125.0,1050.0,1080.0,training_familiar,42
un_un,un -> un,0,naive,Naive,0,familiar_1,Familiar 1,0,occlusion,Occluded,1,1070.0,0.05745537206530571,1005.0,1125.0,1050.0,1080.0,training_familiar,42
un_un,un -> un,0,naive,Naive,0,familiar_1,Familiar 1,0,occlusion,Occluded,1,1071.0,0.05458260327577591,1005.0,1125.0,1050.0,1080.0,training_familiar,42
un_un,un -> un,0,naive,Naive,0,familiar_1,Familiar 1,0,occlusion,Occluded,1,1072.0,0.051853474229574203,1005.0,1125.0,1050.0,1080.0,training_familiar,42
un_un,un -> un,0,naive,Naive,0,familiar_1,Familiar 1,0,occlusion,Occluded,1,1073.0,0.04926079884171486,1005.0,1125.0,1050.0,1080.0,training_familiar,42
un_un,un -> un,0,naive,Naive,0,familiar_1,Familiar 1,0,occlusion,Occluded,1,1074.0,0.057269781827926636,1005.0,1125.0,1050.0,1080.0,training_familiar,42
un_un,un -> un,0,naive,Naive,0,familiar_1,Familiar 1,0,occlusion,Occluded,1,1075.0,0.054406292736530304,1005.0,1125.0,1050.0,1080.0,training_familiar,42
un_un,un -> un,0,naive,Naive,0,familiar_1,Familiar 1,0,occlusion,Occluded,1,1076.0,0.055583931505680084,1005.0,1125.0,1050.0,1080.0,training_familiar,42
un_un,un -> un,0,naive,Naive,0,familiar_1,Familiar 1,0,occlusion,Occluded,1,1077.0,0.05280473455786705,1005.0,1125.0,1050.0,1080.0,training_familiar,42
un_un,un -> un,0,naive,Naive,0,familiar_1,Familiar 1,0,occlusion,Occluded,1,1078.0,0.05016449838876724,1005.0,1125.0,1050.0,1080.0,training_familiar,42
un_un,un -> un,0,naive,Naive,0,familiar_1,Familiar 1,0,occlusion,Occluded,1,1079.0,0.05514706298708916,1005.0,1125.0,1050.0,1080.0,training_familiar,42
un_un,un -> un,0,naive,Naive,0,familiar_1,Familiar 1,0,occlusion,Occluded,1,1080.0,0.06594540923833847,1005.0,1125.0,1050.0,1080.0,training_familiar,42
un_un,un -> un,0,naive,Naive,0,familiar_1,Familiar 1,0,occlusion,Occluded,1,1081.0,0.06264813989400864,1005.0,1125.0,1050.0,1080.0,training_familiar,42
un_un,un -> un,0,naive,Naive,0,familiar_1,Familiar 1,0,occlusion,Occluded,1,1082.0,0.059515733271837234,1005.0,1125.0,1050.0,1080.0,training_familiar,42
un_un,un -> un,0,naive,Naive,0,familiar_1,Familiar 1,0,occlusion,Occluded,1,1083.0,0.05949791520833969,1005.0,1125.0,1050.0,1080.0,training_familiar,42
un_un,un -> un,0,naive,Naive,0,familiar_1,Familiar 1,0,occlusion,Occluded,1,1084.0,0.05652301758527756,1005.0,1125.0,1050.0,1080.0,training_familiar,42
un_un,un -> un,0,naive,Naive,0,familiar_1,Familiar 1,0,occlusion,Occluded,1,1085.0,0.05369686707854271,1005.0,1125.0,1050.0,1080.0,training_familiar,42
un_un,un -> un,0,naive,Naive,0,familiar_1,Familiar 1,0,occlusion,Occluded,1,1086.0,0.05101202428340912,1005.0,1125.0,1050.0,1080.0,training_familiar,42
un_un,un -> un,0,naive,Naive,0,familiar_1,Familiar 1,0,occlusion,Occluded,1,1087.0,0.049402181059122086,1005.0,1125.0,1050.0,1080.0,training_familiar,42
un_un,un -> un,0,naive,Naive,0,familiar_1,Familiar 1,0,occlusion,Occluded,1,1088.0,0.05132400244474411,1005.0,1125.0,1050.0,1080.0,training_familiar,42
un_un,un -> un,0,naive,Naive,0,familiar_1,Familiar 1,0,occlusion,Occluded,1,1089.0,0.05432493984699249,1005.0,1125.0,1050.0,1080.0,training_familiar,42
un_un,un -> un,0,naive,Naive,0,familiar_1,Familiar 1,0,occlusion,Occluded,1,1090.0,0.05160869285464287,1005.0,1125.0,1050.0,1080.0,training_familiar,42
un_un,un -> un,0,naive,Naive,0,familiar_1,Familiar 1,0,occlusion,Occluded,1,1091.0,0.056199051439762115,1005.0,1125.0,1050.0,1080.0,training_familiar,42
un_un,un -> un,0,naive,Naive,0,familiar_1,Familiar 1,0,occlusion,Occluded,1,1092.0,0.05338909849524498,1005.0,1125.0,1050.0,1080.0,training_familiar,42
un_un,un -> un,0,naive,Naive,0,familiar_1,Familiar 1,0,occlusion,Occluded,1,1093.0,0.05071964114904404,1005.0,1125.0,1050.0,1080.0,training_familiar,42
un_un,un -> un,0,naive,Naive,0,familiar_1,Familiar 1,0,occlusion,Occluded,1,1094.0,0.05165204033255577,1005.0,1125.0,1050.0,1080.0,training_familiar,42
un_un,un -> un,0,naive,Naive,0,familiar_1,Familiar 1,0,occlusion,Occluded,1,1095.0,0.052351806312799454,1005.0,1125.0,1050.0,1080.0,training_familiar,42
un_un,un -> un,0,naive,Naive,0,familiar_1,Familiar 1,0,occlusion,Occluded,1,1096.0,0.049734216183423996,1005.0,1125.0,1050.0,1080.0,training_familiar,42
un_un,un -> un,0,naive,Naive,0,familiar_1,Familiar 1,0,occlusion,Occluded,1,1097.0,0.057840436697006226,1005.0,1125.0,1050.0,1080.0,training_familiar,42
un_un,un -> un,0,naive,Naive,0,familiar_1,Familiar 1,0,occlusion,Occluded,1,1098.0,0.054948415607213974,1005.0,1125.0,1050.0,1080.0,training_familiar,42
un_un,un -> un,0,naive,Naive,0,familiar_1,Familiar 1,0,occlusion,Occluded,1,1099.0,0.05624283850193024,1005.0,1125.0,1050.0,1080.0,training_familiar,42
un_un,un -> un,0,naive,Naive,0,familiar_1,Familiar 1,0,occlusion,Occluded,1,1100.0,0.05400388315320015,1005.0,1125.0,1050.0,1080.0,training_familiar,42
un_un,un -> un,0,naive,Naive,0,familiar_1,Familiar 1,0,occlusion,Occluded,1,1101.0,0.05564185976982117,1005.0,1125.0,1050.0,1080.0,training_familiar,42
un_un,un -> un,0,naive,Naive,0,familiar_1,Familiar 1,0,occlusion,Occluded,1,1102.0,0.05451381206512451,1005.0,1125.0,1050.0,1080.0,training_familiar,42
un_un,un -> un,0,naive,Naive,0,familiar_1,Familiar 1,0,occlusion,Occluded,1,1103.0,0.051788121461868286,1005.0,1125.0,1050.0,1080.0,training_familiar,42
un_un,un -> un,0,naive,Naive,0,familiar_1,Familiar 1,0,occlusion,Occluded,1,1104.0,0.04919871315360069,1005.0,1125.0,1050.0,1080.0,training_familiar,42
un_un,un -> un,0,naive,Naive,0,familiar_1,Familiar 1,0,occlusion,Occluded,1,1105.0,0.051569920033216476,1005.0,1125.0,1050.0,1080.0,training_familiar,42
un_un,un -> un,0,naive,Naive,0,familiar_1,Familiar 1,0,occlusion,Occluded,1,1106.0,0.04911497235298157,1005.0,1125.0,1050.0,1080.0,training_familiar,42
un_un,un -> un,0,naive,Naive,0,familiar_1,Familiar 1,0,occlusion,Occluded,1,1107.0,0.04665922373533249,1005.0,1125.0,1050.0,1080.0,training_familiar,42
un_un,un -> un,0,naive,Naive,0,familiar_1,Familiar 1,0,occlusion,Occluded,1,1108.0,0.044326260685920715,1005.0,1125.0,1050.0,1080.0,training_familiar,42
un_un,un -> un,0,naive,Naive,0,familiar_1,Familiar 1,0,occlusion,Occluded,1,1109.0,0.0503510981798172,1005.0,1125.0,1050.0,1080.0,training_familiar,42
un_un,un -> un,0,naive,Naive,0,familiar_1,Familiar 1,0,occlusion,Occluded,1,1110.0,0.0557498037815094,1005.0,1125.0,1050.0,1080.0,training_familiar,42
un_un,un -> un,0,naive,Naive,0,familiar_1,Familiar 1,0,occlusion,Occluded,1,1111.0,0.05296231433749199,1005.0,1125.0,1050.0,1080.0,training_familiar,42
un_un,un -> un,0,naive,Naive,0,familiar_1,Familiar 1,0,occlusion,Occluded,1,1112.0,0.050314199179410934,1005.0,1125.0,1050.0,1080.0,training_familiar,42
un_un,un -> un,0,naive,Naive,0,familiar_1,Familiar 1,0,occlusion,Occluded,1,1113.0,0.04779848828911781,1005.0,1125.0,1050.0,1080.0,training_familiar,42
un_un,un -> un,0,naive,Naive,0,familiar_1,Familiar 1,0,occlusion,Occluded,1,1114.0,0.04912135750055313,1005.0,1125.0,1050.0,1080.0,training_familiar,42
un_un,un -> un,0,naive,Naive,0,familiar_1,Familiar 1,0,occlusion,Occluded,1,1115.0,0.046665288507938385,1005.0,1125.0,1050.0,1080.0,training_familiar,42
un_un,un -> un,0,naive,Naive,0,familiar_1,Familiar 1,0,occlusion,Occluded,1,1116.0,0.04915572330355644,1005.0,1125.0,1050.0,1080.0,training_familiar,42
un_un,un -> un,0,naive,Naive,0,familiar_1,Familiar 1,0,occlusion,Occluded,1,1117.0,0.046697936952114105,1005.0,1125.0,1050.0,1080.0,training_familiar,42
un_un,un -> un,0,naive,Naive,0,familiar_1,Familiar 1,0,occlusion,Occluded,1,1118.0,0.04655004292726517,1005.0,1125.0,1050.0,1080.0,training_familiar,42
un_un,un -> un,0,naive,Naive,0,familiar_1,Familiar 1,0,occlusion,Occluded,1,1119.0,0.04969251528382301,1005.0,1125.0,1050.0,1080.0,training_familiar,42
un_un,un -> un,0,naive,Naive,0,familiar_1,Familiar 1,0,occlusion,Occluded,1,1120.0,0.04720788821578026,1005.0,1125.0,1050.0,1080.0,training_familiar,42
un_un,un -> un,0,naive,Naive,0,familiar_1,Familiar 1,0,occlusion,Occluded,1,1121.0,0.045131076127290726,1005.0,1125.0,1050.0,1080.0,training_familiar,42
un_un,un -> un,0,naive,Naive,0,familiar_1,Familiar 1,0,occlusion,Occluded,1,1122.0,0.04650897905230522,1005.0,1125.0,1050.0,1080.0,training_familiar,42
un_un,un -> un,0,naive,Naive,0,familiar_1,Familiar 1,0,occlusion,Occluded,1,1123.0,0.044183529913425446,1005.0,1125.0,1050.0,1080.0,training_familiar,42
un_un,un -> un,0,naive,Naive,0,familiar_1,Familiar 1,0,occlusion,Occluded,1,1124.0,0.048980601131916046,1005.0,1125.0,1050.0,1080.0,training_familiar,42
un_un,un -> un,0,naive,Naive,0,familiar_2,Familiar 2,1,full,Nonoccluded,0,1006.0,0.04132881388068199,1005.0,1125.0,1050.0,1080.0,training_familiar,42
un_un,un -> un,0,naive,Naive,0,familiar_2,Familiar 2,1,full,Nonoccluded,0,1007.0,0.03926237300038338,1005.0,1125.0,1050.0,1080.0,training_familiar,42
un_un,un -> un,0,naive,Naive,0,familiar_2,Familiar 2,1,full,Nonoccluded,0,1008.0,0.04112609475851059,1005.0,1125.0,1050.0,1080.0,training_familiar,42
un_un,un -> un,0,naive,Naive,0,familiar_2,Familiar 2,1,full,Nonoccluded,0,1009.0,0.040710192173719406,1005.0,1125.0,1050.0,1080.0,training_familiar,42
un_un,un -> un,0,naive,Naive,0,familiar_2,Familiar 2,1,full,Nonoccluded,0,1010.0,0.03934354707598686,1005.0,1125.0,1050.0,1080.0,training_familiar,42
un_un,un -> un,0,naive,Naive,0,familiar_2,Familiar 2,1,full,Nonoccluded,0,1011.0,0.037376370280981064,1005.0,1125.0,1050.0,1080.0,training_familiar,42
un_un,un -> un,0,naive,Naive,0,familiar_2,Familiar 2,1,full,Nonoccluded,0,1012.0,0.035507552325725555,1005.0,1125.0,1050.0,1080.0,training_familiar,42
un_un,un -> un,0,naive,Naive,0,familiar_2,Familiar 2,1,full,Nonoccluded,0,1013.0,0.03373217582702637,1005.0,1125.0,1050.0,1080.0,training_familiar,42
un_un,un -> un,0,naive,Naive,0,familiar_2,Familiar 2,1,full,Nonoccluded,0,1014.0,0.03204556554555893,1005.0,1125.0,1050.0,1080.0,training_familiar,42
un_un,un -> un,0,naive,Naive,0,familiar_2,Familiar 2,1,full,Nonoccluded,0,1015.0,0.030443286523222923,1005.0,1125.0,1050.0,1080.0,training_familiar,42
un_un,un -> un,0,naive,Naive,0,familiar_2,Familiar 2,1,full,Nonoccluded,0,1016.0,0.034785330295562744,1005.0,1125.0,1050.0,1080.0,training_familiar,42
un_un,un -> un,0,naive,Naive,0,familiar_2,Familiar 2,1,full,Nonoccluded,0,1017.0,0.03304606303572655,1005.0,1125.0,1050.0,1080.0,training_familiar,42
un_un,un -> un,0,naive,Naive,0,familiar_2,Familiar 2,1,full,Nonoccluded,0,1018.0,0.033816445618867874,1005.0,1125.0,1050.0,1080.0,training_familiar,42
un_un,un -> un,0,naive,Naive,0,familiar_2,Familiar 2,1,full,Nonoccluded,0,1019.0,0.03577754274010658,1005.0,1125.0,1050.0,1080.0,training_familiar,42
un_un,un -> un,0,naive,Naive,0,familiar_2,Familiar 2,1,full,Nonoccluded,0,1020.0,0.03398866578936577,1005.0,1125.0,1050.0,1080.0,training_familiar,42
un_un,un -> un,0,naive,Naive,0,familiar_2,Familiar 2,1,full,Nonoccluded,0,1021.0,0.05012078955769539,1005.0,1125.0,1050.0,1080.0,training_familiar,42
un_un,un -> un,0,naive,Naive,0,familiar_2,Familiar 2,1,full,Nonoccluded,0,1022.0,0.047614749521017075,1005.0,1125.0,1050.0,1080.0,training_familiar,42
un_un,un -> un,0,naive,Naive,0,familiar_2,Familiar 2,1,full,Nonoccluded,0,1023.0,0.04523400962352753,1005.0,1125.0,1050.0,1080.0,training_familiar,42
un_un,un -> un,0,naive,Naive,0,familiar_2,Familiar 2,1,full,Nonoccluded,0,1024.0,0.04823874309659004,1005.0,1125.0,1050.0,1080.0,training_familiar,42
un_un,un -> un,0,naive,Naive,0,familiar_2,Familiar 2,1,full,Nonoccluded,0,1025.0,0.048614975064992905,1005.0,1125.0,1050.0,1080.0,training_familiar,42
un_un,un -> un,0,naive,Naive,0,familiar_2,Familiar 2,1,full,Nonoccluded,0,1026.0,0.046184226870536804,1005.0,1125.0,1050.0,1080.0,training_familiar,42
un_un,un -> un,0,naive,Naive,0,familiar_2,Familiar 2,1,full,Nonoccluded,0,1027.0,0.04874830320477486,1005.0,1125.0,1050.0,1080.0,training_familiar,42
un_un,un -> un,0,naive,Naive,0,familiar_2,Familiar 2,1,full,Nonoccluded,0,1028.0,0.04631088674068451,1005.0,1125.0,1050.0,1080.0,training_familiar,42
un_un,un -> un,0,naive,Naive,0,familiar_2,Familiar 2,1,full,Nonoccluded,0,1029.0,0.043995343148708344,1005.0,1125.0,1050.0,1080.0,training_familiar,42
un_un,un -> un,0,naive,Naive,0,familiar_2,Familiar 2,1,full,Nonoccluded,0,1030.0,0.05272436887025833,1005.0,1125.0,1050.0,1080.0,training_familiar,42
un_un,un -> un,0,naive,Naive,0,familiar_2,Familiar 2,1,full,Nonoccluded,0,1031.0,0.050088148564100266,1005.0,1125.0,1050.0,1080.0,training_familiar,42
un_un,un -> un,0,naive,Naive,0,familiar_2,Familiar 2,1,full,Nonoccluded,0,1032.0,0.054727185517549515,1005.0,1125.0,1050.0,1080.0,training_familiar,42
un_un,un -> un,0,naive,Naive,0,familiar_2,Familiar 2,1,full,Nonoccluded,0,1033.0,0.051990825682878494,1005.0,1125.0,1050.0,1080.0,training_familiar,42
un_un,un -> un,0,naive,Naive,0,familiar_2,Familiar 2,1,full,Nonoccluded,0,1034.0,0.05557245388627052,1005.0,1125.0,1050.0,1080.0,training_familiar,42
un_un,un -> un,0,naive,Naive,0,familiar_2,Familiar 2,1,full,Nonoccluded,0,1035.0,0.05382554233074188,1005.0,1125.0,1050.0,1080.0,training_familiar,42
un_un,un -> un,0,naive,Naive,0,familiar_2,Familiar 2,1,full,Nonoccluded,0,1036.0,0.05458313971757889,1005.0,1125.0,1050.0,1080.0,training_familiar,42
un_un,un -> un,0,naive,Naive,0,familiar_2,Familiar 2,1,full,Nonoccluded,0,1037.0,0.053312748670578,1005.0,1125.0,1050.0,1080.0,training_familiar,42
un_un,un -> un,0,naive,Naive,0,familiar_2,Familiar 2,1,full,Nonoccluded,0,1038.0,0.05136017128825188,1005.0,1125.0,1050.0,1080.0,training_familiar,42
un_un,un -> un,0,naive,Naive,0,familiar_2,Familiar 2,1,full,Nonoccluded,0,1039.0,0.053136710077524185,1005.0,1125.0,1050.0,1080.0,training_familiar,42
un_un,un -> un,0,naive,Naive,0,familiar_2,Familiar 2,1,full,Nonoccluded,0,1040.0,0.05285074561834335,1005.0,1125.0,1050.0,1080.0,training_familiar,42
un_un,un -> un,0,naive,Naive,0,familiar_2,Familiar 2,1,full,Nonoccluded,0,1041.0,0.05468612164258957,1005.0,1125.0,1050.0,1080.0,training_familiar,42
un_un,un -> un,0,naive,Naive,0,familiar_2,Familiar 2,1,full,Nonoccluded,0,1042.0,0.051951814442873,1005.0,1125.0,1050.0,1080.0,training_familiar,42
un_un,un -> un,0,naive,Naive,0,familiar_2,Familiar 2,1,full,Nonoccluded,0,1043.0,0.04935422167181969,1005.0,1125.0,1050.0,1080.0,training_familiar,42
un_un,un -> un,0,naive,Naive,0,familiar_2,Familiar 2,1,full,Nonoccluded,0,1044.0,0.049258556216955185,1005.0,1125.0,1050.0,1080.0,training_familiar,42
un_un,un -> un,0,naive,Naive,0,familiar_2,Familiar 2,1,full,Nonoccluded,0,1045.0,0.05473526939749718,1005.0,1125.0,1050.0,1080.0,training_familiar,42
un_un,un -> un,0,naive,Naive,0,familiar_2,Familiar 2,1,full,Nonoccluded,0,1046.0,0.051998503506183624,1005.0,1125.0,1050.0,1080.0,training_familiar,42
un_un,un -> un,0,naive,Naive,0,familiar_2,Familiar 2,1,full,Nonoccluded,0,1047.0,0.04939857870340347,1005.0,1125.0,1050.0,1080.0,training_familiar,42
un_un,un -> un,0,naive,Naive,0,familiar_2,Familiar 2,1,full,Nonoccluded,0,1048.0,0.050658077001571655,1005.0,1125.0,1050.0,1080.0,training_familiar,42
un_un,un -> un,0,naive,Naive,0,familiar_2,Familiar 2,1,full,Nonoccluded,0,1049.0,0.04812517389655113,1005.0,1125.0,1050.0,1080.0,training_familiar,42
un_un,un -> un,0,naive,Naive,0,familiar_2,Familiar 2,1,full,Nonoccluded,0,1050.0,0.04571891576051712,1005.0,1125.0,1050.0,1080.0,training_familiar,42
un_un,un -> un,0,naive,Naive,0,familiar_2,Familiar 2,1,full,Nonoccluded,0,1051.0,0.043432969599962234,1005.0,1125.0,1050.0,1080.0,training_familiar,42
un_un,un -> un,0,naive,Naive,0,familiar_2,Familiar 2,1,full,Nonoccluded,0,1052.0,0.04126131907105446,1005.0,1125.0,1050.0,1080.0,training_familiar,42
un_un,un -> un,0,naive,Naive,0,familiar_2,Familiar 2,1,full,Nonoccluded,0,1053.0,0.03919825330376625,1005.0,1125.0,1050.0,1080.0,training_familiar,42
un_un,un -> un,0,naive,Naive,0,familiar_2,Familiar 2,1,full,Nonoccluded,0,1054.0,0.03723834082484245,1005.0,1125.0,1050.0,1080.0,training_familiar,42
un_un,un -> un,0,naive,Naive,0,familiar_2,Familiar 2,1,full,Nonoccluded,0,1055.0,0.035376422107219696,1005.0,1125.0,1050.0,1080.0,training_familiar,42
un_un,un -> un,0,naive,Naive,0,familiar_2,Familiar 2,1,full,Nonoccluded,0,1056.0,0.0336076021194458,1005.0,1125.0,1050.0,1080.0,training_familiar,42
un_un,un -> un,0,naive,Naive,0,familiar_2,Familiar 2,1,full,Nonoccluded,0,1057.0,0.03192722052335739,1005.0,1125.0,1050.0,1080.0,training_familiar,42
un_un,un -> un,0,naive,Naive,0,familiar_2,Familiar 2,1,full,Nonoccluded,0,1058.0,0.030330859124660492,1005.0,1125.0,1050.0,1080.0,training_familiar,42
un_un,un -> un,0,naive,Naive,0,familiar_2,Familiar 2,1,full,Nonoccluded,0,1059.0,0.028814315795898438,1005.0,1125.0,1050.0,1080.0,training_familiar,42
un_un,un -> un,0,naive,Naive,0,familiar_2,Familiar 2,1,full,Nonoccluded,0,1060.0,0.027373598888516426,1005.0,1125.0,1050.0,1080.0,training_familiar,42
un_un,un -> un,0,naive,Naive,0,familiar_2,Familiar 2,1,full,Nonoccluded,0,1061.0,0.026004917919635773,1005.0,1125.0,1050.0,1080.0,training_familiar,42
un_un,un -> un,0,naive,Naive,0,familiar_2,Familiar 2,1,full,Nonoccluded,0,1062.0,0.024704672396183014,1005.0,1125.0,1050.0,1080.0,training_familiar,42
un_un,un -> un,0,naive,Naive,0,familiar_2,Familiar 2,1,full,Nonoccluded,0,1063.0,0.023469438776373863,1005.0,1125.0,1050.0,1080.0,training_familiar,42
un_un,un -> un,0,naive,Naive,0,familiar_2,Familiar 2,1,full,Nonoccluded,0,1064.0,0.022295966744422913,1005.0,1125.0,1050.0,1080.0,training_familiar,42
un_un,un -> un,0,naive,Naive,0,familiar_2,Familiar 2,1,full,Nonoccluded,0,1065.0,0.021181168034672737,1005.0,1125.0,1050.0,1080.0,training_familiar,42
un_un,un -> un,0,naive,Naive,0,familiar_2,Familiar 2,1,full,Nonoccluded,0,1066.0,0.020122108981013298,1005.0,1125.0,1050.0,1080.0,training_familiar,42
un_un,un -> un,0,naive,Naive,0,familiar_2,Familiar 2,1,full,Nonoccluded,0,1067.0,0.019116003066301346,1005.0,1125.0,1050.0,1080.0,training_familiar,42
un_un,un -> un,0,naive,Naive,0,familiar_2,Familiar 2,1,full,Nonoccluded,0,1068.0,0.018160203471779823,1005.0,1125.0,1050.0,1080.0,training_familiar,42
un_un,un -> un,0,naive,Naive,0,familiar_2,Familiar 2,1,full,Nonoccluded,0,1069.0,0.01725219376385212,1005.0,1125.0,1050.0,1080.0,training_familiar,42
un_un,un -> un,0,naive,Naive,0,familiar_2,Familiar 2,1,full,Nonoccluded,0,1070.0,0.01638958416879177,1005.0,1125.0,1050.0,1080.0,training_familiar,42
un_un,un -> un,0,naive,Naive,0,familiar_2,Familiar 2,1,full,Nonoccluded,0,1071.0,0.01557010505348444,1005.0,1125.0,1050.0,1080.0,training_familiar,42
un_un,un -> un,0,naive,Naive,0,familiar_2,Familiar 2,1,full,Nonoccluded,0,1072.0,0.014791599474847317,1005.0,1125.0,1050.0,1080.0,training_familiar,42
un_un,un -> un,0,naive,Naive,0,familiar_2,Familiar 2,1,full,Nonoccluded,0,1073.0,0.014052019454538822,1005.0,1125.0,1050.0,1080.0,training_familiar,42
un_un,un -> un,0,naive,Naive,0,familiar_2,Familiar 2,1,full,Nonoccluded,0,1074.0,0.01334941852837801,1005.0,1125.0,1050.0,1080.0,training_familiar,42
un_un,un -> un,0,naive,Naive,0,familiar_2,Familiar 2,1,full,Nonoccluded,0,1075.0,0.012681947089731693,1005.0,1125.0,1050.0,1080.0,training_familiar,42
un_un,un -> un,0,naive,Naive,0,familiar_2,Familiar 2,1,full,Nonoccluded,0,1076.0,0.012047849595546722,1005.0,1125.0,1050.0,1080.0,training_familiar,42
un_un,un -> un,0,naive,Naive,0,familiar_2,Familiar 2,1,full,Nonoccluded,0,1077.0,0.011445457115769386,1005.0,1125.0,1050.0,1080.0,training_familiar,42
un_un,un -> un,0,naive,Naive,0,familiar_2,Familiar 2,1,full,Nonoccluded,0,1078.0,0.01087318453937769,1005.0,1125.0,1050.0,1080.0,training_familiar,42
un_un,un -> un,0,naive,Naive,0,familiar_2,Familiar 2,1,full,Nonoccluded,0,1079.0,0.010329524986445904,1005.0,1125.0,1050.0,1080.0,training_familiar,42
un_un,un -> un,0,naive,Naive,0,familiar_2,Familiar 2,1,full,Nonoccluded,0,1080.0,0.009813048876821995,1005.0,1125.0,1050.0,1080.0,training_familiar,42
un_un,un -> un,0,naive,Naive,0,familiar_2,Familiar 2,1,full,Nonoccluded,0,1081.0,0.009322396479547024,1005.0,1125.0,1050.0,1080.0,training_familiar,42
un_un,un -> un,0,naive,Naive,0,familiar_2,Familiar 2,1,full,Nonoccluded,0,1082.0,0.01674243062734604,1005.0,1125.0,1050.0,1080.0,training_familiar,42
un_un,un -> un,0,naive,Naive,0,familiar_2,Familiar 2,1,full,Nonoccluded,0,1083.0,0.0187916811555624,1005.0,1125.0,1050.0,1080.0,training_familiar,42
un_un,un -> un,0,naive,Naive,0,familiar_2,Familiar 2,1,full,Nonoccluded,0,1084.0,0.026204397901892662,1005.0,1125.0,1050.0,1080.0,training_familiar,42
un_un,un -> un,0,naive,Naive,0,familiar_2,Familiar 2,1,full,Nonoccluded,0,1085.0,0.02489417791366577,1005.0,1125.0,1050.0,1080.0,training_familiar,42
un_un,un -> un,0,naive,Naive,0,familiar_2,Familiar 2,1,full,Nonoccluded,0,1086.0,0.025698522105813026,1005.0,1125.0,1050.0,1080.0,training_familiar,42
un_un,un -> un,0,naive,Naive,0,familiar_2,Familiar 2,1,full,Nonoccluded,0,1087.0,0.025913812220096588,1005.0,1125.0,1050.0,1080.0,training_familiar,42
un_un,un -> un,0,naive,Naive,0,familiar_2,Familiar 2,1,full,Nonoccluded,0,1088.0,0.0246181208640337,1005.0,1125.0,1050.0,1080.0,training_familiar,42
un_un,un -> un,0,naive,Naive,0,familiar_2,Familiar 2,1,full,Nonoccluded,0,1089.0,0.023387214168906212,1005.0,1125.0,1050.0,1080.0,training_familiar,42
un_un,un -> un,0,naive,Naive,0,familiar_2,Familiar 2,1,full,Nonoccluded,0,1090.0,0.022217852994799614,1005.0,1125.0,1050.0,1080.0,training_familiar,42
un_un,un -> un,0,naive,Naive,0,familiar_2,Familiar 2,1,full,Nonoccluded,0,1091.0,0.02703828550875187,1005.0,1125.0,1050.0,1080.0,training_familiar,42
un_un,un -> un,0,naive,Naive,0,familiar_2,Familiar 2,1,full,Nonoccluded,0,1092.0,0.025686370208859444,1005.0,1125.0,1050.0,1080.0,training_familiar,42
un_un,un -> un,0,naive,Naive,0,familiar_2,Familiar 2,1,full,Nonoccluded,0,1093.0,0.031139357015490532,1005.0,1125.0,1050.0,1080.0,training_familiar,42
un_un,un -> un,0,naive,Naive,0,familiar_2,Familiar 2,1,full,Nonoccluded,0,1094.0,0.029582388699054718,1005.0,1125.0,1050.0,1080.0,training_familiar,42
un_un,un -> un,0,naive,Naive,0,familiar_2,Familiar 2,1,full,Nonoccluded,0,1095.0,0.02932484820485115,1005.0,1125.0,1050.0,1080.0,training_familiar,42
un_un,un -> un,0,naive,Naive,0,familiar_2,Familiar 2,1,full,Nonoccluded,0,1096.0,0.03447467461228371,1005.0,1125.0,1050.0,1080.0,training_familiar,42
un_un,un -> un,0,naive,Naive,0,familiar_2,Familiar 2,1,full,Nonoccluded,0,1097.0,0.032750941812992096,1005.0,1125.0,1050.0,1080.0,training_familiar,42
un_un,un -> un,0,naive,Naive,0,familiar_2,Familiar 2,1,full,Nonoccluded,0,1098.0,0.0348253957927227,1005.0,1125.0,1050.0,1080.0,training_familiar,42
un_un,un -> un,0,naive,Naive,0,familiar_2,Familiar 2,1,full,Nonoccluded,0,1099.0,0.03308412432670593,1005.0,1125.0,1050.0,1080.0,training_familiar,42
un_un,un -> un,0,naive,Naive,0,familiar_2,Familiar 2,1,full,Nonoccluded,0,1100.0,0.03409424051642418,1005.0,1125.0,1050.0,1080.0,training_familiar,42
un_un,un -> un,0,naive,Naive,0,familiar_2,Familiar 2,1,full,Nonoccluded,0,1101.0,0.04005226865410805,1005.0,1125.0,1050.0,1080.0,training_familiar,42
un_un,un -> un,0,naive,Naive,0,familiar_2,Familiar 2,1,full,Nonoccluded,0,1102.0,0.04452531039714813,1005.0,1125.0,1050.0,1080.0,training_familiar,42
un_un,un -> un,0,naive,Naive,0,familiar_2,Familiar 2,1,full,Nonoccluded,0,1103.0,0.04571785405278206,1005.0,1125.0,1050.0,1080.0,training_familiar,42
un_un,un -> un,0,naive,Naive,0,familiar_2,Familiar 2,1,full,Nonoccluded,0,1104.0,0.04566691070795059,1005.0,1125.0,1050.0,1080.0,training_familiar,42
un_un,un -> un,0,naive,Naive,0,familiar_2,Familiar 2,1,full,Nonoccluded,0,1105.0,0.04338356480002403,1005.0,1125.0,1050.0,1080.0,training_familiar,42
un_un,un -> un,0,naive,Naive,0,familiar_2,Familiar 2,1,full,Nonoccluded,0,1106.0,0.041214387863874435,1005.0,1125.0,1050.0,1080.0,training_familiar,42
un_un,un -> un,0,naive,Naive,0,familiar_2,Familiar 2,1,full,Nonoccluded,0,1107.0,0.04435772821307182,1005.0,1125.0,1050.0,1080.0,training_familiar,42
un_un,un -> un,0,naive,Naive,0,familiar_2,Familiar 2,1,full,Nonoccluded,0,1108.0,0.04600689932703972,1005.0,1125.0,1050.0,1080.0,training_familiar,42
un_un,un -> un,0,naive,Naive,0,familiar_2,Familiar 2,1,full,Nonoccluded,0,1109.0,0.04370655491948128,1005.0,1125.0,1050.0,1080.0,training_familiar,42
un_un,un -> un,0,naive,Naive,0,familiar_2,Familiar 2,1,full,Nonoccluded,0,1110.0,0.04228382185101509,1005.0,1125.0,1050.0,1080.0,training_familiar,42
un_un,un -> un,0,naive,Naive,0,familiar_2,Familiar 2,1,full,Nonoccluded,0,1111.0,0.04016963019967079,1005.0,1125.0,1050.0,1080.0,training_familiar,42
un_un,un -> un,0,naive,Naive,0,familiar_2,Familiar 2,1,full,Nonoccluded,0,1112.0,0.046322014182806015,1005.0,1125.0,1050.0,1080.0,training_familiar,42
un_un,un -> un,0,naive,Naive,0,familiar_2,Familiar 2,1,full,Nonoccluded,0,1113.0,0.04863080754876137,1005.0,1125.0,1050.0,1080.0,training_familiar,42
un_un,un -> un,0,naive,Naive,0,familiar_2,Familiar 2,1,full,Nonoccluded,0,1114.0,0.05001990869641304,1005.0,1125.0,1050.0,1080.0,training_familiar,42
un_un,un -> un,0,naive,Naive,0,familiar_2,Familiar 2,1,full,Nonoccluded,0,1115.0,0.055078499019145966,1005.0,1125.0,1050.0,1080.0,training_familiar,42
un_un,un -> un,0,naive,Naive,0,familiar_2,Familiar 2,1,full,Nonoccluded,0,1116.0,0.05542614683508873,1005.0,1125.0,1050.0,1080.0,training_familiar,42
un_un,un -> un,0,naive,Naive,0,familiar_2,Familiar 2,1,full,Nonoccluded,0,1117.0,0.058945171535015106,1005.0,1125.0,1050.0,1080.0,training_familiar,42
un_un,un -> un,0,naive,Naive,0,familiar_2,Familiar 2,1,full,Nonoccluded,0,1118.0,0.05599791184067726,1005.0,1125.0,1050.0,1080.0,training_familiar,42
un_un,un -> un,0,naive,Naive,0,familiar_2,Familiar 2,1,full,Nonoccluded,0,1119.0,0.05319801717996597,1005.0,1125.0,1050.0,1080.0,training_familiar,42
un_un,un -> un,0,naive,Naive,0,familiar_2,Familiar 2,1,full,Nonoccluded,0,1120.0,0.050538115203380585,1005.0,1125.0,1050.0,1080.0,training_familiar,42
un_un,un -> un,0,naive,Naive,0,familiar_2,Familiar 2,1,full,Nonoccluded,0,1121.0,0.05111082270741463,1005.0,1125.0,1050.0,1080.0,training_familiar,42
un_un,un -> un,0,naive,Naive,0,familiar_2,Familiar 2,1,full,Nonoccluded,0,1122.0,0.05587156489491463,1005.0,1125.0,1050.0,1080.0,training_familiar,42
un_un,un -> un,0,naive,Naive,0,familiar_2,Familiar 2,1,full,Nonoccluded,0,1123.0,0.05340643227100372,1005.0,1125.0,1050.0,1080.0,training_familiar,42
un_un,un -> un,0,naive,Naive,0,familiar_2,Familiar 2,1,full,Nonoccluded,0,1124.0,0.057308465242385864,1005.0,1125.0,1050.0,1080.0,training_familiar,42
un_un,un -> un,0,naive,Naive,0,familiar_2,Familiar 2,1,occlusion,Occluded,1,1006.0,0.04227844253182411,1005.0,1125.0,1050.0,1080.0,training_familiar,42
un_un,un -> un,0,naive,Naive,0,familiar_2,Familiar 2,1,occlusion,Occluded,1,1007.0,0.05234980210661888,1005.0,1125.0,1050.0,1080.0,training_familiar,42
un_un,un -> un,0,naive,Naive,0,familiar_2,Familiar 2,1,occlusion,Occluded,1,1008.0,0.04973231256008148,1005.0,1125.0,1050.0,1080.0,training_familiar,42
un_un,un -> un,0,naive,Naive,0,familiar_2,Familiar 2,1,occlusion,Occluded,1,1009.0,0.04724569618701935,1005.0,1125.0,1050.0,1080.0,training_familiar,42
un_un,un -> un,0,naive,Naive,0,familiar_2,Familiar 2,1,occlusion,Occluded,1,1010.0,0.04488341137766838,1005.0,1125.0,1050.0,1080.0,training_familiar,42
un_un,un -> un,0,naive,Naive,0,familiar_2,Familiar 2,1,occlusion,Occluded,1,1011.0,0.04376394674181938,1005.0,1125.0,1050.0,1080.0,training_familiar,42
un_un,un -> un,0,naive,Naive,0,familiar_2,Familiar 2,1,occlusion,Occluded,1,1012.0,0.04157574847340584,1005.0,1125.0,1050.0,1080.0,training_familiar,42
un_un,un -> un,0,naive,Naive,0,familiar_2,Familiar 2,1,occlusion,Occluded,1,1013.0,0.04574279114603996,1005.0,1125.0,1050.0,1080.0,training_familiar,42
un_un,un -> un,0,naive,Naive,0,familiar_2,Familiar 2,1,occlusion,Occluded,1,1014.0,0.046558573842048645,1005.0,1125.0,1050.0,1080.0,training_familiar,42
un_un,un -> un,0,naive,Naive,0,familiar_2,Familiar 2,1,occlusion,Occluded,1,1015.0,0.04953011870384216,1005.0,1125.0,1050.0,1080.0,training_familiar,42
un_un,un -> un,0,naive,Naive,0,familiar_2,Familiar 2,1,occlusion,Occluded,1,1016.0,0.047053612768650055,1005.0,1125.0,1050.0,1080.0,training_familiar,42
un_un,un -> un,0,naive,Naive,0,familiar_2,Familiar 2,1,occlusion,Occluded,1,1017.0,0.04470093175768852,1005.0,1125.0,1050.0,1080.0,training_familiar,42
un_un,un -> un,0,naive,Naive,0,familiar_2,Familiar 2,1,occlusion,Occluded,1,1018.0,0.044762495905160904,1005.0,1125.0,1050.0,1080.0,training_familiar,42
un_un,un -> un,0,naive,Naive,0,familiar_2,Familiar 2,1,occlusion,Occluded,1,1019.0,0.04657180607318878,1005.0,1125.0,1050.0,1080.0,training_familiar,42
un_un,un -> un,0,naive,Naive,0,familiar_2,Familiar 2,1,occlusion,Occluded,1,1020.0,0.0442432165145874,1005.0,1125.0,1050.0,1080.0,training_familiar,42
un_un,un -> un,0,naive,Naive,0,familiar_2,Familiar 2,1,occlusion,Occluded,1,1021.0,0.04402638226747513,1005.0,1125.0,1050.0,1080.0,training_familiar,42
un_un,un -> un,0,naive,Naive,0,familiar_2,Familiar 2,1,occlusion,Occluded,1,1022.0,0.051092516630887985,1005.0,1125.0,1050.0,1080.0,training_familiar,42
un_un,un -> un,0,naive,Naive,0,familiar_2,Familiar 2,1,occlusion,Occluded,1,1023.0,0.04853789135813713,1005.0,1125.0,1050.0,1080.0,training_familiar,42
un_un,un -> un,0,naive,Naive,0,familiar_2,Familiar 2,1,occlusion,Occluded,1,1024.0,0.04770068824291229,1005.0,1125.0,1050.0,1080.0,training_familiar,42
un_un,un -> un,0,naive,Naive,0,familiar_2,Familiar 2,1,occlusion,Occluded,1,1025.0,0.04665533825755119,1005.0,1125.0,1050.0,1080.0,training_familiar,42
un_un,un -> un,0,naive,Naive,0,familiar_2,Familiar 2,1,occlusion,Occluded,1,1026.0,0.05033387616276741,1005.0,1125.0,1050.0,1080.0,training_familiar,42
un_un,un -> un,0,naive,Naive,0,familiar_2,Familiar 2,1,occlusion,Occluded,1,1027.0,0.047817181795835495,1005.0,1125.0,1050.0,1080.0,training_familiar,42
un_un,un -> un,0,naive,Naive,0,familiar_2,Familiar 2,1,occlusion,Occluded,1,1028.0,0.045426320284605026,1005.0,1125.0,1050.0,1080.0,training_familiar,42
un_un,un -> un,0,naive,Naive,0,familiar_2,Familiar 2,1,occlusion,Occluded,1,1029.0,0.046436410397291183,1005.0,1125.0,1050.0,1080.0,training_familiar,42
un_un,un -> un,0,naive,Naive,0,familiar_2,Familiar 2,1,occlusion,Occluded,1,1030.0,0.044629715383052826,1005.0,1125.0,1050.0,1080.0,training_familiar,42
un_un,un -> un,0,naive,Naive,0,familiar_2,Familiar 2,1,occlusion,Occluded,1,1031.0,0.042398229241371155,1005.0,1125.0,1050.0,1080.0,training_familiar,42
un_un,un -> un,0,naive,Naive,0,familiar_2,Familiar 2,1,occlusion,Occluded,1,1032.0,0.04027831554412842,1005.0,1125.0,1050.0,1080.0,training_familiar,42
un_un,un -> un,0,naive,Naive,0,familiar_2,Familiar 2,1,occlusion,Occluded,1,1033.0,0.03826439753174782,1005.0,1125.0,1050.0,1080.0,training_familiar,42
un_un,un -> un,0,naive,Naive,0,familiar_2,Familiar 2,1,occlusion,Occluded,1,1034.0,0.042767468839883804,1005.0,1125.0,1050.0,1080.0,training_familiar,42
un_un,un -> un,0,naive,Naive,0,familiar_2,Familiar 2,1,occlusion,Occluded,1,1035.0,0.04116781800985336,1005.0,1125.0,1050.0,1080.0,training_familiar,42
un_un,un -> un,0,naive,Naive,0,familiar_2,Familiar 2,1,occlusion,Occluded,1,1036.0,0.040564510971307755,1005.0,1125.0,1050.0,1080.0,training_familiar,42
un_un,un -> un,0,naive,Naive,0,familiar_2,Familiar 2,1,occlusion,Occluded,1,1037.0,0.03853628411889076,1005.0,1125.0,1050.0,1080.0,training_familiar,42
un_un,un -> un,0,naive,Naive,0,familiar_2,Familiar 2,1,occlusion,Occluded,1,1038.0,0.03826693445444107,1005.0,1125.0,1050.0,1080.0,training_familiar,42
un_un,un -> un,0,naive,Naive,0,familiar_2,Familiar 2,1,occlusion,Occluded,1,1039.0,0.0368766225874424,1005.0,1125.0,1050.0,1080.0,training_familiar,42
un_un,un -> un,0,naive,Naive,0,familiar_2,Familiar 2,1,occlusion,Occluded,1,1040.0,0.03651098534464836,1005.0,1125.0,1050.0,1080.0,training_familiar,42
un_un,un -> un,0,naive,Naive,0,familiar_2,Familiar 2,1,occlusion,Occluded,1,1041.0,0.042951859533786774,1005.0,1125.0,1050.0,1080.0,training_familiar,42
un_un,un -> un,0,naive,Naive,0,familiar_2,Familiar 2,1,occlusion,Occluded,1,1042.0,0.04141782224178314,1005.0,1125.0,1050.0,1080.0,training_familiar,42
un_un,un -> un,0,naive,Naive,0,familiar_2,Familiar 2,1,occlusion,Occluded,1,1043.0,0.039346929639577866,1005.0,1125.0,1050.0,1080.0,training_familiar,42
un_un,un -> un,0,naive,Naive,0,familiar_2,Familiar 2,1,occlusion,Occluded,1,1044.0,0.03737958148121834,1005.0,1125.0,1050.0,1080.0,training_familiar,42
un_un,un -> un,0,naive,Naive,0,familiar_2,Familiar 2,1,occlusion,Occluded,1,1045.0,0.035510603338479996,1005.0,1125.0,1050.0,1080.0,training_familiar,42
un_un,un -> un,0,naive,Naive,0,familiar_2,Familiar 2,1,occlusion,Occluded,1,1046.0,0.03373507410287857,1005.0,1125.0,1050.0,1080.0,training_familiar,42
un_un,un -> un,0,naive,Naive,0,familiar_2,Familiar 2,1,occlusion,Occluded,1,1047.0,0.03204831853508949,1005.0,1125.0,1050.0,1080.0,training_familiar,42
un_un,un -> un,0,naive,Naive,0,familiar_2,Familiar 2,1,occlusion,Occluded,1,1048.0,0.030445901677012444,1005.0,1125.0,1050.0,1080.0,training_familiar,42
un_un,un -> un,0,naive,Naive,0,familiar_2,Familiar 2,1,occlusion,Occluded,1,1049.0,0.029699668288230896,1005.0,1125.0,1050.0,1080.0,training_familiar,42
un_un,un -> un,0,naive,Naive,0,familiar_2,Familiar 2,1,occlusion,Occluded,1,1050.0,0.02821468375623226,1005.0,1125.0,1050.0,1080.0,training_familiar,42
un_un,un -> un,0,naive,Naive,0,familiar_2,Familiar 2,1,occlusion,Occluded,1,1051.0,0.02680394984781742,1005.0,1125.0,1050.0,1080.0,training_familiar,42
un_un,un -> un,0,naive,Naive,0,familiar_2,Familiar 2,1,occlusion,Occluded,1,1052.0,0.025463752448558807,1005.0,1125.0,1050.0,1080.0,training_familiar,42
un_un,un -> un,0,naive,Naive,0,familiar_2,Familiar 2,1,occlusion,Occluded,1,1053.0,0.027149338275194168,1005.0,1125.0,1050.0,1080.0,training_familiar,42
un_un,un -> un,0,naive,Naive,0,familiar_2,Familiar 2,1,occlusion,Occluded,1,1054.0,0.025791870430111885,1005.0,1125.0,1050.0,1080.0,training_familiar,42
un_un,un -> un,0,naive,Naive,0,familiar_2,Familiar 2,1,occlusion,Occluded,1,1055.0,0.024502277374267578,1005.0,1125.0,1050.0,1080.0,training_familiar,42
un_un,un -> un,0,naive,Naive,0,familiar_2,Familiar 2,1,occlusion,Occluded,1,1056.0,0.029396798461675644,1005.0,1125.0,1050.0,1080.0,training_familiar,42
un_un,un -> un,0,naive,Naive,0,familiar_2,Familiar 2,1,occlusion,Occluded,1,1057.0,0.03240763023495674,1005.0,1125.0,1050.0,1080.0,training_familiar,42
un_un,un -> un,0,naive,Naive,0,familiar_2,Familiar 2,1,occlusion,Occluded,1,1058.0,0.03078724816441536,1005.0,1125.0,1050.0,1080.0,training_familiar,42
un_un,un -> un,0,naive,Naive,0,familiar_2,Familiar 2,1,occlusion,Occluded,1,1059.0,0.029247885569930077,1005.0,1125.0,1050.0,1080.0,training_familiar,42
un_un,un -> un,0,naive,Naive,0,familiar_2,Familiar 2,1,occlusion,Occluded,1,1060.0,0.027785491198301315,1005.0,1125.0,1050.0,1080.0,training_familiar,42
un_un,un -> un,0,naive,Naive,0,familiar_2,Familiar 2,1,occlusion,Occluded,1,1061.0,0.032616011798381805,1005.0,1125.0,1050.0,1080.0,training_familiar,42
un_un,un -> un,0,naive,Naive,0,familiar_2,Familiar 2,1,occlusion,Occluded,1,1062.0,0.036049529910087585,1005.0,1125.0,1050.0,1080.0,training_familiar,42
un_un,un -> un,0,naive,Naive,0,familiar_2,Familiar 2,1,occlusion,Occluded,1,1063.0,0.03424705192446709,1005.0,1125.0,1050.0,1080.0,training_familiar,42
un_un,un -> un,0,naive,Naive,0,familiar_2,Familiar 2,1,occlusion,Occluded,1,1064.0,0.03253469988703728,1005.0,1125.0,1050.0,1080.0,training_familiar,42
un_un,un -> un,0,naive,Naive,0,familiar_2,Familiar 2,1,occlusion,Occluded,1,1065.0,0.03090796433389187,1005.0,1125.0,1050.0,1080.0,training_familiar,42
un_un,un -> un,0,naive,Naive,0,familiar_2,Familiar 2,1,occlusion,Occluded,1,1066.0,0.03689662367105484,1005.0,1125.0,1050.0,1080.0,training_familiar,42
un_un,un -> un,0,naive,Naive,0,familiar_2,Familiar 2,1,occlusion,Occluded,1,1067.0,0.03505179286003113,1005.0,1125.0,1050.0,1080.0,training_familiar,42
un_un,un -> un,0,naive,Naive,0,familiar_2,Familiar 2,1,occlusion,Occluded,1,1068.0,0.03355105221271515,1005.0,1125.0,1050.0,1080.0,training_familiar,42
un_un,un -> un,0,naive,Naive,0,familiar_2,Familiar 2,1,occlusion,Occluded,1,1069.0,0.03187349811196327,1005.0,1125.0,1050.0,1080.0,training_familiar,42
un_un,un -> un,0,naive,Naive,0,familiar_2,Familiar 2,1,occlusion,Occluded,1,1070.0,0.03661942109465599,1005.0,1125.0,1050.0,1080.0,training_familiar,42
un_un,un -> un,0,naive,Naive,0,familiar_2,Familiar 2,1,occlusion,Occluded,1,1071.0,0.03478844836354256,1005.0,1125.0,1050.0,1080.0,training_familiar,42
un_un,un -> un,0,naive,Naive,0,familiar_2,Familiar 2,1,occlusion,Occluded,1,1072.0,0.03571639955043793,1005.0,1125.0,1050.0,1080.0,training_familiar,42
un_un,un -> un,0,naive,Naive,0,familiar_2,Familiar 2,1,occlusion,Occluded,1,1073.0,0.039316773414611816,1005.0,1125.0,1050.0,1080.0,training_familiar,42
un_un,un -> un,0,naive,Naive,0,familiar_2,Familiar 2,1,occlusion,Occluded,1,1074.0,0.045833829790353775,1005.0,1125.0,1050.0,1080.0,training_familiar,42
un_un,un -> un,0,naive,Naive,0,familiar_2,Familiar 2,1,occlusion,Occluded,1,1075.0,0.04354213923215866,1005.0,1125.0,1050.0,1080.0,training_familiar,42
un_un,un -> un,0,naive,Naive,0,familiar_2,Familiar 2,1,occlusion,Occluded,1,1076.0,0.04136503115296364,1005.0,1125.0,1050.0,1080.0,training_familiar,42
un_un,un -> un,0,naive,Naive,0,familiar_2,Familiar 2,1,occlusion,Occluded,1,1077.0,0.04041046276688576,1005.0,1125.0,1050.0,1080.0,training_familiar,42
un_un,un -> un,0,naive,Naive,0,familiar_2,Familiar 2,1,occlusion,Occluded,1,1078.0,0.038389939814805984,1005.0,1125.0,1050.0,1080.0,training_familiar,42
un_un,un -> un,0,naive,Naive,0,familiar_2,Familiar 2,1,occlusion,Occluded,1,1079.0,0.03835151344537735,1005.0,1125.0,1050.0,1080.0,training_familiar,42
un_un,un -> un,0,naive,Naive,0,familiar_2,Familiar 2,1,occlusion,Occluded,1,1080.0,0.03643393889069557,1005.0,1125.0,1050.0,1080.0,training_familiar,42
un_un,un -> un,0,naive,Naive,0,familiar_2,Familiar 2,1,occlusion,Occluded,1,1081.0,0.03461224213242531,1005.0,1125.0,1050.0,1080.0,training_familiar,42
un_un,un -> un,0,naive,Naive,0,familiar_2,Familiar 2,1,occlusion,Occluded,1,1082.0,0.03825700655579567,1005.0,1125.0,1050.0,1080.0,training_familiar,42
un_un,un -> un,0,naive,Naive,0,familiar_2,Familiar 2,1,occlusion,Occluded,1,1083.0,0.03634415566921234,1005.0,1125.0,1050.0,1080.0,training_familiar,42
un_un,un -> un,0,naive,Naive,0,familiar_2,Familiar 2,1,occlusion,Occluded,1,1084.0,0.040161971002817154,1005.0,1125.0,1050.0,1080.0,training_familiar,42
un_un,un -> un,0,naive,Naive,0,familiar_2,Familiar 2,1,occlusion,Occluded,1,1085.0,0.03815387189388275,1005.0,1125.0,1050.0,1080.0,training_familiar,42
un_un,un -> un,0,naive,Naive,0,familiar_2,Familiar 2,1,occlusion,Occluded,1,1086.0,0.03963571786880493,1005.0,1125.0,1050.0,1080.0,training_familiar,42
un_un,un -> un,0,naive,Naive,0,familiar_2,Familiar 2,1,occlusion,Occluded,1,1087.0,0.04102380573749542,1005.0,1125.0,1050.0,1080.0,training_familiar,42
un_un,un -> un,0,naive,Naive,0,familiar_2,Familiar 2,1,occlusion,Occluded,1,1088.0,0.03897261619567871,1005.0,1125.0,1050.0,1080.0,training_familiar,42
un_un,un -> un,0,naive,Naive,0,familiar_2,Familiar 2,1,occlusion,Occluded,1,1089.0,0.037023983895778656,1005.0,1125.0,1050.0,1080.0,training_familiar,42
un_un,un -> un,0,naive,Naive,0,familiar_2,Familiar 2,1,occlusion,Occluded,1,1090.0,0.035172782838344574,1005.0,1125.0,1050.0,1080.0,training_familiar,42
un_un,un -> un,0,naive,Naive,0,familiar_2,Familiar 2,1,occlusion,Occluded,1,1091.0,0.03351537510752678,1005.0,1125.0,1050.0,1080.0,training_familiar,42
un_un,un -> un,0,naive,Naive,0,familiar_2,Familiar 2,1,occlusion,Occluded,1,1092.0,0.035811446607112885,1005.0,1125.0,1050.0,1080.0,training_familiar,42
un_un,un -> un,0,naive,Naive,0,familiar_2,Familiar 2,1,occlusion,Occluded,1,1093.0,0.03402087464928627,1005.0,1125.0,1050.0,1080.0,training_familiar,42
un_un,un -> un,0,naive,Naive,0,familiar_2,Familiar 2,1,occlusion,Occluded,1,1094.0,0.03336084634065628,1005.0,1125.0,1050.0,1080.0,training_familiar,42
un_un,un -> un,0,naive,Naive,0,familiar_2,Familiar 2,1,occlusion,Occluded,1,1095.0,0.033013928681612015,1005.0,1125.0,1050.0,1080.0,training_familiar,42
un_un,un -> un,0,naive,Naive,0,familiar_2,Familiar 2,1,occlusion,Occluded,1,1096.0,0.03136323019862175,1005.0,1125.0,1050.0,1080.0,training_familiar,42
un_un,un -> un,0,naive,Naive,0,familiar_2,Familiar 2,1,occlusion,Occluded,1,1097.0,0.036121390759944916,1005.0,1125.0,1050.0,1080.0,training_familiar,42
un_un,un -> un,0,naive,Naive,0,familiar_2,Familiar 2,1,occlusion,Occluded,1,1098.0,0.03953569754958153,1005.0,1125.0,1050.0,1080.0,training_familiar,42
un_un,un -> un,0,naive,Naive,0,familiar_2,Familiar 2,1,occlusion,Occluded,1,1099.0,0.0408562570810318,1005.0,1125.0,1050.0,1080.0,training_familiar,42
un_un,un -> un,0,naive,Naive,0,familiar_2,Familiar 2,1,occlusion,Occluded,1,1100.0,0.04016376659274101,1005.0,1125.0,1050.0,1080.0,training_familiar,42
un_un,un -> un,0,naive,Naive,0,familiar_2,Familiar 2,1,occlusion,Occluded,1,1101.0,0.03863626718521118,1005.0,1125.0,1050.0,1080.0,training_familiar,42
un_un,un -> un,0,naive,Naive,0,familiar_2,Familiar 2,1,occlusion,Occluded,1,1102.0,0.04172806069254875,1005.0,1125.0,1050.0,1080.0,training_familiar,42
un_un,un -> un,0,naive,Naive,0,familiar_2,Familiar 2,1,occlusion,Occluded,1,1103.0,0.03964165598154068,1005.0,1125.0,1050.0,1080.0,training_familiar,42
un_un,un -> un,0,naive,Naive,0,familiar_2,Familiar 2,1,occlusion,Occluded,1,1104.0,0.03869408369064331,1005.0,1125.0,1050.0,1080.0,training_familiar,42
un_un,un -> un,0,naive,Naive,0,familiar_2,Familiar 2,1,occlusion,Occluded,1,1105.0,0.036759380251169205,1005.0,1125.0,1050.0,1080.0,training_familiar,42
un_un,un -> un,0,naive,Naive,0,familiar_2,Familiar 2,1,occlusion,Occluded,1,1106.0,0.03591496869921684,1005.0,1125.0,1050.0,1080.0,training_familiar,42
un_un,un -> un,0,naive,Naive,0,familiar_2,Familiar 2,1,occlusion,Occluded,1,1107.0,0.035801082849502563,1005.0,1125.0,1050.0,1080.0,training_familiar,42
un_un,un -> un,0,naive,Naive,0,familiar_2,Familiar 2,1,occlusion,Occluded,1,1108.0,0.034011028707027435,1005.0,1125.0,1050.0,1080.0,training_familiar,42
un_un,un -> un,0,naive,Naive,0,familiar_2,Familiar 2,1,occlusion,Occluded,1,1109.0,0.03252121061086655,1005.0,1125.0,1050.0,1080.0,training_familiar,42
un_un,un -> un,0,naive,Naive,0,familiar_2,Familiar 2,1,occlusion,Occluded,1,1110.0,0.03409799188375473,1005.0,1125.0,1050.0,1080.0,training_familiar,42
un_un,un -> un,0,naive,Naive,0,familiar_2,Familiar 2,1,occlusion,Occluded,1,1111.0,0.032393090426921844,1005.0,1125.0,1050.0,1080.0,training_familiar,42
un_un,un -> un,0,naive,Naive,0,familiar_2,Familiar 2,1,occlusion,Occluded,1,1112.0,0.03298287093639374,1005.0,1125.0,1050.0,1080.0,training_familiar,42
un_un,un -> un,0,naive,Naive,0,familiar_2,Familiar 2,1,occlusion,Occluded,1,1113.0,0.03298328444361687,1005.0,1125.0,1050.0,1080.0,training_familiar,42
un_un,un -> un,0,naive,Naive,0,familiar_2,Familiar 2,1,occlusion,Occluded,1,1114.0,0.03435676917433739,1005.0,1125.0,1050.0,1080.0,training_familiar,42
un_un,un -> un,0,naive,Naive,0,familiar_2,Familiar 2,1,occlusion,Occluded,1,1115.0,0.03263892978429794,1005.0,1125.0,1050.0,1080.0,training_familiar,42
un_un,un -> un,0,naive,Naive,0,familiar_2,Familiar 2,1,occlusion,Occluded,1,1116.0,0.03370825573801994,1005.0,1125.0,1050.0,1080.0,training_familiar,42
un_un,un -> un,0,naive,Naive,0,familiar_2,Familiar 2,1,occlusion,Occluded,1,1117.0,0.03202284127473831,1005.0,1125.0,1050.0,1080.0,training_familiar,42
un_un,un -> un,0,naive,Naive,0,familiar_2,Familiar 2,1,occlusion,Occluded,1,1118.0,0.030421698465943336,1005.0,1125.0,1050.0,1080.0,training_familiar,42
un_un,un -> un,0,naive,Naive,0,familiar_2,Familiar 2,1,occlusion,Occluded,1,1119.0,0.028900614008307457,1005.0,1125.0,1050.0,1080.0,training_familiar,42
un_un,un -> un,0,naive,Naive,0,familiar_2,Familiar 2,1,occlusion,Occluded,1,1120.0,0.03312554210424423,1005.0,1125.0,1050.0,1080.0,training_familiar,42
un_un,un -> un,0,naive,Naive,0,familiar_2,Familiar 2,1,occlusion,Occluded,1,1121.0,0.03146926313638687,1005.0,1125.0,1050.0,1080.0,training_familiar,42
un_un,un -> un,0,naive,Naive,0,familiar_2,Familiar 2,1,occlusion,Occluded,1,1122.0,0.029895799234509468,1005.0,1125.0,1050.0,1080.0,training_familiar,42
un_un,un -> un,0,naive,Naive,0,familiar_2,Familiar 2,1,occlusion,Occluded,1,1123.0,0.028401009738445282,1005.0,1125.0,1050.0,1080.0,training_familiar,42
un_un,un -> un,0,naive,Naive,0,familiar_2,Familiar 2,1,occlusion,Occluded,1,1124.0,0.026980958878993988,1005.0,1125.0,1050.0,1080.0,training_familiar,42
un_un,un -> un,0,naive,Naive,0,novel,Novel Image,2,full,Nonoccluded,0,1006.0,0.0389486588537693,1005.0,1125.0,1050.0,1080.0,training_familiar,42
un_un,un -> un,0,naive,Naive,0,novel,Novel Image,2,full,Nonoccluded,0,1007.0,0.03700122609734535,1005.0,1125.0,1050.0,1080.0,training_familiar,42
un_un,un -> un,0,naive,Naive,0,novel,Novel Image,2,full,Nonoccluded,0,1008.0,0.0355411022901535,1005.0,1125.0,1050.0,1080.0,training_familiar,42
un_un,un -> un,0,naive,Naive,0,novel,Novel Image,2,full,Nonoccluded,0,1009.0,0.03376404568552971,1005.0,1125.0,1050.0,1080.0,training_familiar,42
un_un,un -> un,0,naive,Naive,0,novel,Novel Image,2,full,Nonoccluded,0,1010.0,0.03207584470510483,1005.0,1125.0,1050.0,1080.0,training_familiar,42
un_un,un -> un,0,naive,Naive,0,novel,Novel Image,2,full,Nonoccluded,0,1011.0,0.0320010706782341,1005.0,1125.0,1050.0,1080.0,training_familiar,42
un_un,un -> un,0,naive,Naive,0,novel,Novel Image,2,full,Nonoccluded,0,1012.0,0.03600941598415375,1005.0,1125.0,1050.0,1080.0,training_familiar,42
un_un,un -> un,0,naive,Naive,0,novel,Novel Image,2,full,Nonoccluded,0,1013.0,0.03420894593000412,1005.0,1125.0,1050.0,1080.0,training_familiar,42
un_un,un -> un,0,naive,Naive,0,novel,Novel Image,2,full,Nonoccluded,0,1014.0,0.032498497515916824,1005.0,1125.0,1050.0,1080.0,training_familiar,42
un_un,un -> un,0,naive,Naive,0,novel,Novel Image,2,full,Nonoccluded,0,1015.0,0.03414938598871231,1005.0,1125.0,1050.0,1080.0,training_familiar,42
un_un,un -> un,0,naive,Naive,0,novel,Novel Image,2,full,Nonoccluded,0,1016.0,0.03681124746799469,1005.0,1125.0,1050.0,1080.0,training_familiar,42
un_un,un -> un,0,naive,Naive,0,novel,Novel Image,2,full,Nonoccluded,0,1017.0,0.034970685839653015,1005.0,1125.0,1050.0,1080.0,training_familiar,42
un_un,un -> un,0,naive,Naive,0,novel,Novel Image,2,full,Nonoccluded,0,1018.0,0.03436567261815071,1005.0,1125.0,1050.0,1080.0,training_familiar,42
un_un,un -> un,0,naive,Naive,0,novel,Novel Image,2,full,Nonoccluded,0,1019.0,0.03386919945478439,1005.0,1125.0,1050.0,1080.0,training_familiar,42
un_un,un -> un,0,naive,Naive,0,novel,Novel Image,2,full,Nonoccluded,0,1020.0,0.032175738364458084,1005.0,1125.0,1050.0,1080.0,training_familiar,42
un_un,un -> un,0,naive,Naive,0,novel,Novel Image,2,full,Nonoccluded,0,1021.0,0.030566951259970665,1005.0,1125.0,1050.0,1080.0,training_familiar,42
un_un,un -> un,0,naive,Naive,0,novel,Novel Image,2,full,Nonoccluded,0,1022.0,0.029942642897367477,1005.0,1125.0,1050.0,1080.0,training_familiar,42
un_un,un -> un,0,naive,Naive,0,novel,Novel Image,2,full,Nonoccluded,0,1023.0,0.031196409836411476,1005.0,1125.0,1050.0,1080.0,training_familiar,42
un_un,un -> un,0,naive,Naive,0,novel,Novel Image,2,full,Nonoccluded,0,1024.0,0.03266599401831627,1005.0,1125.0,1050.0,1080.0,training_familiar,42
un_un,un -> un,0,naive,Naive,0,novel,Novel Image,2,full,Nonoccluded,0,1025.0,0.031122658401727676,1005.0,1125.0,1050.0,1080.0,training_familiar,42
un_un,un -> un,0,naive,Naive,0,novel,Novel Image,2,full,Nonoccluded,0,1026.0,0.033477652817964554,1005.0,1125.0,1050.0,1080.0,training_familiar,42
un_un,un -> un,0,naive,Naive,0,novel,Novel Image,2,full,Nonoccluded,0,1027.0,0.03504689782857895,1005.0,1125.0,1050.0,1080.0,training_familiar,42
un_un,un -> un,0,naive,Naive,0,novel,Novel Image,2,full,Nonoccluded,0,1028.0,0.03329455107450485,1005.0,1125.0,1050.0,1080.0,training_familiar,42
un_un,un -> un,0,naive,Naive,0,novel,Novel Image,2,full,Nonoccluded,0,1029.0,0.03630179911851883,1005.0,1125.0,1050.0,1080.0,training_familiar,42
un_un,un -> un,0,naive,Naive,0,novel,Novel Image,2,full,Nonoccluded,0,1030.0,0.03448670729994774,1005.0,1125.0,1050.0,1080.0,training_familiar,42
un_un,un -> un,0,naive,Naive,0,novel,Novel Image,2,full,Nonoccluded,0,1031.0,0.03276237100362778,1005.0,1125.0,1050.0,1080.0,training_familiar,42
un_un,un -> un,0,naive,Naive,0,novel,Novel Image,2,full,Nonoccluded,0,1032.0,0.03306752070784569,1005.0,1125.0,1050.0,1080.0,training_familiar,42
un_un,un -> un,0,naive,Naive,0,novel,Novel Image,2,full,Nonoccluded,0,1033.0,0.03141414374113083,1005.0,1125.0,1050.0,1080.0,training_familiar,42
un_un,un -> un,0,naive,Naive,0,novel,Novel Image,2,full,Nonoccluded,0,1034.0,0.03103768825531006,1005.0,1125.0,1050.0,1080.0,training_familiar,42
un_un,un -> un,0,naive,Naive,0,novel,Novel Image,2,full,Nonoccluded,0,1035.0,0.029485803097486496,1005.0,1125.0,1050.0,1080.0,training_familiar,42
un_un,un -> un,0,naive,Naive,0,novel,Novel Image,2,full,Nonoccluded,0,1036.0,0.028011512011289597,1005.0,1125.0,1050.0,1080.0,training_familiar,42
un_un,un -> un,0,naive,Naive,0,novel,Novel Image,2,full,Nonoccluded,0,1037.0,0.02661093696951866,1005.0,1125.0,1050.0,1080.0,training_familiar,42
un_un,un -> un,0,naive,Naive,0,novel,Novel Image,2,full,Nonoccluded,0,1038.0,0.026103023439645767,1005.0,1125.0,1050.0,1080.0,training_familiar,42
un_un,un -> un,0,naive,Naive,0,novel,Novel Image,2,full,Nonoccluded,0,1039.0,0.028549714013934135,1005.0,1125.0,1050.0,1080.0,training_familiar,42
un_un,un -> un,0,naive,Naive,0,novel,Novel Image,2,full,Nonoccluded,0,1040.0,0.029255153611302376,1005.0,1125.0,1050.0,1080.0,training_familiar,42
un_un,un -> un,0,naive,Naive,0,novel,Novel Image,2,full,Nonoccluded,0,1041.0,0.027792396023869514,1005.0,1125.0,1050.0,1080.0,training_familiar,42
un_un,un -> un,0,naive,Naive,0,novel,Novel Image,2,full,Nonoccluded,0,1042.0,0.026402775198221207,1005.0,1125.0,1050.0,1080.0,training_familiar,42
un_un,un -> un,0,naive,Naive,0,novel,Novel Image,2,full,Nonoccluded,0,1043.0,0.030523620545864105,1005.0,1125.0,1050.0,1080.0,training_familiar,42
un_un,un -> un,0,naive,Naive,0,novel,Novel Image,2,full,Nonoccluded,0,1044.0,0.02905164286494255,1005.0,1125.0,1050.0,1080.0,training_familiar,42
un_un,un -> un,0,naive,Naive,0,novel,Novel Image,2,full,Nonoccluded,0,1045.0,0.027599060907959938,1005.0,1125.0,1050.0,1080.0,training_familiar,42
un_un,un -> un,0,naive,Naive,0,novel,Novel Image,2,full,Nonoccluded,0,1046.0,0.02621910721063614,1005.0,1125.0,1050.0,1080.0,training_familiar,42
un_un,un -> un,0,naive,Naive,0,novel,Novel Image,2,full,Nonoccluded,0,1047.0,0.024908151477575302,1005.0,1125.0,1050.0,1080.0,training_familiar,42
un_un,un -> un,0,naive,Naive,0,novel,Novel Image,2,full,Nonoccluded,0,1048.0,0.023662744089961052,1005.0,1125.0,1050.0,1080.0,training_familiar,42
un_un,un -> un,0,naive,Naive,0,novel,Novel Image,2,full,Nonoccluded,0,1049.0,0.022479606792330742,1005.0,1125.0,1050.0,1080.0,training_familiar,42
un_un,un -> un,0,naive,Naive,0,novel,Novel Image,2,full,Nonoccluded,0,1050.0,0.027746975421905518,1005.0,1125.0,1050.0,1080.0,training_familiar,42
un_un,un -> un,0,naive,Naive,0,novel,Novel Image,2,full,Nonoccluded,0,1051.0,0.02635962702333927,1005.0,1125.0,1050.0,1080.0,training_familiar,42
un_un,un -> un,0,naive,Naive,0,novel,Novel Image,2,full,Nonoccluded,0,1052.0,0.025041645392775536,1005.0,1125.0,1050.0,1080.0,training_familiar,42
un_un,un -> un,0,naive,Naive,0,novel,Novel Image,2,full,Nonoccluded,0,1053.0,0.02378956228494644,1005.0,1125.0,1050.0,1080.0,training_familiar,42
un_un,un -> un,0,naive,Naive,0,novel,Novel Image,2,full,Nonoccluded,0,1054.0,0.02260008454322815,1005.0,1125.0,1050.0,1080.0,training_familiar,42
un_un,un -> un,0,naive,Naive,0,novel,Novel Image,2,full,Nonoccluded,0,1055.0,0.02580658532679081,1005.0,1125.0,1050.0,1080.0,training_familiar,42
un_un,un -> un,0,naive,Naive,0,novel,Novel Image,2,full,Nonoccluded,0,1056.0,0.024516256526112556,1005.0,1125.0,1050.0,1080.0,training_familiar,42
un_un,un -> un,0,naive,Naive,0,novel,Novel Image,2,full,Nonoccluded,0,1057.0,0.023290444165468216,1005.0,1125.0,1050.0,1080.0,training_familiar,42
un_un,un -> un,0,naive,Naive,0,novel,Novel Image,2,full,Nonoccluded,0,1058.0,0.02212592214345932,1005.0,1125.0,1050.0,1080.0,training_familiar,42
un_un,un -> un,0,naive,Naive,0,novel,Novel Image,2,full,Nonoccluded,0,1059.0,0.021019626408815384,1005.0,1125.0,1050.0,1080.0,training_familiar,42
un_un,un -> un,0,naive,Naive,0,novel,Novel Image,2,full,Nonoccluded,0,1060.0,0.01996864564716816,1005.0,1125.0,1050.0,1080.0,training_familiar,42
un_un,un -> un,0,naive,Naive,0,novel,Novel Image,2,full,Nonoccluded,0,1061.0,0.01897021383047104,1005.0,1125.0,1050.0,1080.0,training_familiar,42
un_un,un -> un,0,naive,Naive,0,novel,Novel Image,2,full,Nonoccluded,0,1062.0,0.018021702766418457,1005.0,1125.0,1050.0,1080.0,training_familiar,42
un_un,un -> un,0,naive,Naive,0,novel,Novel Image,2,full,Nonoccluded,0,1063.0,0.017120616510510445,1005.0,1125.0,1050.0,1080.0,training_familiar,42
un_un,un -> un,0,naive,Naive,0,novel,Novel Image,2,full,Nonoccluded,0,1064.0,0.01626458577811718,1005.0,1125.0,1050.0,1080.0,training_familiar,42
un_un,un -> un,0,naive,Naive,0,novel,Novel Image,2,full,Nonoccluded,0,1065.0,0.015451355837285519,1005.0,1125.0,1050.0,1080.0,training_familiar,42
un_un,un -> un,0,naive,Naive,0,novel,Novel Image,2,full,Nonoccluded,0,1066.0,0.01467878744006157,1005.0,1125.0,1050.0,1080.0,training_familiar,42
un_un,un -> un,0,naive,Naive,0,novel,Novel Image,2,full,Nonoccluded,0,1067.0,0.013944847509264946,1005.0,1125.0,1050.0,1080.0,training_familiar,42
un_un,un -> un,0,naive,Naive,0,novel,Novel Image,2,full,Nonoccluded,0,1068.0,0.013247605413198471,1005.0,1125.0,1050.0,1080.0,training_familiar,42
un_un,un -> un,0,naive,Naive,0,novel,Novel Image,2,full,Nonoccluded,0,1069.0,0.012585224583745003,1005.0,1125.0,1050.0,1080.0,training_familiar,42
un_un,un -> un,0,naive,Naive,0,novel,Novel Image,2,full,Nonoccluded,0,1070.0,0.01195596344769001,1005.0,1125.0,1050.0,1080.0,training_familiar,42
un_un,un -> un,0,naive,Naive,0,novel,Novel Image,2,full,Nonoccluded,0,1071.0,0.011358165182173252,1005.0,1125.0,1050.0,1080.0,training_familiar,42
un_un,un -> un,0,naive,Naive,0,novel,Novel Image,2,full,Nonoccluded,0,1072.0,0.010790256783366203,1005.0,1125.0,1050.0,1080.0,training_familiar,42
un_un,un -> un,0,naive,Naive,0,novel,Novel Image,2,full,Nonoccluded,0,1073.0,0.010250743478536606,1005.0,1125.0,1050.0,1080.0,training_familiar,42
un_un,un -> un,0,naive,Naive,0,novel,Novel Image,2,full,Nonoccluded,0,1074.0,0.009738205932080746,1005.0,1125.0,1050.0,1080.0,training_familiar,42
un_un,un -> un,0,naive,Naive,0,novel,Novel Image,2,full,Nonoccluded,0,1075.0,0.00925129558891058,1005.0,1125.0,1050.0,1080.0,training_familiar,42
un_un,un -> un,0,naive,Naive,0,novel,Novel Image,2,full,Nonoccluded,0,1076.0,0.008788730949163437,1005.0,1125.0,1050.0,1080.0,training_familiar,42
un_un,un -> un,0,naive,Naive,0,novel,Novel Image,2,full,Nonoccluded,0,1077.0,0.00834929384291172,1005.0,1125.0,1050.0,1080.0,training_familiar,42
un_un,un -> un,0,naive,Naive,0,novel,Novel Image,2,full,Nonoccluded,0,1078.0,0.007931829430162907,1005.0,1125.0,1050.0,1080.0,training_familiar,42
un_un,un -> un,0,naive,Naive,0,novel,Novel Image,2,full,Nonoccluded,0,1079.0,0.007535237818956375,1005.0,1125.0,1050.0,1080.0,training_familiar,42
un_un,un -> un,0,naive,Naive,0,novel,Novel Image,2,full,Nonoccluded,0,1080.0,0.007158475928008556,1005.0,1125.0,1050.0,1080.0,training_familiar,42
un_un,un -> un,0,naive,Naive,0,novel,Novel Image,2,full,Nonoccluded,0,1081.0,0.006800551898777485,1005.0,1125.0,1050.0,1080.0,training_familiar,42
un_un,un -> un,0,naive,Naive,0,novel,Novel Image,2,full,Nonoccluded,0,1082.0,0.007239173632115126,1005.0,1125.0,1050.0,1080.0,training_familiar,42
un_un,un -> un,0,naive,Naive,0,novel,Novel Image,2,full,Nonoccluded,0,1083.0,0.006877214647829533,1005.0,1125.0,1050.0,1080.0,training_familiar,42
un_un,un -> un,0,naive,Naive,0,novel,Novel Image,2,full,Nonoccluded,0,1084.0,0.006533354055136442,1005.0,1125.0,1050.0,1080.0,training_familiar,42
un_un,un -> un,0,naive,Naive,0,novel,Novel Image,2,full,Nonoccluded,0,1085.0,0.009090781211853027,1005.0,1125.0,1050.0,1080.0,training_familiar,42
un_un,un -> un,0,naive,Naive,0,novel,Novel Image,2,full,Nonoccluded,0,1086.0,0.008636241778731346,1005.0,1125.0,1050.0,1080.0,training_familiar,42
un_un,un -> un,0,naive,Naive,0,novel,Novel Image,2,full,Nonoccluded,0,1087.0,0.017413368448615074,1005.0,1125.0,1050.0,1080.0,training_familiar,42
un_un,un -> un,0,naive,Naive,0,novel,Novel Image,2,full,Nonoccluded,0,1088.0,0.02085336297750473,1005.0,1125.0,1050.0,1080.0,training_familiar,42
un_un,un -> un,0,naive,Naive,0,novel,Novel Image,2,full,Nonoccluded,0,1089.0,0.03189803659915924,1005.0,1125.0,1050.0,1080.0,training_familiar,42
un_un,un -> un,0,naive,Naive,0,novel,Novel Image,2,full,Nonoccluded,0,1090.0,0.03030313365161419,1005.0,1125.0,1050.0,1080.0,training_familiar,42
un_un,un -> un,0,naive,Naive,0,novel,Novel Image,2,full,Nonoccluded,0,1091.0,0.028787976130843163,1005.0,1125.0,1050.0,1080.0,training_familiar,42
un_un,un -> un,0,naive,Naive,0,novel,Novel Image,2,full,Nonoccluded,0,1092.0,0.027348576113581657,1005.0,1125.0,1050.0,1080.0,training_familiar,42
un_un,un -> un,0,naive,Naive,0,novel,Novel Image,2,full,Nonoccluded,0,1093.0,0.03541490063071251,1005.0,1125.0,1050.0,1080.0,training_familiar,42
un_un,un -> un,0,naive,Naive,0,novel,Novel Image,2,full,Nonoccluded,0,1094.0,0.03688861429691315,1005.0,1125.0,1050.0,1080.0,training_familiar,42
un_un,un -> un,0,naive,Naive,0,novel,Novel Image,2,full,Nonoccluded,0,1095.0,0.040402114391326904,1005.0,1125.0,1050.0,1080.0,training_familiar,42
un_un,un -> un,0,naive,Naive,0,novel,Novel Image,2,full,Nonoccluded,0,1096.0,0.040739741176366806,1005.0,1125.0,1050.0,1080.0,training_familiar,42
un_un,un -> un,0,naive,Naive,0,novel,Novel Image,2,full,Nonoccluded,0,1097.0,0.04253893345594406,1005.0,1125.0,1050.0,1080.0,training_familiar,42
un_un,un -> un,0,naive,Naive,0,novel,Novel Image,2,full,Nonoccluded,0,1098.0,0.04145992547273636,1005.0,1125.0,1050.0,1080.0,training_familiar,42
un_un,un -> un,0,naive,Naive,0,novel,Novel Image,2,full,Nonoccluded,0,1099.0,0.04020322114229202,1005.0,1125.0,1050.0,1080.0,training_familiar,42
un_un,un -> un,0,naive,Naive,0,novel,Novel Image,2,full,Nonoccluded,0,1100.0,0.03819305822253227,1005.0,1125.0,1050.0,1080.0,training_familiar,42
un_un,un -> un,0,naive,Naive,0,novel,Novel Image,2,full,Nonoccluded,0,1101.0,0.036283403635025024,1005.0,1125.0,1050.0,1080.0,training_familiar,42
un_un,un -> un,0,naive,Naive,0,novel,Novel Image,2,full,Nonoccluded,0,1102.0,0.034469231963157654,1005.0,1125.0,1050.0,1080.0,training_familiar,42
un_un,un -> un,0,naive,Naive,0,novel,Novel Image,2,full,Nonoccluded,0,1103.0,0.034184012562036514,1005.0,1125.0,1050.0,1080.0,training_familiar,42
un_un,un -> un,0,naive,Naive,0,novel,Novel Image,2,full,Nonoccluded,0,1104.0,0.03779780864715576,1005.0,1125.0,1050.0,1080.0,training_familiar,42
un_un,un -> un,0,naive,Naive,0,novel,Novel Image,2,full,Nonoccluded,0,1105.0,0.035907916724681854,1005.0,1125.0,1050.0,1080.0,training_familiar,42
un_un,un -> un,0,naive,Naive,0,novel,Novel Image,2,full,Nonoccluded,0,1106.0,0.03411252051591873,1005.0,1125.0,1050.0,1080.0,training_familiar,42
un_un,un -> un,0,naive,Naive,0,novel,Novel Image,2,full,Nonoccluded,0,1107.0,0.032406892627477646,1005.0,1125.0,1050.0,1080.0,training_familiar,42
un_un,un -> un,0,naive,Naive,0,novel,Novel Image,2,full,Nonoccluded,0,1108.0,0.03459630534052849,1005.0,1125.0,1050.0,1080.0,training_familiar,42
un_un,un -> un,0,naive,Naive,0,novel,Novel Image,2,full,Nonoccluded,0,1109.0,0.03533554449677467,1005.0,1125.0,1050.0,1080.0,training_familiar,42
un_un,un -> un,0,naive,Naive,0,novel,Novel Image,2,full,Nonoccluded,0,1110.0,0.03783566877245903,1005.0,1125.0,1050.0,1080.0,training_familiar,42
un_un,un -> un,0,naive,Naive,0,novel,Novel Image,2,full,Nonoccluded,0,1111.0,0.04594690352678299,1005.0,1125.0,1050.0,1080.0,training_familiar,42
un_un,un -> un,0,naive,Naive,0,novel,Novel Image,2,full,Nonoccluded,0,1112.0,0.046295732259750366,1005.0,1125.0,1050.0,1080.0,training_familiar,42
un_un,un -> un,0,naive,Naive,0,novel,Novel Image,2,full,Nonoccluded,0,1113.0,0.04398094490170479,1005.0,1125.0,1050.0,1080.0,training_familiar,42
un_un,un -> un,0,naive,Naive,0,novel,Novel Image,2,full,Nonoccluded,0,1114.0,0.04178189858794212,1005.0,1125.0,1050.0,1080.0,training_familiar,42
un_un,un -> un,0,naive,Naive,0,novel,Novel Image,2,full,Nonoccluded,0,1115.0,0.03969280421733856,1005.0,1125.0,1050.0,1080.0,training_familiar,42
un_un,un -> un,0,naive,Naive,0,novel,Novel Image,2,full,Nonoccluded,0,1116.0,0.037708163261413574,1005.0,1125.0,1050.0,1080.0,training_familiar,42
un_un,un -> un,0,naive,Naive,0,novel,Novel Image,2,full,Nonoccluded,0,1117.0,0.03688257560133934,1005.0,1125.0,1050.0,1080.0,training_familiar,42
un_un,un -> un,0,naive,Naive,0,novel,Novel Image,2,full,Nonoccluded,0,1118.0,0.04406362399458885,1005.0,1125.0,1050.0,1080.0,training_familiar,42
un_un,un -> un,0,naive,Naive,0,novel,Novel Image,2,full,Nonoccluded,0,1119.0,0.04341750964522362,1005.0,1125.0,1050.0,1080.0,training_familiar,42
un_un,un -> un,0,naive,Naive,0,novel,Novel Image,2,full,Nonoccluded,0,1120.0,0.047211144119501114,1005.0,1125.0,1050.0,1080.0,training_familiar,42
un_un,un -> un,0,naive,Naive,0,novel,Novel Image,2,full,Nonoccluded,0,1121.0,0.04485058784484863,1005.0,1125.0,1050.0,1080.0,training_familiar,42
un_un,un -> un,0,naive,Naive,0,novel,Novel Image,2,full,Nonoccluded,0,1122.0,0.04260805621743202,1005.0,1125.0,1050.0,1080.0,training_familiar,42
un_un,un -> un,0,naive,Naive,0,novel,Novel Image,2,full,Nonoccluded,0,1123.0,0.040477652102708817,1005.0,1125.0,1050.0,1080.0,training_familiar,42
un_un,un -> un,0,naive,Naive,0,novel,Novel Image,2,full,Nonoccluded,0,1124.0,0.03845376893877983,1005.0,1125.0,1050.0,1080.0,training_familiar,42
un_un,un -> un,0,naive,Naive,0,novel,Novel Image,2,occlusion,Occluded,1,1006.0,0.045329149812459946,1005.0,1125.0,1050.0,1080.0,training_familiar,42
un_un,un -> un,0,naive,Naive,0,novel,Novel Image,2,occlusion,Occluded,1,1007.0,0.043157171458005905,1005.0,1125.0,1050.0,1080.0,training_familiar,42
un_un,un -> un,0,naive,Naive,0,novel,Novel Image,2,occlusion,Occluded,1,1008.0,0.040999311953783035,1005.0,1125.0,1050.0,1080.0,training_familiar,42
un_un,un -> un,0,naive,Naive,0,novel,Novel Image,2,occlusion,Occluded,1,1009.0,0.0457552932202816,1005.0,1125.0,1050.0,1080.0,training_familiar,42
un_un,un -> un,0,naive,Naive,0,novel,Novel Image,2,occlusion,Occluded,1,1010.0,0.048772990703582764,1005.0,1125.0,1050.0,1080.0,training_familiar,42
un_un,un -> un,0,naive,Naive,0,novel,Novel Image,2,occlusion,Occluded,1,1011.0,0.046334341168403625,1005.0,1125.0,1050.0,1080.0,training_familiar,42
un_un,un -> un,0,naive,Naive,0,novel,Novel Image,2,occlusion,Occluded,1,1012.0,0.044017624109983444,1005.0,1125.0,1050.0,1080.0,training_familiar,42
un_un,un -> un,0,naive,Naive,0,novel,Novel Image,2,occlusion,Occluded,1,1013.0,0.047171708196401596,1005.0,1125.0,1050.0,1080.0,training_familiar,42
un_un,un -> un,0,naive,Naive,0,novel,Novel Image,2,occlusion,Occluded,1,1014.0,0.048982664942741394,1005.0,1125.0,1050.0,1080.0,training_familiar,42
un_un,un -> un,0,naive,Naive,0,novel,Novel Image,2,occlusion,Occluded,1,1015.0,0.05055690184235573,1005.0,1125.0,1050.0,1080.0,training_familiar,42
un_un,un -> un,0,naive,Naive,0,novel,Novel Image,2,occlusion,Occluded,1,1016.0,0.05300422012805939,1005.0,1125.0,1050.0,1080.0,training_familiar,42
un_un,un -> un,0,naive,Naive,0,novel,Novel Image,2,occlusion,Occluded,1,1017.0,0.05202721059322357,1005.0,1125.0,1050.0,1080.0,training_familiar,42
un_un,un -> un,0,naive,Naive,0,novel,Novel Image,2,occlusion,Occluded,1,1018.0,0.049425847828388214,1005.0,1125.0,1050.0,1080.0,training_familiar,42
un_un,un -> un,0,naive,Naive,0,novel,Novel Image,2,occlusion,Occluded,1,1019.0,0.046954553574323654,1005.0,1125.0,1050.0,1080.0,training_familiar,42
un_un,un -> un,0,naive,Naive,0,novel,Novel Image,2,occlusion,Occluded,1,1020.0,0.04460682347416878,1005.0,1125.0,1050.0,1080.0,training_familiar,42
un_un,un -> un,0,naive,Naive,0,novel,Novel Image,2,occlusion,Occluded,1,1021.0,0.042376480996608734,1005.0,1125.0,1050.0,1080.0,training_familiar,42
un_un,un -> un,0,naive,Naive,0,novel,Novel Image,2,occlusion,Occluded,1,1022.0,0.048474155366420746,1005.0,1125.0,1050.0,1080.0,training_familiar,42
un_un,un -> un,0,naive,Naive,0,novel,Novel Image,2,occlusion,Occluded,1,1023.0,0.04605044797062874,1005.0,1125.0,1050.0,1080.0,training_familiar,42
un_un,un -> un,0,naive,Naive,0,novel,Novel Image,2,occlusion,Occluded,1,1024.0,0.04948928952217102,1005.0,1125.0,1050.0,1080.0,training_familiar,42
un_un,un -> un,0,naive,Naive,0,novel,Novel Image,2,occlusion,Occluded,1,1025.0,0.04701482504606247,1005.0,1125.0,1050.0,1080.0,training_familiar,42
un_un,un -> un,0,naive,Naive,0,novel,Novel Image,2,occlusion,Occluded,1,1026.0,0.04870407283306122,1005.0,1125.0,1050.0,1080.0,training_familiar,42
un_un,un -> un,0,naive,Naive,0,novel,Novel Image,2,occlusion,Occluded,1,1027.0,0.050349462777376175,1005.0,1125.0,1050.0,1080.0,training_familiar,42
un_un,un -> un,0,naive,Naive,0,novel,Novel Image,2,occlusion,Occluded,1,1028.0,0.04783198982477188,1005.0,1125.0,1050.0,1080.0,training_familiar,42
un_un,un -> un,0,naive,Naive,0,novel,Novel Image,2,occlusion,Occluded,1,1029.0,0.04544039070606232,1005.0,1125.0,1050.0,1080.0,training_familiar,42
un_un,un -> un,0,naive,Naive,0,novel,Novel Image,2,occlusion,Occluded,1,1030.0,0.04835258051753044,1005.0,1125.0,1050.0,1080.0,training_familiar,42
un_un,un -> un,0,naive,Naive,0,novel,Novel Image,2,occlusion,Occluded,1,1031.0,0.045934949070215225,1005.0,1125.0,1050.0,1080.0,training_familiar,42
un_un,un -> un,0,naive,Naive,0,novel,Novel Image,2,occlusion,Occluded,1,1032.0,0.04606097564101219,1005.0,1125.0,1050.0,1080.0,training_familiar,42
un_un,un -> un,0,naive,Naive,0,novel,Novel Image,2,occlusion,Occluded,1,1033.0,0.04375792667269707,1005.0,1125.0,1050.0,1080.0,training_familiar,42
un_un,un -> un,0,naive,Naive,0,novel,Novel Image,2,occlusion,Occluded,1,1034.0,0.044964924454689026,1005.0,1125.0,1050.0,1080.0,training_familiar,42
un_un,un -> un,0,naive,Naive,0,novel,Novel Image,2,occlusion,Occluded,1,1035.0,0.042716678231954575,1005.0,1125.0,1050.0,1080.0,training_familiar,42
un_un,un -> un,0,naive,Naive,0,novel,Novel Image,2,occlusion,Occluded,1,1036.0,0.04058084264397621,1005.0,1125.0,1050.0,1080.0,training_familiar,42
un_un,un -> un,0,naive,Naive,0,novel,Novel Image,2,occlusion,Occluded,1,1037.0,0.038551799952983856,1005.0,1125.0,1050.0,1080.0,training_familiar,42
un_un,un -> un,0,naive,Naive,0,novel,Novel Image,2,occlusion,Occluded,1,1038.0,0.0375048853456974,1005.0,1125.0,1050.0,1080.0,training_familiar,42
un_un,un -> un,0,naive,Naive,0,novel,Novel Image,2,occlusion,Occluded,1,1039.0,0.03807777911424637,1005.0,1125.0,1050.0,1080.0,training_familiar,42
un_un,un -> un,0,naive,Naive,0,novel,Novel Image,2,occlusion,Occluded,1,1040.0,0.03617389127612114,1005.0,1125.0,1050.0,1080.0,training_familiar,42
un_un,un -> un,0,naive,Naive,0,novel,Novel Image,2,occlusion,Occluded,1,1041.0,0.03841811791062355,1005.0,1125.0,1050.0,1080.0,training_familiar,42
un_un,un -> un,0,naive,Naive,0,novel,Novel Image,2,occlusion,Occluded,1,1042.0,0.03649721294641495,1005.0,1125.0,1050.0,1080.0,training_familiar,42
un_un,un -> un,0,naive,Naive,0,novel,Novel Image,2,occlusion,Occluded,1,1043.0,0.03743770718574524,1005.0,1125.0,1050.0,1080.0,training_familiar,42
un_un,un -> un,0,naive,Naive,0,novel,Novel Image,2,occlusion,Occluded,1,1044.0,0.039703577756881714,1005.0,1125.0,1050.0,1080.0,training_familiar,42
un_un,un -> un,0,naive,Naive,0,novel,Novel Image,2,occlusion,Occluded,1,1045.0,0.04581071436405182,1005.0,1125.0,1050.0,1080.0,training_familiar,42
un_un,un -> un,0,naive,Naive,0,novel,Novel Image,2,occlusion,Occluded,1,1046.0,0.04352017864584923,1005.0,1125.0,1050.0,1080.0,training_familiar,42
un_un,un -> un,0,naive,Naive,0,novel,Novel Image,2,occlusion,Occluded,1,1047.0,0.042498789727687836,1005.0,1125.0,1050.0,1080.0,training_familiar,42
un_un,un -> un,0,naive,Naive,0,novel,Novel Image,2,occlusion,Occluded,1,1048.0,0.040373850613832474,1005.0,1125.0,1050.0,1080.0,training_familiar,42
un_un,un -> un,0,naive,Naive,0,novel,Novel Image,2,occlusion,Occluded,1,1049.0,0.038355156779289246,1005.0,1125.0,1050.0,1080.0,training_familiar,42
un_un,un -> un,0,naive,Naive,0,novel,Novel Image,2,occlusion,Occluded,1,1050.0,0.03643739968538284,1005.0,1125.0,1050.0,1080.0,training_familiar,42
un_un,un -> un,0,naive,Naive,0,novel,Novel Image,2,occlusion,Occluded,1,1051.0,0.041316233575344086,1005.0,1125.0,1050.0,1080.0,training_familiar,42
un_un,un -> un,0,naive,Naive,0,novel,Novel Image,2,occlusion,Occluded,1,1052.0,0.03925042226910591,1005.0,1125.0,1050.0,1080.0,training_familiar,42
un_un,un -> un,0,naive,Naive,0,novel,Novel Image,2,occlusion,Occluded,1,1053.0,0.039429713040590286,1005.0,1125.0,1050.0,1080.0,training_familiar,42
un_un,un -> un,0,naive,Naive,0,novel,Novel Image,2,occlusion,Occluded,1,1054.0,0.04566138982772827,1005.0,1125.0,1050.0,1080.0,training_familiar,42
un_un,un -> un,0,naive,Naive,0,novel,Novel Image,2,occlusion,Occluded,1,1055.0,0.0433783195912838,1005.0,1125.0,1050.0,1080.0,training_familiar,42
un_un,un -> un,0,naive,Naive,0,novel,Novel Image,2,occlusion,Occluded,1,1056.0,0.046632640063762665,1005.0,1125.0,1050.0,1080.0,training_familiar,42
un_un,un -> un,0,naive,Naive,0,novel,Novel Image,2,occlusion,Occluded,1,1057.0,0.04430100694298744,1005.0,1125.0,1050.0,1080.0,training_familiar,42
un_un,un -> un,0,naive,Naive,0,novel,Novel Image,2,occlusion,Occluded,1,1058.0,0.048419009894132614,1005.0,1125.0,1050.0,1080.0,training_familiar,42
un_un,un -> un,0,naive,Naive,0,novel,Novel Image,2,occlusion,Occluded,1,1059.0,0.04599805921316147,1005.0,1125.0,1050.0,1080.0,training_familiar,42
un_un,un -> un,0,naive,Naive,0,novel,Novel Image,2,occlusion,Occluded,1,1060.0,0.043698154389858246,1005.0,1125.0,1050.0,1080.0,training_familiar,42
un_un,un -> un,0,naive,Naive,0,novel,Novel Image,2,occlusion,Occluded,1,1061.0,0.041513245552778244,1005.0,1125.0,1050.0,1080.0,training_familiar,42
un_un,un -> un,0,naive,Naive,0,novel,Novel Image,2,occlusion,Occluded,1,1062.0,0.04761260747909546,1005.0,1125.0,1050.0,1080.0,training_familiar,42
un_un,un -> un,0,naive,Naive,0,novel,Novel Image,2,occlusion,Occluded,1,1063.0,0.04523197561502457,1005.0,1125.0,1050.0,1080.0,training_familiar,42
un_un,un -> un,0,naive,Naive,0,novel,Novel Image,2,occlusion,Occluded,1,1064.0,0.04310816526412964,1005.0,1125.0,1050.0,1080.0,training_familiar,42
un_un,un -> un,0,naive,Naive,0,novel,Novel Image,2,occlusion,Occluded,1,1065.0,0.04670501500368118,1005.0,1125.0,1050.0,1080.0,training_familiar,42
un_un,un -> un,0,naive,Naive,0,novel,Novel Image,2,occlusion,Occluded,1,1066.0,0.044369764626026154,1005.0,1125.0,1050.0,1080.0,training_familiar,42
un_un,un -> un,0,naive,Naive,0,novel,Novel Image,2,occlusion,Occluded,1,1067.0,0.042151276022195816,1005.0,1125.0,1050.0,1080.0,training_familiar,42
un_un,un -> un,0,naive,Naive,0,novel,Novel Image,2,occlusion,Occluded,1,1068.0,0.04004371166229248,1005.0,1125.0,1050.0,1080.0,training_familiar,42
un_un,un -> un,0,naive,Naive,0,novel,Novel Image,2,occlusion,Occluded,1,1069.0,0.04033564031124115,1005.0,1125.0,1050.0,1080.0,training_familiar,42
un_un,un -> un,0,naive,Naive,0,novel,Novel Image,2,occlusion,Occluded,1,1070.0,0.03831885755062103,1005.0,1125.0,1050.0,1080.0,training_familiar,42
un_un,un -> un,0,naive,Naive,0,novel,Novel Image,2,occlusion,Occluded,1,1071.0,0.042608801275491714,1005.0,1125.0,1050.0,1080.0,training_familiar,42
un_un,un -> un,0,naive,Naive,0,novel,Novel Image,2,occlusion,Occluded,1,1072.0,0.040478359907865524,1005.0,1125.0,1050.0,1080.0,training_familiar,42
un_un,un -> un,0,naive,Naive,0,novel,Novel Image,2,occlusion,Occluded,1,1073.0,0.03845444321632385,1005.0,1125.0,1050.0,1080.0,training_familiar,42
un_un,un -> un,0,naive,Naive,0,novel,Novel Image,2,occlusion,Occluded,1,1074.0,0.03979318216443062,1005.0,1125.0,1050.0,1080.0,training_familiar,42
un_un,un -> un,0,naive,Naive,0,novel,Novel Image,2,occlusion,Occluded,1,1075.0,0.039460424333810806,1005.0,1125.0,1050.0,1080.0,training_familiar,42
un_un,un -> un,0,naive,Naive,0,novel,Novel Image,2,occlusion,Occluded,1,1076.0,0.04158080741763115,1005.0,1125.0,1050.0,1080.0,training_familiar,42
un_un,un -> un,0,naive,Naive,0,novel,Novel Image,2,occlusion,Occluded,1,1077.0,0.03950176760554314,1005.0,1125.0,1050.0,1080.0,training_familiar,42
un_un,un -> un,0,naive,Naive,0,novel,Novel Image,2,occlusion,Occluded,1,1078.0,0.037526678293943405,1005.0,1125.0,1050.0,1080.0,training_familiar,42
un_un,un -> un,0,naive,Naive,0,novel,Novel Image,2,occlusion,Occluded,1,1079.0,0.0356503427028656,1005.0,1125.0,1050.0,1080.0,training_familiar,42
un_un,un -> un,0,naive,Naive,0,novel,Novel Image,2,occlusion,Occluded,1,1080.0,0.03386782482266426,1005.0,1125.0,1050.0,1080.0,training_familiar,42
un_un,un -> un,0,naive,Naive,0,novel,Novel Image,2,occlusion,Occluded,1,1081.0,0.03879699110984802,1005.0,1125.0,1050.0,1080.0,training_familiar,42
un_un,un -> un,0,naive,Naive,0,novel,Novel Image,2,occlusion,Occluded,1,1082.0,0.039838213473558426,1005.0,1125.0,1050.0,1080.0,training_familiar,42
un_un,un -> un,0,naive,Naive,0,novel,Novel Image,2,occlusion,Occluded,1,1083.0,0.04197379946708679,1005.0,1125.0,1050.0,1080.0,training_familiar,42
un_un,un -> un,0,naive,Naive,0,novel,Novel Image,2,occlusion,Occluded,1,1084.0,0.03987510874867439,1005.0,1125.0,1050.0,1080.0,training_familiar,42
un_un,un -> un,0,naive,Naive,0,novel,Novel Image,2,occlusion,Occluded,1,1085.0,0.03788135200738907,1005.0,1125.0,1050.0,1080.0,training_familiar,42
un_un,un -> un,0,naive,Naive,0,novel,Novel Image,2,occlusion,Occluded,1,1086.0,0.035987284034490585,1005.0,1125.0,1050.0,1080.0,training_familiar,42
un_un,un -> un,0,naive,Naive,0,novel,Novel Image,2,occlusion,Occluded,1,1087.0,0.0341879203915596,1005.0,1125.0,1050.0,1080.0,training_familiar,42
un_un,un -> un,0,naive,Naive,0,novel,Novel Image,2,occlusion,Occluded,1,1088.0,0.03247852250933647,1005.0,1125.0,1050.0,1080.0,training_familiar,42
un_un,un -> un,0,naive,Naive,0,novel,Novel Image,2,occlusion,Occluded,1,1089.0,0.031108079478144646,1005.0,1125.0,1050.0,1080.0,training_familiar,42
un_un,un -> un,0,naive,Naive,0,novel,Novel Image,2,occlusion,Occluded,1,1090.0,0.03502504155039787,1005.0,1125.0,1050.0,1080.0,training_familiar,42
un_un,un -> un,0,naive,Naive,0,novel,Novel Image,2,occlusion,Occluded,1,1091.0,0.03742597624659538,1005.0,1125.0,1050.0,1080.0,training_familiar,42
un_un,un -> un,0,naive,Naive,0,novel,Novel Image,2,occlusion,Occluded,1,1092.0,0.044983286410570145,1005.0,1125.0,1050.0,1080.0,training_familiar,42
un_un,un -> un,0,naive,Naive,0,novel,Novel Image,2,occlusion,Occluded,1,1093.0,0.04273412004113197,1005.0,1125.0,1050.0,1080.0,training_familiar,42
un_un,un -> un,0,naive,Naive,0,novel,Novel Image,2,occlusion,Occluded,1,1094.0,0.04059741273522377,1005.0,1125.0,1050.0,1080.0,training_familiar,42
un_un,un -> un,0,naive,Naive,0,novel,Novel Image,2,occlusion,Occluded,1,1095.0,0.04323073476552963,1005.0,1125.0,1050.0,1080.0,training_familiar,42
un_un,un -> un,0,naive,Naive,0,novel,Novel Image,2,occlusion,Occluded,1,1096.0,0.04106919839978218,1005.0,1125.0,1050.0,1080.0,training_familiar,42
un_un,un -> un,0,naive,Naive,0,novel,Novel Image,2,occlusion,Occluded,1,1097.0,0.03901573643088341,1005.0,1125.0,1050.0,1080.0,training_familiar,42
un_un,un -> un,0,naive,Naive,0,novel,Novel Image,2,occlusion,Occluded,1,1098.0,0.03706495091319084,1005.0,1125.0,1050.0,1080.0,training_familiar,42
un_un,un -> un,0,naive,Naive,0,novel,Novel Image,2,occlusion,Occluded,1,1099.0,0.035211704671382904,1005.0,1125.0,1050.0,1080.0,training_familiar,42
un_un,un -> un,0,naive,Naive,0,novel,Novel Image,2,occlusion,Occluded,1,1100.0,0.040271639823913574,1005.0,1125.0,1050.0,1080.0,training_familiar,42
un_un,un -> un,0,naive,Naive,0,novel,Novel Image,2,occlusion,Occluded,1,1101.0,0.042542923241853714,1005.0,1125.0,1050.0,1080.0,training_familiar,42
un_un,un -> un,0,naive,Naive,0,novel,Novel Image,2,occlusion,Occluded,1,1102.0,0.04097354784607887,1005.0,1125.0,1050.0,1080.0,training_familiar,42
un_un,un -> un,0,naive,Naive,0,novel,Novel Image,2,occlusion,Occluded,1,1103.0,0.038924869149923325,1005.0,1125.0,1050.0,1080.0,training_familiar,42
un_un,un -> un,0,naive,Naive,0,novel,Novel Image,2,occlusion,Occluded,1,1104.0,0.036978624761104584,1005.0,1125.0,1050.0,1080.0,training_familiar,42
un_un,un -> un,0,naive,Naive,0,novel,Novel Image,2,occlusion,Occluded,1,1105.0,0.036131881177425385,1005.0,1125.0,1050.0,1080.0,training_familiar,42
un_un,un -> un,0,naive,Naive,0,novel,Novel Image,2,occlusion,Occluded,1,1106.0,0.036452703177928925,1005.0,1125.0,1050.0,1080.0,training_familiar,42
un_un,un -> un,0,naive,Naive,0,novel,Novel Image,2,occlusion,Occluded,1,1107.0,0.03463006764650345,1005.0,1125.0,1050.0,1080.0,training_familiar,42
un_un,un -> un,0,naive,Naive,0,novel,Novel Image,2,occlusion,Occluded,1,1108.0,0.045521192252635956,1005.0,1125.0,1050.0,1080.0,training_familiar,42
un_un,un -> un,0,naive,Naive,0,novel,Novel Image,2,occlusion,Occluded,1,1109.0,0.043679144233465195,1005.0,1125.0,1050.0,1080.0,training_familiar,42
un_un,un -> un,0,naive,Naive,0,novel,Novel Image,2,occlusion,Occluded,1,1110.0,0.0414951853454113,1005.0,1125.0,1050.0,1080.0,training_familiar,42
un_un,un -> un,0,naive,Naive,0,novel,Novel Image,2,occlusion,Occluded,1,1111.0,0.04036461189389229,1005.0,1125.0,1050.0,1080.0,training_familiar,42
un_un,un -> un,0,naive,Naive,0,novel,Novel Image,2,occlusion,Occluded,1,1112.0,0.03834637999534607,1005.0,1125.0,1050.0,1080.0,training_familiar,42
un_un,un -> un,0,naive,Naive,0,novel,Novel Image,2,occlusion,Occluded,1,1113.0,0.03681594133377075,1005.0,1125.0,1050.0,1080.0,training_familiar,42
un_un,un -> un,0,naive,Naive,0,novel,Novel Image,2,occlusion,Occluded,1,1114.0,0.034975145012140274,1005.0,1125.0,1050.0,1080.0,training_familiar,42
un_un,un -> un,0,naive,Naive,0,novel,Novel Image,2,occlusion,Occluded,1,1115.0,0.0387667641043663,1005.0,1125.0,1050.0,1080.0,training_familiar,42
un_un,un -> un,0,naive,Naive,0,novel,Novel Image,2,occlusion,Occluded,1,1116.0,0.03955146297812462,1005.0,1125.0,1050.0,1080.0,training_familiar,42
un_un,un -> un,0,naive,Naive,0,novel,Novel Image,2,occlusion,Occluded,1,1117.0,0.03757388889789581,1005.0,1125.0,1050.0,1080.0,training_familiar,42
un_un,un -> un,0,naive,Naive,0,novel,Novel Image,2,occlusion,Occluded,1,1118.0,0.03796007111668587,1005.0,1125.0,1050.0,1080.0,training_familiar,42
un_un,un -> un,0,naive,Naive,0,novel,Novel Image,2,occlusion,Occluded,1,1119.0,0.03606206551194191,1005.0,1125.0,1050.0,1080.0,training_familiar,42
un_un,un -> un,0,naive,Naive,0,novel,Novel Image,2,occlusion,Occluded,1,1120.0,0.03425896167755127,1005.0,1125.0,1050.0,1080.0,training_familiar,42
un_un,un -> un,0,naive,Naive,0,novel,Novel Image,2,occlusion,Occluded,1,1121.0,0.03736580163240433,1005.0,1125.0,1050.0,1080.0,training_familiar,42
un_un,un -> un,0,naive,Naive,0,novel,Novel Image,2,occlusion,Occluded,1,1122.0,0.035625532269477844,1005.0,1125.0,1050.0,1080.0,training_familiar,42
un_un,un -> un,0,naive,Naive,0,novel,Novel Image,2,occlusion,Occluded,1,1123.0,0.03384425491094589,1005.0,1125.0,1050.0,1080.0,training_familiar,42
un_un,un -> un,0,naive,Naive,0,novel,Novel Image,2,occlusion,Occluded,1,1124.0,0.03215204179286957,1005.0,1125.0,1050.0,1080.0,training_familiar,42
un_un,un -> un,0,expert,Expert,1,familiar_1,Familiar 1,0,full,Nonoccluded,0,1006.0,0.024279434233903885,1005.0,1125.0,1050.0,1080.0,training_familiar,42
un_un,un -> un,0,expert,Expert,1,familiar_1,Familiar 1,0,full,Nonoccluded,0,1007.0,0.02625141479074955,1005.0,1125.0,1050.0,1080.0,training_familiar,42
un_un,un -> un,0,expert,Expert,1,familiar_1,Familiar 1,0,full,Nonoccluded,0,1008.0,0.02493884414434433,1005.0,1125.0,1050.0,1080.0,training_familiar,42
un_un,un -> un,0,expert,Expert,1,familiar_1,Familiar 1,0,full,Nonoccluded,0,1009.0,0.02555769309401512,1005.0,1125.0,1050.0,1080.0,training_familiar,42
un_un,un -> un,0,expert,Expert,1,familiar_1,Familiar 1,0,full,Nonoccluded,0,1010.0,0.02427980862557888,1005.0,1125.0,1050.0,1080.0,training_familiar,42
un_un,un -> un,0,expert,Expert,1,familiar_1,Familiar 1,0,full,Nonoccluded,0,1011.0,0.02306581847369671,1005.0,1125.0,1050.0,1080.0,training_familiar,42
un_un,un -> un,0,expert,Expert,1,familiar_1,Familiar 1,0,full,Nonoccluded,0,1012.0,0.02780739776790142,1005.0,1125.0,1050.0,1080.0,training_familiar,42
un_un,un -> un,0,expert,Expert,1,familiar_1,Familiar 1,0,full,Nonoccluded,0,1013.0,0.026417028158903122,1005.0,1125.0,1050.0,1080.0,training_familiar,42
un_un,un -> un,0,expert,Expert,1,familiar_1,Familiar 1,0,full,Nonoccluded,0,1014.0,0.029453637078404427,1005.0,1125.0,1050.0,1080.0,training_familiar,42
un_un,un -> un,0,expert,Expert,1,familiar_1,Familiar 1,0,full,Nonoccluded,0,1015.0,0.03038151003420353,1005.0,1125.0,1050.0,1080.0,training_familiar,42
un_un,un -> un,0,expert,Expert,1,familiar_1,Familiar 1,0,full,Nonoccluded,0,1016.0,0.029054982587695122,1005.0,1125.0,1050.0,1080.0,training_familiar,42
un_un,un -> un,0,expert,Expert,1,familiar_1,Familiar 1,0,full,Nonoccluded,0,1017.0,0.032532911747694016,1005.0,1125.0,1050.0,1080.0,training_familiar,42
un_un,un -> un,0,expert,Expert,1,familiar_1,Familiar 1,0,full,Nonoccluded,0,1018.0,0.031882211565971375,1005.0,1125.0,1050.0,1080.0,training_familiar,42
un_un,un -> un,0,expert,Expert,1,familiar_1,Familiar 1,0,full,Nonoccluded,0,1019.0,0.03255802020430565,1005.0,1125.0,1050.0,1080.0,training_familiar,42
un_un,un -> un,0,expert,Expert,1,familiar_1,Familiar 1,0,full,Nonoccluded,0,1020.0,0.036401890218257904,1005.0,1125.0,1050.0,1080.0,training_familiar,42
un_un,un -> un,0,expert,Expert,1,familiar_1,Familiar 1,0,full,Nonoccluded,0,1021.0,0.04018685594201088,1005.0,1125.0,1050.0,1080.0,training_familiar,42
un_un,un -> un,0,expert,Expert,1,familiar_1,Familiar 1,0,full,Nonoccluded,0,1022.0,0.04053150489926338,1005.0,1125.0,1050.0,1080.0,training_familiar,42
un_un,un -> un,0,expert,Expert,1,familiar_1,Familiar 1,0,full,Nonoccluded,0,1023.0,0.03850492835044861,1005.0,1125.0,1050.0,1080.0,training_familiar,42
un_un,un -> un,0,expert,Expert,1,familiar_1,Familiar 1,0,full,Nonoccluded,0,1024.0,0.036579679697752,1005.0,1125.0,1050.0,1080.0,training_familiar,42
un_un,un -> un,0,expert,Expert,1,familiar_1,Familiar 1,0,full,Nonoccluded,0,1025.0,0.03611449524760246,1005.0,1125.0,1050.0,1080.0,training_familiar,42
un_un,un -> un,0,expert,Expert,1,familiar_1,Familiar 1,0,full,Nonoccluded,0,1026.0,0.040905408561229706,1005.0,1125.0,1050.0,1080.0,training_familiar,42
un_un,un -> un,0,expert,Expert,1,familiar_1,Familiar 1,0,full,Nonoccluded,0,1027.0,0.040681056678295135,1005.0,1125.0,1050.0,1080.0,training_familiar,42
un_un,un -> un,0,expert,Expert,1,familiar_1,Familiar 1,0,full,Nonoccluded,0,1028.0,0.03864700347185135,1005.0,1125.0,1050.0,1080.0,training_familiar,42
un_un,un -> un,0,expert,Expert,1,familiar_1,Familiar 1,0,full,Nonoccluded,0,1029.0,0.0486469641327858,1005.0,1125.0,1050.0,1080.0,training_familiar,42
un_un,un -> un,0,expert,Expert,1,familiar_1,Familiar 1,0,full,Nonoccluded,0,1030.0,0.04621461406350136,1005.0,1125.0,1050.0,1080.0,training_familiar,42
un_un,un -> un,0,expert,Expert,1,familiar_1,Familiar 1,0,full,Nonoccluded,0,1031.0,0.0463314987719059,1005.0,1125.0,1050.0,1080.0,training_familiar,42
un_un,un -> un,0,expert,Expert,1,familiar_1,Familiar 1,0,full,Nonoccluded,0,1032.0,0.04401492327451706,1005.0,1125.0,1050.0,1080.0,training_familiar,42
un_un,un -> un,0,expert,Expert,1,familiar_1,Familiar 1,0,full,Nonoccluded,0,1033.0,0.04185142368078232,1005.0,1125.0,1050.0,1080.0,training_familiar,42
un_un,un -> un,0,expert,Expert,1,familiar_1,Familiar 1,0,full,Nonoccluded,0,1034.0,0.03975885361433029,1005.0,1125.0,1050.0,1080.0,training_familiar,42
un_un,un -> un,0,expert,Expert,1,familiar_1,Familiar 1,0,full,Nonoccluded,0,1035.0,0.03777091205120087,1005.0,1125.0,1050.0,1080.0,training_familiar,42
un_un,un -> un,0,expert,Expert,1,familiar_1,Familiar 1,0,full,Nonoccluded,0,1036.0,0.035882364958524704,1005.0,1125.0,1050.0,1080.0,training_familiar,42
un_un,un -> un,0,expert,Expert,1,familiar_1,Familiar 1,0,full,Nonoccluded,0,1037.0,0.0356394499540329,1005.0,1125.0,1050.0,1080.0,training_familiar,42
un_un,un -> un,0,expert,Expert,1,familiar_1,Familiar 1,0,full,Nonoccluded,0,1038.0,0.038888100534677505,1005.0,1125.0,1050.0,1080.0,training_familiar,42
un_un,un -> un,0,expert,Expert,1,familiar_1,Familiar 1,0,full,Nonoccluded,0,1039.0,0.036943696439266205,1005.0,1125.0,1050.0,1080.0,training_familiar,42
un_un,un -> un,0,expert,Expert,1,familiar_1,Familiar 1,0,full,Nonoccluded,0,1040.0,0.038379017263650894,1005.0,1125.0,1050.0,1080.0,training_familiar,42
un_un,un -> un,0,expert,Expert,1,familiar_1,Familiar 1,0,full,Nonoccluded,0,1041.0,0.03826674073934555,1005.0,1125.0,1050.0,1080.0,training_familiar,42
un_un,un -> un,0,expert,Expert,1,familiar_1,Familiar 1,0,full,Nonoccluded,0,1042.0,0.036353401839733124,1005.0,1125.0,1050.0,1080.0,training_familiar,42
un_un,un -> un,0,expert,Expert,1,familiar_1,Familiar 1,0,full,Nonoccluded,0,1043.0,0.0345357321202755,1005.0,1125.0,1050.0,1080.0,training_familiar,42
un_un,un -> un,0,expert,Expert,1,familiar_1,Familiar 1,0,full,Nonoccluded,0,1044.0,0.03280894458293915,1005.0,1125.0,1050.0,1080.0,training_familiar,42
un_un,un -> un,0,expert,Expert,1,familiar_1,Familiar 1,0,full,Nonoccluded,0,1045.0,0.0311684962362051,1005.0,1125.0,1050.0,1080.0,training_familiar,42
un_un,un -> un,0,expert,Expert,1,familiar_1,Familiar 1,0,full,Nonoccluded,0,1046.0,0.02972915954887867,1005.0,1125.0,1050.0,1080.0,training_familiar,42
un_un,un -> un,0,expert,Expert,1,familiar_1,Familiar 1,0,full,Nonoccluded,0,1047.0,0.028242701664566994,1005.0,1125.0,1050.0,1080.0,training_familiar,42
un_un,un -> un,0,expert,Expert,1,familiar_1,Familiar 1,0,full,Nonoccluded,0,1048.0,0.03572406619787216,1005.0,1125.0,1050.0,1080.0,training_familiar,42
un_un,un -> un,0,expert,Expert,1,familiar_1,Familiar 1,0,full,Nonoccluded,0,1049.0,0.03393786400556564,1005.0,1125.0,1050.0,1080.0,training_familiar,42
un_un,un -> un,0,expert,Expert,1,familiar_1,Familiar 1,0,full,Nonoccluded,0,1050.0,0.03224097192287445,1005.0,1125.0,1050.0,1080.0,training_familiar,42
un_un,un -> un,0,expert,Expert,1,familiar_1,Familiar 1,0,full,Nonoccluded,0,1051.0,0.030628923326730728,1005.0,1125.0,1050.0,1080.0,training_familiar,42
un_un,un -> un,0,expert,Expert,1,familiar_1,Familiar 1,0,full,Nonoccluded,0,1052.0,0.029097476974129677,1005.0,1125.0,1050.0,1080.0,training_familiar,42
un_un,un -> un,0,expert,Expert,1,familiar_1,Familiar 1,0,full,Nonoccluded,0,1053.0,0.02764260210096836,1005.0,1125.0,1050.0,1080.0,training_familiar,42
un_un,un -> un,0,expert,Expert,1,familiar_1,Familiar 1,0,full,Nonoccluded,0,1054.0,0.02626047097146511,1005.0,1125.0,1050.0,1080.0,training_familiar,42
un_un,un -> un,0,expert,Expert,1,familiar_1,Familiar 1,0,full,Nonoccluded,0,1055.0,0.024947447702288628,1005.0,1125.0,1050.0,1080.0,training_familiar,42
un_un,un -> un,0,expert,Expert,1,familiar_1,Familiar 1,0,full,Nonoccluded,0,1056.0,0.02370007522404194,1005.0,1125.0,1050.0,1080.0,training_familiar,42
un_un,un -> un,0,expert,Expert,1,familiar_1,Familiar 1,0,full,Nonoccluded,0,1057.0,0.0225150715559721,1005.0,1125.0,1050.0,1080.0,training_familiar,42
un_un,un -> un,0,expert,Expert,1,familiar_1,Familiar 1,0,full,Nonoccluded,0,1058.0,0.021389318630099297,1005.0,1125.0,1050.0,1080.0,training_familiar,42
un_un,un -> un,0,expert,Expert,1,familiar_1,Familiar 1,0,full,Nonoccluded,0,1059.0,0.020319852977991104,1005.0,1125.0,1050.0,1080.0,training_familiar,42
un_un,un -> un,0,expert,Expert,1,familiar_1,Familiar 1,0,full,Nonoccluded,0,1060.0,0.019303860142827034,1005.0,1125.0,1050.0,1080.0,training_familiar,42
un_un,un -> un,0,expert,Expert,1,familiar_1,Familiar 1,0,full,Nonoccluded,0,1061.0,0.01833866722881794,1005.0,1125.0,1050.0,1080.0,training_familiar,42
un_un,un -> un,0,expert,Expert,1,familiar_1,Familiar 1,0,full,Nonoccluded,0,1062.0,0.01742173358798027,1005.0,1125.0,1050.0,1080.0,training_familiar,42
un_un,un -> un,0,expert,Expert,1,familiar_1,Familiar 1,0,full,Nonoccluded,0,1063.0,0.016550647094845772,1005.0,1125.0,1050.0,1080.0,training_familiar,42
un_un,un -> un,0,expert,Expert,1,familiar_1,Familiar 1,0,full,Nonoccluded,0,1064.0,0.01572311483323574,1005.0,1125.0,1050.0,1080.0,training_familiar,42
un_un,un -> un,0,expert,Expert,1,familiar_1,Familiar 1,0,full,Nonoccluded,0,1065.0,0.014936958439648151,1005.0,1125.0,1050.0,1080.0,training_familiar,42
un_un,un -> un,0,expert,Expert,1,familiar_1,Familiar 1,0,full,Nonoccluded,0,1066.0,0.014190110377967358,1005.0,1125.0,1050.0,1080.0,training_familiar,42
un_un,un -> un,0,expert,Expert,1,familiar_1,Familiar 1,0,full,Nonoccluded,0,1067.0,0.013480604626238346,1005.0,1125.0,1050.0,1080.0,training_familiar,42
un_un,un -> un,0,expert,Expert,1,familiar_1,Familiar 1,0,full,Nonoccluded,0,1068.0,0.012806573882699013,1005.0,1125.0,1050.0,1080.0,training_familiar,42
un_un,un -> un,0,expert,Expert,1,familiar_1,Familiar 1,0,full,Nonoccluded,0,1069.0,0.01216624490916729,1005.0,1125.0,1050.0,1080.0,training_familiar,42
un_un,un -> un,0,expert,Expert,1,familiar_1,Familiar 1,0,full,Nonoccluded,0,1070.0,0.011557932943105698,1005.0,1125.0,1050.0,1080.0,training_familiar,42
un_un,un -> un,0,expert,Expert,1,familiar_1,Familiar 1,0,full,Nonoccluded,0,1071.0,0.010980036109685898,1005.0,1125.0,1050.0,1080.0,training_familiar,42
un_un,un -> un,0,expert,Expert,1,familiar_1,Familiar 1,0,full,Nonoccluded,0,1072.0,0.010431034490466118,1005.0,1125.0,1050.0,1080.0,training_familiar,42
un_un,un -> un,0,expert,Expert,1,familiar_1,Familiar 1,0,full,Nonoccluded,0,1073.0,0.009909482672810555,1005.0,1125.0,1050.0,1080.0,training_familiar,42
un_un,un -> un,0,expert,Expert,1,familiar_1,Familiar 1,0,full,Nonoccluded,0,1074.0,0.0094140088185668,1005.0,1125.0,1050.0,1080.0,training_familiar,42
un_un,un -> un,0,expert,Expert,1,familiar_1,Familiar 1,0,full,Nonoccluded,0,1075.0,0.008943308144807816,1005.0,1125.0,1050.0,1080.0,training_familiar,42
un_un,un -> un,0,expert,Expert,1,familiar_1,Familiar 1,0,full,Nonoccluded,0,1076.0,0.00849614292383194,1005.0,1125.0,1050.0,1080.0,training_familiar,42
un_un,un -> un,0,expert,Expert,1,familiar_1,Familiar 1,0,full,Nonoccluded,0,1077.0,0.008071335963904858,1005.0,1125.0,1050.0,1080.0,training_familiar,42
un_un,un -> un,0,expert,Expert,1,familiar_1,Familiar 1,0,full,Nonoccluded,0,1078.0,0.0076677692122757435,1005.0,1125.0,1050.0,1080.0,training_familiar,42
un_un,un -> un,0,expert,Expert,1,familiar_1,Familiar 1,0,full,Nonoccluded,0,1079.0,0.007284380495548248,1005.0,1125.0,1050.0,1080.0,training_familiar,42
un_un,un -> un,0,expert,Expert,1,familiar_1,Familiar 1,0,full,Nonoccluded,0,1080.0,0.0069201611913740635,1005.0,1125.0,1050.0,1080.0,training_familiar,42
un_un,un -> un,0,expert,Expert,1,familiar_1,Familiar 1,0,full,Nonoccluded,0,1081.0,0.00657415296882391,1005.0,1125.0,1050.0,1080.0,training_familiar,42
un_un,un -> un,0,expert,Expert,1,familiar_1,Familiar 1,0,full,Nonoccluded,0,1082.0,0.009635282680392265,1005.0,1125.0,1050.0,1080.0,training_familiar,42
un_un,un -> un,0,expert,Expert,1,familiar_1,Familiar 1,0,full,Nonoccluded,0,1083.0,0.012940710410475731,1005.0,1125.0,1050.0,1080.0,training_familiar,42
un_un,un -> un,0,expert,Expert,1,familiar_1,Familiar 1,0,full,Nonoccluded,0,1084.0,0.016655221581459045,1005.0,1125.0,1050.0,1080.0,training_familiar,42
un_un,un -> un,0,expert,Expert,1,familiar_1,Familiar 1,0,full,Nonoccluded,0,1085.0,0.015822460874915123,1005.0,1125.0,1050.0,1080.0,training_familiar,42
un_un,un -> un,0,expert,Expert,1,familiar_1,Familiar 1,0,full,Nonoccluded,0,1086.0,0.020833350718021393,1005.0,1125.0,1050.0,1080.0,training_familiar,42
un_un,un -> un,0,expert,Expert,1,familiar_1,Familiar 1,0,full,Nonoccluded,0,1087.0,0.0265942569822073,1005.0,1125.0,1050.0,1080.0,training_familiar,42
un_un,un -> un,0,expert,Expert,1,familiar_1,Familiar 1,0,full,Nonoccluded,0,1088.0,0.03081032633781433,1005.0,1125.0,1050.0,1080.0,training_familiar,42
un_un,un -> un,0,expert,Expert,1,familiar_1,Familiar 1,0,full,Nonoccluded,0,1089.0,0.029905134811997414,1005.0,1125.0,1050.0,1080.0,training_familiar,42
un_un,un -> un,0,expert,Expert,1,familiar_1,Familiar 1,0,full,Nonoccluded,0,1090.0,0.02840987779200077,1005.0,1125.0,1050.0,1080.0,training_familiar,42
un_un,un -> un,0,expert,Expert,1,familiar_1,Familiar 1,0,full,Nonoccluded,0,1091.0,0.02698938362300396,1005.0,1125.0,1050.0,1080.0,training_familiar,42
un_un,un -> un,0,expert,Expert,1,familiar_1,Familiar 1,0,full,Nonoccluded,0,1092.0,0.03001534566283226,1005.0,1125.0,1050.0,1080.0,training_familiar,42
un_un,un -> un,0,expert,Expert,1,familiar_1,Familiar 1,0,full,Nonoccluded,0,1093.0,0.02970692701637745,1005.0,1125.0,1050.0,1080.0,training_familiar,42
un_un,un -> un,0,expert,Expert,1,familiar_1,Familiar 1,0,full,Nonoccluded,0,1094.0,0.031109532341361046,1005.0,1125.0,1050.0,1080.0,training_familiar,42
un_un,un -> un,0,expert,Expert,1,familiar_1,Familiar 1,0,full,Nonoccluded,0,1095.0,0.03703157231211662,1005.0,1125.0,1050.0,1080.0,training_familiar,42
un_un,un -> un,0,expert,Expert,1,familiar_1,Familiar 1,0,full,Nonoccluded,0,1096.0,0.035179995000362396,1005.0,1125.0,1050.0,1080.0,training_familiar,42
un_un,un -> un,0,expert,Expert,1,familiar_1,Familiar 1,0,full,Nonoccluded,0,1097.0,0.034168653190135956,1005.0,1125.0,1050.0,1080.0,training_familiar,42
un_un,un -> un,0,expert,Expert,1,familiar_1,Familiar 1,0,full,Nonoccluded,0,1098.0,0.03484932333230972,1005.0,1125.0,1050.0,1080.0,training_familiar,42
un_un,un -> un,0,expert,Expert,1,familiar_1,Familiar 1,0,full,Nonoccluded,0,1099.0,0.03310685604810715,1005.0,1125.0,1050.0,1080.0,training_familiar,42
un_un,un -> un,0,expert,Expert,1,familiar_1,Familiar 1,0,full,Nonoccluded,0,1100.0,0.0314515121281147,1005.0,1125.0,1050.0,1080.0,training_familiar,42
un_un,un -> un,0,expert,Expert,1,familiar_1,Familiar 1,0,full,Nonoccluded,0,1101.0,0.03973304107785225,1005.0,1125.0,1050.0,1080.0,training_familiar,42
un_un,un -> un,0,expert,Expert,1,familiar_1,Familiar 1,0,full,Nonoccluded,0,1102.0,0.04224463179707527,1005.0,1125.0,1050.0,1080.0,training_familiar,42
un_un,un -> un,0,expert,Expert,1,familiar_1,Familiar 1,0,full,Nonoccluded,0,1103.0,0.04013239964842796,1005.0,1125.0,1050.0,1080.0,training_familiar,42
un_un,un -> un,0,expert,Expert,1,familiar_1,Familiar 1,0,full,Nonoccluded,0,1104.0,0.041380736976861954,1005.0,1125.0,1050.0,1080.0,training_familiar,42
un_un,un -> un,0,expert,Expert,1,familiar_1,Familiar 1,0,full,Nonoccluded,0,1105.0,0.03931169956922531,1005.0,1125.0,1050.0,1080.0,training_familiar,42
un_un,un -> un,0,expert,Expert,1,familiar_1,Familiar 1,0,full,Nonoccluded,0,1106.0,0.037346113473176956,1005.0,1125.0,1050.0,1080.0,training_familiar,42
un_un,un -> un,0,expert,Expert,1,familiar_1,Familiar 1,0,full,Nonoccluded,0,1107.0,0.03547880798578262,1005.0,1125.0,1050.0,1080.0,training_familiar,42
un_un,un -> un,0,expert,Expert,1,familiar_1,Familiar 1,0,full,Nonoccluded,0,1108.0,0.038700126111507416,1005.0,1125.0,1050.0,1080.0,training_familiar,42
un_un,un -> un,0,expert,Expert,1,familiar_1,Familiar 1,0,full,Nonoccluded,0,1109.0,0.036765120923519135,1005.0,1125.0,1050.0,1080.0,training_familiar,42
un_un,un -> un,0,expert,Expert,1,familiar_1,Familiar 1,0,full,Nonoccluded,0,1110.0,0.03579233959317207,1005.0,1125.0,1050.0,1080.0,training_familiar,42
un_un,un -> un,0,expert,Expert,1,familiar_1,Familiar 1,0,full,Nonoccluded,0,1111.0,0.034002721309661865,1005.0,1125.0,1050.0,1080.0,training_familiar,42
un_un,un -> un,0,expert,Expert,1,familiar_1,Familiar 1,0,full,Nonoccluded,0,1112.0,0.033704180270433426,1005.0,1125.0,1050.0,1080.0,training_familiar,42
un_un,un -> un,0,expert,Expert,1,familiar_1,Familiar 1,0,full,Nonoccluded,0,1113.0,0.03201897069811821,1005.0,1125.0,1050.0,1080.0,training_familiar,42
un_un,un -> un,0,expert,Expert,1,familiar_1,Familiar 1,0,full,Nonoccluded,0,1114.0,0.0316472165286541,1005.0,1125.0,1050.0,1080.0,training_familiar,42
un_un,un -> un,0,expert,Expert,1,familiar_1,Familiar 1,0,full,Nonoccluded,0,1115.0,0.03006485477089882,1005.0,1125.0,1050.0,1080.0,training_familiar,42
un_un,un -> un,0,expert,Expert,1,familiar_1,Familiar 1,0,full,Nonoccluded,0,1116.0,0.028561612591147423,1005.0,1125.0,1050.0,1080.0,training_familiar,42
un_un,un -> un,0,expert,Expert,1,familiar_1,Familiar 1,0,full,Nonoccluded,0,1117.0,0.027133531868457794,1005.0,1125.0,1050.0,1080.0,training_familiar,42
un_un,un -> un,0,expert,Expert,1,familiar_1,Familiar 1,0,full,Nonoccluded,0,1118.0,0.025776855647563934,1005.0,1125.0,1050.0,1080.0,training_familiar,42
un_un,un -> un,0,expert,Expert,1,familiar_1,Familiar 1,0,full,Nonoccluded,0,1119.0,0.024488013237714767,1005.0,1125.0,1050.0,1080.0,training_familiar,42
un_un,un -> un,0,expert,Expert,1,familiar_1,Familiar 1,0,full,Nonoccluded,0,1120.0,0.023263612762093544,1005.0,1125.0,1050.0,1080.0,training_familiar,42
un_un,un -> un,0,expert,Expert,1,familiar_1,Familiar 1,0,full,Nonoccluded,0,1121.0,0.022100431844592094,1005.0,1125.0,1050.0,1080.0,training_familiar,42
un_un,un -> un,0,expert,Expert,1,familiar_1,Familiar 1,0,full,Nonoccluded,0,1122.0,0.02231753244996071,1005.0,1125.0,1050.0,1080.0,training_familiar,42
un_un,un -> un,0,expert,Expert,1,familiar_1,Familiar 1,0,full,Nonoccluded,0,1123.0,0.02120165526866913,1005.0,1125.0,1050.0,1080.0,training_familiar,42
un_un,un -> un,0,expert,Expert,1,familiar_1,Familiar 1,0,full,Nonoccluded,0,1124.0,0.020141571760177612,1005.0,1125.0,1050.0,1080.0,training_familiar,42
un_un,un -> un,0,expert,Expert,1,familiar_1,Familiar 1,0,occlusion,Occluded,1,1006.0,0.04269808903336525,1005.0,1125.0,1050.0,1080.0,training_familiar,42
un_un,un -> un,0,expert,Expert,1,familiar_1,Familiar 1,0,occlusion,Occluded,1,1007.0,0.0405631847679615,1005.0,1125.0,1050.0,1080.0,training_familiar,42
un_un,un -> un,0,expert,Expert,1,familiar_1,Familiar 1,0,occlusion,Occluded,1,1008.0,0.03853502497076988,1005.0,1125.0,1050.0,1080.0,training_familiar,42
un_un,un -> un,0,expert,Expert,1,familiar_1,Familiar 1,0,occlusion,Occluded,1,1009.0,0.03660827502608299,1005.0,1125.0,1050.0,1080.0,training_familiar,42
un_un,un -> un,0,expert,Expert,1,familiar_1,Familiar 1,0,occlusion,Occluded,1,1010.0,0.035710807889699936,1005.0,1125.0,1050.0,1080.0,training_familiar,42
un_un,un -> un,0,expert,Expert,1,familiar_1,Familiar 1,0,occlusion,Occluded,1,1011.0,0.03822841867804527,1005.0,1125.0,1050.0,1080.0,training_familiar,42
un_un,un -> un,0,expert,Expert,1,familiar_1,Familiar 1,0,occlusion,Occluded,1,1012.0,0.037649329751729965,1005.0,1125.0,1050.0,1080.0,training_familiar,42
un_un,un -> un,0,expert,Expert,1,familiar_1,Familiar 1,0,occlusion,Occluded,1,1013.0,0.035812586545944214,1005.0,1125.0,1050.0,1080.0,training_familiar,42
un_un,un -> un,0,expert,Expert,1,familiar_1,Familiar 1,0,occlusion,Occluded,1,1014.0,0.034021954983472824,1005.0,1125.0,1050.0,1080.0,training_familiar,42
un_un,un -> un,0,expert,Expert,1,familiar_1,Familiar 1,0,occlusion,Occluded,1,1015.0,0.0345744863152504,1005.0,1125.0,1050.0,1080.0,training_familiar,42
un_un,un -> un,0,expert,Expert,1,familiar_1,Familiar 1,0,occlusion,Occluded,1,1016.0,0.04108303040266037,1005.0,1125.0,1050.0,1080.0,training_familiar,42
un_un,un -> un,0,expert,Expert,1,familiar_1,Familiar 1,0,occlusion,Occluded,1,1017.0,0.040904462337493896,1005.0,1125.0,1050.0,1080.0,training_familiar,42
un_un,un -> un,0,expert,Expert,1,familiar_1,Familiar 1,0,occlusion,Occluded,1,1018.0,0.03885923698544502,1005.0,1125.0,1050.0,1080.0,training_familiar,42
un_un,un -> un,0,expert,Expert,1,familiar_1,Familiar 1,0,occlusion,Occluded,1,1019.0,0.03691627457737923,1005.0,1125.0,1050.0,1080.0,training_familiar,42
un_un,un -> un,0,expert,Expert,1,familiar_1,Familiar 1,0,occlusion,Occluded,1,1020.0,0.03507046028971672,1005.0,1125.0,1050.0,1080.0,training_familiar,42
un_un,un -> un,0,expert,Expert,1,familiar_1,Familiar 1,0,occlusion,Occluded,1,1021.0,0.03331693634390831,1005.0,1125.0,1050.0,1080.0,training_familiar,42
un_un,un -> un,0,expert,Expert,1,familiar_1,Familiar 1,0,occlusion,Occluded,1,1022.0,0.03523796424269676,1005.0,1125.0,1050.0,1080.0,training_familiar,42
un_un,un -> un,0,expert,Expert,1,familiar_1,Familiar 1,0,occlusion,Occluded,1,1023.0,0.03347606584429741,1005.0,1125.0,1050.0,1080.0,training_familiar,42
un_un,un -> un,0,expert,Expert,1,familiar_1,Familiar 1,0,occlusion,Occluded,1,1024.0,0.03180226311087608,1005.0,1125.0,1050.0,1080.0,training_familiar,42
un_un,un -> un,0,expert,Expert,1,familiar_1,Familiar 1,0,occlusion,Occluded,1,1025.0,0.036721471697092056,1005.0,1125.0,1050.0,1080.0,training_familiar,42
un_un,un -> un,0,expert,Expert,1,familiar_1,Familiar 1,0,occlusion,Occluded,1,1026.0,0.03488539904356003,1005.0,1125.0,1050.0,1080.0,training_familiar,42
un_un,un -> un,0,expert,Expert,1,familiar_1,Familiar 1,0,occlusion,Occluded,1,1027.0,0.033141128718853,1005.0,1125.0,1050.0,1080.0,training_familiar,42
un_un,un -> un,0,expert,Expert,1,familiar_1,Familiar 1,0,occlusion,Occluded,1,1028.0,0.03148407116532326,1005.0,1125.0,1050.0,1080.0,training_familiar,42
un_un,un -> un,0,expert,Expert,1,familiar_1,Familiar 1,0,occlusion,Occluded,1,1029.0,0.02990986779332161,1005.0,1125.0,1050.0,1080.0,training_familiar,42
un_un,un -> un,0,expert,Expert,1,familiar_1,Familiar 1,0,occlusion,Occluded,1,1030.0,0.03237031027674675,1005.0,1125.0,1050.0,1080.0,training_familiar,42
un_un,un -> un,0,expert,Expert,1,familiar_1,Familiar 1,0,occlusion,Occluded,1,1031.0,0.030751794576644897,1005.0,1125.0,1050.0,1080.0,training_familiar,42
un_un,un -> un,0,expert,Expert,1,familiar_1,Familiar 1,0,occlusion,Occluded,1,1032.0,0.029427483677864075,1005.0,1125.0,1050.0,1080.0,training_familiar,42
un_un,un -> un,0,expert,Expert,1,familiar_1,Familiar 1,0,occlusion,Occluded,1,1033.0,0.02795610949397087,1005.0,1125.0,1050.0,1080.0,training_familiar,42
un_un,un -> un,0,expert,Expert,1,familiar_1,Familiar 1,0,occlusion,Occluded,1,1034.0,0.026558304205536842,1005.0,1125.0,1050.0,1080.0,training_familiar,42
un_un,un -> un,0,expert,Expert,1,familiar_1,Familiar 1,0,occlusion,Occluded,1,1035.0,0.03372221440076828,1005.0,1125.0,1050.0,1080.0,training_familiar,42
un_un,un -> un,0,expert,Expert,1,familiar_1,Familiar 1,0,occlusion,Occluded,1,1036.0,0.034682970494031906,1005.0,1125.0,1050.0,1080.0,training_familiar,42
un_un,un -> un,0,expert,Expert,1,familiar_1,Familiar 1,0,occlusion,Occluded,1,1037.0,0.032948821783065796,1005.0,1125.0,1050.0,1080.0,training_familiar,42
un_un,un -> un,0,expert,Expert,1,familiar_1,Familiar 1,0,occlusion,Occluded,1,1038.0,0.03437667712569237,1005.0,1125.0,1050.0,1080.0,training_familiar,42
un_un,un -> un,0,expert,Expert,1,familiar_1,Familiar 1,0,occlusion,Occluded,1,1039.0,0.040262818336486816,1005.0,1125.0,1050.0,1080.0,training_familiar,42
un_un,un -> un,0,expert,Expert,1,familiar_1,Familiar 1,0,occlusion,Occluded,1,1040.0,0.0413782075047493,1005.0,1125.0,1050.0,1080.0,training_familiar,42
un_un,un -> un,0,expert,Expert,1,familiar_1,Familiar 1,0,occlusion,Occluded,1,1041.0,0.0412760004401207,1005.0,1125.0,1050.0,1080.0,training_familiar,42
un_un,un -> un,0,expert,Expert,1,familiar_1,Familiar 1,0,occlusion,Occluded,1,1042.0,0.03921220079064369,1005.0,1125.0,1050.0,1080.0,training_familiar,42
un_un,un -> un,0,expert,Expert,1,familiar_1,Familiar 1,0,occlusion,Occluded,1,1043.0,0.03725159168243408,1005.0,1125.0,1050.0,1080.0,training_familiar,42
un_un,un -> un,0,expert,Expert,1,familiar_1,Familiar 1,0,occlusion,Occluded,1,1044.0,0.0394490547478199,1005.0,1125.0,1050.0,1080.0,training_familiar,42
un_un,un -> un,0,expert,Expert,1,familiar_1,Familiar 1,0,occlusion,Occluded,1,1045.0,0.04291020333766937,1005.0,1125.0,1050.0,1080.0,training_familiar,42
un_un,un -> un,0,expert,Expert,1,familiar_1,Familiar 1,0,occlusion,Occluded,1,1046.0,0.04836633428931236,1005.0,1125.0,1050.0,1080.0,training_familiar,42
un_un,un -> un,0,expert,Expert,1,familiar_1,Familiar 1,0,occlusion,Occluded,1,1047.0,0.04594801738858223,1005.0,1125.0,1050.0,1080.0,training_familiar,42
un_un,un -> un,0,expert,Expert,1,familiar_1,Familiar 1,0,occlusion,Occluded,1,1048.0,0.04365061596035957,1005.0,1125.0,1050.0,1080.0,training_familiar,42
un_un,un -> un,0,expert,Expert,1,familiar_1,Familiar 1,0,occlusion,Occluded,1,1049.0,0.057235658168792725,1005.0,1125.0,1050.0,1080.0,training_familiar,42
un_un,un -> un,0,expert,Expert,1,familiar_1,Familiar 1,0,occlusion,Occluded,1,1050.0,0.06544199585914612,1005.0,1125.0,1050.0,1080.0,training_familiar,42
un_un,un -> un,0,expert,Expert,1,familiar_1,Familiar 1,0,occlusion,Occluded,1,1051.0,0.06216989457607269,1005.0,1125.0,1050.0,1080.0,training_familiar,42
un_un,un -> un,0,expert,Expert,1,familiar_1,Familiar 1,0,occlusion,Occluded,1,1052.0,0.05906140059232712,1005.0,1125.0,1050.0,1080.0,training_familiar,42
un_un,un -> un,0,expert,Expert,1,familiar_1,Familiar 1,0,occlusion,Occluded,1,1053.0,0.05952586233615875,1005.0,1125.0,1050.0,1080.0,training_familiar,42
un_un,un -> un,0,expert,Expert,1,familiar_1,Familiar 1,0,occlusion,Occluded,1,1054.0,0.056549567729234695,1005.0,1125.0,1050.0,1080.0,training_familiar,42
un_un,un -> un,0,expert,Expert,1,familiar_1,Familiar 1,0,occlusion,Occluded,1,1055.0,0.05981580913066864,1005.0,1125.0,1050.0,1080.0,training_familiar,42
un_un,un -> un,0,expert,Expert,1,familiar_1,Familiar 1,0,occlusion,Occluded,1,1056.0,0.06392000615596771,1005.0,1125.0,1050.0,1080.0,training_familiar,42
un_un,un -> un,0,expert,Expert,1,familiar_1,Familiar 1,0,occlusion,Occluded,1,1057.0,0.06564394384622574,1005.0,1125.0,1050.0,1080.0,training_familiar,42
un_un,un -> un,0,expert,Expert,1,familiar_1,Familiar 1,0,occlusion,Occluded,1,1058.0,0.06322480738162994,1005.0,1125.0,1050.0,1080.0,training_familiar,42
un_un,un -> un,0,expert,Expert,1,familiar_1,Familiar 1,0,occlusion,Occluded,1,1059.0,0.06006356701254845,1005.0,1125.0,1050.0,1080.0,training_familiar,42
un_un,un -> un,0,expert,Expert,1,familiar_1,Familiar 1,0,occlusion,Occluded,1,1060.0,0.05706038698554039,1005.0,1125.0,1050.0,1080.0,training_familiar,42
un_un,un -> un,0,expert,Expert,1,familiar_1,Familiar 1,0,occlusion,Occluded,1,1061.0,0.054207365959882736,1005.0,1125.0,1050.0,1080.0,training_familiar,42
un_un,un -> un,0,expert,Expert,1,familiar_1,Familiar 1,0,occlusion,Occluded,1,1062.0,0.05712902918457985,1005.0,1125.0,1050.0,1080.0,training_familiar,42
un_un,un -> un,0,expert,Expert,1,familiar_1,Familiar 1,0,occlusion,Occluded,1,1063.0,0.05427257716655731,1005.0,1125.0,1050.0,1080.0,training_familiar,42
un_un,un -> un,0,expert,Expert,1,familiar_1,Familiar 1,0,occlusion,Occluded,1,1064.0,0.051558949053287506,1005.0,1125.0,1050.0,1080.0,training_familiar,42
un_un,un -> un,0,expert,Expert,1,familiar_1,Familiar 1,0,occlusion,Occluded,1,1065.0,0.04898099973797798,1005.0,1125.0,1050.0,1080.0,training_familiar,42
un_un,un -> un,0,expert,Expert,1,familiar_1,Familiar 1,0,occlusion,Occluded,1,1066.0,0.04653194919228554,1005.0,1125.0,1050.0,1080.0,training_familiar,42
un_un,un -> un,0,expert,Expert,1,familiar_1,Familiar 1,0,occlusion,Occluded,1,1067.0,0.044205352663993835,1005.0,1125.0,1050.0,1080.0,training_familiar,42
un_un,un -> un,0,expert,Expert,1,familiar_1,Familiar 1,0,occlusion,Occluded,1,1068.0,0.0419950857758522,1005.0,1125.0,1050.0,1080.0,training_familiar,42
un_un,un -> un,0,expert,Expert,1,familiar_1,Familiar 1,0,occlusion,Occluded,1,1069.0,0.039895329624414444,1005.0,1125.0,1050.0,1080.0,training_familiar,42
un_un,un -> un,0,expert,Expert,1,familiar_1,Familiar 1,0,occlusion,Occluded,1,1070.0,0.03790056332945824,1005.0,1125.0,1050.0,1080.0,training_familiar,42
un_un,un -> un,0,expert,Expert,1,familiar_1,Familiar 1,0,occlusion,Occluded,1,1071.0,0.03908216208219528,1005.0,1125.0,1050.0,1080.0,training_familiar,42
un_un,un -> un,0,expert,Expert,1,familiar_1,Familiar 1,0,occlusion,Occluded,1,1072.0,0.04324706271290779,1005.0,1125.0,1050.0,1080.0,training_familiar,42
un_un,un -> un,0,expert,Expert,1,familiar_1,Familiar 1,0,occlusion,Occluded,1,1073.0,0.041084710508584976,1005.0,1125.0,1050.0,1080.0,training_familiar,42
un_un,un -> un,0,expert,Expert,1,familiar_1,Familiar 1,0,occlusion,Occluded,1,1074.0,0.03903047367930412,1005.0,1125.0,1050.0,1080.0,training_familiar,42
un_un,un -> un,0,expert,Expert,1,familiar_1,Familiar 1,0,occlusion,Occluded,1,1075.0,0.03707895055413246,1005.0,1125.0,1050.0,1080.0,training_familiar,42
un_un,un -> un,0,expert,Expert,1,familiar_1,Familiar 1,0,occlusion,Occluded,1,1076.0,0.03522500395774841,1005.0,1125.0,1050.0,1080.0,training_familiar,42
un_un,un -> un,0,expert,Expert,1,familiar_1,Familiar 1,0,occlusion,Occluded,1,1077.0,0.03346375375986099,1005.0,1125.0,1050.0,1080.0,training_familiar,42
un_un,un -> un,0,expert,Expert,1,familiar_1,Familiar 1,0,occlusion,Occluded,1,1078.0,0.03179056569933891,1005.0,1125.0,1050.0,1080.0,training_familiar,42
un_un,un -> un,0,expert,Expert,1,familiar_1,Familiar 1,0,occlusion,Occluded,1,1079.0,0.030201036483049393,1005.0,1125.0,1050.0,1080.0,training_familiar,42
un_un,un -> un,0,expert,Expert,1,familiar_1,Familiar 1,0,occlusion,Occluded,1,1080.0,0.028690984472632408,1005.0,1125.0,1050.0,1080.0,training_familiar,42
un_un,un -> un,0,expert,Expert,1,familiar_1,Familiar 1,0,occlusion,Occluded,1,1081.0,0.03026171587407589,1005.0,1125.0,1050.0,1080.0,training_familiar,42
un_un,un -> un,0,expert,Expert,1,familiar_1,Familiar 1,0,occlusion,Occluded,1,1082.0,0.03277153521776199,1005.0,1125.0,1050.0,1080.0,training_familiar,42
un_un,un -> un,0,expert,Expert,1,familiar_1,Familiar 1,0,occlusion,Occluded,1,1083.0,0.031132958829402924,1005.0,1125.0,1050.0,1080.0,training_familiar,42
un_un,un -> un,0,expert,Expert,1,familiar_1,Familiar 1,0,occlusion,Occluded,1,1084.0,0.029576310887932777,1005.0,1125.0,1050.0,1080.0,training_familiar,42
un_un,un -> un,0,expert,Expert,1,familiar_1,Familiar 1,0,occlusion,Occluded,1,1085.0,0.038237541913986206,1005.0,1125.0,1050.0,1080.0,training_familiar,42
un_un,un -> un,0,expert,Expert,1,familiar_1,Familiar 1,0,occlusion,Occluded,1,1086.0,0.036325663328170776,1005.0,1125.0,1050.0,1080.0,training_familiar,42
un_un,un -> un,0,expert,Expert,1,familiar_1,Familiar 1,0,occlusion,Occluded,1,1087.0,0.04358551278710365,1005.0,1125.0,1050.0,1080.0,training_familiar,42
un_un,un -> un,0,expert,Expert,1,familiar_1,Familiar 1,0,occlusion,Occluded,1,1088.0,0.041406236588954926,1005.0,1125.0,1050.0,1080.0,training_familiar,42
un_un,un -> un,0,expert,Expert,1,familiar_1,Familiar 1,0,occlusion,Occluded,1,1089.0,0.04525056481361389,1005.0,1125.0,1050.0,1080.0,training_familiar,42
un_un,un -> un,0,expert,Expert,1,familiar_1,Familiar 1,0,occlusion,Occluded,1,1090.0,0.05058621987700462,1005.0,1125.0,1050.0,1080.0,training_familiar,42
un_un,un -> un,0,expert,Expert,1,familiar_1,Familiar 1,0,occlusion,Occluded,1,1091.0,0.05314723774790764,1005.0,1125.0,1050.0,1080.0,training_familiar,42
un_un,un -> un,0,expert,Expert,1,familiar_1,Familiar 1,0,occlusion,Occluded,1,1092.0,0.0504898764193058,1005.0,1125.0,1050.0,1080.0,training_familiar,42
un_un,un -> un,0,expert,Expert,1,familiar_1,Familiar 1,0,occlusion,Occluded,1,1093.0,0.05672890692949295,1005.0,1125.0,1050.0,1080.0,training_familiar,42
un_un,un -> un,0,expert,Expert,1,familiar_1,Familiar 1,0,occlusion,Occluded,1,1094.0,0.05857785791158676,1005.0,1125.0,1050.0,1080.0,training_familiar,42
un_un,un -> un,0,expert,Expert,1,familiar_1,Familiar 1,0,occlusion,Occluded,1,1095.0,0.055648963898420334,1005.0,1125.0,1050.0,1080.0,training_familiar,42
un_un,un -> un,0,expert,Expert,1,familiar_1,Familiar 1,0,occlusion,Occluded,1,1096.0,0.05286651477217674,1005.0,1125.0,1050.0,1080.0,training_familiar,42
un_un,un -> un,0,expert,Expert,1,familiar_1,Familiar 1,0,occlusion,Occluded,1,1097.0,0.05022318661212921,1005.0,1125.0,1050.0,1080.0,training_familiar,42
un_un,un -> un,0,expert,Expert,1,familiar_1,Familiar 1,0,occlusion,Occluded,1,1098.0,0.04877571389079094,1005.0,1125.0,1050.0,1080.0,training_familiar,42
un_un,un -> un,0,expert,Expert,1,familiar_1,Familiar 1,0,occlusion,Occluded,1,1099.0,0.05236414447426796,1005.0,1125.0,1050.0,1080.0,training_familiar,42
un_un,un -> un,0,expert,Expert,1,familiar_1,Familiar 1,0,occlusion,Occluded,1,1100.0,0.04974593594670296,1005.0,1125.0,1050.0,1080.0,training_familiar,42
un_un,un -> un,0,expert,Expert,1,familiar_1,Familiar 1,0,occlusion,Occluded,1,1101.0,0.047258637845516205,1005.0,1125.0,1050.0,1080.0,training_familiar,42
un_un,un -> un,0,expert,Expert,1,familiar_1,Familiar 1,0,occlusion,Occluded,1,1102.0,0.046955544501543045,1005.0,1125.0,1050.0,1080.0,training_familiar,42
un_un,un -> un,0,expert,Expert,1,familiar_1,Familiar 1,0,occlusion,Occluded,1,1103.0,0.04460776597261429,1005.0,1125.0,1050.0,1080.0,training_familiar,42
un_un,un -> un,0,expert,Expert,1,familiar_1,Familiar 1,0,occlusion,Occluded,1,1104.0,0.04560494050383568,1005.0,1125.0,1050.0,1080.0,training_familiar,42
un_un,un -> un,0,expert,Expert,1,familiar_1,Familiar 1,0,occlusion,Occluded,1,1105.0,0.04624573141336441,1005.0,1125.0,1050.0,1080.0,training_familiar,42
un_un,un -> un,0,expert,Expert,1,familiar_1,Familiar 1,0,occlusion,Occluded,1,1106.0,0.0439334437251091,1005.0,1125.0,1050.0,1080.0,training_familiar,42
un_un,un -> un,0,expert,Expert,1,familiar_1,Familiar 1,0,occlusion,Occluded,1,1107.0,0.04444899037480354,1005.0,1125.0,1050.0,1080.0,training_familiar,42
un_un,un -> un,0,expert,Expert,1,familiar_1,Familiar 1,0,occlusion,Occluded,1,1108.0,0.04307795688509941,1005.0,1125.0,1050.0,1080.0,training_familiar,42
un_un,un -> un,0,expert,Expert,1,familiar_1,Familiar 1,0,occlusion,Occluded,1,1109.0,0.040924057364463806,1005.0,1125.0,1050.0,1080.0,training_familiar,42
un_un,un -> un,0,expert,Expert,1,familiar_1,Familiar 1,0,occlusion,Occluded,1,1110.0,0.04251035302877426,1005.0,1125.0,1050.0,1080.0,training_familiar,42
un_un,un -> un,0,expert,Expert,1,familiar_1,Familiar 1,0,occlusion,Occluded,1,1111.0,0.044164158403873444,1005.0,1125.0,1050.0,1080.0,training_familiar,42
un_un,un -> un,0,expert,Expert,1,familiar_1,Familiar 1,0,occlusion,Occluded,1,1112.0,0.0483170747756958,1005.0,1125.0,1050.0,1080.0,training_familiar,42
un_un,un -> un,0,expert,Expert,1,familiar_1,Familiar 1,0,occlusion,Occluded,1,1113.0,0.04590122029185295,1005.0,1125.0,1050.0,1080.0,training_familiar,42
un_un,un -> un,0,expert,Expert,1,familiar_1,Familiar 1,0,occlusion,Occluded,1,1114.0,0.0518188513815403,1005.0,1125.0,1050.0,1080.0,training_familiar,42
un_un,un -> un,0,expert,Expert,1,familiar_1,Familiar 1,0,occlusion,Occluded,1,1115.0,0.04922790825366974,1005.0,1125.0,1050.0,1080.0,training_familiar,42
un_un,un -> un,0,expert,Expert,1,familiar_1,Familiar 1,0,occlusion,Occluded,1,1116.0,0.04931922256946564,1005.0,1125.0,1050.0,1080.0,training_familiar,42
un_un,un -> un,0,expert,Expert,1,familiar_1,Familiar 1,0,occlusion,Occluded,1,1117.0,0.046853259205818176,1005.0,1125.0,1050.0,1080.0,training_familiar,42
un_un,un -> un,0,expert,Expert,1,familiar_1,Familiar 1,0,occlusion,Occluded,1,1118.0,0.05241072550415993,1005.0,1125.0,1050.0,1080.0,training_familiar,42
un_un,un -> un,0,expert,Expert,1,familiar_1,Familiar 1,0,occlusion,Occluded,1,1119.0,0.049790188670158386,1005.0,1125.0,1050.0,1080.0,training_familiar,42
un_un,un -> un,0,expert,Expert,1,familiar_1,Familiar 1,0,occlusion,Occluded,1,1120.0,0.04730067774653435,1005.0,1125.0,1050.0,1080.0,training_familiar,42
un_un,un -> un,0,expert,Expert,1,familiar_1,Familiar 1,0,occlusion,Occluded,1,1121.0,0.044935643672943115,1005.0,1125.0,1050.0,1080.0,training_familiar,42
un_un,un -> un,0,expert,Expert,1,familiar_1,Familiar 1,0,occlusion,Occluded,1,1122.0,0.04582170397043228,1005.0,1125.0,1050.0,1080.0,training_familiar,42
un_un,un -> un,0,expert,Expert,1,familiar_1,Familiar 1,0,occlusion,Occluded,1,1123.0,0.04521750658750534,1005.0,1125.0,1050.0,1080.0,training_familiar,42
un_un,un -> un,0,expert,Expert,1,familiar_1,Familiar 1,0,occlusion,Occluded,1,1124.0,0.0429566316306591,1005.0,1125.0,1050.0,1080.0,training_familiar,42
un_un,un -> un,0,expert,Expert,1,familiar_2,Familiar 2,1,full,Nonoccluded,0,1006.0,0.03454350307583809,1005.0,1125.0,1050.0,1080.0,training_familiar,42
un_un,un -> un,0,expert,Expert,1,familiar_2,Familiar 2,1,full,Nonoccluded,0,1007.0,0.0328163281083107,1005.0,1125.0,1050.0,1080.0,training_familiar,42
un_un,un -> un,0,expert,Expert,1,familiar_2,Familiar 2,1,full,Nonoccluded,0,1008.0,0.03786870837211609,1005.0,1125.0,1050.0,1080.0,training_familiar,42
un_un,un -> un,0,expert,Expert,1,familiar_2,Familiar 2,1,full,Nonoccluded,0,1009.0,0.035975273698568344,1005.0,1125.0,1050.0,1080.0,training_familiar,42
un_un,un -> un,0,expert,Expert,1,familiar_2,Familiar 2,1,full,Nonoccluded,0,1010.0,0.03850022330880165,1005.0,1125.0,1050.0,1080.0,training_familiar,42
un_un,un -> un,0,expert,Expert,1,familiar_2,Familiar 2,1,full,Nonoccluded,0,1011.0,0.03657521307468414,1005.0,1125.0,1050.0,1080.0,training_familiar,42
un_un,un -> un,0,expert,Expert,1,familiar_2,Familiar 2,1,full,Nonoccluded,0,1012.0,0.03823239356279373,1005.0,1125.0,1050.0,1080.0,training_familiar,42
un_un,un -> un,0,expert,Expert,1,familiar_2,Familiar 2,1,full,Nonoccluded,0,1013.0,0.03972172737121582,1005.0,1125.0,1050.0,1080.0,training_familiar,42
un_un,un -> un,0,expert,Expert,1,familiar_2,Familiar 2,1,full,Nonoccluded,0,1014.0,0.03773564100265503,1005.0,1125.0,1050.0,1080.0,training_familiar,42
un_un,un -> un,0,expert,Expert,1,familiar_2,Familiar 2,1,full,Nonoccluded,0,1015.0,0.03584885969758034,1005.0,1125.0,1050.0,1080.0,training_familiar,42
un_un,un -> un,0,expert,Expert,1,familiar_2,Familiar 2,1,full,Nonoccluded,0,1016.0,0.034056417644023895,1005.0,1125.0,1050.0,1080.0,training_familiar,42
un_un,un -> un,0,expert,Expert,1,familiar_2,Familiar 2,1,full,Nonoccluded,0,1017.0,0.03420935571193695,1005.0,1125.0,1050.0,1080.0,training_familiar,42
un_un,un -> un,0,expert,Expert,1,familiar_2,Familiar 2,1,full,Nonoccluded,0,1018.0,0.03660732880234718,1005.0,1125.0,1050.0,1080.0,training_familiar,42
un_un,un -> un,0,expert,Expert,1,familiar_2,Familiar 2,1,full,Nonoccluded,0,1019.0,0.04958389326930046,1005.0,1125.0,1050.0,1080.0,training_familiar,42
un_un,un -> un,0,expert,Expert,1,familiar_2,Familiar 2,1,full,Nonoccluded,0,1020.0,0.04710469767451286,1005.0,1125.0,1050.0,1080.0,training_familiar,42
un_un,un -> un,0,expert,Expert,1,familiar_2,Familiar 2,1,full,Nonoccluded,0,1021.0,0.050224509090185165,1005.0,1125.0,1050.0,1080.0,training_familiar,42
un_un,un -> un,0,expert,Expert,1,familiar_2,Familiar 2,1,full,Nonoccluded,0,1022.0,0.05053573101758957,1005.0,1125.0,1050.0,1080.0,training_familiar,42
un_un,un -> un,0,expert,Expert,1,familiar_2,Familiar 2,1,full,Nonoccluded,0,1023.0,0.0502188540995121,1005.0,1125.0,1050.0,1080.0,training_familiar,42
un_un,un -> un,0,expert,Expert,1,familiar_2,Familiar 2,1,full,Nonoccluded,0,1024.0,0.04770791158080101,1005.0,1125.0,1050.0,1080.0,training_familiar,42
un_un,un -> un,0,expert,Expert,1,familiar_2,Familiar 2,1,full,Nonoccluded,0,1025.0,0.045322515070438385,1005.0,1125.0,1050.0,1080.0,training_familiar,42
un_un,un -> un,0,expert,Expert,1,familiar_2,Familiar 2,1,full,Nonoccluded,0,1026.0,0.046419356018304825,1005.0,1125.0,1050.0,1080.0,training_familiar,42
un_un,un -> un,0,expert,Expert,1,familiar_2,Familiar 2,1,full,Nonoccluded,0,1027.0,0.045642685145139694,1005.0,1125.0,1050.0,1080.0,training_familiar,42
un_un,un -> un,0,expert,Expert,1,familiar_2,Familiar 2,1,full,Nonoccluded,0,1028.0,0.04574286937713623,1005.0,1125.0,1050.0,1080.0,training_familiar,42
un_un,un -> un,0,expert,Expert,1,familiar_2,Familiar 2,1,full,Nonoccluded,0,1029.0,0.045864298939704895,1005.0,1125.0,1050.0,1080.0,training_familiar,42
un_un,un -> un,0,expert,Expert,1,familiar_2,Familiar 2,1,full,Nonoccluded,0,1030.0,0.04827222600579262,1005.0,1125.0,1050.0,1080.0,training_familiar,42
un_un,un -> un,0,expert,Expert,1,familiar_2,Familiar 2,1,full,Nonoccluded,0,1031.0,0.04585861414670944,1005.0,1125.0,1050.0,1080.0,training_familiar,42
un_un,un -> un,0,expert,Expert,1,familiar_2,Familiar 2,1,full,Nonoccluded,0,1032.0,0.04356568306684494,1005.0,1125.0,1050.0,1080.0,training_familiar,42
un_un,un -> un,0,expert,Expert,1,familiar_2,Familiar 2,1,full,Nonoccluded,0,1033.0,0.047827452421188354,1005.0,1125.0,1050.0,1080.0,training_familiar,42
un_un,un -> un,0,expert,Expert,1,familiar_2,Familiar 2,1,full,Nonoccluded,0,1034.0,0.045436080545186996,1005.0,1125.0,1050.0,1080.0,training_familiar,42
un_un,un -> un,0,expert,Expert,1,familiar_2,Familiar 2,1,full,Nonoccluded,0,1035.0,0.04316427558660507,1005.0,1125.0,1050.0,1080.0,training_familiar,42
un_un,un -> un,0,expert,Expert,1,familiar_2,Familiar 2,1,full,Nonoccluded,0,1036.0,0.04100606217980385,1005.0,1125.0,1050.0,1080.0,training_familiar,42
un_un,un -> un,0,expert,Expert,1,familiar_2,Familiar 2,1,full,Nonoccluded,0,1037.0,0.03895575925707817,1005.0,1125.0,1050.0,1080.0,training_familiar,42
un_un,un -> un,0,expert,Expert,1,familiar_2,Familiar 2,1,full,Nonoccluded,0,1038.0,0.03700797259807587,1005.0,1125.0,1050.0,1080.0,training_familiar,42
un_un,un -> un,0,expert,Expert,1,familiar_2,Familiar 2,1,full,Nonoccluded,0,1039.0,0.0382227897644043,1005.0,1125.0,1050.0,1080.0,training_familiar,42
un_un,un -> un,0,expert,Expert,1,familiar_2,Familiar 2,1,full,Nonoccluded,0,1040.0,0.037387702614068985,1005.0,1125.0,1050.0,1080.0,training_familiar,42
un_un,un -> un,0,expert,Expert,1,familiar_2,Familiar 2,1,full,Nonoccluded,0,1041.0,0.039468977600336075,1005.0,1125.0,1050.0,1080.0,training_familiar,42
un_un,un -> un,0,expert,Expert,1,familiar_2,Familiar 2,1,full,Nonoccluded,0,1042.0,0.03749552741646767,1005.0,1125.0,1050.0,1080.0,training_familiar,42
un_un,un -> un,0,expert,Expert,1,familiar_2,Familiar 2,1,full,Nonoccluded,0,1043.0,0.03562074899673462,1005.0,1125.0,1050.0,1080.0,training_familiar,42
un_un,un -> un,0,expert,Expert,1,familiar_2,Familiar 2,1,full,Nonoccluded,0,1044.0,0.03383971005678177,1005.0,1125.0,1050.0,1080.0,training_familiar,42
un_un,un -> un,0,expert,Expert,1,familiar_2,Familiar 2,1,full,Nonoccluded,0,1045.0,0.03214772418141365,1005.0,1125.0,1050.0,1080.0,training_familiar,42
un_un,un -> un,0,expert,Expert,1,familiar_2,Familiar 2,1,full,Nonoccluded,0,1046.0,0.04230879992246628,1005.0,1125.0,1050.0,1080.0,training_familiar,42
un_un,un -> un,0,expert,Expert,1,familiar_2,Familiar 2,1,full,Nonoccluded,0,1047.0,0.040193360298871994,1005.0,1125.0,1050.0,1080.0,training_familiar,42
un_un,un -> un,0,expert,Expert,1,familiar_2,Familiar 2,1,full,Nonoccluded,0,1048.0,0.03818369284272194,1005.0,1125.0,1050.0,1080.0,training_familiar,42
un_un,un -> un,0,expert,Expert,1,familiar_2,Familiar 2,1,full,Nonoccluded,0,1049.0,0.0362745076417923,1005.0,1125.0,1050.0,1080.0,training_familiar,42
un_un,un -> un,0,expert,Expert,1,familiar_2,Familiar 2,1,full,Nonoccluded,0,1050.0,0.03446078300476074,1005.0,1125.0,1050.0,1080.0,training_familiar,42
un_un,un -> un,0,expert,Expert,1,familiar_2,Familiar 2,1,full,Nonoccluded,0,1051.0,0.032737743109464645,1005.0,1125.0,1050.0,1080.0,training_familiar,42
un_un,un -> un,0,expert,Expert,1,familiar_2,Familiar 2,1,full,Nonoccluded,0,1052.0,0.031100856140255928,1005.0,1125.0,1050.0,1080.0,training_familiar,42
un_un,un -> un,0,expert,Expert,1,familiar_2,Familiar 2,1,full,Nonoccluded,0,1053.0,0.02954581379890442,1005.0,1125.0,1050.0,1080.0,training_familiar,42
un_un,un -> un,0,expert,Expert,1,familiar_2,Familiar 2,1,full,Nonoccluded,0,1054.0,0.02806852199137211,1005.0,1125.0,1050.0,1080.0,training_familiar,42
un_un,un -> un,0,expert,Expert,1,familiar_2,Familiar 2,1,full,Nonoccluded,0,1055.0,0.0266650952398777,1005.0,1125.0,1050.0,1080.0,training_familiar,42
un_un,un -> un,0,expert,Expert,1,familiar_2,Familiar 2,1,full,Nonoccluded,0,1056.0,0.02533183991909027,1005.0,1125.0,1050.0,1080.0,training_familiar,42
un_un,un -> un,0,expert,Expert,1,familiar_2,Familiar 2,1,full,Nonoccluded,0,1057.0,0.024065246805548668,1005.0,1125.0,1050.0,1080.0,training_familiar,42
un_un,un -> un,0,expert,Expert,1,familiar_2,Familiar 2,1,full,Nonoccluded,0,1058.0,0.022861983627080917,1005.0,1125.0,1050.0,1080.0,training_familiar,42
un_un,un -> un,0,expert,Expert,1,familiar_2,Familiar 2,1,full,Nonoccluded,0,1059.0,0.021718883886933327,1005.0,1125.0,1050.0,1080.0,training_familiar,42
un_un,un -> un,0,expert,Expert,1,familiar_2,Familiar 2,1,full,Nonoccluded,0,1060.0,0.020632939413189888,1005.0,1125.0,1050.0,1080.0,training_familiar,42
un_un,un -> un,0,expert,Expert,1,familiar_2,Familiar 2,1,full,Nonoccluded,0,1061.0,0.01960129290819168,1005.0,1125.0,1050.0,1080.0,training_familiar,42
un_un,un -> un,0,expert,Expert,1,familiar_2,Familiar 2,1,full,Nonoccluded,0,1062.0,0.018621228635311127,1005.0,1125.0,1050.0,1080.0,training_familiar,42
un_un,un -> un,0,expert,Expert,1,familiar_2,Familiar 2,1,full,Nonoccluded,0,1063.0,0.01769016683101654,1005.0,1125.0,1050.0,1080.0,training_familiar,42
un_un,un -> un,0,expert,Expert,1,familiar_2,Familiar 2,1,full,Nonoccluded,0,1064.0,0.016805658116936684,1005.0,1125.0,1050.0,1080.0,training_familiar,42
un_un,un -> un,0,expert,Expert,1,familiar_2,Familiar 2,1,full,Nonoccluded,0,1065.0,0.015965374186635017,1005.0,1125.0,1050.0,1080.0,training_familiar,42
un_un,un -> un,0,expert,Expert,1,familiar_2,Familiar 2,1,full,Nonoccluded,0,1066.0,0.01516710501164198,1005.0,1125.0,1050.0,1080.0,training_familiar,42
un_un,un -> un,0,expert,Expert,1,familiar_2,Familiar 2,1,full,Nonoccluded,0,1067.0,0.014408749528229237,1005.0,1125.0,1050.0,1080.0,training_familiar,42
un_un,un -> un,0,expert,Expert,1,familiar_2,Familiar 2,1,full,Nonoccluded,0,1068.0,0.013688311912119389,1005.0,1125.0,1050.0,1080.0,training_familiar,42
un_un,un -> un,0,expert,Expert,1,familiar_2,Familiar 2,1,full,Nonoccluded,0,1069.0,0.013003895990550518,1005.0,1125.0,1050.0,1080.0,training_familiar,42
un_un,un -> un,0,expert,Expert,1,familiar_2,Familiar 2,1,full,Nonoccluded,0,1070.0,0.012353700585663319,1005.0,1125.0,1050.0,1080.0,training_familiar,42
un_un,un -> un,0,expert,Expert,1,familiar_2,Familiar 2,1,full,Nonoccluded,0,1071.0,0.011736015789210796,1005.0,1125.0,1050.0,1080.0,training_familiar,42
un_un,un -> un,0,expert,Expert,1,familiar_2,Familiar 2,1,full,Nonoccluded,0,1072.0,0.011149214580655098,1005.0,1125.0,1050.0,1080.0,training_familiar,42
un_un,un -> un,0,expert,Expert,1,familiar_2,Familiar 2,1,full,Nonoccluded,0,1073.0,0.010591753758490086,1005.0,1125.0,1050.0,1080.0,training_familiar,42
un_un,un -> un,0,expert,Expert,1,familiar_2,Familiar 2,1,full,Nonoccluded,0,1074.0,0.010062165558338165,1005.0,1125.0,1050.0,1080.0,training_familiar,42
un_un,un -> un,0,expert,Expert,1,familiar_2,Familiar 2,1,full,Nonoccluded,0,1075.0,0.009559056721627712,1005.0,1125.0,1050.0,1080.0,training_familiar,42
un_un,un -> un,0,expert,Expert,1,familiar_2,Familiar 2,1,full,Nonoccluded,0,1076.0,0.009081103838980198,1005.0,1125.0,1050.0,1080.0,training_familiar,42
un_un,un -> un,0,expert,Expert,1,familiar_2,Familiar 2,1,full,Nonoccluded,0,1077.0,0.008627048693597317,1005.0,1125.0,1050.0,1080.0,training_familiar,42
un_un,un -> un,0,expert,Expert,1,familiar_2,Familiar 2,1,full,Nonoccluded,0,1078.0,0.008195696398615837,1005.0,1125.0,1050.0,1080.0,training_familiar,42
un_un,un -> un,0,expert,Expert,1,familiar_2,Familiar 2,1,full,Nonoccluded,0,1079.0,0.007785911671817303,1005.0,1125.0,1050.0,1080.0,training_familiar,42
un_un,un -> un,0,expert,Expert,1,familiar_2,Familiar 2,1,full,Nonoccluded,0,1080.0,0.007396616041660309,1005.0,1125.0,1050.0,1080.0,training_familiar,42
un_un,un -> un,0,expert,Expert,1,familiar_2,Familiar 2,1,full,Nonoccluded,0,1081.0,0.0070267850533127785,1005.0,1125.0,1050.0,1080.0,training_familiar,42
un_un,un -> un,0,expert,Expert,1,familiar_2,Familiar 2,1,full,Nonoccluded,0,1082.0,0.006675445940345526,1005.0,1125.0,1050.0,1080.0,training_familiar,42
un_un,un -> un,0,expert,Expert,1,familiar_2,Familiar 2,1,full,Nonoccluded,0,1083.0,0.00634167343378067,1005.0,1125.0,1050.0,1080.0,training_familiar,42
un_un,un -> un,0,expert,Expert,1,familiar_2,Familiar 2,1,full,Nonoccluded,0,1084.0,0.008470863103866577,1005.0,1125.0,1050.0,1080.0,training_familiar,42
un_un,un -> un,0,expert,Expert,1,familiar_2,Familiar 2,1,full,Nonoccluded,0,1085.0,0.008047319948673248,1005.0,1125.0,1050.0,1080.0,training_familiar,42
un_un,un -> un,0,expert,Expert,1,familiar_2,Familiar 2,1,full,Nonoccluded,0,1086.0,0.008604835718870163,1005.0,1125.0,1050.0,1080.0,training_familiar,42
un_un,un -> un,0,expert,Expert,1,familiar_2,Familiar 2,1,full,Nonoccluded,0,1087.0,0.01166965439915657,1005.0,1125.0,1050.0,1080.0,training_familiar,42
un_un,un -> un,0,expert,Expert,1,familiar_2,Familiar 2,1,full,Nonoccluded,0,1088.0,0.017484858632087708,1005.0,1125.0,1050.0,1080.0,training_familiar,42
un_un,un -> un,0,expert,Expert,1,familiar_2,Familiar 2,1,full,Nonoccluded,0,1089.0,0.018270790576934814,1005.0,1125.0,1050.0,1080.0,training_familiar,42
un_un,un -> un,0,expert,Expert,1,familiar_2,Familiar 2,1,full,Nonoccluded,0,1090.0,0.025735214352607727,1005.0,1125.0,1050.0,1080.0,training_familiar,42
un_un,un -> un,0,expert,Expert,1,familiar_2,Familiar 2,1,full,Nonoccluded,0,1091.0,0.024473875761032104,1005.0,1125.0,1050.0,1080.0,training_familiar,42
un_un,un -> un,0,expert,Expert,1,familiar_2,Familiar 2,1,full,Nonoccluded,0,1092.0,0.03164353221654892,1005.0,1125.0,1050.0,1080.0,training_familiar,42
un_un,un -> un,0,expert,Expert,1,familiar_2,Familiar 2,1,full,Nonoccluded,0,1093.0,0.030061354860663414,1005.0,1125.0,1050.0,1080.0,training_familiar,42
un_un,un -> un,0,expert,Expert,1,familiar_2,Familiar 2,1,full,Nonoccluded,0,1094.0,0.033271823078393936,1005.0,1125.0,1050.0,1080.0,training_familiar,42
un_un,un -> un,0,expert,Expert,1,familiar_2,Familiar 2,1,full,Nonoccluded,0,1095.0,0.035901300609111786,1005.0,1125.0,1050.0,1080.0,training_familiar,42
un_un,un -> un,0,expert,Expert,1,familiar_2,Familiar 2,1,full,Nonoccluded,0,1096.0,0.034106235951185226,1005.0,1125.0,1050.0,1080.0,training_familiar,42
un_un,un -> un,0,expert,Expert,1,familiar_2,Familiar 2,1,full,Nonoccluded,0,1097.0,0.038980092853307724,1005.0,1125.0,1050.0,1080.0,training_familiar,42
un_un,un -> un,0,expert,Expert,1,familiar_2,Familiar 2,1,full,Nonoccluded,0,1098.0,0.03703108802437782,1005.0,1125.0,1050.0,1080.0,training_familiar,42
un_un,un -> un,0,expert,Expert,1,familiar_2,Familiar 2,1,full,Nonoccluded,0,1099.0,0.03517953306436539,1005.0,1125.0,1050.0,1080.0,training_familiar,42
un_un,un -> un,0,expert,Expert,1,familiar_2,Familiar 2,1,full,Nonoccluded,0,1100.0,0.03342055529356003,1005.0,1125.0,1050.0,1080.0,training_familiar,42
un_un,un -> un,0,expert,Expert,1,familiar_2,Familiar 2,1,full,Nonoccluded,0,1101.0,0.03629322722554207,1005.0,1125.0,1050.0,1080.0,training_familiar,42
un_un,un -> un,0,expert,Expert,1,familiar_2,Familiar 2,1,full,Nonoccluded,0,1102.0,0.04503859207034111,1005.0,1125.0,1050.0,1080.0,training_familiar,42
un_un,un -> un,0,expert,Expert,1,familiar_2,Familiar 2,1,full,Nonoccluded,0,1103.0,0.04278666153550148,1005.0,1125.0,1050.0,1080.0,training_familiar,42
un_un,un -> un,0,expert,Expert,1,familiar_2,Familiar 2,1,full,Nonoccluded,0,1104.0,0.045367736369371414,1005.0,1125.0,1050.0,1080.0,training_familiar,42
un_un,un -> un,0,expert,Expert,1,familiar_2,Familiar 2,1,full,Nonoccluded,0,1105.0,0.04952467605471611,1005.0,1125.0,1050.0,1080.0,training_familiar,42
un_un,un -> un,0,expert,Expert,1,familiar_2,Familiar 2,1,full,Nonoccluded,0,1106.0,0.04784681275486946,1005.0,1125.0,1050.0,1080.0,training_familiar,42
un_un,un -> un,0,expert,Expert,1,familiar_2,Familiar 2,1,full,Nonoccluded,0,1107.0,0.05275408923625946,1005.0,1125.0,1050.0,1080.0,training_familiar,42
un_un,un -> un,0,expert,Expert,1,familiar_2,Familiar 2,1,full,Nonoccluded,0,1108.0,0.05011638253927231,1005.0,1125.0,1050.0,1080.0,training_familiar,42
un_un,un -> un,0,expert,Expert,1,familiar_2,Familiar 2,1,full,Nonoccluded,0,1109.0,0.0476105622947216,1005.0,1125.0,1050.0,1080.0,training_familiar,42
un_un,un -> un,0,expert,Expert,1,familiar_2,Familiar 2,1,full,Nonoccluded,0,1110.0,0.04523003473877907,1005.0,1125.0,1050.0,1080.0,training_familiar,42
un_un,un -> un,0,expert,Expert,1,familiar_2,Familiar 2,1,full,Nonoccluded,0,1111.0,0.045448802411556244,1005.0,1125.0,1050.0,1080.0,training_familiar,42
un_un,un -> un,0,expert,Expert,1,familiar_2,Familiar 2,1,full,Nonoccluded,0,1112.0,0.04481258988380432,1005.0,1125.0,1050.0,1080.0,training_familiar,42
un_un,un -> un,0,expert,Expert,1,familiar_2,Familiar 2,1,full,Nonoccluded,0,1113.0,0.04456986486911774,1005.0,1125.0,1050.0,1080.0,training_familiar,42
un_un,un -> un,0,expert,Expert,1,familiar_2,Familiar 2,1,full,Nonoccluded,0,1114.0,0.04234137013554573,1005.0,1125.0,1050.0,1080.0,training_familiar,42
un_un,un -> un,0,expert,Expert,1,familiar_2,Familiar 2,1,full,Nonoccluded,0,1115.0,0.044368449598550797,1005.0,1125.0,1050.0,1080.0,training_familiar,42
un_un,un -> un,0,expert,Expert,1,familiar_2,Familiar 2,1,full,Nonoccluded,0,1116.0,0.04215002804994583,1005.0,1125.0,1050.0,1080.0,training_familiar,42
un_un,un -> un,0,expert,Expert,1,familiar_2,Familiar 2,1,full,Nonoccluded,0,1117.0,0.04147546365857124,1005.0,1125.0,1050.0,1080.0,training_familiar,42
un_un,un -> un,0,expert,Expert,1,familiar_2,Familiar 2,1,full,Nonoccluded,0,1118.0,0.039401691406965256,1005.0,1125.0,1050.0,1080.0,training_familiar,42
un_un,un -> un,0,expert,Expert,1,familiar_2,Familiar 2,1,full,Nonoccluded,0,1119.0,0.04068971425294876,1005.0,1125.0,1050.0,1080.0,training_familiar,42
un_un,un -> un,0,expert,Expert,1,familiar_2,Familiar 2,1,full,Nonoccluded,0,1120.0,0.039996832609176636,1005.0,1125.0,1050.0,1080.0,training_familiar,42
un_un,un -> un,0,expert,Expert,1,familiar_2,Familiar 2,1,full,Nonoccluded,0,1121.0,0.038792796432971954,1005.0,1125.0,1050.0,1080.0,training_familiar,42
un_un,un -> un,0,expert,Expert,1,familiar_2,Familiar 2,1,full,Nonoccluded,0,1122.0,0.03764835372567177,1005.0,1125.0,1050.0,1080.0,training_familiar,42
un_un,un -> un,0,expert,Expert,1,familiar_2,Familiar 2,1,full,Nonoccluded,0,1123.0,0.035765934735536575,1005.0,1125.0,1050.0,1080.0,training_familiar,42
un_un,un -> un,0,expert,Expert,1,familiar_2,Familiar 2,1,full,Nonoccluded,0,1124.0,0.03397763893008232,1005.0,1125.0,1050.0,1080.0,training_familiar,42
un_un,un -> un,0,expert,Expert,1,familiar_2,Familiar 2,1,occlusion,Occluded,1,1006.0,0.04525473341345787,1005.0,1125.0,1050.0,1080.0,training_familiar,42
un_un,un -> un,0,expert,Expert,1,familiar_2,Familiar 2,1,occlusion,Occluded,1,1007.0,0.045870114117860794,1005.0,1125.0,1050.0,1080.0,training_familiar,42
un_un,un -> un,0,expert,Expert,1,familiar_2,Familiar 2,1,occlusion,Occluded,1,1008.0,0.04525955393910408,1005.0,1125.0,1050.0,1080.0,training_familiar,42
un_un,un -> un,0,expert,Expert,1,familiar_2,Familiar 2,1,occlusion,Occluded,1,1009.0,0.04299657419323921,1005.0,1125.0,1050.0,1080.0,training_familiar,42
un_un,un -> un,0,expert,Expert,1,familiar_2,Familiar 2,1,occlusion,Occluded,1,1010.0,0.040846746414899826,1005.0,1125.0,1050.0,1080.0,training_familiar,42
un_un,un -> un,0,expert,Expert,1,familiar_2,Familiar 2,1,occlusion,Occluded,1,1011.0,0.03880440816283226,1005.0,1125.0,1050.0,1080.0,training_familiar,42
un_un,un -> un,0,expert,Expert,1,familiar_2,Familiar 2,1,occlusion,Occluded,1,1012.0,0.04721527546644211,1005.0,1125.0,1050.0,1080.0,training_familiar,42
un_un,un -> un,0,expert,Expert,1,familiar_2,Familiar 2,1,occlusion,Occluded,1,1013.0,0.04485451057553291,1005.0,1125.0,1050.0,1080.0,training_familiar,42
un_un,un -> un,0,expert,Expert,1,familiar_2,Familiar 2,1,occlusion,Occluded,1,1014.0,0.04688447713851929,1005.0,1125.0,1050.0,1080.0,training_familiar,42
un_un,un -> un,0,expert,Expert,1,familiar_2,Familiar 2,1,occlusion,Occluded,1,1015.0,0.04454025253653526,1005.0,1125.0,1050.0,1080.0,training_familiar,42
un_un,un -> un,0,expert,Expert,1,familiar_2,Familiar 2,1,occlusion,Occluded,1,1016.0,0.04419012740254402,1005.0,1125.0,1050.0,1080.0,training_familiar,42
un_un,un -> un,0,expert,Expert,1,familiar_2,Familiar 2,1,occlusion,Occluded,1,1017.0,0.041980620473623276,1005.0,1125.0,1050.0,1080.0,training_familiar,42
un_un,un -> un,0,expert,Expert,1,familiar_2,Familiar 2,1,occlusion,Occluded,1,1018.0,0.04010646045207977,1005.0,1125.0,1050.0,1080.0,training_familiar,42
un_un,un -> un,0,expert,Expert,1,familiar_2,Familiar 2,1,occlusion,Occluded,1,1019.0,0.038101136684417725,1005.0,1125.0,1050.0,1080.0,training_familiar,42
un_un,un -> un,0,expert,Expert,1,familiar_2,Familiar 2,1,occlusion,Occluded,1,1020.0,0.04001544415950775,1005.0,1125.0,1050.0,1080.0,training_familiar,42
un_un,un -> un,0,expert,Expert,1,familiar_2,Familiar 2,1,occlusion,Occluded,1,1021.0,0.04204887896776199,1005.0,1125.0,1050.0,1080.0,training_familiar,42
un_un,un -> un,0,expert,Expert,1,familiar_2,Familiar 2,1,occlusion,Occluded,1,1022.0,0.044613320380449295,1005.0,1125.0,1050.0,1080.0,training_familiar,42
un_un,un -> un,0,expert,Expert,1,familiar_2,Familiar 2,1,occlusion,Occluded,1,1023.0,0.042382653802633286,1005.0,1125.0,1050.0,1080.0,training_familiar,42
un_un,un -> un,0,expert,Expert,1,familiar_2,Familiar 2,1,occlusion,Occluded,1,1024.0,0.040263522416353226,1005.0,1125.0,1050.0,1080.0,training_familiar,42
un_un,un -> un,0,expert,Expert,1,familiar_2,Familiar 2,1,occlusion,Occluded,1,1025.0,0.03825034573674202,1005.0,1125.0,1050.0,1080.0,training_familiar,42
un_un,un -> un,0,expert,Expert,1,familiar_2,Familiar 2,1,occlusion,Occluded,1,1026.0,0.0406913086771965,1005.0,1125.0,1050.0,1080.0,training_familiar,42
un_un,un -> un,0,expert,Expert,1,familiar_2,Familiar 2,1,occlusion,Occluded,1,1027.0,0.046897128224372864,1005.0,1125.0,1050.0,1080.0,training_familiar,42
un_un,un -> un,0,expert,Expert,1,familiar_2,Familiar 2,1,occlusion,Occluded,1,1028.0,0.048123110085725784,1005.0,1125.0,1050.0,1080.0,training_familiar,42
un_un,un -> un,0,expert,Expert,1,familiar_2,Familiar 2,1,occlusion,Occluded,1,1029.0,0.04571695253252983,1005.0,1125.0,1050.0,1080.0,training_familiar,42
un_un,un -> un,0,expert,Expert,1,familiar_2,Familiar 2,1,occlusion,Occluded,1,1030.0,0.043431103229522705,1005.0,1125.0,1050.0,1080.0,training_familiar,42
un_un,un -> un,0,expert,Expert,1,familiar_2,Familiar 2,1,occlusion,Occluded,1,1031.0,0.045722462236881256,1005.0,1125.0,1050.0,1080.0,training_familiar,42
un_un,un -> un,0,expert,Expert,1,familiar_2,Familiar 2,1,occlusion,Occluded,1,1032.0,0.043436337262392044,1005.0,1125.0,1050.0,1080.0,training_familiar,42
un_un,un -> un,0,expert,Expert,1,familiar_2,Familiar 2,1,occlusion,Occluded,1,1033.0,0.04691973328590393,1005.0,1125.0,1050.0,1080.0,training_familiar,42
un_un,un -> un,0,expert,Expert,1,familiar_2,Familiar 2,1,occlusion,Occluded,1,1034.0,0.04991791769862175,1005.0,1125.0,1050.0,1080.0,training_familiar,42
un_un,un -> un,0,expert,Expert,1,familiar_2,Familiar 2,1,occlusion,Occluded,1,1035.0,0.04742202162742615,1005.0,1125.0,1050.0,1080.0,training_familiar,42
un_un,un -> un,0,expert,Expert,1,familiar_2,Familiar 2,1,occlusion,Occluded,1,1036.0,0.04981239140033722,1005.0,1125.0,1050.0,1080.0,training_familiar,42
un_un,un -> un,0,expert,Expert,1,familiar_2,Familiar 2,1,occlusion,Occluded,1,1037.0,0.05001683160662651,1005.0,1125.0,1050.0,1080.0,training_familiar,42
un_un,un -> un,0,expert,Expert,1,familiar_2,Familiar 2,1,occlusion,Occluded,1,1038.0,0.04751598834991455,1005.0,1125.0,1050.0,1080.0,training_familiar,42
un_un,un -> un,0,expert,Expert,1,familiar_2,Familiar 2,1,occlusion,Occluded,1,1039.0,0.048925165086984634,1005.0,1125.0,1050.0,1080.0,training_familiar,42
un_un,un -> un,0,expert,Expert,1,familiar_2,Familiar 2,1,occlusion,Occluded,1,1040.0,0.052242543548345566,1005.0,1125.0,1050.0,1080.0,training_familiar,42
un_un,un -> un,0,expert,Expert,1,familiar_2,Familiar 2,1,occlusion,Occluded,1,1041.0,0.04963041469454765,1005.0,1125.0,1050.0,1080.0,training_familiar,42
un_un,un -> un,0,expert,Expert,1,familiar_2,Familiar 2,1,occlusion,Occluded,1,1042.0,0.050971437245607376,1005.0,1125.0,1050.0,1080.0,training_familiar,42
un_un,un -> un,0,expert,Expert,1,familiar_2,Familiar 2,1,occlusion,Occluded,1,1043.0,0.04939823970198631,1005.0,1125.0,1050.0,1080.0,training_familiar,42
un_un,un -> un,0,expert,Expert,1,familiar_2,Familiar 2,1,occlusion,Occluded,1,1044.0,0.05621324107050896,1005.0,1125.0,1050.0,1080.0,training_familiar,42
un_un,un -> un,0,expert,Expert,1,familiar_2,Familiar 2,1,occlusion,Occluded,1,1045.0,0.0574885793030262,1005.0,1125.0,1050.0,1080.0,training_familiar,42
un_un,un -> un,0,expert,Expert,1,familiar_2,Familiar 2,1,occlusion,Occluded,1,1046.0,0.05754828080534935,1005.0,1125.0,1050.0,1080.0,training_familiar,42
un_un,un -> un,0,expert,Expert,1,familiar_2,Familiar 2,1,occlusion,Occluded,1,1047.0,0.05467086657881737,1005.0,1125.0,1050.0,1080.0,training_familiar,42
un_un,un -> un,0,expert,Expert,1,familiar_2,Familiar 2,1,occlusion,Occluded,1,1048.0,0.055105410516262054,1005.0,1125.0,1050.0,1080.0,training_familiar,42
un_un,un -> un,0,expert,Expert,1,familiar_2,Familiar 2,1,occlusion,Occluded,1,1049.0,0.05527319759130478,1005.0,1125.0,1050.0,1080.0,training_familiar,42
un_un,un -> un,0,expert,Expert,1,familiar_2,Familiar 2,1,occlusion,Occluded,1,1050.0,0.05576125159859657,1005.0,1125.0,1050.0,1080.0,training_familiar,42
un_un,un -> un,0,expert,Expert,1,familiar_2,Familiar 2,1,occlusion,Occluded,1,1051.0,0.0529731884598732,1005.0,1125.0,1050.0,1080.0,training_familiar,42
un_un,un -> un,0,expert,Expert,1,familiar_2,Familiar 2,1,occlusion,Occluded,1,1052.0,0.05032452940940857,1005.0,1125.0,1050.0,1080.0,training_familiar,42
un_un,un -> un,0,expert,Expert,1,familiar_2,Familiar 2,1,occlusion,Occluded,1,1053.0,0.05169547349214554,1005.0,1125.0,1050.0,1080.0,training_familiar,42
un_un,un -> un,0,expert,Expert,1,familiar_2,Familiar 2,1,occlusion,Occluded,1,1054.0,0.04911069944500923,1005.0,1125.0,1050.0,1080.0,training_familiar,42
un_un,un -> un,0,expert,Expert,1,familiar_2,Familiar 2,1,occlusion,Occluded,1,1055.0,0.049559492617845535,1005.0,1125.0,1050.0,1080.0,training_familiar,42
un_un,un -> un,0,expert,Expert,1,familiar_2,Familiar 2,1,occlusion,Occluded,1,1056.0,0.04708151891827583,1005.0,1125.0,1050.0,1080.0,training_familiar,42
un_un,un -> un,0,expert,Expert,1,familiar_2,Familiar 2,1,occlusion,Occluded,1,1057.0,0.04472744092345238,1005.0,1125.0,1050.0,1080.0,training_familiar,42
un_un,un -> un,0,expert,Expert,1,familiar_2,Familiar 2,1,occlusion,Occluded,1,1058.0,0.042491067200899124,1005.0,1125.0,1050.0,1080.0,training_familiar,42
un_un,un -> un,0,expert,Expert,1,familiar_2,Familiar 2,1,occlusion,Occluded,1,1059.0,0.040366511791944504,1005.0,1125.0,1050.0,1080.0,training_familiar,42
un_un,un -> un,0,expert,Expert,1,familiar_2,Familiar 2,1,occlusion,Occluded,1,1060.0,0.048287346959114075,1005.0,1125.0,1050.0,1080.0,training_familiar,42
un_un,un -> un,0,expert,Expert,1,familiar_2,Familiar 2,1,occlusion,Occluded,1,1061.0,0.04587297886610031,1005.0,1125.0,1050.0,1080.0,training_familiar,42
un_un,un -> un,0,expert,Expert,1,familiar_2,Familiar 2,1,occlusion,Occluded,1,1062.0,0.043579328805208206,1005.0,1125.0,1050.0,1080.0,training_familiar,42
un_un,un -> un,0,expert,Expert,1,familiar_2,Familiar 2,1,occlusion,Occluded,1,1063.0,0.04140036180615425,1005.0,1125.0,1050.0,1080.0,training_familiar,42
un_un,un -> un,0,expert,Expert,1,familiar_2,Familiar 2,1,occlusion,Occluded,1,1064.0,0.04478732869029045,1005.0,1125.0,1050.0,1080.0,training_familiar,42
un_un,un -> un,0,expert,Expert,1,familiar_2,Familiar 2,1,occlusion,Occluded,1,1065.0,0.043211501091718674,1005.0,1125.0,1050.0,1080.0,training_familiar,42
un_un,un -> un,0,expert,Expert,1,familiar_2,Familiar 2,1,occlusion,Occluded,1,1066.0,0.041050925850868225,1005.0,1125.0,1050.0,1080.0,training_familiar,42
un_un,un -> un,0,expert,Expert,1,familiar_2,Familiar 2,1,occlusion,Occluded,1,1067.0,0.038998380303382874,1005.0,1125.0,1050.0,1080.0,training_familiar,42
un_un,un -> un,0,expert,Expert,1,familiar_2,Familiar 2,1,occlusion,Occluded,1,1068.0,0.04888562858104706,1005.0,1125.0,1050.0,1080.0,training_familiar,42
un_un,un -> un,0,expert,Expert,1,familiar_2,Familiar 2,1,occlusion,Occluded,1,1069.0,0.049994904547929764,1005.0,1125.0,1050.0,1080.0,training_familiar,42
un_un,un -> un,0,expert,Expert,1,familiar_2,Familiar 2,1,occlusion,Occluded,1,1070.0,0.04749516025185585,1005.0,1125.0,1050.0,1080.0,training_familiar,42
un_un,un -> un,0,expert,Expert,1,familiar_2,Familiar 2,1,occlusion,Occluded,1,1071.0,0.04817016050219536,1005.0,1125.0,1050.0,1080.0,training_familiar,42
un_un,un -> un,0,expert,Expert,1,familiar_2,Familiar 2,1,occlusion,Occluded,1,1072.0,0.045761652290821075,1005.0,1125.0,1050.0,1080.0,training_familiar,42
un_un,un -> un,0,expert,Expert,1,familiar_2,Familiar 2,1,occlusion,Occluded,1,1073.0,0.04347356781363487,1005.0,1125.0,1050.0,1080.0,training_familiar,42
un_un,un -> un,0,expert,Expert,1,familiar_2,Familiar 2,1,occlusion,Occluded,1,1074.0,0.04356761276721954,1005.0,1125.0,1050.0,1080.0,training_familiar,42
un_un,un -> un,0,expert,Expert,1,familiar_2,Familiar 2,1,occlusion,Occluded,1,1075.0,0.041471607983112335,1005.0,1125.0,1050.0,1080.0,training_familiar,42
un_un,un -> un,0,expert,Expert,1,familiar_2,Familiar 2,1,occlusion,Occluded,1,1076.0,0.043463945388793945,1005.0,1125.0,1050.0,1080.0,training_familiar,42
un_un,un -> un,0,expert,Expert,1,familiar_2,Familiar 2,1,occlusion,Occluded,1,1077.0,0.04129074886441231,1005.0,1125.0,1050.0,1080.0,training_familiar,42
un_un,un -> un,0,expert,Expert,1,familiar_2,Familiar 2,1,occlusion,Occluded,1,1078.0,0.03922621160745621,1005.0,1125.0,1050.0,1080.0,training_familiar,42
un_un,un -> un,0,expert,Expert,1,familiar_2,Familiar 2,1,occlusion,Occluded,1,1079.0,0.04908088967204094,1005.0,1125.0,1050.0,1080.0,training_familiar,42
un_un,un -> un,0,expert,Expert,1,familiar_2,Familiar 2,1,occlusion,Occluded,1,1080.0,0.04884660616517067,1005.0,1125.0,1050.0,1080.0,training_familiar,42
un_un,un -> un,0,expert,Expert,1,familiar_2,Familiar 2,1,occlusion,Occluded,1,1081.0,0.04640427604317665,1005.0,1125.0,1050.0,1080.0,training_familiar,42
un_un,un -> un,0,expert,Expert,1,familiar_2,Familiar 2,1,occlusion,Occluded,1,1082.0,0.05739685148000717,1005.0,1125.0,1050.0,1080.0,training_familiar,42
un_un,un -> un,0,expert,Expert,1,familiar_2,Familiar 2,1,occlusion,Occluded,1,1083.0,0.05720052123069763,1005.0,1125.0,1050.0,1080.0,training_familiar,42
un_un,un -> un,0,expert,Expert,1,familiar_2,Familiar 2,1,occlusion,Occluded,1,1084.0,0.05434049293398857,1005.0,1125.0,1050.0,1080.0,training_familiar,42
un_un,un -> un,0,expert,Expert,1,familiar_2,Familiar 2,1,occlusion,Occluded,1,1085.0,0.05296216160058975,1005.0,1125.0,1050.0,1080.0,training_familiar,42
un_un,un -> un,0,expert,Expert,1,familiar_2,Familiar 2,1,occlusion,Occluded,1,1086.0,0.050314053893089294,1005.0,1125.0,1050.0,1080.0,training_familiar,42
un_un,un -> un,0,expert,Expert,1,familiar_2,Familiar 2,1,occlusion,Occluded,1,1087.0,0.04779835045337677,1005.0,1125.0,1050.0,1080.0,training_familiar,42
un_un,un -> un,0,expert,Expert,1,familiar_2,Familiar 2,1,occlusion,Occluded,1,1088.0,0.04540843144059181,1005.0,1125.0,1050.0,1080.0,training_familiar,42
un_un,un -> un,0,expert,Expert,1,familiar_2,Familiar 2,1,occlusion,Occluded,1,1089.0,0.04313800856471062,1005.0,1125.0,1050.0,1080.0,training_familiar,42
un_un,un -> un,0,expert,Expert,1,familiar_2,Familiar 2,1,occlusion,Occluded,1,1090.0,0.05095655471086502,1005.0,1125.0,1050.0,1080.0,training_familiar,42
un_un,un -> un,0,expert,Expert,1,familiar_2,Familiar 2,1,occlusion,Occluded,1,1091.0,0.04840872809290886,1005.0,1125.0,1050.0,1080.0,training_familiar,42
un_un,un -> un,0,expert,Expert,1,familiar_2,Familiar 2,1,occlusion,Occluded,1,1092.0,0.0459882915019989,1005.0,1125.0,1050.0,1080.0,training_familiar,42
un_un,un -> un,0,expert,Expert,1,familiar_2,Familiar 2,1,occlusion,Occluded,1,1093.0,0.04368887469172478,1005.0,1125.0,1050.0,1080.0,training_familiar,42
un_un,un -> un,0,expert,Expert,1,familiar_2,Familiar 2,1,occlusion,Occluded,1,1094.0,0.04551669582724571,1005.0,1125.0,1050.0,1080.0,training_familiar,42
un_un,un -> un,0,expert,Expert,1,familiar_2,Familiar 2,1,occlusion,Occluded,1,1095.0,0.05251191183924675,1005.0,1125.0,1050.0,1080.0,training_familiar,42
un_un,un -> un,0,expert,Expert,1,familiar_2,Familiar 2,1,occlusion,Occluded,1,1096.0,0.055430375039577484,1005.0,1125.0,1050.0,1080.0,training_familiar,42
un_un,un -> un,0,expert,Expert,1,familiar_2,Familiar 2,1,occlusion,Occluded,1,1097.0,0.054911334067583084,1005.0,1125.0,1050.0,1080.0,training_familiar,42
un_un,un -> un,0,expert,Expert,1,familiar_2,Familiar 2,1,occlusion,Occluded,1,1098.0,0.052165765315294266,1005.0,1125.0,1050.0,1080.0,training_familiar,42
un_un,un -> un,0,expert,Expert,1,familiar_2,Familiar 2,1,occlusion,Occluded,1,1099.0,0.04955747723579407,1005.0,1125.0,1050.0,1080.0,training_familiar,42
un_un,un -> un,0,expert,Expert,1,familiar_2,Familiar 2,1,occlusion,Occluded,1,1100.0,0.047079604119062424,1005.0,1125.0,1050.0,1080.0,training_familiar,42
un_un,un -> un,0,expert,Expert,1,familiar_2,Familiar 2,1,occlusion,Occluded,1,1101.0,0.044802915304899216,1005.0,1125.0,1050.0,1080.0,training_familiar,42
un_un,un -> un,0,expert,Expert,1,familiar_2,Familiar 2,1,occlusion,Occluded,1,1102.0,0.04503900185227394,1005.0,1125.0,1050.0,1080.0,training_familiar,42
un_un,un -> un,0,expert,Expert,1,familiar_2,Familiar 2,1,occlusion,Occluded,1,1103.0,0.04278705269098282,1005.0,1125.0,1050.0,1080.0,training_familiar,42
un_un,un -> un,0,expert,Expert,1,familiar_2,Familiar 2,1,occlusion,Occluded,1,1104.0,0.04064770042896271,1005.0,1125.0,1050.0,1080.0,training_familiar,42
un_un,un -> un,0,expert,Expert,1,familiar_2,Familiar 2,1,occlusion,Occluded,1,1105.0,0.047552552074193954,1005.0,1125.0,1050.0,1080.0,training_familiar,42
un_un,un -> un,0,expert,Expert,1,familiar_2,Familiar 2,1,occlusion,Occluded,1,1106.0,0.053168971091508865,1005.0,1125.0,1050.0,1080.0,training_familiar,42
un_un,un -> un,0,expert,Expert,1,familiar_2,Familiar 2,1,occlusion,Occluded,1,1107.0,0.05251890420913696,1005.0,1125.0,1050.0,1080.0,training_familiar,42
un_un,un -> un,0,expert,Expert,1,familiar_2,Familiar 2,1,occlusion,Occluded,1,1108.0,0.049892958253622055,1005.0,1125.0,1050.0,1080.0,training_familiar,42
un_un,un -> un,0,expert,Expert,1,familiar_2,Familiar 2,1,occlusion,Occluded,1,1109.0,0.05328426882624626,1005.0,1125.0,1050.0,1080.0,training_familiar,42
un_un,un -> un,0,expert,Expert,1,familiar_2,Familiar 2,1,occlusion,Occluded,1,1110.0,0.05494916811585426,1005.0,1125.0,1050.0,1080.0,training_familiar,42
un_un,un -> un,0,expert,Expert,1,familiar_2,Familiar 2,1,occlusion,Occluded,1,1111.0,0.052201710641384125,1005.0,1125.0,1050.0,1080.0,training_familiar,42
un_un,un -> un,0,expert,Expert,1,familiar_2,Familiar 2,1,occlusion,Occluded,1,1112.0,0.04959162324666977,1005.0,1125.0,1050.0,1080.0,training_familiar,42
un_un,un -> un,0,expert,Expert,1,familiar_2,Familiar 2,1,occlusion,Occluded,1,1113.0,0.05196771398186684,1005.0,1125.0,1050.0,1080.0,training_familiar,42
un_un,un -> un,0,expert,Expert,1,familiar_2,Familiar 2,1,occlusion,Occluded,1,1114.0,0.05478069186210632,1005.0,1125.0,1050.0,1080.0,training_familiar,42
un_un,un -> un,0,expert,Expert,1,familiar_2,Familiar 2,1,occlusion,Occluded,1,1115.0,0.061157483607530594,1005.0,1125.0,1050.0,1080.0,training_familiar,42
un_un,un -> un,0,expert,Expert,1,familiar_2,Familiar 2,1,occlusion,Occluded,1,1116.0,0.05809960886836052,1005.0,1125.0,1050.0,1080.0,training_familiar,42
un_un,un -> un,0,expert,Expert,1,familiar_2,Familiar 2,1,occlusion,Occluded,1,1117.0,0.05519462749361992,1005.0,1125.0,1050.0,1080.0,training_familiar,42
un_un,un -> un,0,expert,Expert,1,familiar_2,Familiar 2,1,occlusion,Occluded,1,1118.0,0.05444008857011795,1005.0,1125.0,1050.0,1080.0,training_familiar,42
un_un,un -> un,0,expert,Expert,1,familiar_2,Familiar 2,1,occlusion,Occluded,1,1119.0,0.051718082278966904,1005.0,1125.0,1050.0,1080.0,training_familiar,42
un_un,un -> un,0,expert,Expert,1,familiar_2,Familiar 2,1,occlusion,Occluded,1,1120.0,0.056849271059036255,1005.0,1125.0,1050.0,1080.0,training_familiar,42
un_un,un -> un,0,expert,Expert,1,familiar_2,Familiar 2,1,occlusion,Occluded,1,1121.0,0.06380417197942734,1005.0,1125.0,1050.0,1080.0,training_familiar,42
un_un,un -> un,0,expert,Expert,1,familiar_2,Familiar 2,1,occlusion,Occluded,1,1122.0,0.060613963752985,1005.0,1125.0,1050.0,1080.0,training_familiar,42
un_un,un -> un,0,expert,Expert,1,familiar_2,Familiar 2,1,occlusion,Occluded,1,1123.0,0.06539733707904816,1005.0,1125.0,1050.0,1080.0,training_familiar,42
un_un,un -> un,0,expert,Expert,1,familiar_2,Familiar 2,1,occlusion,Occluded,1,1124.0,0.06212747097015381,1005.0,1125.0,1050.0,1080.0,training_familiar,42
un_un,un -> un,0,expert,Expert,1,novel,Novel Image,2,full,Nonoccluded,0,1006.0,0.0414532795548439,1005.0,1125.0,1050.0,1080.0,training_familiar,42
un_un,un -> un,0,expert,Expert,1,novel,Novel Image,2,full,Nonoccluded,0,1007.0,0.04419241100549698,1005.0,1125.0,1050.0,1080.0,training_familiar,42
un_un,un -> un,0,expert,Expert,1,novel,Novel Image,2,full,Nonoccluded,0,1008.0,0.04198278859257698,1005.0,1125.0,1050.0,1080.0,training_familiar,42
un_un,un -> un,0,expert,Expert,1,novel,Novel Image,2,full,Nonoccluded,0,1009.0,0.04427376389503479,1005.0,1125.0,1050.0,1080.0,training_familiar,42
un_un,un -> un,0,expert,Expert,1,novel,Novel Image,2,full,Nonoccluded,0,1010.0,0.04640371352434158,1005.0,1125.0,1050.0,1080.0,training_familiar,42
un_un,un -> un,0,expert,Expert,1,novel,Novel Image,2,full,Nonoccluded,0,1011.0,0.044083528220653534,1005.0,1125.0,1050.0,1080.0,training_familiar,42
un_un,un -> un,0,expert,Expert,1,novel,Novel Image,2,full,Nonoccluded,0,1012.0,0.041964441537857056,1005.0,1125.0,1050.0,1080.0,training_familiar,42
un_un,un -> un,0,expert,Expert,1,novel,Novel Image,2,full,Nonoccluded,0,1013.0,0.04586407542228699,1005.0,1125.0,1050.0,1080.0,training_familiar,42
un_un,un -> un,0,expert,Expert,1,novel,Novel Image,2,full,Nonoccluded,0,1014.0,0.0435708723962307,1005.0,1125.0,1050.0,1080.0,training_familiar,42
un_un,un -> un,0,expert,Expert,1,novel,Novel Image,2,full,Nonoccluded,0,1015.0,0.04139233008027077,1005.0,1125.0,1050.0,1080.0,training_familiar,42
un_un,un -> un,0,expert,Expert,1,novel,Novel Image,2,full,Nonoccluded,0,1016.0,0.041830312460660934,1005.0,1125.0,1050.0,1080.0,training_familiar,42
un_un,un -> un,0,expert,Expert,1,novel,Novel Image,2,full,Nonoccluded,0,1017.0,0.04823910444974899,1005.0,1125.0,1050.0,1080.0,training_familiar,42
un_un,un -> un,0,expert,Expert,1,novel,Novel Image,2,full,Nonoccluded,0,1018.0,0.04582715034484863,1005.0,1125.0,1050.0,1080.0,training_familiar,42
un_un,un -> un,0,expert,Expert,1,novel,Novel Image,2,full,Nonoccluded,0,1019.0,0.04353579133749008,1005.0,1125.0,1050.0,1080.0,training_familiar,42
un_un,un -> un,0,expert,Expert,1,novel,Novel Image,2,full,Nonoccluded,0,1020.0,0.04135899990797043,1005.0,1125.0,1050.0,1080.0,training_familiar,42
un_un,un -> un,0,expert,Expert,1,novel,Novel Image,2,full,Nonoccluded,0,1021.0,0.05134691298007965,1005.0,1125.0,1050.0,1080.0,training_familiar,42
un_un,un -> un,0,expert,Expert,1,novel,Novel Image,2,full,Nonoccluded,0,1022.0,0.048830531537532806,1005.0,1125.0,1050.0,1080.0,training_familiar,42
un_un,un -> un,0,expert,Expert,1,novel,Novel Image,2,full,Nonoccluded,0,1023.0,0.046389006078243256,1005.0,1125.0,1050.0,1080.0,training_familiar,42
un_un,un -> un,0,expert,Expert,1,novel,Novel Image,2,full,Nonoccluded,0,1024.0,0.044069554656744,1005.0,1125.0,1050.0,1080.0,training_familiar,42
un_un,un -> un,0,expert,Expert,1,novel,Novel Image,2,full,Nonoccluded,0,1025.0,0.04186607524752617,1005.0,1125.0,1050.0,1080.0,training_familiar,42
un_un,un -> un,0,expert,Expert,1,novel,Novel Image,2,full,Nonoccluded,0,1026.0,0.039772771298885345,1005.0,1125.0,1050.0,1080.0,training_familiar,42
un_un,un -> un,0,expert,Expert,1,novel,Novel Image,2,full,Nonoccluded,0,1027.0,0.03778413310647011,1005.0,1125.0,1050.0,1080.0,training_familiar,42
un_un,un -> un,0,expert,Expert,1,novel,Novel Image,2,full,Nonoccluded,0,1028.0,0.037184640765190125,1005.0,1125.0,1050.0,1080.0,training_familiar,42
un_un,un -> un,0,expert,Expert,1,novel,Novel Image,2,full,Nonoccluded,0,1029.0,0.03532540798187256,1005.0,1125.0,1050.0,1080.0,training_familiar,42
un_un,un -> un,0,expert,Expert,1,novel,Novel Image,2,full,Nonoccluded,0,1030.0,0.03355913609266281,1005.0,1125.0,1050.0,1080.0,training_familiar,42
un_un,un -> un,0,expert,Expert,1,novel,Novel Image,2,full,Nonoccluded,0,1031.0,0.03858158737421036,1005.0,1125.0,1050.0,1080.0,training_familiar,42
un_un,un -> un,0,expert,Expert,1,novel,Novel Image,2,full,Nonoccluded,0,1032.0,0.04034219682216644,1005.0,1125.0,1050.0,1080.0,training_familiar,42
un_un,un -> un,0,expert,Expert,1,novel,Novel Image,2,full,Nonoccluded,0,1033.0,0.03832508623600006,1005.0,1125.0,1050.0,1080.0,training_familiar,42
un_un,un -> un,0,expert,Expert,1,novel,Novel Image,2,full,Nonoccluded,0,1034.0,0.038723547011613846,1005.0,1125.0,1050.0,1080.0,training_familiar,42
un_un,un -> un,0,expert,Expert,1,novel,Novel Image,2,full,Nonoccluded,0,1035.0,0.03678736835718155,1005.0,1125.0,1050.0,1080.0,training_familiar,42
un_un,un -> un,0,expert,Expert,1,novel,Novel Image,2,full,Nonoccluded,0,1036.0,0.04139232262969017,1005.0,1125.0,1050.0,1080.0,training_familiar,42
un_un,un -> un,0,expert,Expert,1,novel,Novel Image,2,full,Nonoccluded,0,1037.0,0.04021845757961273,1005.0,1125.0,1050.0,1080.0,training_familiar,42
un_un,un -> un,0,expert,Expert,1,novel,Novel Image,2,full,Nonoccluded,0,1038.0,0.038207534700632095,1005.0,1125.0,1050.0,1080.0,training_familiar,42
un_un,un -> un,0,expert,Expert,1,novel,Novel Image,2,full,Nonoccluded,0,1039.0,0.036297157406806946,1005.0,1125.0,1050.0,1080.0,training_familiar,42
un_un,un -> un,0,expert,Expert,1,novel,Novel Image,2,full,Nonoccluded,0,1040.0,0.04020223021507263,1005.0,1125.0,1050.0,1080.0,training_familiar,42
un_un,un -> un,0,expert,Expert,1,novel,Novel Image,2,full,Nonoccluded,0,1041.0,0.03819211944937706,1005.0,1125.0,1050.0,1080.0,training_familiar,42
un_un,un -> un,0,expert,Expert,1,novel,Novel Image,2,full,Nonoccluded,0,1042.0,0.03675917163491249,1005.0,1125.0,1050.0,1080.0,training_familiar,42
un_un,un -> un,0,expert,Expert,1,novel,Novel Image,2,full,Nonoccluded,0,1043.0,0.03492121398448944,1005.0,1125.0,1050.0,1080.0,training_familiar,42
un_un,un -> un,0,expert,Expert,1,novel,Novel Image,2,full,Nonoccluded,0,1044.0,0.03319336846470833,1005.0,1125.0,1050.0,1080.0,training_familiar,42
un_un,un -> un,0,expert,Expert,1,novel,Novel Image,2,full,Nonoccluded,0,1045.0,0.03750637173652649,1005.0,1125.0,1050.0,1080.0,training_familiar,42
un_un,un -> un,0,expert,Expert,1,novel,Novel Image,2,full,Nonoccluded,0,1046.0,0.035631053149700165,1005.0,1125.0,1050.0,1080.0,training_familiar,42
un_un,un -> un,0,expert,Expert,1,novel,Novel Image,2,full,Nonoccluded,0,1047.0,0.03384950011968613,1005.0,1125.0,1050.0,1080.0,training_familiar,42
un_un,un -> un,0,expert,Expert,1,novel,Novel Image,2,full,Nonoccluded,0,1048.0,0.036400433629751205,1005.0,1125.0,1050.0,1080.0,training_familiar,42
un_un,un -> un,0,expert,Expert,1,novel,Novel Image,2,full,Nonoccluded,0,1049.0,0.045063626021146774,1005.0,1125.0,1050.0,1080.0,training_familiar,42
un_un,un -> un,0,expert,Expert,1,novel,Novel Image,2,full,Nonoccluded,0,1050.0,0.0429842509329319,1005.0,1125.0,1050.0,1080.0,training_familiar,42
un_un,un -> un,0,expert,Expert,1,novel,Novel Image,2,full,Nonoccluded,0,1051.0,0.04083503782749176,1005.0,1125.0,1050.0,1080.0,training_familiar,42
un_un,un -> un,0,expert,Expert,1,novel,Novel Image,2,full,Nonoccluded,0,1052.0,0.03879328444600105,1005.0,1125.0,1050.0,1080.0,training_familiar,42
un_un,un -> un,0,expert,Expert,1,novel,Novel Image,2,full,Nonoccluded,0,1053.0,0.036853618919849396,1005.0,1125.0,1050.0,1080.0,training_familiar,42
un_un,un -> un,0,expert,Expert,1,novel,Novel Image,2,full,Nonoccluded,0,1054.0,0.035010937601327896,1005.0,1125.0,1050.0,1080.0,training_familiar,42
un_un,un -> un,0,expert,Expert,1,novel,Novel Image,2,full,Nonoccluded,0,1055.0,0.03326039016246796,1005.0,1125.0,1050.0,1080.0,training_familiar,42
un_un,un -> un,0,expert,Expert,1,novel,Novel Image,2,full,Nonoccluded,0,1056.0,0.03159736841917038,1005.0,1125.0,1050.0,1080.0,training_familiar,42
un_un,un -> un,0,expert,Expert,1,novel,Novel Image,2,full,Nonoccluded,0,1057.0,0.03001749888062477,1005.0,1125.0,1050.0,1080.0,training_familiar,42
un_un,un -> un,0,expert,Expert,1,novel,Novel Image,2,full,Nonoccluded,0,1058.0,0.028516624122858047,1005.0,1125.0,1050.0,1080.0,training_familiar,42
un_un,un -> un,0,expert,Expert,1,novel,Novel Image,2,full,Nonoccluded,0,1059.0,0.02709079347550869,1005.0,1125.0,1050.0,1080.0,training_familiar,42
un_un,un -> un,0,expert,Expert,1,novel,Novel Image,2,full,Nonoccluded,0,1060.0,0.025736253708600998,1005.0,1125.0,1050.0,1080.0,training_familiar,42
un_un,un -> un,0,expert,Expert,1,novel,Novel Image,2,full,Nonoccluded,0,1061.0,0.024449441581964493,1005.0,1125.0,1050.0,1080.0,training_familiar,42
un_un,un -> un,0,expert,Expert,1,novel,Novel Image,2,full,Nonoccluded,0,1062.0,0.023226968944072723,1005.0,1125.0,1050.0,1080.0,training_familiar,42
un_un,un -> un,0,expert,Expert,1,novel,Novel Image,2,full,Nonoccluded,0,1063.0,0.022065620869398117,1005.0,1125.0,1050.0,1080.0,training_familiar,42
un_un,un -> un,0,expert,Expert,1,novel,Novel Image,2,full,Nonoccluded,0,1064.0,0.020962338894605637,1005.0,1125.0,1050.0,1080.0,training_familiar,42
un_un,un -> un,0,expert,Expert,1,novel,Novel Image,2,full,Nonoccluded,0,1065.0,0.01991422101855278,1005.0,1125.0,1050.0,1080.0,training_familiar,42
un_un,un -> un,0,expert,Expert,1,novel,Novel Image,2,full,Nonoccluded,0,1066.0,0.018918510526418686,1005.0,1125.0,1050.0,1080.0,training_familiar,42
un_un,un -> un,0,expert,Expert,1,novel,Novel Image,2,full,Nonoccluded,0,1067.0,0.017972584813833237,1005.0,1125.0,1050.0,1080.0,training_familiar,42
un_un,un -> un,0,expert,Expert,1,novel,Novel Image,2,full,Nonoccluded,0,1068.0,0.01707395538687706,1005.0,1125.0,1050.0,1080.0,training_familiar,42
un_un,un -> un,0,expert,Expert,1,novel,Novel Image,2,full,Nonoccluded,0,1069.0,0.016220256686210632,1005.0,1125.0,1050.0,1080.0,training_familiar,42
un_un,un -> un,0,expert,Expert,1,novel,Novel Image,2,full,Nonoccluded,0,1070.0,0.015409243293106556,1005.0,1125.0,1050.0,1080.0,training_familiar,42
un_un,un -> un,0,expert,Expert,1,novel,Novel Image,2,full,Nonoccluded,0,1071.0,0.014638780616223812,1005.0,1125.0,1050.0,1080.0,training_familiar,42
un_un,un -> un,0,expert,Expert,1,novel,Novel Image,2,full,Nonoccluded,0,1072.0,0.013906841166317463,1005.0,1125.0,1050.0,1080.0,training_familiar,42
un_un,un -> un,0,expert,Expert,1,novel,Novel Image,2,full,Nonoccluded,0,1073.0,0.013211498968303204,1005.0,1125.0,1050.0,1080.0,training_familiar,42
un_un,un -> un,0,expert,Expert,1,novel,Novel Image,2,full,Nonoccluded,0,1074.0,0.012550923973321915,1005.0,1125.0,1050.0,1080.0,training_familiar,42
un_un,un -> un,0,expert,Expert,1,novel,Novel Image,2,full,Nonoccluded,0,1075.0,0.011923377402126789,1005.0,1125.0,1050.0,1080.0,training_familiar,42
un_un,un -> un,0,expert,Expert,1,novel,Novel Image,2,full,Nonoccluded,0,1076.0,0.011327208019793034,1005.0,1125.0,1050.0,1080.0,training_familiar,42
un_un,un -> un,0,expert,Expert,1,novel,Novel Image,2,full,Nonoccluded,0,1077.0,0.010760847479104996,1005.0,1125.0,1050.0,1080.0,training_familiar,42
un_un,un -> un,0,expert,Expert,1,novel,Novel Image,2,full,Nonoccluded,0,1078.0,0.010222804732620716,1005.0,1125.0,1050.0,1080.0,training_familiar,42
un_un,un -> un,0,expert,Expert,1,novel,Novel Image,2,full,Nonoccluded,0,1079.0,0.00971166417002678,1005.0,1125.0,1050.0,1080.0,training_familiar,42
un_un,un -> un,0,expert,Expert,1,novel,Novel Image,2,full,Nonoccluded,0,1080.0,0.00922608096152544,1005.0,1125.0,1050.0,1080.0,training_familiar,42
un_un,un -> un,0,expert,Expert,1,novel,Novel Image,2,full,Nonoccluded,0,1081.0,0.008764776401221752,1005.0,1125.0,1050.0,1080.0,training_familiar,42
un_un,un -> un,0,expert,Expert,1,novel,Novel Image,2,full,Nonoccluded,0,1082.0,0.013660049065947533,1005.0,1125.0,1050.0,1080.0,training_familiar,42
un_un,un -> un,0,expert,Expert,1,novel,Novel Image,2,full,Nonoccluded,0,1083.0,0.012977046892046928,1005.0,1125.0,1050.0,1080.0,training_familiar,42
un_un,un -> un,0,expert,Expert,1,novel,Novel Image,2,full,Nonoccluded,0,1084.0,0.016375433653593063,1005.0,1125.0,1050.0,1080.0,training_familiar,42
un_un,un -> un,0,expert,Expert,1,novel,Novel Image,2,full,Nonoccluded,0,1085.0,0.015556661412119865,1005.0,1125.0,1050.0,1080.0,training_familiar,42
un_un,un -> un,0,expert,Expert,1,novel,Novel Image,2,full,Nonoccluded,0,1086.0,0.014778828248381615,1005.0,1125.0,1050.0,1080.0,training_familiar,42
un_un,un -> un,0,expert,Expert,1,novel,Novel Image,2,full,Nonoccluded,0,1087.0,0.015154280699789524,1005.0,1125.0,1050.0,1080.0,training_familiar,42
un_un,un -> un,0,expert,Expert,1,novel,Novel Image,2,full,Nonoccluded,0,1088.0,0.014396566897630692,1005.0,1125.0,1050.0,1080.0,training_familiar,42
un_un,un -> un,0,expert,Expert,1,novel,Novel Image,2,full,Nonoccluded,0,1089.0,0.018746662884950638,1005.0,1125.0,1050.0,1080.0,training_familiar,42
un_un,un -> un,0,expert,Expert,1,novel,Novel Image,2,full,Nonoccluded,0,1090.0,0.01780932955443859,1005.0,1125.0,1050.0,1080.0,training_familiar,42
un_un,un -> un,0,expert,Expert,1,novel,Novel Image,2,full,Nonoccluded,0,1091.0,0.018728606402873993,1005.0,1125.0,1050.0,1080.0,training_familiar,42
un_un,un -> un,0,expert,Expert,1,novel,Novel Image,2,full,Nonoccluded,0,1092.0,0.028282953426241875,1005.0,1125.0,1050.0,1080.0,training_familiar,42
un_un,un -> un,0,expert,Expert,1,novel,Novel Image,2,full,Nonoccluded,0,1093.0,0.026868805289268494,1005.0,1125.0,1050.0,1080.0,training_familiar,42
un_un,un -> un,0,expert,Expert,1,novel,Novel Image,2,full,Nonoccluded,0,1094.0,0.029794709756970406,1005.0,1125.0,1050.0,1080.0,training_familiar,42
un_un,un -> un,0,expert,Expert,1,novel,Novel Image,2,full,Nonoccluded,0,1095.0,0.034656062722206116,1005.0,1125.0,1050.0,1080.0,training_familiar,42
un_un,un -> un,0,expert,Expert,1,novel,Novel Image,2,full,Nonoccluded,0,1096.0,0.03636147454380989,1005.0,1125.0,1050.0,1080.0,training_familiar,42
un_un,un -> un,0,expert,Expert,1,novel,Novel Image,2,full,Nonoccluded,0,1097.0,0.03454339876770973,1005.0,1125.0,1050.0,1080.0,training_familiar,42
un_un,un -> un,0,expert,Expert,1,novel,Novel Image,2,full,Nonoccluded,0,1098.0,0.03281622752547264,1005.0,1125.0,1050.0,1080.0,training_familiar,42
un_un,un -> un,0,expert,Expert,1,novel,Novel Image,2,full,Nonoccluded,0,1099.0,0.031175415962934494,1005.0,1125.0,1050.0,1080.0,training_familiar,42
un_un,un -> un,0,expert,Expert,1,novel,Novel Image,2,full,Nonoccluded,0,1100.0,0.032439857721328735,1005.0,1125.0,1050.0,1080.0,training_familiar,42
un_un,un -> un,0,expert,Expert,1,novel,Novel Image,2,full,Nonoccluded,0,1101.0,0.031214788556098938,1005.0,1125.0,1050.0,1080.0,training_familiar,42
un_un,un -> un,0,expert,Expert,1,novel,Novel Image,2,full,Nonoccluded,0,1102.0,0.02965404838323593,1005.0,1125.0,1050.0,1080.0,training_familiar,42
un_un,un -> un,0,expert,Expert,1,novel,Novel Image,2,full,Nonoccluded,0,1103.0,0.028171345591545105,1005.0,1125.0,1050.0,1080.0,training_familiar,42
un_un,un -> un,0,expert,Expert,1,novel,Novel Image,2,full,Nonoccluded,0,1104.0,0.029525309801101685,1005.0,1125.0,1050.0,1080.0,training_familiar,42
un_un,un -> un,0,expert,Expert,1,novel,Novel Image,2,full,Nonoccluded,0,1105.0,0.0280490443110466,1005.0,1125.0,1050.0,1080.0,training_familiar,42
un_un,un -> un,0,expert,Expert,1,novel,Novel Image,2,full,Nonoccluded,0,1106.0,0.031127575784921646,1005.0,1125.0,1050.0,1080.0,training_familiar,42
un_un,un -> un,0,expert,Expert,1,novel,Novel Image,2,full,Nonoccluded,0,1107.0,0.02957119606435299,1005.0,1125.0,1050.0,1080.0,training_familiar,42
un_un,un -> un,0,expert,Expert,1,novel,Novel Image,2,full,Nonoccluded,0,1108.0,0.029047437012195587,1005.0,1125.0,1050.0,1080.0,training_familiar,42
un_un,un -> un,0,expert,Expert,1,novel,Novel Image,2,full,Nonoccluded,0,1109.0,0.027595065534114838,1005.0,1125.0,1050.0,1080.0,training_familiar,42
un_un,un -> un,0,expert,Expert,1,novel,Novel Image,2,full,Nonoccluded,0,1110.0,0.02731146104633808,1005.0,1125.0,1050.0,1080.0,training_familiar,42
un_un,un -> un,0,expert,Expert,1,novel,Novel Image,2,full,Nonoccluded,0,1111.0,0.02604561112821102,1005.0,1125.0,1050.0,1080.0,training_familiar,42
un_un,un -> un,0,expert,Expert,1,novel,Novel Image,2,full,Nonoccluded,0,1112.0,0.024743329733610153,1005.0,1125.0,1050.0,1080.0,training_familiar,42
un_un,un -> un,0,expert,Expert,1,novel,Novel Image,2,full,Nonoccluded,0,1113.0,0.0235061626881361,1005.0,1125.0,1050.0,1080.0,training_familiar,42
un_un,un -> un,0,expert,Expert,1,novel,Novel Image,2,full,Nonoccluded,0,1114.0,0.02233085408806801,1005.0,1125.0,1050.0,1080.0,training_familiar,42
un_un,un -> un,0,expert,Expert,1,novel,Novel Image,2,full,Nonoccluded,0,1115.0,0.021214311942458153,1005.0,1125.0,1050.0,1080.0,training_familiar,42
un_un,un -> un,0,expert,Expert,1,novel,Novel Image,2,full,Nonoccluded,0,1116.0,0.02057337760925293,1005.0,1125.0,1050.0,1080.0,training_familiar,42
un_un,un -> un,0,expert,Expert,1,novel,Novel Image,2,full,Nonoccluded,0,1117.0,0.019544707611203194,1005.0,1125.0,1050.0,1080.0,training_familiar,42
un_un,un -> un,0,expert,Expert,1,novel,Novel Image,2,full,Nonoccluded,0,1118.0,0.025060851126909256,1005.0,1125.0,1050.0,1080.0,training_familiar,42
un_un,un -> un,0,expert,Expert,1,novel,Novel Image,2,full,Nonoccluded,0,1119.0,0.030841100960969925,1005.0,1125.0,1050.0,1080.0,training_familiar,42
un_un,un -> un,0,expert,Expert,1,novel,Novel Image,2,full,Nonoccluded,0,1120.0,0.030260199680924416,1005.0,1125.0,1050.0,1080.0,training_familiar,42
un_un,un -> un,0,expert,Expert,1,novel,Novel Image,2,full,Nonoccluded,0,1121.0,0.028747189790010452,1005.0,1125.0,1050.0,1080.0,training_familiar,42
un_un,un -> un,0,expert,Expert,1,novel,Novel Image,2,full,Nonoccluded,0,1122.0,0.027309829369187355,1005.0,1125.0,1050.0,1080.0,training_familiar,42
un_un,un -> un,0,expert,Expert,1,novel,Novel Image,2,full,Nonoccluded,0,1123.0,0.027223533019423485,1005.0,1125.0,1050.0,1080.0,training_familiar,42
un_un,un -> un,0,expert,Expert,1,novel,Novel Image,2,full,Nonoccluded,0,1124.0,0.027741853147745132,1005.0,1125.0,1050.0,1080.0,training_familiar,42
un_un,un -> un,0,expert,Expert,1,novel,Novel Image,2,occlusion,Occluded,1,1006.0,0.03863106295466423,1005.0,1125.0,1050.0,1080.0,training_familiar,42
un_un,un -> un,0,expert,Expert,1,novel,Novel Image,2,occlusion,Occluded,1,1007.0,0.03669951111078262,1005.0,1125.0,1050.0,1080.0,training_familiar,42
un_un,un -> un,0,expert,Expert,1,novel,Novel Image,2,occlusion,Occluded,1,1008.0,0.03486453369259834,1005.0,1125.0,1050.0,1080.0,training_familiar,42
un_un,un -> un,0,expert,Expert,1,novel,Novel Image,2,occlusion,Occluded,1,1009.0,0.03312130644917488,1005.0,1125.0,1050.0,1080.0,training_familiar,42
un_un,un -> un,0,expert,Expert,1,novel,Novel Image,2,occlusion,Occluded,1,1010.0,0.04080716893076897,1005.0,1125.0,1050.0,1080.0,training_familiar,42
un_un,un -> un,0,expert,Expert,1,novel,Novel Image,2,occlusion,Occluded,1,1011.0,0.038766808807849884,1005.0,1125.0,1050.0,1080.0,training_familiar,42
un_un,un -> un,0,expert,Expert,1,novel,Novel Image,2,occlusion,Occluded,1,1012.0,0.03682846948504448,1005.0,1125.0,1050.0,1080.0,training_familiar,42
un_un,un -> un,0,expert,Expert,1,novel,Novel Image,2,occlusion,Occluded,1,1013.0,0.040519390255212784,1005.0,1125.0,1050.0,1080.0,training_familiar,42
un_un,un -> un,0,expert,Expert,1,novel,Novel Image,2,occlusion,Occluded,1,1014.0,0.03849342092871666,1005.0,1125.0,1050.0,1080.0,training_familiar,42
un_un,un -> un,0,expert,Expert,1,novel,Novel Image,2,occlusion,Occluded,1,1015.0,0.04093996435403824,1005.0,1125.0,1050.0,1080.0,training_familiar,42
un_un,un -> un,0,expert,Expert,1,novel,Novel Image,2,occlusion,Occluded,1,1016.0,0.0388929657638073,1005.0,1125.0,1050.0,1080.0,training_familiar,42
un_un,un -> un,0,expert,Expert,1,novel,Novel Image,2,occlusion,Occluded,1,1017.0,0.04348498210310936,1005.0,1125.0,1050.0,1080.0,training_familiar,42
un_un,un -> un,0,expert,Expert,1,novel,Novel Image,2,occlusion,Occluded,1,1018.0,0.048627860844135284,1005.0,1125.0,1050.0,1080.0,training_familiar,42
un_un,un -> un,0,expert,Expert,1,novel,Novel Image,2,occlusion,Occluded,1,1019.0,0.04619646817445755,1005.0,1125.0,1050.0,1080.0,training_familiar,42
un_un,un -> un,0,expert,Expert,1,novel,Novel Image,2,occlusion,Occluded,1,1020.0,0.04388664290308952,1005.0,1125.0,1050.0,1080.0,training_familiar,42
un_un,un -> un,0,expert,Expert,1,novel,Novel Image,2,occlusion,Occluded,1,1021.0,0.04667946323752403,1005.0,1125.0,1050.0,1080.0,training_familiar,42
un_un,un -> un,0,expert,Expert,1,novel,Novel Image,2,occlusion,Occluded,1,1022.0,0.044345490634441376,1005.0,1125.0,1050.0,1080.0,training_familiar,42
un_un,un -> un,0,expert,Expert,1,novel,Novel Image,2,occlusion,Occluded,1,1023.0,0.043461911380290985,1005.0,1125.0,1050.0,1080.0,training_familiar,42
un_un,un -> un,0,expert,Expert,1,novel,Novel Image,2,occlusion,Occluded,1,1024.0,0.047621432691812515,1005.0,1125.0,1050.0,1080.0,training_familiar,42
un_un,un -> un,0,expert,Expert,1,novel,Novel Image,2,occlusion,Occluded,1,1025.0,0.054372914135456085,1005.0,1125.0,1050.0,1080.0,training_familiar,42
un_un,un -> un,0,expert,Expert,1,novel,Novel Image,2,occlusion,Occluded,1,1026.0,0.05165426805615425,1005.0,1125.0,1050.0,1080.0,training_familiar,42
un_un,un -> un,0,expert,Expert,1,novel,Novel Image,2,occlusion,Occluded,1,1027.0,0.05225080996751785,1005.0,1125.0,1050.0,1080.0,training_familiar,42
un_un,un -> un,0,expert,Expert,1,novel,Novel Image,2,occlusion,Occluded,1,1028.0,0.04963826760649681,1005.0,1125.0,1050.0,1080.0,training_familiar,42
un_un,un -> un,0,expert,Expert,1,novel,Novel Image,2,occlusion,Occluded,1,1029.0,0.04779631271958351,1005.0,1125.0,1050.0,1080.0,training_familiar,42
un_un,un -> un,0,expert,Expert,1,novel,Novel Image,2,occlusion,Occluded,1,1030.0,0.04540649801492691,1005.0,1125.0,1050.0,1080.0,training_familiar,42
un_un,un -> un,0,expert,Expert,1,novel,Novel Image,2,occlusion,Occluded,1,1031.0,0.043136171996593475,1005.0,1125.0,1050.0,1080.0,training_familiar,42
un_un,un -> un,0,expert,Expert,1,novel,Novel Image,2,occlusion,Occluded,1,1032.0,0.04097936302423477,1005.0,1125.0,1050.0,1080.0,training_familiar,42
un_un,un -> un,0,expert,Expert,1,novel,Novel Image,2,occlusion,Occluded,1,1033.0,0.038930393755435944,1005.0,1125.0,1050.0,1080.0,training_familiar,42
un_un,un -> un,0,expert,Expert,1,novel,Novel Image,2,occlusion,Occluded,1,1034.0,0.03698387369513512,1005.0,1125.0,1050.0,1080.0,training_familiar,42
un_un,un -> un,0,expert,Expert,1,novel,Novel Image,2,occlusion,Occluded,1,1035.0,0.035134680569171906,1005.0,1125.0,1050.0,1080.0,training_familiar,42
un_un,un -> un,0,expert,Expert,1,novel,Novel Image,2,occlusion,Occluded,1,1036.0,0.03337794542312622,1005.0,1125.0,1050.0,1080.0,training_familiar,42
un_un,un -> un,0,expert,Expert,1,novel,Novel Image,2,occlusion,Occluded,1,1037.0,0.03270215168595314,1005.0,1125.0,1050.0,1080.0,training_familiar,42
un_un,un -> un,0,expert,Expert,1,novel,Novel Image,2,occlusion,Occluded,1,1038.0,0.03301789239048958,1005.0,1125.0,1050.0,1080.0,training_familiar,42
un_un,un -> un,0,expert,Expert,1,novel,Novel Image,2,occlusion,Occluded,1,1039.0,0.03220231831073761,1005.0,1125.0,1050.0,1080.0,training_familiar,42
un_un,un -> un,0,expert,Expert,1,novel,Novel Image,2,occlusion,Occluded,1,1040.0,0.03693751245737076,1005.0,1125.0,1050.0,1080.0,training_familiar,42
un_un,un -> un,0,expert,Expert,1,novel,Novel Image,2,occlusion,Occluded,1,1041.0,0.03821192681789398,1005.0,1125.0,1050.0,1080.0,training_familiar,42
un_un,un -> un,0,expert,Expert,1,novel,Novel Image,2,occlusion,Occluded,1,1042.0,0.04539801925420761,1005.0,1125.0,1050.0,1080.0,training_familiar,42
un_un,un -> un,0,expert,Expert,1,novel,Novel Image,2,occlusion,Occluded,1,1043.0,0.0431281179189682,1005.0,1125.0,1050.0,1080.0,training_familiar,42
un_un,un -> un,0,expert,Expert,1,novel,Novel Image,2,occlusion,Occluded,1,1044.0,0.04097171127796173,1005.0,1125.0,1050.0,1080.0,training_familiar,42
un_un,un -> un,0,expert,Expert,1,novel,Novel Image,2,occlusion,Occluded,1,1045.0,0.04447181150317192,1005.0,1125.0,1050.0,1080.0,training_familiar,42
un_un,un -> un,0,expert,Expert,1,novel,Novel Image,2,occlusion,Occluded,1,1046.0,0.047188762575387955,1005.0,1125.0,1050.0,1080.0,training_familiar,42
un_un,un -> un,0,expert,Expert,1,novel,Novel Image,2,occlusion,Occluded,1,1047.0,0.05615166574716568,1005.0,1125.0,1050.0,1080.0,training_familiar,42
un_un,un -> un,0,expert,Expert,1,novel,Novel Image,2,occlusion,Occluded,1,1048.0,0.05523381754755974,1005.0,1125.0,1050.0,1080.0,training_familiar,42
un_un,un -> un,0,expert,Expert,1,novel,Novel Image,2,occlusion,Occluded,1,1049.0,0.0557982362806797,1005.0,1125.0,1050.0,1080.0,training_familiar,42
un_un,un -> un,0,expert,Expert,1,novel,Novel Image,2,occlusion,Occluded,1,1050.0,0.05300832539796829,1005.0,1125.0,1050.0,1080.0,training_familiar,42
un_un,un -> un,0,expert,Expert,1,novel,Novel Image,2,occlusion,Occluded,1,1051.0,0.051387444138526917,1005.0,1125.0,1050.0,1080.0,training_familiar,42
un_un,un -> un,0,expert,Expert,1,novel,Novel Image,2,occlusion,Occluded,1,1052.0,0.04881807044148445,1005.0,1125.0,1050.0,1080.0,training_familiar,42
un_un,un -> un,0,expert,Expert,1,novel,Novel Image,2,occlusion,Occluded,1,1053.0,0.046377167105674744,1005.0,1125.0,1050.0,1080.0,training_familiar,42
un_un,un -> un,0,expert,Expert,1,novel,Novel Image,2,occlusion,Occluded,1,1054.0,0.04405830800533295,1005.0,1125.0,1050.0,1080.0,training_familiar,42
un_un,un -> un,0,expert,Expert,1,novel,Novel Image,2,occlusion,Occluded,1,1055.0,0.04185539111495018,1005.0,1125.0,1050.0,1080.0,training_familiar,42
un_un,un -> un,0,expert,Expert,1,novel,Novel Image,2,occlusion,Occluded,1,1056.0,0.03976261988282204,1005.0,1125.0,1050.0,1080.0,training_familiar,42
un_un,un -> un,0,expert,Expert,1,novel,Novel Image,2,occlusion,Occluded,1,1057.0,0.03777448832988739,1005.0,1125.0,1050.0,1080.0,training_familiar,42
un_un,un -> un,0,expert,Expert,1,novel,Novel Image,2,occlusion,Occluded,1,1058.0,0.0358857624232769,1005.0,1125.0,1050.0,1080.0,training_familiar,42
un_un,un -> un,0,expert,Expert,1,novel,Novel Image,2,occlusion,Occluded,1,1059.0,0.03409147262573242,1005.0,1125.0,1050.0,1080.0,training_familiar,42
un_un,un -> un,0,expert,Expert,1,novel,Novel Image,2,occlusion,Occluded,1,1060.0,0.0323868989944458,1005.0,1125.0,1050.0,1080.0,training_familiar,42
un_un,un -> un,0,expert,Expert,1,novel,Novel Image,2,occlusion,Occluded,1,1061.0,0.03076755441725254,1005.0,1125.0,1050.0,1080.0,training_familiar,42
un_un,un -> un,0,expert,Expert,1,novel,Novel Image,2,occlusion,Occluded,1,1062.0,0.03410669416189194,1005.0,1125.0,1050.0,1080.0,training_familiar,42
un_un,un -> un,0,expert,Expert,1,novel,Novel Image,2,occlusion,Occluded,1,1063.0,0.03240136057138443,1005.0,1125.0,1050.0,1080.0,training_familiar,42
un_un,un -> un,0,expert,Expert,1,novel,Novel Image,2,occlusion,Occluded,1,1064.0,0.03382612019777298,1005.0,1125.0,1050.0,1080.0,training_familiar,42
un_un,un -> un,0,expert,Expert,1,novel,Novel Image,2,occlusion,Occluded,1,1065.0,0.0324149988591671,1005.0,1125.0,1050.0,1080.0,training_familiar,42
un_un,un -> un,0,expert,Expert,1,novel,Novel Image,2,occlusion,Occluded,1,1066.0,0.038927409797906876,1005.0,1125.0,1050.0,1080.0,training_familiar,42
un_un,un -> un,0,expert,Expert,1,novel,Novel Image,2,occlusion,Occluded,1,1067.0,0.04478893801569939,1005.0,1125.0,1050.0,1080.0,training_familiar,42
un_un,un -> un,0,expert,Expert,1,novel,Novel Image,2,occlusion,Occluded,1,1068.0,0.0425494909286499,1005.0,1125.0,1050.0,1080.0,training_familiar,42
un_un,un -> un,0,expert,Expert,1,novel,Novel Image,2,occlusion,Occluded,1,1069.0,0.04489757865667343,1005.0,1125.0,1050.0,1080.0,training_familiar,42
un_un,un -> un,0,expert,Expert,1,novel,Novel Image,2,occlusion,Occluded,1,1070.0,0.04536193236708641,1005.0,1125.0,1050.0,1080.0,training_familiar,42
un_un,un -> un,0,expert,Expert,1,novel,Novel Image,2,occlusion,Occluded,1,1071.0,0.04889996722340584,1005.0,1125.0,1050.0,1080.0,training_familiar,42
un_un,un -> un,0,expert,Expert,1,novel,Novel Image,2,occlusion,Occluded,1,1072.0,0.04645496979355812,1005.0,1125.0,1050.0,1080.0,training_familiar,42
un_un,un -> un,0,expert,Expert,1,novel,Novel Image,2,occlusion,Occluded,1,1073.0,0.04413222149014473,1005.0,1125.0,1050.0,1080.0,training_familiar,42
un_un,un -> un,0,expert,Expert,1,novel,Novel Image,2,occlusion,Occluded,1,1074.0,0.04192560911178589,1005.0,1125.0,1050.0,1080.0,training_familiar,42
un_un,un -> un,0,expert,Expert,1,novel,Novel Image,2,occlusion,Occluded,1,1075.0,0.039829328656196594,1005.0,1125.0,1050.0,1080.0,training_familiar,42
un_un,un -> un,0,expert,Expert,1,novel,Novel Image,2,occlusion,Occluded,1,1076.0,0.037837862968444824,1005.0,1125.0,1050.0,1080.0,training_familiar,42
un_un,un -> un,0,expert,Expert,1,novel,Novel Image,2,occlusion,Occluded,1,1077.0,0.03594597056508064,1005.0,1125.0,1050.0,1080.0,training_familiar,42
un_un,un -> un,0,expert,Expert,1,novel,Novel Image,2,occlusion,Occluded,1,1078.0,0.034148670732975006,1005.0,1125.0,1050.0,1080.0,training_familiar,42
un_un,un -> un,0,expert,Expert,1,novel,Novel Image,2,occlusion,Occluded,1,1079.0,0.032441236078739166,1005.0,1125.0,1050.0,1080.0,training_familiar,42
un_un,un -> un,0,expert,Expert,1,novel,Novel Image,2,occlusion,Occluded,1,1080.0,0.03773106634616852,1005.0,1125.0,1050.0,1080.0,training_familiar,42
un_un,un -> un,0,expert,Expert,1,novel,Novel Image,2,occlusion,Occluded,1,1081.0,0.04380771145224571,1005.0,1125.0,1050.0,1080.0,training_familiar,42
un_un,un -> un,0,expert,Expert,1,novel,Novel Image,2,occlusion,Occluded,1,1082.0,0.042043182998895645,1005.0,1125.0,1050.0,1080.0,training_familiar,42
un_un,un -> un,0,expert,Expert,1,novel,Novel Image,2,occlusion,Occluded,1,1083.0,0.03994102403521538,1005.0,1125.0,1050.0,1080.0,training_familiar,42
un_un,un -> un,0,expert,Expert,1,novel,Novel Image,2,occlusion,Occluded,1,1084.0,0.03794397413730621,1005.0,1125.0,1050.0,1080.0,training_familiar,42
un_un,un -> un,0,expert,Expert,1,novel,Novel Image,2,occlusion,Occluded,1,1085.0,0.0368153341114521,1005.0,1125.0,1050.0,1080.0,training_familiar,42
un_un,un -> un,0,expert,Expert,1,novel,Novel Image,2,occlusion,Occluded,1,1086.0,0.03497456759214401,1005.0,1125.0,1050.0,1080.0,training_familiar,42
un_un,un -> un,0,expert,Expert,1,novel,Novel Image,2,occlusion,Occluded,1,1087.0,0.04360257089138031,1005.0,1125.0,1050.0,1080.0,training_familiar,42
un_un,un -> un,0,expert,Expert,1,novel,Novel Image,2,occlusion,Occluded,1,1088.0,0.04645109176635742,1005.0,1125.0,1050.0,1080.0,training_familiar,42
un_un,un -> un,0,expert,Expert,1,novel,Novel Image,2,occlusion,Occluded,1,1089.0,0.044713959097862244,1005.0,1125.0,1050.0,1080.0,training_familiar,42
un_un,un -> un,0,expert,Expert,1,novel,Novel Image,2,occlusion,Occluded,1,1090.0,0.04247825965285301,1005.0,1125.0,1050.0,1080.0,training_familiar,42
un_un,un -> un,0,expert,Expert,1,novel,Novel Image,2,occlusion,Occluded,1,1091.0,0.04746182635426521,1005.0,1125.0,1050.0,1080.0,training_familiar,42
un_un,un -> un,0,expert,Expert,1,novel,Novel Image,2,occlusion,Occluded,1,1092.0,0.04883836582303047,1005.0,1125.0,1050.0,1080.0,training_familiar,42
un_un,un -> un,0,expert,Expert,1,novel,Novel Image,2,occlusion,Occluded,1,1093.0,0.046396445482969284,1005.0,1125.0,1050.0,1080.0,training_familiar,42
un_un,un -> un,0,expert,Expert,1,novel,Novel Image,2,occlusion,Occluded,1,1094.0,0.044076621532440186,1005.0,1125.0,1050.0,1080.0,training_familiar,42
un_un,un -> un,0,expert,Expert,1,novel,Novel Image,2,occlusion,Occluded,1,1095.0,0.04672376066446304,1005.0,1125.0,1050.0,1080.0,training_familiar,42
un_un,un -> un,0,expert,Expert,1,novel,Novel Image,2,occlusion,Occluded,1,1096.0,0.054113563150167465,1005.0,1125.0,1050.0,1080.0,training_familiar,42
un_un,un -> un,0,expert,Expert,1,novel,Novel Image,2,occlusion,Occluded,1,1097.0,0.05498822033405304,1005.0,1125.0,1050.0,1080.0,training_familiar,42
un_un,un -> un,0,expert,Expert,1,novel,Novel Image,2,occlusion,Occluded,1,1098.0,0.05223880708217621,1005.0,1125.0,1050.0,1080.0,training_familiar,42
un_un,un -> un,0,expert,Expert,1,novel,Novel Image,2,occlusion,Occluded,1,1099.0,0.058207642287015915,1005.0,1125.0,1050.0,1080.0,training_familiar,42
un_un,un -> un,0,expert,Expert,1,novel,Novel Image,2,occlusion,Occluded,1,1100.0,0.055297259241342545,1005.0,1125.0,1050.0,1080.0,training_familiar,42
un_un,un -> un,0,expert,Expert,1,novel,Novel Image,2,occlusion,Occluded,1,1101.0,0.05253239721059799,1005.0,1125.0,1050.0,1080.0,training_familiar,42
un_un,un -> un,0,expert,Expert,1,novel,Novel Image,2,occlusion,Occluded,1,1102.0,0.04990577697753906,1005.0,1125.0,1050.0,1080.0,training_familiar,42
un_un,un -> un,0,expert,Expert,1,novel,Novel Image,2,occlusion,Occluded,1,1103.0,0.051358964294195175,1005.0,1125.0,1050.0,1080.0,training_familiar,42
un_un,un -> un,0,expert,Expert,1,novel,Novel Image,2,occlusion,Occluded,1,1104.0,0.04879101365804672,1005.0,1125.0,1050.0,1080.0,training_familiar,42
un_un,un -> un,0,expert,Expert,1,novel,Novel Image,2,occlusion,Occluded,1,1105.0,0.05234617739915848,1005.0,1125.0,1050.0,1080.0,training_familiar,42
un_un,un -> un,0,expert,Expert,1,novel,Novel Image,2,occlusion,Occluded,1,1106.0,0.05109792947769165,1005.0,1125.0,1050.0,1080.0,training_familiar,42
un_un,un -> un,0,expert,Expert,1,novel,Novel Image,2,occlusion,Occluded,1,1107.0,0.04854303225874901,1005.0,1125.0,1050.0,1080.0,training_familiar,42
un_un,un -> un,0,expert,Expert,1,novel,Novel Image,2,occlusion,Occluded,1,1108.0,0.052305933088064194,1005.0,1125.0,1050.0,1080.0,training_familiar,42
un_un,un -> un,0,expert,Expert,1,novel,Novel Image,2,occlusion,Occluded,1,1109.0,0.05326416715979576,1005.0,1125.0,1050.0,1080.0,training_familiar,42
un_un,un -> un,0,expert,Expert,1,novel,Novel Image,2,occlusion,Occluded,1,1110.0,0.05591074377298355,1005.0,1125.0,1050.0,1080.0,training_familiar,42
un_un,un -> un,0,expert,Expert,1,novel,Novel Image,2,occlusion,Occluded,1,1111.0,0.05311520770192146,1005.0,1125.0,1050.0,1080.0,training_familiar,42
un_un,un -> un,0,expert,Expert,1,novel,Novel Image,2,occlusion,Occluded,1,1112.0,0.050459448248147964,1005.0,1125.0,1050.0,1080.0,training_familiar,42
un_un,un -> un,0,expert,Expert,1,novel,Novel Image,2,occlusion,Occluded,1,1113.0,0.05000557377934456,1005.0,1125.0,1050.0,1080.0,training_familiar,42
un_un,un -> un,0,expert,Expert,1,novel,Novel Image,2,occlusion,Occluded,1,1114.0,0.0489906370639801,1005.0,1125.0,1050.0,1080.0,training_familiar,42
un_un,un -> un,0,expert,Expert,1,novel,Novel Image,2,occlusion,Occluded,1,1115.0,0.05710018426179886,1005.0,1125.0,1050.0,1080.0,training_familiar,42
un_un,un -> un,0,expert,Expert,1,novel,Novel Image,2,occlusion,Occluded,1,1116.0,0.054245173931121826,1005.0,1125.0,1050.0,1080.0,training_familiar,42
un_un,un -> un,0,expert,Expert,1,novel,Novel Image,2,occlusion,Occluded,1,1117.0,0.051532912999391556,1005.0,1125.0,1050.0,1080.0,training_familiar,42
un_un,un -> un,0,expert,Expert,1,novel,Novel Image,2,occlusion,Occluded,1,1118.0,0.04895626753568649,1005.0,1125.0,1050.0,1080.0,training_familiar,42
un_un,un -> un,0,expert,Expert,1,novel,Novel Image,2,occlusion,Occluded,1,1119.0,0.05112530291080475,1005.0,1125.0,1050.0,1080.0,training_familiar,42
un_un,un -> un,0,expert,Expert,1,novel,Novel Image,2,occlusion,Occluded,1,1120.0,0.05002211034297943,1005.0,1125.0,1050.0,1080.0,training_familiar,42
un_un,un -> un,0,expert,Expert,1,novel,Novel Image,2,occlusion,Occluded,1,1121.0,0.04752100259065628,1005.0,1125.0,1050.0,1080.0,training_familiar,42
un_un,un -> un,0,expert,Expert,1,novel,Novel Image,2,occlusion,Occluded,1,1122.0,0.047128815203905106,1005.0,1125.0,1050.0,1080.0,training_familiar,42
un_un,un -> un,0,expert,Expert,1,novel,Novel Image,2,occlusion,Occluded,1,1123.0,0.044772375375032425,1005.0,1125.0,1050.0,1080.0,training_familiar,42
un_un,un -> un,0,expert,Expert,1,novel,Novel Image,2,occlusion,Occluded,1,1124.0,0.0425337553024292,1005.0,1125.0,1050.0,1080.0,training_familiar,42
un_un,un -> un,0,expert2,Expert2,2,familiar_1,Familiar 1,0,full,Nonoccluded,0,1006.0,0.027573173865675926,1005.0,1125.0,1050.0,1080.0,training_occluded_only,42
un_un,un -> un,0,expert2,Expert2,2,familiar_1,Familiar 1,0,full,Nonoccluded,0,1007.0,0.026194514706730843,1005.0,1125.0,1050.0,1080.0,training_occluded_only,42
un_un,un -> un,0,expert2,Expert2,2,familiar_1,Familiar 1,0,full,Nonoccluded,0,1008.0,0.027127200737595558,1005.0,1125.0,1050.0,1080.0,training_occluded_only,42
un_un,un -> un,0,expert2,Expert2,2,familiar_1,Familiar 1,0,full,Nonoccluded,0,1009.0,0.030053837224841118,1005.0,1125.0,1050.0,1080.0,training_occluded_only,42
un_un,un -> un,0,expert2,Expert2,2,familiar_1,Familiar 1,0,full,Nonoccluded,0,1010.0,0.028551144525408745,1005.0,1125.0,1050.0,1080.0,training_occluded_only,42
un_un,un -> un,0,expert2,Expert2,2,familiar_1,Familiar 1,0,full,Nonoccluded,0,1011.0,0.03750796616077423,1005.0,1125.0,1050.0,1080.0,training_occluded_only,42
un_un,un -> un,0,expert2,Expert2,2,familiar_1,Familiar 1,0,full,Nonoccluded,0,1012.0,0.04377976059913635,1005.0,1125.0,1050.0,1080.0,training_occluded_only,42
un_un,un -> un,0,expert2,Expert2,2,familiar_1,Familiar 1,0,full,Nonoccluded,0,1013.0,0.04384256899356842,1005.0,1125.0,1050.0,1080.0,training_occluded_only,42
un_un,un -> un,0,expert2,Expert2,2,familiar_1,Familiar 1,0,full,Nonoccluded,0,1014.0,0.04237860441207886,1005.0,1125.0,1050.0,1080.0,training_occluded_only,42
un_un,un -> un,0,expert2,Expert2,2,familiar_1,Familiar 1,0,full,Nonoccluded,0,1015.0,0.04146964102983475,1005.0,1125.0,1050.0,1080.0,training_occluded_only,42
un_un,un -> un,0,expert2,Expert2,2,familiar_1,Familiar 1,0,full,Nonoccluded,0,1016.0,0.03939615935087204,1005.0,1125.0,1050.0,1080.0,training_occluded_only,42
un_un,un -> un,0,expert2,Expert2,2,familiar_1,Familiar 1,0,full,Nonoccluded,0,1017.0,0.037909965962171555,1005.0,1125.0,1050.0,1080.0,training_occluded_only,42
un_un,un -> un,0,expert2,Expert2,2,familiar_1,Familiar 1,0,full,Nonoccluded,0,1018.0,0.039632733911275864,1005.0,1125.0,1050.0,1080.0,training_occluded_only,42
un_un,un -> un,0,expert2,Expert2,2,familiar_1,Familiar 1,0,full,Nonoccluded,0,1019.0,0.037651095539331436,1005.0,1125.0,1050.0,1080.0,training_occluded_only,42
un_un,un -> un,0,expert2,Expert2,2,familiar_1,Familiar 1,0,full,Nonoccluded,0,1020.0,0.0357685387134552,1005.0,1125.0,1050.0,1080.0,training_occluded_only,42
un_un,un -> un,0,expert2,Expert2,2,familiar_1,Familiar 1,0,full,Nonoccluded,0,1021.0,0.04095585644245148,1005.0,1125.0,1050.0,1080.0,training_occluded_only,42
un_un,un -> un,0,expert2,Expert2,2,familiar_1,Familiar 1,0,full,Nonoccluded,0,1022.0,0.03890806436538696,1005.0,1125.0,1050.0,1080.0,training_occluded_only,42
un_un,un -> un,0,expert2,Expert2,2,familiar_1,Familiar 1,0,full,Nonoccluded,0,1023.0,0.040016938000917435,1005.0,1125.0,1050.0,1080.0,training_occluded_only,42
un_un,un -> un,0,expert2,Expert2,2,familiar_1,Familiar 1,0,full,Nonoccluded,0,1024.0,0.03801609203219414,1005.0,1125.0,1050.0,1080.0,training_occluded_only,42
un_un,un -> un,0,expert2,Expert2,2,familiar_1,Familiar 1,0,full,Nonoccluded,0,1025.0,0.036115288734436035,1005.0,1125.0,1050.0,1080.0,training_occluded_only,42
un_un,un -> un,0,expert2,Expert2,2,familiar_1,Familiar 1,0,full,Nonoccluded,0,1026.0,0.03430952504277229,1005.0,1125.0,1050.0,1080.0,training_occluded_only,42
un_un,un -> un,0,expert2,Expert2,2,familiar_1,Familiar 1,0,full,Nonoccluded,0,1027.0,0.032594047486782074,1005.0,1125.0,1050.0,1080.0,training_occluded_only,42
un_un,un -> un,0,expert2,Expert2,2,familiar_1,Familiar 1,0,full,Nonoccluded,0,1028.0,0.03571116924285889,1005.0,1125.0,1050.0,1080.0,training_occluded_only,42
un_un,un -> un,0,expert2,Expert2,2,familiar_1,Familiar 1,0,full,Nonoccluded,0,1029.0,0.03463646396994591,1005.0,1125.0,1050.0,1080.0,training_occluded_only,42
un_un,un -> un,0,expert2,Expert2,2,familiar_1,Familiar 1,0,full,Nonoccluded,0,1030.0,0.03290463984012604,1005.0,1125.0,1050.0,1080.0,training_occluded_only,42
un_un,un -> un,0,expert2,Expert2,2,familiar_1,Familiar 1,0,full,Nonoccluded,0,1031.0,0.031259406358003616,1005.0,1125.0,1050.0,1080.0,training_occluded_only,42
un_un,un -> un,0,expert2,Expert2,2,familiar_1,Familiar 1,0,full,Nonoccluded,0,1032.0,0.042659636586904526,1005.0,1125.0,1050.0,1080.0,training_occluded_only,42
un_un,un -> un,0,expert2,Expert2,2,familiar_1,Familiar 1,0,full,Nonoccluded,0,1033.0,0.04981636255979538,1005.0,1125.0,1050.0,1080.0,training_occluded_only,42
un_un,un -> un,0,expert2,Expert2,2,familiar_1,Familiar 1,0,full,Nonoccluded,0,1034.0,0.05413711816072464,1005.0,1125.0,1050.0,1080.0,training_occluded_only,42
un_un,un -> un,0,expert2,Expert2,2,familiar_1,Familiar 1,0,full,Nonoccluded,0,1035.0,0.05143026262521744,1005.0,1125.0,1050.0,1080.0,training_occluded_only,42
un_un,un -> un,0,expert2,Expert2,2,familiar_1,Familiar 1,0,full,Nonoccluded,0,1036.0,0.048858750611543655,1005.0,1125.0,1050.0,1080.0,training_occluded_only,42
un_un,un -> un,0,expert2,Expert2,2,familiar_1,Familiar 1,0,full,Nonoccluded,0,1037.0,0.04641581326723099,1005.0,1125.0,1050.0,1080.0,training_occluded_only,42
un_un,un -> un,0,expert2,Expert2,2,familiar_1,Familiar 1,0,full,Nonoccluded,0,1038.0,0.046226467937231064,1005.0,1125.0,1050.0,1080.0,training_occluded_only,42
un_un,un -> un,0,expert2,Expert2,2,familiar_1,Familiar 1,0,full,Nonoccluded,0,1039.0,0.04517456144094467,1005.0,1125.0,1050.0,1080.0,training_occluded_only,42
un_un,un -> un,0,expert2,Expert2,2,familiar_1,Familiar 1,0,full,Nonoccluded,0,1040.0,0.04678696393966675,1005.0,1125.0,1050.0,1080.0,training_occluded_only,42
un_un,un -> un,0,expert2,Expert2,2,familiar_1,Familiar 1,0,full,Nonoccluded,0,1041.0,0.04466085135936737,1005.0,1125.0,1050.0,1080.0,training_occluded_only,42
un_un,un -> un,0,expert2,Expert2,2,familiar_1,Familiar 1,0,full,Nonoccluded,0,1042.0,0.04242780804634094,1005.0,1125.0,1050.0,1080.0,training_occluded_only,42
un_un,un -> un,0,expert2,Expert2,2,familiar_1,Familiar 1,0,full,Nonoccluded,0,1043.0,0.04126245528459549,1005.0,1125.0,1050.0,1080.0,training_occluded_only,42
un_un,un -> un,0,expert2,Expert2,2,familiar_1,Familiar 1,0,full,Nonoccluded,0,1044.0,0.04391318932175636,1005.0,1125.0,1050.0,1080.0,training_occluded_only,42
un_un,un -> un,0,expert2,Expert2,2,familiar_1,Familiar 1,0,full,Nonoccluded,0,1045.0,0.041717529296875,1005.0,1125.0,1050.0,1080.0,training_occluded_only,42
un_un,un -> un,0,expert2,Expert2,2,familiar_1,Familiar 1,0,full,Nonoccluded,0,1046.0,0.04964279755949974,1005.0,1125.0,1050.0,1080.0,training_occluded_only,42
un_un,un -> un,0,expert2,Expert2,2,familiar_1,Familiar 1,0,full,Nonoccluded,0,1047.0,0.04716065526008606,1005.0,1125.0,1050.0,1080.0,training_occluded_only,42
un_un,un -> un,0,expert2,Expert2,2,familiar_1,Familiar 1,0,full,Nonoccluded,0,1048.0,0.05037306621670723,1005.0,1125.0,1050.0,1080.0,training_occluded_only,42
un_un,un -> un,0,expert2,Expert2,2,familiar_1,Familiar 1,0,full,Nonoccluded,0,1049.0,0.05420835316181183,1005.0,1125.0,1050.0,1080.0,training_occluded_only,42
un_un,un -> un,0,expert2,Expert2,2,familiar_1,Familiar 1,0,full,Nonoccluded,0,1050.0,0.0534362755715847,1005.0,1125.0,1050.0,1080.0,training_occluded_only,42
un_un,un -> un,0,expert2,Expert2,2,familiar_1,Familiar 1,0,full,Nonoccluded,0,1051.0,0.05076446011662483,1005.0,1125.0,1050.0,1080.0,training_occluded_only,42
un_un,un -> un,0,expert2,Expert2,2,familiar_1,Familiar 1,0,full,Nonoccluded,0,1052.0,0.048226237297058105,1005.0,1125.0,1050.0,1080.0,training_occluded_only,42
un_un,un -> un,0,expert2,Expert2,2,familiar_1,Familiar 1,0,full,Nonoccluded,0,1053.0,0.04581492394208908,1005.0,1125.0,1050.0,1080.0,training_occluded_only,42
un_un,un -> un,0,expert2,Expert2,2,familiar_1,Familiar 1,0,full,Nonoccluded,0,1054.0,0.04352417588233948,1005.0,1125.0,1050.0,1080.0,training_occluded_only,42
un_un,un -> un,0,expert2,Expert2,2,familiar_1,Familiar 1,0,full,Nonoccluded,0,1055.0,0.041347965598106384,1005.0,1125.0,1050.0,1080.0,training_occluded_only,42
un_un,un -> un,0,expert2,Expert2,2,familiar_1,Familiar 1,0,full,Nonoccluded,0,1056.0,0.039280567318201065,1005.0,1125.0,1050.0,1080.0,training_occluded_only,42
un_un,un -> un,0,expert2,Expert2,2,familiar_1,Familiar 1,0,full,Nonoccluded,0,1057.0,0.03731653839349747,1005.0,1125.0,1050.0,1080.0,training_occluded_only,42
un_un,un -> un,0,expert2,Expert2,2,familiar_1,Familiar 1,0,full,Nonoccluded,0,1058.0,0.035450711846351624,1005.0,1125.0,1050.0,1080.0,training_occluded_only,42
un_un,un -> un,0,expert2,Expert2,2,familiar_1,Familiar 1,0,full,Nonoccluded,0,1059.0,0.03367817401885986,1005.0,1125.0,1050.0,1080.0,training_occluded_only,42
un_un,un -> un,0,expert2,Expert2,2,familiar_1,Familiar 1,0,full,Nonoccluded,0,1060.0,0.03199426457285881,1005.0,1125.0,1050.0,1080.0,training_occluded_only,42
un_un,un -> un,0,expert2,Expert2,2,familiar_1,Familiar 1,0,full,Nonoccluded,0,1061.0,0.030394550412893295,1005.0,1125.0,1050.0,1080.0,training_occluded_only,42
un_un,un -> un,0,expert2,Expert2,2,familiar_1,Familiar 1,0,full,Nonoccluded,0,1062.0,0.028874821960926056,1005.0,1125.0,1050.0,1080.0,training_occluded_only,42
un_un,un -> un,0,expert2,Expert2,2,familiar_1,Familiar 1,0,full,Nonoccluded,0,1063.0,0.027431080117821693,1005.0,1125.0,1050.0,1080.0,training_occluded_only,42
un_un,un -> un,0,expert2,Expert2,2,familiar_1,Familiar 1,0,full,Nonoccluded,0,1064.0,0.026059525087475777,1005.0,1125.0,1050.0,1080.0,training_occluded_only,42
un_un,un -> un,0,expert2,Expert2,2,familiar_1,Familiar 1,0,full,Nonoccluded,0,1065.0,0.024756548926234245,1005.0,1125.0,1050.0,1080.0,training_occluded_only,42
un_un,un -> un,0,expert2,Expert2,2,familiar_1,Familiar 1,0,full,Nonoccluded,0,1066.0,0.023518720641732216,1005.0,1125.0,1050.0,1080.0,training_occluded_only,42
un_un,un -> un,0,expert2,Expert2,2,familiar_1,Familiar 1,0,full,Nonoccluded,0,1067.0,0.022342784330248833,1005.0,1125.0,1050.0,1080.0,training_occluded_only,42
un_un,un -> un,0,expert2,Expert2,2,familiar_1,Familiar 1,0,full,Nonoccluded,0,1068.0,0.021225644275546074,1005.0,1125.0,1050.0,1080.0,training_occluded_only,42
un_un,un -> un,0,expert2,Expert2,2,familiar_1,Familiar 1,0,full,Nonoccluded,0,1069.0,0.020164361223578453,1005.0,1125.0,1050.0,1080.0,training_occluded_only,42
un_un,un -> un,0,expert2,Expert2,2,familiar_1,Familiar 1,0,full,Nonoccluded,0,1070.0,0.019156143069267273,1005.0,1125.0,1050.0,1080.0,training_occluded_only,42
un_un,un -> un,0,expert2,Expert2,2,familiar_1,Familiar 1,0,full,Nonoccluded,0,1071.0,0.01819833554327488,1005.0,1125.0,1050.0,1080.0,training_occluded_only,42
un_un,un -> un,0,expert2,Expert2,2,familiar_1,Familiar 1,0,full,Nonoccluded,0,1072.0,0.017288418486714363,1005.0,1125.0,1050.0,1080.0,training_occluded_only,42
un_un,un -> un,0,expert2,Expert2,2,familiar_1,Familiar 1,0,full,Nonoccluded,0,1073.0,0.016423996537923813,1005.0,1125.0,1050.0,1080.0,training_occluded_only,42
un_un,un -> un,0,expert2,Expert2,2,familiar_1,Familiar 1,0,full,Nonoccluded,0,1074.0,0.015602796338498592,1005.0,1125.0,1050.0,1080.0,training_occluded_only,42
un_un,un -> un,0,expert2,Expert2,2,familiar_1,Familiar 1,0,full,Nonoccluded,0,1075.0,0.014822656288743019,1005.0,1125.0,1050.0,1080.0,training_occluded_only,42
un_un,un -> un,0,expert2,Expert2,2,familiar_1,Familiar 1,0,full,Nonoccluded,0,1076.0,0.01408152375370264,1005.0,1125.0,1050.0,1080.0,training_occluded_only,42
un_un,un -> un,0,expert2,Expert2,2,familiar_1,Familiar 1,0,full,Nonoccluded,0,1077.0,0.013377447612583637,1005.0,1125.0,1050.0,1080.0,training_occluded_only,42
un_un,un -> un,0,expert2,Expert2,2,familiar_1,Familiar 1,0,full,Nonoccluded,0,1078.0,0.012708575464785099,1005.0,1125.0,1050.0,1080.0,training_occluded_only,42
un_un,un -> un,0,expert2,Expert2,2,familiar_1,Familiar 1,0,full,Nonoccluded,0,1079.0,0.012073146179318428,1005.0,1125.0,1050.0,1080.0,training_occluded_only,42
un_un,un -> un,0,expert2,Expert2,2,familiar_1,Familiar 1,0,full,Nonoccluded,0,1080.0,0.011469488963484764,1005.0,1125.0,1050.0,1080.0,training_occluded_only,42
un_un,un -> un,0,expert2,Expert2,2,familiar_1,Familiar 1,0,full,Nonoccluded,0,1081.0,0.010896014049649239,1005.0,1125.0,1050.0,1080.0,training_occluded_only,42
un_un,un -> un,0,expert2,Expert2,2,familiar_1,Familiar 1,0,full,Nonoccluded,0,1082.0,0.010351213626563549,1005.0,1125.0,1050.0,1080.0,training_occluded_only,42
un_un,un -> un,0,expert2,Expert2,2,familiar_1,Familiar 1,0,full,Nonoccluded,0,1083.0,0.009833652526140213,1005.0,1125.0,1050.0,1080.0,training_occluded_only,42
un_un,un -> un,0,expert2,Expert2,2,familiar_1,Familiar 1,0,full,Nonoccluded,0,1084.0,0.015166752971708775,1005.0,1125.0,1050.0,1080.0,training_occluded_only,42
un_un,un -> un,0,expert2,Expert2,2,familiar_1,Familiar 1,0,full,Nonoccluded,0,1085.0,0.01440841518342495,1005.0,1125.0,1050.0,1080.0,training_occluded_only,42
un_un,un -> un,0,expert2,Expert2,2,familiar_1,Familiar 1,0,full,Nonoccluded,0,1086.0,0.013687994331121445,1005.0,1125.0,1050.0,1080.0,training_occluded_only,42
un_un,un -> un,0,expert2,Expert2,2,familiar_1,Familiar 1,0,full,Nonoccluded,0,1087.0,0.013501436449587345,1005.0,1125.0,1050.0,1080.0,training_occluded_only,42
un_un,un -> un,0,expert2,Expert2,2,familiar_1,Familiar 1,0,full,Nonoccluded,0,1088.0,0.020204026252031326,1005.0,1125.0,1050.0,1080.0,training_occluded_only,42
un_un,un -> un,0,expert2,Expert2,2,familiar_1,Familiar 1,0,full,Nonoccluded,0,1089.0,0.019193824380636215,1005.0,1125.0,1050.0,1080.0,training_occluded_only,42
un_un,un -> un,0,expert2,Expert2,2,familiar_1,Familiar 1,0,full,Nonoccluded,0,1090.0,0.018755530938506126,1005.0,1125.0,1050.0,1080.0,training_occluded_only,42
un_un,un -> un,0,expert2,Expert2,2,familiar_1,Familiar 1,0,full,Nonoccluded,0,1091.0,0.024172786623239517,1005.0,1125.0,1050.0,1080.0,training_occluded_only,42
un_un,un -> un,0,expert2,Expert2,2,familiar_1,Familiar 1,0,full,Nonoccluded,0,1092.0,0.0303440373390913,1005.0,1125.0,1050.0,1080.0,training_occluded_only,42
un_un,un -> un,0,expert2,Expert2,2,familiar_1,Familiar 1,0,full,Nonoccluded,0,1093.0,0.030625076964497566,1005.0,1125.0,1050.0,1080.0,training_occluded_only,42
un_un,un -> un,0,expert2,Expert2,2,familiar_1,Familiar 1,0,full,Nonoccluded,0,1094.0,0.03534974530339241,1005.0,1125.0,1050.0,1080.0,training_occluded_only,42
un_un,un -> un,0,expert2,Expert2,2,familiar_1,Familiar 1,0,full,Nonoccluded,0,1095.0,0.03369063884019852,1005.0,1125.0,1050.0,1080.0,training_occluded_only,42
un_un,un -> un,0,expert2,Expert2,2,familiar_1,Familiar 1,0,full,Nonoccluded,0,1096.0,0.03324016183614731,1005.0,1125.0,1050.0,1080.0,training_occluded_only,42
un_un,un -> un,0,expert2,Expert2,2,familiar_1,Familiar 1,0,full,Nonoccluded,0,1097.0,0.03234170004725456,1005.0,1125.0,1050.0,1080.0,training_occluded_only,42
un_un,un -> un,0,expert2,Expert2,2,familiar_1,Familiar 1,0,full,Nonoccluded,0,1098.0,0.03191891685128212,1005.0,1125.0,1050.0,1080.0,training_occluded_only,42
un_un,un -> un,0,expert2,Expert2,2,familiar_1,Familiar 1,0,full,Nonoccluded,0,1099.0,0.0303229708224535,1005.0,1125.0,1050.0,1080.0,training_occluded_only,42
un_un,un -> un,0,expert2,Expert2,2,familiar_1,Familiar 1,0,full,Nonoccluded,0,1100.0,0.031198125332593918,1005.0,1125.0,1050.0,1080.0,training_occluded_only,42
un_un,un -> un,0,expert2,Expert2,2,familiar_1,Familiar 1,0,full,Nonoccluded,0,1101.0,0.029638219624757767,1005.0,1125.0,1050.0,1080.0,training_occluded_only,42
un_un,un -> un,0,expert2,Expert2,2,familiar_1,Familiar 1,0,full,Nonoccluded,0,1102.0,0.028156308457255363,1005.0,1125.0,1050.0,1080.0,training_occluded_only,42
un_un,un -> un,0,expert2,Expert2,2,familiar_1,Familiar 1,0,full,Nonoccluded,0,1103.0,0.026748493313789368,1005.0,1125.0,1050.0,1080.0,training_occluded_only,42
un_un,un -> un,0,expert2,Expert2,2,familiar_1,Familiar 1,0,full,Nonoccluded,0,1104.0,0.02541106753051281,1005.0,1125.0,1050.0,1080.0,training_occluded_only,42
un_un,un -> un,0,expert2,Expert2,2,familiar_1,Familiar 1,0,full,Nonoccluded,0,1105.0,0.02520921640098095,1005.0,1125.0,1050.0,1080.0,training_occluded_only,42
un_un,un -> un,0,expert2,Expert2,2,familiar_1,Familiar 1,0,full,Nonoccluded,0,1106.0,0.025571594014763832,1005.0,1125.0,1050.0,1080.0,training_occluded_only,42
un_un,un -> un,0,expert2,Expert2,2,familiar_1,Familiar 1,0,full,Nonoccluded,0,1107.0,0.024293014779686928,1005.0,1125.0,1050.0,1080.0,training_occluded_only,42
un_un,un -> un,0,expert2,Expert2,2,familiar_1,Familiar 1,0,full,Nonoccluded,0,1108.0,0.026668477803468704,1005.0,1125.0,1050.0,1080.0,training_occluded_only,42
un_un,un -> un,0,expert2,Expert2,2,familiar_1,Familiar 1,0,full,Nonoccluded,0,1109.0,0.025335052981972694,1005.0,1125.0,1050.0,1080.0,training_occluded_only,42
un_un,un -> un,0,expert2,Expert2,2,familiar_1,Familiar 1,0,full,Nonoccluded,0,1110.0,0.024068299680948257,1005.0,1125.0,1050.0,1080.0,training_occluded_only,42
un_un,un -> un,0,expert2,Expert2,2,familiar_1,Familiar 1,0,full,Nonoccluded,0,1111.0,0.02286488376557827,1005.0,1125.0,1050.0,1080.0,training_occluded_only,42
un_un,un -> un,0,expert2,Expert2,2,familiar_1,Familiar 1,0,full,Nonoccluded,0,1112.0,0.02172163873910904,1005.0,1125.0,1050.0,1080.0,training_occluded_only,42
un_un,un -> un,0,expert2,Expert2,2,familiar_1,Familiar 1,0,full,Nonoccluded,0,1113.0,0.020635556429624557,1005.0,1125.0,1050.0,1080.0,training_occluded_only,42
un_un,un -> un,0,expert2,Expert2,2,familiar_1,Familiar 1,0,full,Nonoccluded,0,1114.0,0.021295009180903435,1005.0,1125.0,1050.0,1080.0,training_occluded_only,42
un_un,un -> un,0,expert2,Expert2,2,familiar_1,Familiar 1,0,full,Nonoccluded,0,1115.0,0.020230257883667946,1005.0,1125.0,1050.0,1080.0,training_occluded_only,42
un_un,un -> un,0,expert2,Expert2,2,familiar_1,Familiar 1,0,full,Nonoccluded,0,1116.0,0.026224812492728233,1005.0,1125.0,1050.0,1080.0,training_occluded_only,42
un_un,un -> un,0,expert2,Expert2,2,familiar_1,Familiar 1,0,full,Nonoccluded,0,1117.0,0.03399991989135742,1005.0,1125.0,1050.0,1080.0,training_occluded_only,42
un_un,un -> un,0,expert2,Expert2,2,familiar_1,Familiar 1,0,full,Nonoccluded,0,1118.0,0.03829231858253479,1005.0,1125.0,1050.0,1080.0,training_occluded_only,42
un_un,un -> un,0,expert2,Expert2,2,familiar_1,Familiar 1,0,full,Nonoccluded,0,1119.0,0.03637770190834999,1005.0,1125.0,1050.0,1080.0,training_occluded_only,42
un_un,un -> un,0,expert2,Expert2,2,familiar_1,Familiar 1,0,full,Nonoccluded,0,1120.0,0.03831106796860695,1005.0,1125.0,1050.0,1080.0,training_occluded_only,42
un_un,un -> un,0,expert2,Expert2,2,familiar_1,Familiar 1,0,full,Nonoccluded,0,1121.0,0.04250999540090561,1005.0,1125.0,1050.0,1080.0,training_occluded_only,42
un_un,un -> un,0,expert2,Expert2,2,familiar_1,Familiar 1,0,full,Nonoccluded,0,1122.0,0.04038449376821518,1005.0,1125.0,1050.0,1080.0,training_occluded_only,42
un_un,un -> un,0,expert2,Expert2,2,familiar_1,Familiar 1,0,full,Nonoccluded,0,1123.0,0.03836526721715927,1005.0,1125.0,1050.0,1080.0,training_occluded_only,42
un_un,un -> un,0,expert2,Expert2,2,familiar_1,Familiar 1,0,full,Nonoccluded,0,1124.0,0.046992309391498566,1005.0,1125.0,1050.0,1080.0,training_occluded_only,42
un_un,un -> un,0,expert2,Expert2,2,familiar_1,Familiar 1,0,occlusion,Occluded,1,1006.0,0.03571559861302376,1005.0,1125.0,1050.0,1080.0,training_occluded_only,42
un_un,un -> un,0,expert2,Expert2,2,familiar_1,Familiar 1,0,occlusion,Occluded,1,1007.0,0.03887322545051575,1005.0,1125.0,1050.0,1080.0,training_occluded_only,42
un_un,un -> un,0,expert2,Expert2,2,familiar_1,Familiar 1,0,occlusion,Occluded,1,1008.0,0.03692956268787384,1005.0,1125.0,1050.0,1080.0,training_occluded_only,42
un_un,un -> un,0,expert2,Expert2,2,familiar_1,Familiar 1,0,occlusion,Occluded,1,1009.0,0.04062338173389435,1005.0,1125.0,1050.0,1080.0,training_occluded_only,42
un_un,un -> un,0,expert2,Expert2,2,familiar_1,Familiar 1,0,occlusion,Occluded,1,1010.0,0.03908620402216911,1005.0,1125.0,1050.0,1080.0,training_occluded_only,42
un_un,un -> un,0,expert2,Expert2,2,familiar_1,Familiar 1,0,occlusion,Occluded,1,1011.0,0.0371318943798542,1005.0,1125.0,1050.0,1080.0,training_occluded_only,42
un_un,un -> un,0,expert2,Expert2,2,familiar_1,Familiar 1,0,occlusion,Occluded,1,1012.0,0.03527529910206795,1005.0,1125.0,1050.0,1080.0,training_occluded_only,42
un_un,un -> un,0,expert2,Expert2,2,familiar_1,Familiar 1,0,occlusion,Occluded,1,1013.0,0.03960004821419716,1005.0,1125.0,1050.0,1080.0,training_occluded_only,42
un_un,un -> un,0,expert2,Expert2,2,familiar_1,Familiar 1,0,occlusion,Occluded,1,1014.0,0.037620045244693756,1005.0,1125.0,1050.0,1080.0,training_occluded_only,42
un_un,un -> un,0,expert2,Expert2,2,familiar_1,Familiar 1,0,occlusion,Occluded,1,1015.0,0.03573904186487198,1005.0,1125.0,1050.0,1080.0,training_occluded_only,42
un_un,un -> un,0,expert2,Expert2,2,familiar_1,Familiar 1,0,occlusion,Occluded,1,1016.0,0.03395209088921547,1005.0,1125.0,1050.0,1080.0,training_occluded_only,42
un_un,un -> un,0,expert2,Expert2,2,familiar_1,Familiar 1,0,occlusion,Occluded,1,1017.0,0.03225448727607727,1005.0,1125.0,1050.0,1080.0,training_occluded_only,42
un_un,un -> un,0,expert2,Expert2,2,familiar_1,Familiar 1,0,occlusion,Occluded,1,1018.0,0.030641762539744377,1005.0,1125.0,1050.0,1080.0,training_occluded_only,42
un_un,un -> un,0,expert2,Expert2,2,familiar_1,Familiar 1,0,occlusion,Occluded,1,1019.0,0.02910967357456684,1005.0,1125.0,1050.0,1080.0,training_occluded_only,42
un_un,un -> un,0,expert2,Expert2,2,familiar_1,Familiar 1,0,occlusion,Occluded,1,1020.0,0.034993726760149,1005.0,1125.0,1050.0,1080.0,training_occluded_only,42
un_un,un -> un,0,expert2,Expert2,2,familiar_1,Familiar 1,0,occlusion,Occluded,1,1021.0,0.04267508536577225,1005.0,1125.0,1050.0,1080.0,training_occluded_only,42
un_un,un -> un,0,expert2,Expert2,2,familiar_1,Familiar 1,0,occlusion,Occluded,1,1022.0,0.042306575924158096,1005.0,1125.0,1050.0,1080.0,training_occluded_only,42
un_un,un -> un,0,expert2,Expert2,2,familiar_1,Familiar 1,0,occlusion,Occluded,1,1023.0,0.040191248059272766,1005.0,1125.0,1050.0,1080.0,training_occluded_only,42
un_un,un -> un,0,expert2,Expert2,2,familiar_1,Familiar 1,0,occlusion,Occluded,1,1024.0,0.03818168491125107,1005.0,1125.0,1050.0,1080.0,training_occluded_only,42
un_un,un -> un,0,expert2,Expert2,2,familiar_1,Familiar 1,0,occlusion,Occluded,1,1025.0,0.04531543329358101,1005.0,1125.0,1050.0,1080.0,training_occluded_only,42
un_un,un -> un,0,expert2,Expert2,2,familiar_1,Familiar 1,0,occlusion,Occluded,1,1026.0,0.053201768547296524,1005.0,1125.0,1050.0,1080.0,training_occluded_only,42
un_un,un -> un,0,expert2,Expert2,2,familiar_1,Familiar 1,0,occlusion,Occluded,1,1027.0,0.05082526430487633,1005.0,1125.0,1050.0,1080.0,training_occluded_only,42
un_un,un -> un,0,expert2,Expert2,2,familiar_1,Familiar 1,0,occlusion,Occluded,1,1028.0,0.05250456556677818,1005.0,1125.0,1050.0,1080.0,training_occluded_only,42
un_un,un -> un,0,expert2,Expert2,2,familiar_1,Familiar 1,0,occlusion,Occluded,1,1029.0,0.04987933486700058,1005.0,1125.0,1050.0,1080.0,training_occluded_only,42
un_un,un -> un,0,expert2,Expert2,2,familiar_1,Familiar 1,0,occlusion,Occluded,1,1030.0,0.04738536849617958,1005.0,1125.0,1050.0,1080.0,training_occluded_only,42
un_un,un -> un,0,expert2,Expert2,2,familiar_1,Familiar 1,0,occlusion,Occluded,1,1031.0,0.045016098767519,1005.0,1125.0,1050.0,1080.0,training_occluded_only,42
un_un,un -> un,0,expert2,Expert2,2,familiar_1,Familiar 1,0,occlusion,Occluded,1,1032.0,0.0427652932703495,1005.0,1125.0,1050.0,1080.0,training_occluded_only,42
un_un,un -> un,0,expert2,Expert2,2,familiar_1,Familiar 1,0,occlusion,Occluded,1,1033.0,0.040919121354818344,1005.0,1125.0,1050.0,1080.0,training_occluded_only,42
un_un,un -> un,0,expert2,Expert2,2,familiar_1,Familiar 1,0,occlusion,Occluded,1,1034.0,0.04427571967244148,1005.0,1125.0,1050.0,1080.0,training_occluded_only,42
un_un,un -> un,0,expert2,Expert2,2,familiar_1,Familiar 1,0,occlusion,Occluded,1,1035.0,0.04315042495727539,1005.0,1125.0,1050.0,1080.0,training_occluded_only,42
un_un,un -> un,0,expert2,Expert2,2,familiar_1,Familiar 1,0,occlusion,Occluded,1,1036.0,0.04099290445446968,1005.0,1125.0,1050.0,1080.0,training_occluded_only,42
un_un,un -> un,0,expert2,Expert2,2,familiar_1,Familiar 1,0,occlusion,Occluded,1,1037.0,0.03894325718283653,1005.0,1125.0,1050.0,1080.0,training_occluded_only,42
un_un,un -> un,0,expert2,Expert2,2,familiar_1,Familiar 1,0,occlusion,Occluded,1,1038.0,0.04033258184790611,1005.0,1125.0,1050.0,1080.0,training_occluded_only,42
un_un,un -> un,0,expert2,Expert2,2,familiar_1,Familiar 1,0,occlusion,Occluded,1,1039.0,0.047957681119441986,1005.0,1125.0,1050.0,1080.0,training_occluded_only,42
un_un,un -> un,0,expert2,Expert2,2,familiar_1,Familiar 1,0,occlusion,Occluded,1,1040.0,0.05109396576881409,1005.0,1125.0,1050.0,1080.0,training_occluded_only,42
un_un,un -> un,0,expert2,Expert2,2,familiar_1,Familiar 1,0,occlusion,Occluded,1,1041.0,0.04853926599025726,1005.0,1125.0,1050.0,1080.0,training_occluded_only,42
un_un,un -> un,0,expert2,Expert2,2,familiar_1,Familiar 1,0,occlusion,Occluded,1,1042.0,0.0480562299489975,1005.0,1125.0,1050.0,1080.0,training_occluded_only,42
un_un,un -> un,0,expert2,Expert2,2,familiar_1,Familiar 1,0,occlusion,Occluded,1,1043.0,0.04565341770648956,1005.0,1125.0,1050.0,1080.0,training_occluded_only,42
un_un,un -> un,0,expert2,Expert2,2,familiar_1,Familiar 1,0,occlusion,Occluded,1,1044.0,0.043370746076107025,1005.0,1125.0,1050.0,1080.0,training_occluded_only,42
un_un,un -> un,0,expert2,Expert2,2,familiar_1,Familiar 1,0,occlusion,Occluded,1,1045.0,0.04120220988988876,1005.0,1125.0,1050.0,1080.0,training_occluded_only,42
un_un,un -> un,0,expert2,Expert2,2,familiar_1,Familiar 1,0,occlusion,Occluded,1,1046.0,0.043316617608070374,1005.0,1125.0,1050.0,1080.0,training_occluded_only,42
un_un,un -> un,0,expert2,Expert2,2,familiar_1,Familiar 1,0,occlusion,Occluded,1,1047.0,0.0474260151386261,1005.0,1125.0,1050.0,1080.0,training_occluded_only,42
un_un,un -> un,0,expert2,Expert2,2,familiar_1,Familiar 1,0,occlusion,Occluded,1,1048.0,0.04505471512675285,1005.0,1125.0,1050.0,1080.0,training_occluded_only,42
un_un,un -> un,0,expert2,Expert2,2,familiar_1,Familiar 1,0,occlusion,Occluded,1,1049.0,0.04515731334686279,1005.0,1125.0,1050.0,1080.0,training_occluded_only,42
un_un,un -> un,0,expert2,Expert2,2,familiar_1,Familiar 1,0,occlusion,Occluded,1,1050.0,0.046581342816352844,1005.0,1125.0,1050.0,1080.0,training_occluded_only,42
un_un,un -> un,0,expert2,Expert2,2,familiar_1,Familiar 1,0,occlusion,Occluded,1,1051.0,0.04861966148018837,1005.0,1125.0,1050.0,1080.0,training_occluded_only,42
un_un,un -> un,0,expert2,Expert2,2,familiar_1,Familiar 1,0,occlusion,Occluded,1,1052.0,0.05392827093601227,1005.0,1125.0,1050.0,1080.0,training_occluded_only,42
un_un,un -> un,0,expert2,Expert2,2,familiar_1,Familiar 1,0,occlusion,Occluded,1,1053.0,0.051231857389211655,1005.0,1125.0,1050.0,1080.0,training_occluded_only,42
un_un,un -> un,0,expert2,Expert2,2,familiar_1,Familiar 1,0,occlusion,Occluded,1,1054.0,0.04867026209831238,1005.0,1125.0,1050.0,1080.0,training_occluded_only,42
un_un,un -> un,0,expert2,Expert2,2,familiar_1,Familiar 1,0,occlusion,Occluded,1,1055.0,0.04623674973845482,1005.0,1125.0,1050.0,1080.0,training_occluded_only,42
un_un,un -> un,0,expert2,Expert2,2,familiar_1,Familiar 1,0,occlusion,Occluded,1,1056.0,0.04392491281032562,1005.0,1125.0,1050.0,1080.0,training_occluded_only,42
un_un,un -> un,0,expert2,Expert2,2,familiar_1,Familiar 1,0,occlusion,Occluded,1,1057.0,0.0417286679148674,1005.0,1125.0,1050.0,1080.0,training_occluded_only,42
un_un,un -> un,0,expert2,Expert2,2,familiar_1,Familiar 1,0,occlusion,Occluded,1,1058.0,0.0436110645532608,1005.0,1125.0,1050.0,1080.0,training_occluded_only,42
un_un,un -> un,0,expert2,Expert2,2,familiar_1,Familiar 1,0,occlusion,Occluded,1,1059.0,0.0414305105805397,1005.0,1125.0,1050.0,1080.0,training_occluded_only,42
un_un,un -> un,0,expert2,Expert2,2,familiar_1,Familiar 1,0,occlusion,Occluded,1,1060.0,0.0461401529610157,1005.0,1125.0,1050.0,1080.0,training_occluded_only,42
un_un,un -> un,0,expert2,Expert2,2,familiar_1,Familiar 1,0,occlusion,Occluded,1,1061.0,0.04383314400911331,1005.0,1125.0,1050.0,1080.0,training_occluded_only,42
un_un,un -> un,0,expert2,Expert2,2,familiar_1,Familiar 1,0,occlusion,Occluded,1,1062.0,0.0416414849460125,1005.0,1125.0,1050.0,1080.0,training_occluded_only,42
un_un,un -> un,0,expert2,Expert2,2,familiar_1,Familiar 1,0,occlusion,Occluded,1,1063.0,0.03955940902233124,1005.0,1125.0,1050.0,1080.0,training_occluded_only,42
un_un,un -> un,0,expert2,Expert2,2,familiar_1,Familiar 1,0,occlusion,Occluded,1,1064.0,0.04102979227900505,1005.0,1125.0,1050.0,1080.0,training_occluded_only,42
un_un,un -> un,0,expert2,Expert2,2,familiar_1,Familiar 1,0,occlusion,Occluded,1,1065.0,0.038978300988674164,1005.0,1125.0,1050.0,1080.0,training_occluded_only,42
un_un,un -> un,0,expert2,Expert2,2,familiar_1,Familiar 1,0,occlusion,Occluded,1,1066.0,0.0440693125128746,1005.0,1125.0,1050.0,1080.0,training_occluded_only,42
un_un,un -> un,0,expert2,Expert2,2,familiar_1,Familiar 1,0,occlusion,Occluded,1,1067.0,0.04301268979907036,1005.0,1125.0,1050.0,1080.0,training_occluded_only,42
un_un,un -> un,0,expert2,Expert2,2,familiar_1,Familiar 1,0,occlusion,Occluded,1,1068.0,0.040862053632736206,1005.0,1125.0,1050.0,1080.0,training_occluded_only,42
un_un,un -> un,0,expert2,Expert2,2,familiar_1,Familiar 1,0,occlusion,Occluded,1,1069.0,0.0395958237349987,1005.0,1125.0,1050.0,1080.0,training_occluded_only,42
un_un,un -> un,0,expert2,Expert2,2,familiar_1,Familiar 1,0,occlusion,Occluded,1,1070.0,0.03761603310704231,1005.0,1125.0,1050.0,1080.0,training_occluded_only,42
un_un,un -> un,0,expert2,Expert2,2,familiar_1,Familiar 1,0,occlusion,Occluded,1,1071.0,0.03573523089289665,1005.0,1125.0,1050.0,1080.0,training_occluded_only,42
un_un,un -> un,0,expert2,Expert2,2,familiar_1,Familiar 1,0,occlusion,Occluded,1,1072.0,0.04250023886561394,1005.0,1125.0,1050.0,1080.0,training_occluded_only,42
un_un,un -> un,0,expert2,Expert2,2,familiar_1,Familiar 1,0,occlusion,Occluded,1,1073.0,0.040375225245952606,1005.0,1125.0,1050.0,1080.0,training_occluded_only,42
un_un,un -> un,0,expert2,Expert2,2,familiar_1,Familiar 1,0,occlusion,Occluded,1,1074.0,0.04077799990773201,1005.0,1125.0,1050.0,1080.0,training_occluded_only,42
un_un,un -> un,0,expert2,Expert2,2,familiar_1,Familiar 1,0,occlusion,Occluded,1,1075.0,0.0468008778989315,1005.0,1125.0,1050.0,1080.0,training_occluded_only,42
un_un,un -> un,0,expert2,Expert2,2,familiar_1,Familiar 1,0,occlusion,Occluded,1,1076.0,0.044460833072662354,1005.0,1125.0,1050.0,1080.0,training_occluded_only,42
un_un,un -> un,0,expert2,Expert2,2,familiar_1,Familiar 1,0,occlusion,Occluded,1,1077.0,0.05199373513460159,1005.0,1125.0,1050.0,1080.0,training_occluded_only,42
un_un,un -> un,0,expert2,Expert2,2,familiar_1,Familiar 1,0,occlusion,Occluded,1,1078.0,0.059541817754507065,1005.0,1125.0,1050.0,1080.0,training_occluded_only,42
un_un,un -> un,0,expert2,Expert2,2,familiar_1,Familiar 1,0,occlusion,Occluded,1,1079.0,0.06075425073504448,1005.0,1125.0,1050.0,1080.0,training_occluded_only,42
un_un,un -> un,0,expert2,Expert2,2,familiar_1,Familiar 1,0,occlusion,Occluded,1,1080.0,0.05771653726696968,1005.0,1125.0,1050.0,1080.0,training_occluded_only,42
un_un,un -> un,0,expert2,Expert2,2,familiar_1,Familiar 1,0,occlusion,Occluded,1,1081.0,0.06112418696284294,1005.0,1125.0,1050.0,1080.0,training_occluded_only,42
un_un,un -> un,0,expert2,Expert2,2,familiar_1,Familiar 1,0,occlusion,Occluded,1,1082.0,0.05815400183200836,1005.0,1125.0,1050.0,1080.0,training_occluded_only,42
un_un,un -> un,0,expert2,Expert2,2,familiar_1,Familiar 1,0,occlusion,Occluded,1,1083.0,0.05526820942759514,1005.0,1125.0,1050.0,1080.0,training_occluded_only,42
un_un,un -> un,0,expert2,Expert2,2,familiar_1,Familiar 1,0,occlusion,Occluded,1,1084.0,0.05250479653477669,1005.0,1125.0,1050.0,1080.0,training_occluded_only,42
un_un,un -> un,0,expert2,Expert2,2,familiar_1,Familiar 1,0,occlusion,Occluded,1,1085.0,0.04987955465912819,1005.0,1125.0,1050.0,1080.0,training_occluded_only,42
un_un,un -> un,0,expert2,Expert2,2,familiar_1,Familiar 1,0,occlusion,Occluded,1,1086.0,0.047385577112436295,1005.0,1125.0,1050.0,1080.0,training_occluded_only,42
un_un,un -> un,0,expert2,Expert2,2,familiar_1,Familiar 1,0,occlusion,Occluded,1,1087.0,0.045016296207904816,1005.0,1125.0,1050.0,1080.0,training_occluded_only,42
un_un,un -> un,0,expert2,Expert2,2,familiar_1,Familiar 1,0,occlusion,Occluded,1,1088.0,0.042765479534864426,1005.0,1125.0,1050.0,1080.0,training_occluded_only,42
un_un,un -> un,0,expert2,Expert2,2,familiar_1,Familiar 1,0,occlusion,Occluded,1,1089.0,0.04062720388174057,1005.0,1125.0,1050.0,1080.0,training_occluded_only,42
un_un,un -> un,0,expert2,Expert2,2,familiar_1,Familiar 1,0,occlusion,Occluded,1,1090.0,0.03859584406018257,1005.0,1125.0,1050.0,1080.0,training_occluded_only,42
un_un,un -> un,0,expert2,Expert2,2,familiar_1,Familiar 1,0,occlusion,Occluded,1,1091.0,0.03666605055332184,1005.0,1125.0,1050.0,1080.0,training_occluded_only,42
un_un,un -> un,0,expert2,Expert2,2,familiar_1,Familiar 1,0,occlusion,Occluded,1,1092.0,0.035154879093170166,1005.0,1125.0,1050.0,1080.0,training_occluded_only,42
un_un,un -> un,0,expert2,Expert2,2,familiar_1,Familiar 1,0,occlusion,Occluded,1,1093.0,0.0333971343934536,1005.0,1125.0,1050.0,1080.0,training_occluded_only,42
un_un,un -> un,0,expert2,Expert2,2,familiar_1,Familiar 1,0,occlusion,Occluded,1,1094.0,0.031727276742458344,1005.0,1125.0,1050.0,1080.0,training_occluded_only,42
un_un,un -> un,0,expert2,Expert2,2,familiar_1,Familiar 1,0,occlusion,Occluded,1,1095.0,0.030140912160277367,1005.0,1125.0,1050.0,1080.0,training_occluded_only,42
un_un,un -> un,0,expert2,Expert2,2,familiar_1,Familiar 1,0,occlusion,Occluded,1,1096.0,0.028766784816980362,1005.0,1125.0,1050.0,1080.0,training_occluded_only,42
un_un,un -> un,0,expert2,Expert2,2,familiar_1,Familiar 1,0,occlusion,Occluded,1,1097.0,0.035029154270887375,1005.0,1125.0,1050.0,1080.0,training_occluded_only,42
un_un,un -> un,0,expert2,Expert2,2,familiar_1,Familiar 1,0,occlusion,Occluded,1,1098.0,0.03327769786119461,1005.0,1125.0,1050.0,1080.0,training_occluded_only,42
un_un,un -> un,0,expert2,Expert2,2,familiar_1,Familiar 1,0,occlusion,Occluded,1,1099.0,0.0345773845911026,1005.0,1125.0,1050.0,1080.0,training_occluded_only,42
un_un,un -> un,0,expert2,Expert2,2,familiar_1,Familiar 1,0,occlusion,Occluded,1,1100.0,0.0344267301261425,1005.0,1125.0,1050.0,1080.0,training_occluded_only,42
un_un,un -> un,0,expert2,Expert2,2,familiar_1,Familiar 1,0,occlusion,Occluded,1,1101.0,0.03315828740596771,1005.0,1125.0,1050.0,1080.0,training_occluded_only,42
un_un,un -> un,0,expert2,Expert2,2,familiar_1,Familiar 1,0,occlusion,Occluded,1,1102.0,0.031538646668195724,1005.0,1125.0,1050.0,1080.0,training_occluded_only,42
un_un,un -> un,0,expert2,Expert2,2,familiar_1,Familiar 1,0,occlusion,Occluded,1,1103.0,0.030195869505405426,1005.0,1125.0,1050.0,1080.0,training_occluded_only,42
un_un,un -> un,0,expert2,Expert2,2,familiar_1,Familiar 1,0,occlusion,Occluded,1,1104.0,0.029545975849032402,1005.0,1125.0,1050.0,1080.0,training_occluded_only,42
un_un,un -> un,0,expert2,Expert2,2,familiar_1,Familiar 1,0,occlusion,Occluded,1,1105.0,0.028068676590919495,1005.0,1125.0,1050.0,1080.0,training_occluded_only,42
un_un,un -> un,0,expert2,Expert2,2,familiar_1,Familiar 1,0,occlusion,Occluded,1,1106.0,0.027641884982585907,1005.0,1125.0,1050.0,1080.0,training_occluded_only,42
un_un,un -> un,0,expert2,Expert2,2,familiar_1,Familiar 1,0,occlusion,Occluded,1,1107.0,0.02625979110598564,1005.0,1125.0,1050.0,1080.0,training_occluded_only,42
un_un,un -> un,0,expert2,Expert2,2,familiar_1,Familiar 1,0,occlusion,Occluded,1,1108.0,0.024946801364421844,1005.0,1125.0,1050.0,1080.0,training_occluded_only,42
un_un,un -> un,0,expert2,Expert2,2,familiar_1,Familiar 1,0,occlusion,Occluded,1,1109.0,0.023699460551142693,1005.0,1125.0,1050.0,1080.0,training_occluded_only,42
un_un,un -> un,0,expert2,Expert2,2,familiar_1,Familiar 1,0,occlusion,Occluded,1,1110.0,0.022946398705244064,1005.0,1125.0,1050.0,1080.0,training_occluded_only,42
un_un,un -> un,0,expert2,Expert2,2,familiar_1,Familiar 1,0,occlusion,Occluded,1,1111.0,0.02368222177028656,1005.0,1125.0,1050.0,1080.0,training_occluded_only,42
un_un,un -> un,0,expert2,Expert2,2,familiar_1,Familiar 1,0,occlusion,Occluded,1,1112.0,0.022498110309243202,1005.0,1125.0,1050.0,1080.0,training_occluded_only,42
un_un,un -> un,0,expert2,Expert2,2,familiar_1,Familiar 1,0,occlusion,Occluded,1,1113.0,0.0213732048869133,1005.0,1125.0,1050.0,1080.0,training_occluded_only,42
un_un,un -> un,0,expert2,Expert2,2,familiar_1,Familiar 1,0,occlusion,Occluded,1,1114.0,0.020304543897509575,1005.0,1125.0,1050.0,1080.0,training_occluded_only,42
un_un,un -> un,0,expert2,Expert2,2,familiar_1,Familiar 1,0,occlusion,Occluded,1,1115.0,0.021040622144937515,1005.0,1125.0,1050.0,1080.0,training_occluded_only,42
un_un,un -> un,0,expert2,Expert2,2,familiar_1,Familiar 1,0,occlusion,Occluded,1,1116.0,0.019988590851426125,1005.0,1125.0,1050.0,1080.0,training_occluded_only,42
un_un,un -> un,0,expert2,Expert2,2,familiar_1,Familiar 1,0,occlusion,Occluded,1,1117.0,0.019538333639502525,1005.0,1125.0,1050.0,1080.0,training_occluded_only,42
un_un,un -> un,0,expert2,Expert2,2,familiar_1,Familiar 1,0,occlusion,Occluded,1,1118.0,0.026960451155900955,1005.0,1125.0,1050.0,1080.0,training_occluded_only,42
un_un,un -> un,0,expert2,Expert2,2,familiar_1,Familiar 1,0,occlusion,Occluded,1,1119.0,0.025612428784370422,1005.0,1125.0,1050.0,1080.0,training_occluded_only,42
un_un,un -> un,0,expert2,Expert2,2,familiar_1,Familiar 1,0,occlusion,Occluded,1,1120.0,0.025146938860416412,1005.0,1125.0,1050.0,1080.0,training_occluded_only,42
un_un,un -> un,0,expert2,Expert2,2,familiar_1,Familiar 1,0,occlusion,Occluded,1,1121.0,0.023889591917395592,1005.0,1125.0,1050.0,1080.0,training_occluded_only,42
un_un,un -> un,0,expert2,Expert2,2,familiar_1,Familiar 1,0,occlusion,Occluded,1,1122.0,0.027730342000722885,1005.0,1125.0,1050.0,1080.0,training_occluded_only,42
un_un,un -> un,0,expert2,Expert2,2,familiar_1,Familiar 1,0,occlusion,Occluded,1,1123.0,0.026343824341893196,1005.0,1125.0,1050.0,1080.0,training_occluded_only,42
un_un,un -> un,0,expert2,Expert2,2,familiar_1,Familiar 1,0,occlusion,Occluded,1,1124.0,0.0277286134660244,1005.0,1125.0,1050.0,1080.0,training_occluded_only,42
un_un,un -> un,0,expert2,Expert2,2,familiar_2,Familiar 2,1,full,Nonoccluded,0,1006.0,0.023888861760497093,1005.0,1125.0,1050.0,1080.0,training_occluded_only,42
un_un,un -> un,0,expert2,Expert2,2,familiar_2,Familiar 2,1,full,Nonoccluded,0,1007.0,0.02269441820681095,1005.0,1125.0,1050.0,1080.0,training_occluded_only,42
un_un,un -> un,0,expert2,Expert2,2,familiar_2,Familiar 2,1,full,Nonoccluded,0,1008.0,0.0215596966445446,1005.0,1125.0,1050.0,1080.0,training_occluded_only,42
un_un,un -> un,0,expert2,Expert2,2,familiar_2,Familiar 2,1,full,Nonoccluded,0,1009.0,0.020481711253523827,1005.0,1125.0,1050.0,1080.0,training_occluded_only,42
un_un,un -> un,0,expert2,Expert2,2,familiar_2,Familiar 2,1,full,Nonoccluded,0,1010.0,0.02521943300962448,1005.0,1125.0,1050.0,1080.0,training_occluded_only,42
un_un,un -> un,0,expert2,Expert2,2,familiar_2,Familiar 2,1,full,Nonoccluded,0,1011.0,0.023958461359143257,1005.0,1125.0,1050.0,1080.0,training_occluded_only,42
un_un,un -> un,0,expert2,Expert2,2,familiar_2,Familiar 2,1,full,Nonoccluded,0,1012.0,0.022760538384318352,1005.0,1125.0,1050.0,1080.0,training_occluded_only,42
un_un,un -> un,0,expert2,Expert2,2,familiar_2,Familiar 2,1,full,Nonoccluded,0,1013.0,0.02204727753996849,1005.0,1125.0,1050.0,1080.0,training_occluded_only,42
un_un,un -> un,0,expert2,Expert2,2,familiar_2,Familiar 2,1,full,Nonoccluded,0,1014.0,0.026579637080430984,1005.0,1125.0,1050.0,1080.0,training_occluded_only,42
un_un,un -> un,0,expert2,Expert2,2,familiar_2,Familiar 2,1,full,Nonoccluded,0,1015.0,0.02525065466761589,1005.0,1125.0,1050.0,1080.0,training_occluded_only,42
un_un,un -> un,0,expert2,Expert2,2,familiar_2,Familiar 2,1,full,Nonoccluded,0,1016.0,0.026224425062537193,1005.0,1125.0,1050.0,1080.0,training_occluded_only,42
un_un,un -> un,0,expert2,Expert2,2,familiar_2,Familiar 2,1,full,Nonoccluded,0,1017.0,0.02829207107424736,1005.0,1125.0,1050.0,1080.0,training_occluded_only,42
un_un,un -> un,0,expert2,Expert2,2,familiar_2,Familiar 2,1,full,Nonoccluded,0,1018.0,0.041054148226976395,1005.0,1125.0,1050.0,1080.0,training_occluded_only,42
un_un,un -> un,0,expert2,Expert2,2,familiar_2,Familiar 2,1,full,Nonoccluded,0,1019.0,0.047426801174879074,1005.0,1125.0,1050.0,1080.0,training_occluded_only,42
un_un,un -> un,0,expert2,Expert2,2,familiar_2,Familiar 2,1,full,Nonoccluded,0,1020.0,0.045055460184812546,1005.0,1125.0,1050.0,1080.0,training_occluded_only,42
un_un,un -> un,0,expert2,Expert2,2,familiar_2,Familiar 2,1,full,Nonoccluded,0,1021.0,0.04280268773436546,1005.0,1125.0,1050.0,1080.0,training_occluded_only,42
un_un,un -> un,0,expert2,Expert2,2,familiar_2,Familiar 2,1,full,Nonoccluded,0,1022.0,0.040662553161382675,1005.0,1125.0,1050.0,1080.0,training_occluded_only,42
un_un,un -> un,0,expert2,Expert2,2,familiar_2,Familiar 2,1,full,Nonoccluded,0,1023.0,0.04741034656763077,1005.0,1125.0,1050.0,1080.0,training_occluded_only,42
un_un,un -> un,0,expert2,Expert2,2,familiar_2,Familiar 2,1,full,Nonoccluded,0,1024.0,0.04759927839040756,1005.0,1125.0,1050.0,1080.0,training_occluded_only,42
un_un,un -> un,0,expert2,Expert2,2,familiar_2,Familiar 2,1,full,Nonoccluded,0,1025.0,0.045219313353300095,1005.0,1125.0,1050.0,1080.0,training_occluded_only,42
un_un,un -> un,0,expert2,Expert2,2,familiar_2,Familiar 2,1,full,Nonoccluded,0,1026.0,0.04806387796998024,1005.0,1125.0,1050.0,1080.0,training_occluded_only,42
un_un,un -> un,0,expert2,Expert2,2,familiar_2,Familiar 2,1,full,Nonoccluded,0,1027.0,0.045660682022571564,1005.0,1125.0,1050.0,1080.0,training_occluded_only,42
un_un,un -> un,0,expert2,Expert2,2,familiar_2,Familiar 2,1,full,Nonoccluded,0,1028.0,0.04574866592884064,1005.0,1125.0,1050.0,1080.0,training_occluded_only,42
un_un,un -> un,0,expert2,Expert2,2,familiar_2,Familiar 2,1,full,Nonoccluded,0,1029.0,0.04415346309542656,1005.0,1125.0,1050.0,1080.0,training_occluded_only,42
un_un,un -> un,0,expert2,Expert2,2,familiar_2,Familiar 2,1,full,Nonoccluded,0,1030.0,0.04520781710743904,1005.0,1125.0,1050.0,1080.0,training_occluded_only,42
un_un,un -> un,0,expert2,Expert2,2,familiar_2,Familiar 2,1,full,Nonoccluded,0,1031.0,0.05289427191019058,1005.0,1125.0,1050.0,1080.0,training_occluded_only,42
un_un,un -> un,0,expert2,Expert2,2,familiar_2,Familiar 2,1,full,Nonoccluded,0,1032.0,0.05432365462183952,1005.0,1125.0,1050.0,1080.0,training_occluded_only,42
un_un,un -> un,0,expert2,Expert2,2,familiar_2,Familiar 2,1,full,Nonoccluded,0,1033.0,0.051651131361722946,1005.0,1125.0,1050.0,1080.0,training_occluded_only,42
un_un,un -> un,0,expert2,Expert2,2,familiar_2,Familiar 2,1,full,Nonoccluded,0,1034.0,0.049068573862314224,1005.0,1125.0,1050.0,1080.0,training_occluded_only,42
un_un,un -> un,0,expert2,Expert2,2,familiar_2,Familiar 2,1,full,Nonoccluded,0,1035.0,0.04661514610052109,1005.0,1125.0,1050.0,1080.0,training_occluded_only,42
un_un,un -> un,0,expert2,Expert2,2,familiar_2,Familiar 2,1,full,Nonoccluded,0,1036.0,0.044284388422966,1005.0,1125.0,1050.0,1080.0,training_occluded_only,42
un_un,un -> un,0,expert2,Expert2,2,familiar_2,Familiar 2,1,full,Nonoccluded,0,1037.0,0.044718656688928604,1005.0,1125.0,1050.0,1080.0,training_occluded_only,42
un_un,un -> un,0,expert2,Expert2,2,familiar_2,Familiar 2,1,full,Nonoccluded,0,1038.0,0.04550793766975403,1005.0,1125.0,1050.0,1080.0,training_occluded_only,42
un_un,un -> un,0,expert2,Expert2,2,familiar_2,Familiar 2,1,full,Nonoccluded,0,1039.0,0.04323254153132439,1005.0,1125.0,1050.0,1080.0,training_occluded_only,42
un_un,un -> un,0,expert2,Expert2,2,familiar_2,Familiar 2,1,full,Nonoccluded,0,1040.0,0.04399891942739487,1005.0,1125.0,1050.0,1080.0,training_occluded_only,42
un_un,un -> un,0,expert2,Expert2,2,familiar_2,Familiar 2,1,full,Nonoccluded,0,1041.0,0.04207361117005348,1005.0,1125.0,1050.0,1080.0,training_occluded_only,42
un_un,un -> un,0,expert2,Expert2,2,familiar_2,Familiar 2,1,full,Nonoccluded,0,1042.0,0.039969928562641144,1005.0,1125.0,1050.0,1080.0,training_occluded_only,42
un_un,un -> un,0,expert2,Expert2,2,familiar_2,Familiar 2,1,full,Nonoccluded,0,1043.0,0.040722932666540146,1005.0,1125.0,1050.0,1080.0,training_occluded_only,42
un_un,un -> un,0,expert2,Expert2,2,familiar_2,Familiar 2,1,full,Nonoccluded,0,1044.0,0.038686785846948624,1005.0,1125.0,1050.0,1080.0,training_occluded_only,42
un_un,un -> un,0,expert2,Expert2,2,familiar_2,Familiar 2,1,full,Nonoccluded,0,1045.0,0.03979479521512985,1005.0,1125.0,1050.0,1080.0,training_occluded_only,42
un_un,un -> un,0,expert2,Expert2,2,familiar_2,Familiar 2,1,full,Nonoccluded,0,1046.0,0.03780505433678627,1005.0,1125.0,1050.0,1080.0,training_occluded_only,42
un_un,un -> un,0,expert2,Expert2,2,familiar_2,Familiar 2,1,full,Nonoccluded,0,1047.0,0.039353907108306885,1005.0,1125.0,1050.0,1080.0,training_occluded_only,42
un_un,un -> un,0,expert2,Expert2,2,familiar_2,Familiar 2,1,full,Nonoccluded,0,1048.0,0.0373862124979496,1005.0,1125.0,1050.0,1080.0,training_occluded_only,42
un_un,un -> un,0,expert2,Expert2,2,familiar_2,Familiar 2,1,full,Nonoccluded,0,1049.0,0.035516902804374695,1005.0,1125.0,1050.0,1080.0,training_occluded_only,42
un_un,un -> un,0,expert2,Expert2,2,familiar_2,Familiar 2,1,full,Nonoccluded,0,1050.0,0.03599587455391884,1005.0,1125.0,1050.0,1080.0,training_occluded_only,42
un_un,un -> un,0,expert2,Expert2,2,familiar_2,Familiar 2,1,full,Nonoccluded,0,1051.0,0.03419607877731323,1005.0,1125.0,1050.0,1080.0,training_occluded_only,42
un_un,un -> un,0,expert2,Expert2,2,familiar_2,Familiar 2,1,full,Nonoccluded,0,1052.0,0.03248627483844757,1005.0,1125.0,1050.0,1080.0,training_occluded_only,42
un_un,un -> un,0,expert2,Expert2,2,familiar_2,Familiar 2,1,full,Nonoccluded,0,1053.0,0.030861960723996162,1005.0,1125.0,1050.0,1080.0,training_occluded_only,42
un_un,un -> un,0,expert2,Expert2,2,familiar_2,Familiar 2,1,full,Nonoccluded,0,1054.0,0.029318861663341522,1005.0,1125.0,1050.0,1080.0,training_occluded_only,42
un_un,un -> un,0,expert2,Expert2,2,familiar_2,Familiar 2,1,full,Nonoccluded,0,1055.0,0.027852918952703476,1005.0,1125.0,1050.0,1080.0,training_occluded_only,42
un_un,un -> un,0,expert2,Expert2,2,familiar_2,Familiar 2,1,full,Nonoccluded,0,1056.0,0.026460273191332817,1005.0,1125.0,1050.0,1080.0,training_occluded_only,42
un_un,un -> un,0,expert2,Expert2,2,familiar_2,Familiar 2,1,full,Nonoccluded,0,1057.0,0.02513725869357586,1005.0,1125.0,1050.0,1080.0,training_occluded_only,42
un_un,un -> un,0,expert2,Expert2,2,familiar_2,Familiar 2,1,full,Nonoccluded,0,1058.0,0.02388039603829384,1005.0,1125.0,1050.0,1080.0,training_occluded_only,42
un_un,un -> un,0,expert2,Expert2,2,familiar_2,Familiar 2,1,full,Nonoccluded,0,1059.0,0.022686375305056572,1005.0,1125.0,1050.0,1080.0,training_occluded_only,42
un_un,un -> un,0,expert2,Expert2,2,familiar_2,Familiar 2,1,full,Nonoccluded,0,1060.0,0.021552056074142456,1005.0,1125.0,1050.0,1080.0,training_occluded_only,42
un_un,un -> un,0,expert2,Expert2,2,familiar_2,Familiar 2,1,full,Nonoccluded,0,1061.0,0.020474452525377274,1005.0,1125.0,1050.0,1080.0,training_occluded_only,42
un_un,un -> un,0,expert2,Expert2,2,familiar_2,Familiar 2,1,full,Nonoccluded,0,1062.0,0.019450729712843895,1005.0,1125.0,1050.0,1080.0,training_occluded_only,42
un_un,un -> un,0,expert2,Expert2,2,familiar_2,Familiar 2,1,full,Nonoccluded,0,1063.0,0.018478192389011383,1005.0,1125.0,1050.0,1080.0,training_occluded_only,42
un_un,un -> un,0,expert2,Expert2,2,familiar_2,Familiar 2,1,full,Nonoccluded,0,1064.0,0.017554283142089844,1005.0,1125.0,1050.0,1080.0,training_occluded_only,42
un_un,un -> un,0,expert2,Expert2,2,familiar_2,Familiar 2,1,full,Nonoccluded,0,1065.0,0.01667656935751438,1005.0,1125.0,1050.0,1080.0,training_occluded_only,42
un_un,un -> un,0,expert2,Expert2,2,familiar_2,Familiar 2,1,full,Nonoccluded,0,1066.0,0.01584274135529995,1005.0,1125.0,1050.0,1080.0,training_occluded_only,42
un_un,un -> un,0,expert2,Expert2,2,familiar_2,Familiar 2,1,full,Nonoccluded,0,1067.0,0.01505060400813818,1005.0,1125.0,1050.0,1080.0,training_occluded_only,42
un_un,un -> un,0,expert2,Expert2,2,familiar_2,Familiar 2,1,full,Nonoccluded,0,1068.0,0.014298073947429657,1005.0,1125.0,1050.0,1080.0,training_occluded_only,42
un_un,un -> un,0,expert2,Expert2,2,familiar_2,Familiar 2,1,full,Nonoccluded,0,1069.0,0.013583170250058174,1005.0,1125.0,1050.0,1080.0,training_occluded_only,42
un_un,un -> un,0,expert2,Expert2,2,familiar_2,Familiar 2,1,full,Nonoccluded,0,1070.0,0.012904011644423008,1005.0,1125.0,1050.0,1080.0,training_occluded_only,42
un_un,un -> un,0,expert2,Expert2,2,familiar_2,Familiar 2,1,full,Nonoccluded,0,1071.0,0.012258810922503471,1005.0,1125.0,1050.0,1080.0,training_occluded_only,42
un_un,un -> un,0,expert2,Expert2,2,familiar_2,Familiar 2,1,full,Nonoccluded,0,1072.0,0.01164587028324604,1005.0,1125.0,1050.0,1080.0,training_occluded_only,42
un_un,un -> un,0,expert2,Expert2,2,familiar_2,Familiar 2,1,full,Nonoccluded,0,1073.0,0.01106357667595148,1005.0,1125.0,1050.0,1080.0,training_occluded_only,42
un_un,un -> un,0,expert2,Expert2,2,familiar_2,Familiar 2,1,full,Nonoccluded,0,1074.0,0.01051039807498455,1005.0,1125.0,1050.0,1080.0,training_occluded_only,42
un_un,un -> un,0,expert2,Expert2,2,familiar_2,Familiar 2,1,full,Nonoccluded,0,1075.0,0.00998487789183855,1005.0,1125.0,1050.0,1080.0,training_occluded_only,42
un_un,un -> un,0,expert2,Expert2,2,familiar_2,Familiar 2,1,full,Nonoccluded,0,1076.0,0.009485634043812752,1005.0,1125.0,1050.0,1080.0,training_occluded_only,42
un_un,un -> un,0,expert2,Expert2,2,familiar_2,Familiar 2,1,full,Nonoccluded,0,1077.0,0.009011352434754372,1005.0,1125.0,1050.0,1080.0,training_occluded_only,42
un_un,un -> un,0,expert2,Expert2,2,familiar_2,Familiar 2,1,full,Nonoccluded,0,1078.0,0.008560785092413425,1005.0,1125.0,1050.0,1080.0,training_occluded_only,42
un_un,un -> un,0,expert2,Expert2,2,familiar_2,Familiar 2,1,full,Nonoccluded,0,1079.0,0.008132745511829853,1005.0,1125.0,1050.0,1080.0,training_occluded_only,42
un_un,un -> un,0,expert2,Expert2,2,familiar_2,Familiar 2,1,full,Nonoccluded,0,1080.0,0.007726108189672232,1005.0,1125.0,1050.0,1080.0,training_occluded_only,42
un_un,un -> un,0,expert2,Expert2,2,familiar_2,Familiar 2,1,full,Nonoccluded,0,1081.0,0.007339802570641041,1005.0,1125.0,1050.0,1080.0,training_occluded_only,42
un_un,un -> un,0,expert2,Expert2,2,familiar_2,Familiar 2,1,full,Nonoccluded,0,1082.0,0.006972812581807375,1005.0,1125.0,1050.0,1080.0,training_occluded_only,42
un_un,un -> un,0,expert2,Expert2,2,familiar_2,Familiar 2,1,full,Nonoccluded,0,1083.0,0.006624171976000071,1005.0,1125.0,1050.0,1080.0,training_occluded_only,42
un_un,un -> un,0,expert2,Expert2,2,familiar_2,Familiar 2,1,full,Nonoccluded,0,1084.0,0.01179954782128334,1005.0,1125.0,1050.0,1080.0,training_occluded_only,42
un_un,un -> un,0,expert2,Expert2,2,familiar_2,Familiar 2,1,full,Nonoccluded,0,1085.0,0.011548710986971855,1005.0,1125.0,1050.0,1080.0,training_occluded_only,42
un_un,un -> un,0,expert2,Expert2,2,familiar_2,Familiar 2,1,full,Nonoccluded,0,1086.0,0.01097127515822649,1005.0,1125.0,1050.0,1080.0,training_occluded_only,42
un_un,un -> un,0,expert2,Expert2,2,familiar_2,Familiar 2,1,full,Nonoccluded,0,1087.0,0.012102006003260612,1005.0,1125.0,1050.0,1080.0,training_occluded_only,42
un_un,un -> un,0,expert2,Expert2,2,familiar_2,Familiar 2,1,full,Nonoccluded,0,1088.0,0.012269391678273678,1005.0,1125.0,1050.0,1080.0,training_occluded_only,42
un_un,un -> un,0,expert2,Expert2,2,familiar_2,Familiar 2,1,full,Nonoccluded,0,1089.0,0.011655922047793865,1005.0,1125.0,1050.0,1080.0,training_occluded_only,42
un_un,un -> un,0,expert2,Expert2,2,familiar_2,Familiar 2,1,full,Nonoccluded,0,1090.0,0.011073125526309013,1005.0,1125.0,1050.0,1080.0,training_occluded_only,42
un_un,un -> un,0,expert2,Expert2,2,familiar_2,Familiar 2,1,full,Nonoccluded,0,1091.0,0.010519469156861305,1005.0,1125.0,1050.0,1080.0,training_occluded_only,42
un_un,un -> un,0,expert2,Expert2,2,familiar_2,Familiar 2,1,full,Nonoccluded,0,1092.0,0.014333395287394524,1005.0,1125.0,1050.0,1080.0,training_occluded_only,42
un_un,un -> un,0,expert2,Expert2,2,familiar_2,Familiar 2,1,full,Nonoccluded,0,1093.0,0.01361672580242157,1005.0,1125.0,1050.0,1080.0,training_occluded_only,42
un_un,un -> un,0,expert2,Expert2,2,familiar_2,Familiar 2,1,full,Nonoccluded,0,1094.0,0.012935888953506947,1005.0,1125.0,1050.0,1080.0,training_occluded_only,42
un_un,un -> un,0,expert2,Expert2,2,familiar_2,Familiar 2,1,full,Nonoccluded,0,1095.0,0.012289094738662243,1005.0,1125.0,1050.0,1080.0,training_occluded_only,42
un_un,un -> un,0,expert2,Expert2,2,familiar_2,Familiar 2,1,full,Nonoccluded,0,1096.0,0.011674639768898487,1005.0,1125.0,1050.0,1080.0,training_occluded_only,42
un_un,un -> un,0,expert2,Expert2,2,familiar_2,Familiar 2,1,full,Nonoccluded,0,1097.0,0.01777995377779007,1005.0,1125.0,1050.0,1080.0,training_occluded_only,42
un_un,un -> un,0,expert2,Expert2,2,familiar_2,Familiar 2,1,full,Nonoccluded,0,1098.0,0.018877394497394562,1005.0,1125.0,1050.0,1080.0,training_occluded_only,42
un_un,un -> un,0,expert2,Expert2,2,familiar_2,Familiar 2,1,full,Nonoccluded,0,1099.0,0.017933525145053864,1005.0,1125.0,1050.0,1080.0,training_occluded_only,42
un_un,un -> un,0,expert2,Expert2,2,familiar_2,Familiar 2,1,full,Nonoccluded,0,1100.0,0.01824946515262127,1005.0,1125.0,1050.0,1080.0,training_occluded_only,42
un_un,un -> un,0,expert2,Expert2,2,familiar_2,Familiar 2,1,full,Nonoccluded,0,1101.0,0.0181183610111475,1005.0,1125.0,1050.0,1080.0,training_occluded_only,42
un_un,un -> un,0,expert2,Expert2,2,familiar_2,Familiar 2,1,full,Nonoccluded,0,1102.0,0.01721244305372238,1005.0,1125.0,1050.0,1080.0,training_occluded_only,42
un_un,un -> un,0,expert2,Expert2,2,familiar_2,Familiar 2,1,full,Nonoccluded,0,1103.0,0.016351820901036263,1005.0,1125.0,1050.0,1080.0,training_occluded_only,42
un_un,un -> un,0,expert2,Expert2,2,familiar_2,Familiar 2,1,full,Nonoccluded,0,1104.0,0.015579842031002045,1005.0,1125.0,1050.0,1080.0,training_occluded_only,42
un_un,un -> un,0,expert2,Expert2,2,familiar_2,Familiar 2,1,full,Nonoccluded,0,1105.0,0.014800849370658398,1005.0,1125.0,1050.0,1080.0,training_occluded_only,42
un_un,un -> un,0,expert2,Expert2,2,familiar_2,Familiar 2,1,full,Nonoccluded,0,1106.0,0.01406080648303032,1005.0,1125.0,1050.0,1080.0,training_occluded_only,42
un_un,un -> un,0,expert2,Expert2,2,familiar_2,Familiar 2,1,full,Nonoccluded,0,1107.0,0.014095328748226166,1005.0,1125.0,1050.0,1080.0,training_occluded_only,42
un_un,un -> un,0,expert2,Expert2,2,familiar_2,Familiar 2,1,full,Nonoccluded,0,1108.0,0.013390562497079372,1005.0,1125.0,1050.0,1080.0,training_occluded_only,42
un_un,un -> un,0,expert2,Expert2,2,familiar_2,Familiar 2,1,full,Nonoccluded,0,1109.0,0.01272103376686573,1005.0,1125.0,1050.0,1080.0,training_occluded_only,42
un_un,un -> un,0,expert2,Expert2,2,familiar_2,Familiar 2,1,full,Nonoccluded,0,1110.0,0.01867271587252617,1005.0,1125.0,1050.0,1080.0,training_occluded_only,42
un_un,un -> un,0,expert2,Expert2,2,familiar_2,Familiar 2,1,full,Nonoccluded,0,1111.0,0.017739079892635345,1005.0,1125.0,1050.0,1080.0,training_occluded_only,42
un_un,un -> un,0,expert2,Expert2,2,familiar_2,Familiar 2,1,full,Nonoccluded,0,1112.0,0.01685212552547455,1005.0,1125.0,1050.0,1080.0,training_occluded_only,42
un_un,un -> un,0,expert2,Expert2,2,familiar_2,Familiar 2,1,full,Nonoccluded,0,1113.0,0.02002754993736744,1005.0,1125.0,1050.0,1080.0,training_occluded_only,42
un_un,un -> un,0,expert2,Expert2,2,familiar_2,Familiar 2,1,full,Nonoccluded,0,1114.0,0.019026171416044235,1005.0,1125.0,1050.0,1080.0,training_occluded_only,42
un_un,un -> un,0,expert2,Expert2,2,familiar_2,Familiar 2,1,full,Nonoccluded,0,1115.0,0.026264812797307968,1005.0,1125.0,1050.0,1080.0,training_occluded_only,42
un_un,un -> un,0,expert2,Expert2,2,familiar_2,Familiar 2,1,full,Nonoccluded,0,1116.0,0.027112923562526703,1005.0,1125.0,1050.0,1080.0,training_occluded_only,42
un_un,un -> un,0,expert2,Expert2,2,familiar_2,Familiar 2,1,full,Nonoccluded,0,1117.0,0.025757277384400368,1005.0,1125.0,1050.0,1080.0,training_occluded_only,42
un_un,un -> un,0,expert2,Expert2,2,familiar_2,Familiar 2,1,full,Nonoccluded,0,1118.0,0.030617980286478996,1005.0,1125.0,1050.0,1080.0,training_occluded_only,42
un_un,un -> un,0,expert2,Expert2,2,familiar_2,Familiar 2,1,full,Nonoccluded,0,1119.0,0.02908708155155182,1005.0,1125.0,1050.0,1080.0,training_occluded_only,42
un_un,un -> un,0,expert2,Expert2,2,familiar_2,Familiar 2,1,full,Nonoccluded,0,1120.0,0.02763272635638714,1005.0,1125.0,1050.0,1080.0,training_occluded_only,42
un_un,un -> un,0,expert2,Expert2,2,familiar_2,Familiar 2,1,full,Nonoccluded,0,1121.0,0.026251088827848434,1005.0,1125.0,1050.0,1080.0,training_occluded_only,42
un_un,un -> un,0,expert2,Expert2,2,familiar_2,Familiar 2,1,full,Nonoccluded,0,1122.0,0.024938534945249557,1005.0,1125.0,1050.0,1080.0,training_occluded_only,42
un_un,un -> un,0,expert2,Expert2,2,familiar_2,Familiar 2,1,full,Nonoccluded,0,1123.0,0.023691607639193535,1005.0,1125.0,1050.0,1080.0,training_occluded_only,42
un_un,un -> un,0,expert2,Expert2,2,familiar_2,Familiar 2,1,full,Nonoccluded,0,1124.0,0.02250702679157257,1005.0,1125.0,1050.0,1080.0,training_occluded_only,42
un_un,un -> un,0,expert2,Expert2,2,familiar_2,Familiar 2,1,occlusion,Occluded,1,1006.0,0.04168573394417763,1005.0,1125.0,1050.0,1080.0,training_occluded_only,42
un_un,un -> un,0,expert2,Expert2,2,familiar_2,Familiar 2,1,occlusion,Occluded,1,1007.0,0.03960144519805908,1005.0,1125.0,1050.0,1080.0,training_occluded_only,42
un_un,un -> un,0,expert2,Expert2,2,familiar_2,Familiar 2,1,occlusion,Occluded,1,1008.0,0.03762137144804001,1005.0,1125.0,1050.0,1080.0,training_occluded_only,42
un_un,un -> un,0,expert2,Expert2,2,familiar_2,Familiar 2,1,occlusion,Occluded,1,1009.0,0.03574030101299286,1005.0,1125.0,1050.0,1080.0,training_occluded_only,42
un_un,un -> un,0,expert2,Expert2,2,familiar_2,Familiar 2,1,occlusion,Occluded,1,1010.0,0.033953286707401276,1005.0,1125.0,1050.0,1080.0,training_occluded_only,42
un_un,un -> un,0,expert2,Expert2,2,familiar_2,Familiar 2,1,occlusion,Occluded,1,1011.0,0.0322556234896183,1005.0,1125.0,1050.0,1080.0,training_occluded_only,42
un_un,un -> un,0,expert2,Expert2,2,familiar_2,Familiar 2,1,occlusion,Occluded,1,1012.0,0.03981219232082367,1005.0,1125.0,1050.0,1080.0,training_occluded_only,42
un_un,un -> un,0,expert2,Expert2,2,familiar_2,Familiar 2,1,occlusion,Occluded,1,1013.0,0.03971963748335838,1005.0,1125.0,1050.0,1080.0,training_occluded_only,42
un_un,un -> un,0,expert2,Expert2,2,familiar_2,Familiar 2,1,occlusion,Occluded,1,1014.0,0.03773365542292595,1005.0,1125.0,1050.0,1080.0,training_occluded_only,42
un_un,un -> un,0,expert2,Expert2,2,familiar_2,Familiar 2,1,occlusion,Occluded,1,1015.0,0.03584697097539902,1005.0,1125.0,1050.0,1080.0,training_occluded_only,42
un_un,un -> un,0,expert2,Expert2,2,familiar_2,Familiar 2,1,occlusion,Occluded,1,1016.0,0.03405462205410004,1005.0,1125.0,1050.0,1080.0,training_occluded_only,42
un_un,un -> un,0,expert2,Expert2,2,familiar_2,Familiar 2,1,occlusion,Occluded,1,1017.0,0.03780484199523926,1005.0,1125.0,1050.0,1080.0,training_occluded_only,42
un_un,un -> un,0,expert2,Expert2,2,familiar_2,Familiar 2,1,occlusion,Occluded,1,1018.0,0.035914599895477295,1005.0,1125.0,1050.0,1080.0,training_occluded_only,42
un_un,un -> un,0,expert2,Expert2,2,familiar_2,Familiar 2,1,occlusion,Occluded,1,1019.0,0.03468622639775276,1005.0,1125.0,1050.0,1080.0,training_occluded_only,42
un_un,un -> un,0,expert2,Expert2,2,familiar_2,Familiar 2,1,occlusion,Occluded,1,1020.0,0.03295191377401352,1005.0,1125.0,1050.0,1080.0,training_occluded_only,42
un_un,un -> un,0,expert2,Expert2,2,familiar_2,Familiar 2,1,occlusion,Occluded,1,1021.0,0.03130431845784187,1005.0,1125.0,1050.0,1080.0,training_occluded_only,42
un_un,un -> un,0,expert2,Expert2,2,familiar_2,Familiar 2,1,occlusion,Occluded,1,1022.0,0.029739102348685265,1005.0,1125.0,1050.0,1080.0,training_occluded_only,42
un_un,un -> un,0,expert2,Expert2,2,familiar_2,Familiar 2,1,occlusion,Occluded,1,1023.0,0.03293486312031746,1005.0,1125.0,1050.0,1080.0,training_occluded_only,42
un_un,un -> un,0,expert2,Expert2,2,familiar_2,Familiar 2,1,occlusion,Occluded,1,1024.0,0.03128812089562416,1005.0,1125.0,1050.0,1080.0,training_occluded_only,42
un_un,un -> un,0,expert2,Expert2,2,familiar_2,Familiar 2,1,occlusion,Occluded,1,1025.0,0.029723715037107468,1005.0,1125.0,1050.0,1080.0,training_occluded_only,42
un_un,un -> un,0,expert2,Expert2,2,familiar_2,Familiar 2,1,occlusion,Occluded,1,1026.0,0.02823752909898758,1005.0,1125.0,1050.0,1080.0,training_occluded_only,42
un_un,un -> un,0,expert2,Expert2,2,familiar_2,Familiar 2,1,occlusion,Occluded,1,1027.0,0.0364665612578392,1005.0,1125.0,1050.0,1080.0,training_occluded_only,42
un_un,un -> un,0,expert2,Expert2,2,familiar_2,Familiar 2,1,occlusion,Occluded,1,1028.0,0.03464323282241821,1005.0,1125.0,1050.0,1080.0,training_occluded_only,42
un_un,un -> un,0,expert2,Expert2,2,familiar_2,Familiar 2,1,occlusion,Occluded,1,1029.0,0.03291106969118118,1005.0,1125.0,1050.0,1080.0,training_occluded_only,42
un_un,un -> un,0,expert2,Expert2,2,familiar_2,Familiar 2,1,occlusion,Occluded,1,1030.0,0.04122648015618324,1005.0,1125.0,1050.0,1080.0,training_occluded_only,42
un_un,un -> un,0,expert2,Expert2,2,familiar_2,Familiar 2,1,occlusion,Occluded,1,1031.0,0.039165154099464417,1005.0,1125.0,1050.0,1080.0,training_occluded_only,42
un_un,un -> un,0,expert2,Expert2,2,familiar_2,Familiar 2,1,occlusion,Occluded,1,1032.0,0.037927329540252686,1005.0,1125.0,1050.0,1080.0,training_occluded_only,42
un_un,un -> un,0,expert2,Expert2,2,familiar_2,Familiar 2,1,occlusion,Occluded,1,1033.0,0.03603096306324005,1005.0,1125.0,1050.0,1080.0,training_occluded_only,42
un_un,un -> un,0,expert2,Expert2,2,familiar_2,Familiar 2,1,occlusion,Occluded,1,1034.0,0.03422941267490387,1005.0,1125.0,1050.0,1080.0,training_occluded_only,42
un_un,un -> un,0,expert2,Expert2,2,familiar_2,Familiar 2,1,occlusion,Occluded,1,1035.0,0.0325179398059845,1005.0,1125.0,1050.0,1080.0,training_occluded_only,42
un_un,un -> un,0,expert2,Expert2,2,familiar_2,Familiar 2,1,occlusion,Occluded,1,1036.0,0.030892042443156242,1005.0,1125.0,1050.0,1080.0,training_occluded_only,42
un_un,un -> un,0,expert2,Expert2,2,familiar_2,Familiar 2,1,occlusion,Occluded,1,1037.0,0.029347440227866173,1005.0,1125.0,1050.0,1080.0,training_occluded_only,42
un_un,un -> un,0,expert2,Expert2,2,familiar_2,Familiar 2,1,occlusion,Occluded,1,1038.0,0.027880067005753517,1005.0,1125.0,1050.0,1080.0,training_occluded_only,42
un_un,un -> un,0,expert2,Expert2,2,familiar_2,Familiar 2,1,occlusion,Occluded,1,1039.0,0.02648606337606907,1005.0,1125.0,1050.0,1080.0,training_occluded_only,42
un_un,un -> un,0,expert2,Expert2,2,familiar_2,Familiar 2,1,occlusion,Occluded,1,1040.0,0.02546827867627144,1005.0,1125.0,1050.0,1080.0,training_occluded_only,42
un_un,un -> un,0,expert2,Expert2,2,familiar_2,Familiar 2,1,occlusion,Occluded,1,1041.0,0.025272196158766747,1005.0,1125.0,1050.0,1080.0,training_occluded_only,42
un_un,un -> un,0,expert2,Expert2,2,familiar_2,Familiar 2,1,occlusion,Occluded,1,1042.0,0.024008585140109062,1005.0,1125.0,1050.0,1080.0,training_occluded_only,42
un_un,un -> un,0,expert2,Expert2,2,familiar_2,Familiar 2,1,occlusion,Occluded,1,1043.0,0.030298568308353424,1005.0,1125.0,1050.0,1080.0,training_occluded_only,42
un_un,un -> un,0,expert2,Expert2,2,familiar_2,Familiar 2,1,occlusion,Occluded,1,1044.0,0.028783639892935753,1005.0,1125.0,1050.0,1080.0,training_occluded_only,42
un_un,un -> un,0,expert2,Expert2,2,familiar_2,Familiar 2,1,occlusion,Occluded,1,1045.0,0.027344457805156708,1005.0,1125.0,1050.0,1080.0,training_occluded_only,42
un_un,un -> un,0,expert2,Expert2,2,familiar_2,Familiar 2,1,occlusion,Occluded,1,1046.0,0.025977235287427902,1005.0,1125.0,1050.0,1080.0,training_occluded_only,42
un_un,un -> un,0,expert2,Expert2,2,familiar_2,Familiar 2,1,occlusion,Occluded,1,1047.0,0.024678373709321022,1005.0,1125.0,1050.0,1080.0,training_occluded_only,42
un_un,un -> un,0,expert2,Expert2,2,familiar_2,Familiar 2,1,occlusion,Occluded,1,1048.0,0.02344445511698723,1005.0,1125.0,1050.0,1080.0,training_occluded_only,42
un_un,un -> un,0,expert2,Expert2,2,familiar_2,Familiar 2,1,occlusion,Occluded,1,1049.0,0.029735997319221497,1005.0,1125.0,1050.0,1080.0,training_occluded_only,42
un_un,un -> un,0,expert2,Expert2,2,familiar_2,Familiar 2,1,occlusion,Occluded,1,1050.0,0.03900633379817009,1005.0,1125.0,1050.0,1080.0,training_occluded_only,42
un_un,un -> un,0,expert2,Expert2,2,familiar_2,Familiar 2,1,occlusion,Occluded,1,1051.0,0.04002197086811066,1005.0,1125.0,1050.0,1080.0,training_occluded_only,42
un_un,un -> un,0,expert2,Expert2,2,familiar_2,Familiar 2,1,occlusion,Occluded,1,1052.0,0.038020871579647064,1005.0,1125.0,1050.0,1080.0,training_occluded_only,42
un_un,un -> un,0,expert2,Expert2,2,familiar_2,Familiar 2,1,occlusion,Occluded,1,1053.0,0.04165058210492134,1005.0,1125.0,1050.0,1080.0,training_occluded_only,42
un_un,un -> un,0,expert2,Expert2,2,familiar_2,Familiar 2,1,occlusion,Occluded,1,1054.0,0.042436957359313965,1005.0,1125.0,1050.0,1080.0,training_occluded_only,42
un_un,un -> un,0,expert2,Expert2,2,familiar_2,Familiar 2,1,occlusion,Occluded,1,1055.0,0.040315110236406326,1005.0,1125.0,1050.0,1080.0,training_occluded_only,42
un_un,un -> un,0,expert2,Expert2,2,familiar_2,Familiar 2,1,occlusion,Occluded,1,1056.0,0.04072221368551254,1005.0,1125.0,1050.0,1080.0,training_occluded_only,42
un_un,un -> un,0,expert2,Expert2,2,familiar_2,Familiar 2,1,occlusion,Occluded,1,1057.0,0.03929862380027771,1005.0,1125.0,1050.0,1080.0,training_occluded_only,42
un_un,un -> un,0,expert2,Expert2,2,familiar_2,Familiar 2,1,occlusion,Occluded,1,1058.0,0.037333693355321884,1005.0,1125.0,1050.0,1080.0,training_occluded_only,42
un_un,un -> un,0,expert2,Expert2,2,familiar_2,Familiar 2,1,occlusion,Occluded,1,1059.0,0.035467009991407394,1005.0,1125.0,1050.0,1080.0,training_occluded_only,42
un_un,un -> un,0,expert2,Expert2,2,familiar_2,Familiar 2,1,occlusion,Occluded,1,1060.0,0.03369366005063057,1005.0,1125.0,1050.0,1080.0,training_occluded_only,42
un_un,un -> un,0,expert2,Expert2,2,familiar_2,Familiar 2,1,occlusion,Occluded,1,1061.0,0.0392877571284771,1005.0,1125.0,1050.0,1080.0,training_occluded_only,42
un_un,un -> un,0,expert2,Expert2,2,familiar_2,Familiar 2,1,occlusion,Occluded,1,1062.0,0.037323370575904846,1005.0,1125.0,1050.0,1080.0,training_occluded_only,42
un_un,un -> un,0,expert2,Expert2,2,familiar_2,Familiar 2,1,occlusion,Occluded,1,1063.0,0.03713008388876915,1005.0,1125.0,1050.0,1080.0,training_occluded_only,42
un_un,un -> un,0,expert2,Expert2,2,familiar_2,Familiar 2,1,occlusion,Occluded,1,1064.0,0.03527357801795006,1005.0,1125.0,1050.0,1080.0,training_occluded_only,42
un_un,un -> un,0,expert2,Expert2,2,familiar_2,Familiar 2,1,occlusion,Occluded,1,1065.0,0.03360731527209282,1005.0,1125.0,1050.0,1080.0,training_occluded_only,42
un_un,un -> un,0,expert2,Expert2,2,familiar_2,Familiar 2,1,occlusion,Occluded,1,1066.0,0.03295806422829628,1005.0,1125.0,1050.0,1080.0,training_occluded_only,42
un_un,un -> un,0,expert2,Expert2,2,familiar_2,Familiar 2,1,occlusion,Occluded,1,1067.0,0.03732268884778023,1005.0,1125.0,1050.0,1080.0,training_occluded_only,42
un_un,un -> un,0,expert2,Expert2,2,familiar_2,Familiar 2,1,occlusion,Occluded,1,1068.0,0.04720887914299965,1005.0,1125.0,1050.0,1080.0,training_occluded_only,42
un_un,un -> un,0,expert2,Expert2,2,familiar_2,Familiar 2,1,occlusion,Occluded,1,1069.0,0.04977210983633995,1005.0,1125.0,1050.0,1080.0,training_occluded_only,42
un_un,un -> un,0,expert2,Expert2,2,familiar_2,Familiar 2,1,occlusion,Occluded,1,1070.0,0.04728350415825844,1005.0,1125.0,1050.0,1080.0,training_occluded_only,42
un_un,un -> un,0,expert2,Expert2,2,familiar_2,Familiar 2,1,occlusion,Occluded,1,1071.0,0.04491932690143585,1005.0,1125.0,1050.0,1080.0,training_occluded_only,42
un_un,un -> un,0,expert2,Expert2,2,familiar_2,Familiar 2,1,occlusion,Occluded,1,1072.0,0.045303165912628174,1005.0,1125.0,1050.0,1080.0,training_occluded_only,42
un_un,un -> un,0,expert2,Expert2,2,familiar_2,Familiar 2,1,occlusion,Occluded,1,1073.0,0.043038006871938705,1005.0,1125.0,1050.0,1080.0,training_occluded_only,42
un_un,un -> un,0,expert2,Expert2,2,familiar_2,Familiar 2,1,occlusion,Occluded,1,1074.0,0.040886107832193375,1005.0,1125.0,1050.0,1080.0,training_occluded_only,42
un_un,un -> un,0,expert2,Expert2,2,familiar_2,Familiar 2,1,occlusion,Occluded,1,1075.0,0.03884180262684822,1005.0,1125.0,1050.0,1080.0,training_occluded_only,42
un_un,un -> un,0,expert2,Expert2,2,familiar_2,Familiar 2,1,occlusion,Occluded,1,1076.0,0.036899711936712265,1005.0,1125.0,1050.0,1080.0,training_occluded_only,42
un_un,un -> un,0,expert2,Expert2,2,familiar_2,Familiar 2,1,occlusion,Occluded,1,1077.0,0.03537692874670029,1005.0,1125.0,1050.0,1080.0,training_occluded_only,42
un_un,un -> un,0,expert2,Expert2,2,familiar_2,Familiar 2,1,occlusion,Occluded,1,1078.0,0.03370116278529167,1005.0,1125.0,1050.0,1080.0,training_occluded_only,42
un_un,un -> un,0,expert2,Expert2,2,familiar_2,Familiar 2,1,occlusion,Occluded,1,1079.0,0.03333866223692894,1005.0,1125.0,1050.0,1080.0,training_occluded_only,42
un_un,un -> un,0,expert2,Expert2,2,familiar_2,Familiar 2,1,occlusion,Occluded,1,1080.0,0.03437325730919838,1005.0,1125.0,1050.0,1080.0,training_occluded_only,42
un_un,un -> un,0,expert2,Expert2,2,familiar_2,Familiar 2,1,occlusion,Occluded,1,1081.0,0.03931300714612007,1005.0,1125.0,1050.0,1080.0,training_occluded_only,42
un_un,un -> un,0,expert2,Expert2,2,familiar_2,Familiar 2,1,occlusion,Occluded,1,1082.0,0.0397455208003521,1005.0,1125.0,1050.0,1080.0,training_occluded_only,42
un_un,un -> un,0,expert2,Expert2,2,familiar_2,Familiar 2,1,occlusion,Occluded,1,1083.0,0.037758246064186096,1005.0,1125.0,1050.0,1080.0,training_occluded_only,42
un_un,un -> un,0,expert2,Expert2,2,familiar_2,Familiar 2,1,occlusion,Occluded,1,1084.0,0.03587033227086067,1005.0,1125.0,1050.0,1080.0,training_occluded_only,42
un_un,un -> un,0,expert2,Expert2,2,familiar_2,Familiar 2,1,occlusion,Occluded,1,1085.0,0.03725701943039894,1005.0,1125.0,1050.0,1080.0,training_occluded_only,42
un_un,un -> un,0,expert2,Expert2,2,familiar_2,Familiar 2,1,occlusion,Occluded,1,1086.0,0.04158522188663483,1005.0,1125.0,1050.0,1080.0,training_occluded_only,42
un_un,un -> un,0,expert2,Expert2,2,familiar_2,Familiar 2,1,occlusion,Occluded,1,1087.0,0.044537466019392014,1005.0,1125.0,1050.0,1080.0,training_occluded_only,42
un_un,un -> un,0,expert2,Expert2,2,familiar_2,Familiar 2,1,occlusion,Occluded,1,1088.0,0.04231059178709984,1005.0,1125.0,1050.0,1080.0,training_occluded_only,42
un_un,un -> un,0,expert2,Expert2,2,familiar_2,Familiar 2,1,occlusion,Occluded,1,1089.0,0.04019506275653839,1005.0,1125.0,1050.0,1080.0,training_occluded_only,42
un_un,un -> un,0,expert2,Expert2,2,familiar_2,Familiar 2,1,occlusion,Occluded,1,1090.0,0.039301469922065735,1005.0,1125.0,1050.0,1080.0,training_occluded_only,42
un_un,un -> un,0,expert2,Expert2,2,familiar_2,Familiar 2,1,occlusion,Occluded,1,1091.0,0.039227195084095,1005.0,1125.0,1050.0,1080.0,training_occluded_only,42
un_un,un -> un,0,expert2,Expert2,2,familiar_2,Familiar 2,1,occlusion,Occluded,1,1092.0,0.0372658334672451,1005.0,1125.0,1050.0,1080.0,training_occluded_only,42
un_un,un -> un,0,expert2,Expert2,2,familiar_2,Familiar 2,1,occlusion,Occluded,1,1093.0,0.03545896336436272,1005.0,1125.0,1050.0,1080.0,training_occluded_only,42
un_un,un -> un,0,expert2,Expert2,2,familiar_2,Familiar 2,1,occlusion,Occluded,1,1094.0,0.033686015754938126,1005.0,1125.0,1050.0,1080.0,training_occluded_only,42
un_un,un -> un,0,expert2,Expert2,2,familiar_2,Familiar 2,1,occlusion,Occluded,1,1095.0,0.032001715153455734,1005.0,1125.0,1050.0,1080.0,training_occluded_only,42
un_un,un -> un,0,expert2,Expert2,2,familiar_2,Familiar 2,1,occlusion,Occluded,1,1096.0,0.03928733617067337,1005.0,1125.0,1050.0,1080.0,training_occluded_only,42
un_un,un -> un,0,expert2,Expert2,2,familiar_2,Familiar 2,1,occlusion,Occluded,1,1097.0,0.045975249260663986,1005.0,1125.0,1050.0,1080.0,training_occluded_only,42
un_un,un -> un,0,expert2,Expert2,2,familiar_2,Familiar 2,1,occlusion,Occluded,1,1098.0,0.04367648810148239,1005.0,1125.0,1050.0,1080.0,training_occluded_only,42
un_un,un -> un,0,expert2,Expert2,2,familiar_2,Familiar 2,1,occlusion,Occluded,1,1099.0,0.04149266332387924,1005.0,1125.0,1050.0,1080.0,training_occluded_only,42
un_un,un -> un,0,expert2,Expert2,2,familiar_2,Familiar 2,1,occlusion,Occluded,1,1100.0,0.04525375738739967,1005.0,1125.0,1050.0,1080.0,training_occluded_only,42
un_un,un -> un,0,expert2,Expert2,2,familiar_2,Familiar 2,1,occlusion,Occluded,1,1101.0,0.042991068214178085,1005.0,1125.0,1050.0,1080.0,training_occluded_only,42
un_un,un -> un,0,expert2,Expert2,2,familiar_2,Familiar 2,1,occlusion,Occluded,1,1102.0,0.0461757630109787,1005.0,1125.0,1050.0,1080.0,training_occluded_only,42
un_un,un -> un,0,expert2,Expert2,2,familiar_2,Familiar 2,1,occlusion,Occluded,1,1103.0,0.043866973370313644,1005.0,1125.0,1050.0,1080.0,training_occluded_only,42
un_un,un -> un,0,expert2,Expert2,2,familiar_2,Familiar 2,1,occlusion,Occluded,1,1104.0,0.04167362302541733,1005.0,1125.0,1050.0,1080.0,training_occluded_only,42
un_un,un -> un,0,expert2,Expert2,2,familiar_2,Familiar 2,1,occlusion,Occluded,1,1105.0,0.03958994150161743,1005.0,1125.0,1050.0,1080.0,training_occluded_only,42
un_un,un -> un,0,expert2,Expert2,2,familiar_2,Familiar 2,1,occlusion,Occluded,1,1106.0,0.03761044517159462,1005.0,1125.0,1050.0,1080.0,training_occluded_only,42
un_un,un -> un,0,expert2,Expert2,2,familiar_2,Familiar 2,1,occlusion,Occluded,1,1107.0,0.04323432594537735,1005.0,1125.0,1050.0,1080.0,training_occluded_only,42
un_un,un -> un,0,expert2,Expert2,2,familiar_2,Familiar 2,1,occlusion,Occluded,1,1108.0,0.04107261076569557,1005.0,1125.0,1050.0,1080.0,training_occluded_only,42
un_un,un -> un,0,expert2,Expert2,2,familiar_2,Familiar 2,1,occlusion,Occluded,1,1109.0,0.03901898115873337,1005.0,1125.0,1050.0,1080.0,training_occluded_only,42
un_un,un -> un,0,expert2,Expert2,2,familiar_2,Familiar 2,1,occlusion,Occluded,1,1110.0,0.04127620905637741,1005.0,1125.0,1050.0,1080.0,training_occluded_only,42
un_un,un -> un,0,expert2,Expert2,2,familiar_2,Familiar 2,1,occlusion,Occluded,1,1111.0,0.045109543949365616,1005.0,1125.0,1050.0,1080.0,training_occluded_only,42
un_un,un -> un,0,expert2,Expert2,2,familiar_2,Familiar 2,1,occlusion,Occluded,1,1112.0,0.04285406693816185,1005.0,1125.0,1050.0,1080.0,training_occluded_only,42
un_un,un -> un,0,expert2,Expert2,2,familiar_2,Familiar 2,1,occlusion,Occluded,1,1113.0,0.04071136191487312,1005.0,1125.0,1050.0,1080.0,training_occluded_only,42
un_un,un -> un,0,expert2,Expert2,2,familiar_2,Familiar 2,1,occlusion,Occluded,1,1114.0,0.03867579251527786,1005.0,1125.0,1050.0,1080.0,training_occluded_only,42
un_un,un -> un,0,expert2,Expert2,2,familiar_2,Familiar 2,1,occlusion,Occluded,1,1115.0,0.039559632539749146,1005.0,1125.0,1050.0,1080.0,training_occluded_only,42
un_un,un -> un,0,expert2,Expert2,2,familiar_2,Familiar 2,1,occlusion,Occluded,1,1116.0,0.03758164867758751,1005.0,1125.0,1050.0,1080.0,training_occluded_only,42
un_un,un -> un,0,expert2,Expert2,2,familiar_2,Familiar 2,1,occlusion,Occluded,1,1117.0,0.03570256754755974,1005.0,1125.0,1050.0,1080.0,training_occluded_only,42
un_un,un -> un,0,expert2,Expert2,2,familiar_2,Familiar 2,1,occlusion,Occluded,1,1118.0,0.03391743823885918,1005.0,1125.0,1050.0,1080.0,training_occluded_only,42
un_un,un -> un,0,expert2,Expert2,2,familiar_2,Familiar 2,1,occlusion,Occluded,1,1119.0,0.03222156688570976,1005.0,1125.0,1050.0,1080.0,training_occluded_only,42
un_un,un -> un,0,expert2,Expert2,2,familiar_2,Familiar 2,1,occlusion,Occluded,1,1120.0,0.03061048872768879,1005.0,1125.0,1050.0,1080.0,training_occluded_only,42
un_un,un -> un,0,expert2,Expert2,2,familiar_2,Familiar 2,1,occlusion,Occluded,1,1121.0,0.029079964384436607,1005.0,1125.0,1050.0,1080.0,training_occluded_only,42
un_un,un -> un,0,expert2,Expert2,2,familiar_2,Familiar 2,1,occlusion,Occluded,1,1122.0,0.03408029302954674,1005.0,1125.0,1050.0,1080.0,training_occluded_only,42
un_un,un -> un,0,expert2,Expert2,2,familiar_2,Familiar 2,1,occlusion,Occluded,1,1123.0,0.032376278191804886,1005.0,1125.0,1050.0,1080.0,training_occluded_only,42
un_un,un -> un,0,expert2,Expert2,2,familiar_2,Familiar 2,1,occlusion,Occluded,1,1124.0,0.04014990106225014,1005.0,1125.0,1050.0,1080.0,training_occluded_only,42
un_un,un -> un,0,expert2,Expert2,2,novel,Novel Image,2,full,Nonoccluded,0,1006.0,0.04081634804606438,1005.0,1125.0,1050.0,1080.0,training_occluded_only,42
un_un,un -> un,0,expert2,Expert2,2,novel,Novel Image,2,full,Nonoccluded,0,1007.0,0.03877552971243858,1005.0,1125.0,1050.0,1080.0,training_occluded_only,42
un_un,un -> un,0,expert2,Expert2,2,novel,Novel Image,2,full,Nonoccluded,0,1008.0,0.042452357709407806,1005.0,1125.0,1050.0,1080.0,training_occluded_only,42
un_un,un -> un,0,expert2,Expert2,2,novel,Novel Image,2,full,Nonoccluded,0,1009.0,0.04211461916565895,1005.0,1125.0,1050.0,1080.0,training_occluded_only,42
un_un,un -> un,0,expert2,Expert2,2,novel,Novel Image,2,full,Nonoccluded,0,1010.0,0.04000888764858246,1005.0,1125.0,1050.0,1080.0,training_occluded_only,42
un_un,un -> un,0,expert2,Expert2,2,novel,Novel Image,2,full,Nonoccluded,0,1011.0,0.038008444011211395,1005.0,1125.0,1050.0,1080.0,training_occluded_only,42
un_un,un -> un,0,expert2,Expert2,2,novel,Novel Image,2,full,Nonoccluded,0,1012.0,0.04038437083363533,1005.0,1125.0,1050.0,1080.0,training_occluded_only,42
un_un,un -> un,0,expert2,Expert2,2,novel,Novel Image,2,full,Nonoccluded,0,1013.0,0.03952945023775101,1005.0,1125.0,1050.0,1080.0,training_occluded_only,42
un_un,un -> un,0,expert2,Expert2,2,novel,Novel Image,2,full,Nonoccluded,0,1014.0,0.037552978843450546,1005.0,1125.0,1050.0,1080.0,training_occluded_only,42
un_un,un -> un,0,expert2,Expert2,2,novel,Novel Image,2,full,Nonoccluded,0,1015.0,0.039841178804636,1005.0,1125.0,1050.0,1080.0,training_occluded_only,42
un_un,un -> un,0,expert2,Expert2,2,novel,Novel Image,2,full,Nonoccluded,0,1016.0,0.037849120795726776,1005.0,1125.0,1050.0,1080.0,training_occluded_only,42
un_un,un -> un,0,expert2,Expert2,2,novel,Novel Image,2,full,Nonoccluded,0,1017.0,0.03595666587352753,1005.0,1125.0,1050.0,1080.0,training_occluded_only,42
un_un,un -> un,0,expert2,Expert2,2,novel,Novel Image,2,full,Nonoccluded,0,1018.0,0.03415883332490921,1005.0,1125.0,1050.0,1080.0,training_occluded_only,42
un_un,un -> un,0,expert2,Expert2,2,novel,Novel Image,2,full,Nonoccluded,0,1019.0,0.03245089203119278,1005.0,1125.0,1050.0,1080.0,training_occluded_only,42
un_un,un -> un,0,expert2,Expert2,2,novel,Novel Image,2,full,Nonoccluded,0,1020.0,0.033112477511167526,1005.0,1125.0,1050.0,1080.0,training_occluded_only,42
un_un,un -> un,0,expert2,Expert2,2,novel,Novel Image,2,full,Nonoccluded,0,1021.0,0.03321469947695732,1005.0,1125.0,1050.0,1080.0,training_occluded_only,42
un_un,un -> un,0,expert2,Expert2,2,novel,Novel Image,2,full,Nonoccluded,0,1022.0,0.031553965061903,1005.0,1125.0,1050.0,1080.0,training_occluded_only,42
un_un,un -> un,0,expert2,Expert2,2,novel,Novel Image,2,full,Nonoccluded,0,1023.0,0.029976265504956245,1005.0,1125.0,1050.0,1080.0,training_occluded_only,42
un_un,un -> un,0,expert2,Expert2,2,novel,Novel Image,2,full,Nonoccluded,0,1024.0,0.02847745269536972,1005.0,1125.0,1050.0,1080.0,training_occluded_only,42
un_un,un -> un,0,expert2,Expert2,2,novel,Novel Image,2,full,Nonoccluded,0,1025.0,0.027053579688072205,1005.0,1125.0,1050.0,1080.0,training_occluded_only,42
un_un,un -> un,0,expert2,Expert2,2,novel,Novel Image,2,full,Nonoccluded,0,1026.0,0.029499726369976997,1005.0,1125.0,1050.0,1080.0,training_occluded_only,42
un_un,un -> un,0,expert2,Expert2,2,novel,Novel Image,2,full,Nonoccluded,0,1027.0,0.035397253930568695,1005.0,1125.0,1050.0,1080.0,training_occluded_only,42
un_un,un -> un,0,expert2,Expert2,2,novel,Novel Image,2,full,Nonoccluded,0,1028.0,0.034540772438049316,1005.0,1125.0,1050.0,1080.0,training_occluded_only,42
un_un,un -> un,0,expert2,Expert2,2,novel,Novel Image,2,full,Nonoccluded,0,1029.0,0.03281373158097267,1005.0,1125.0,1050.0,1080.0,training_occluded_only,42
un_un,un -> un,0,expert2,Expert2,2,novel,Novel Image,2,full,Nonoccluded,0,1030.0,0.031173044815659523,1005.0,1125.0,1050.0,1080.0,training_occluded_only,42
un_un,un -> un,0,expert2,Expert2,2,novel,Novel Image,2,full,Nonoccluded,0,1031.0,0.029614392668008804,1005.0,1125.0,1050.0,1080.0,training_occluded_only,42
un_un,un -> un,0,expert2,Expert2,2,novel,Novel Image,2,full,Nonoccluded,0,1032.0,0.02813367359340191,1005.0,1125.0,1050.0,1080.0,training_occluded_only,42
un_un,un -> un,0,expert2,Expert2,2,novel,Novel Image,2,full,Nonoccluded,0,1033.0,0.03511686623096466,1005.0,1125.0,1050.0,1080.0,training_occluded_only,42
un_un,un -> un,0,expert2,Expert2,2,novel,Novel Image,2,full,Nonoccluded,0,1034.0,0.03547554463148117,1005.0,1125.0,1050.0,1080.0,training_occluded_only,42
un_un,un -> un,0,expert2,Expert2,2,novel,Novel Image,2,full,Nonoccluded,0,1035.0,0.03370176628232002,1005.0,1125.0,1050.0,1080.0,training_occluded_only,42
un_un,un -> un,0,expert2,Expert2,2,novel,Novel Image,2,full,Nonoccluded,0,1036.0,0.03201667591929436,1005.0,1125.0,1050.0,1080.0,training_occluded_only,42
un_un,un -> un,0,expert2,Expert2,2,novel,Novel Image,2,full,Nonoccluded,0,1037.0,0.03213038295507431,1005.0,1125.0,1050.0,1080.0,training_occluded_only,42
un_un,un -> un,0,expert2,Expert2,2,novel,Novel Image,2,full,Nonoccluded,0,1038.0,0.030523862689733505,1005.0,1125.0,1050.0,1080.0,training_occluded_only,42
un_un,un -> un,0,expert2,Expert2,2,novel,Novel Image,2,full,Nonoccluded,0,1039.0,0.028997668996453285,1005.0,1125.0,1050.0,1080.0,training_occluded_only,42
un_un,un -> un,0,expert2,Expert2,2,novel,Novel Image,2,full,Nonoccluded,0,1040.0,0.02840835601091385,1005.0,1125.0,1050.0,1080.0,training_occluded_only,42
un_un,un -> un,0,expert2,Expert2,2,novel,Novel Image,2,full,Nonoccluded,0,1041.0,0.026987938210368156,1005.0,1125.0,1050.0,1080.0,training_occluded_only,42
un_un,un -> un,0,expert2,Expert2,2,novel,Novel Image,2,full,Nonoccluded,0,1042.0,0.02563854120671749,1005.0,1125.0,1050.0,1080.0,training_occluded_only,42
un_un,un -> un,0,expert2,Expert2,2,novel,Novel Image,2,full,Nonoccluded,0,1043.0,0.02435661293566227,1005.0,1125.0,1050.0,1080.0,training_occluded_only,42
un_un,un -> un,0,expert2,Expert2,2,novel,Novel Image,2,full,Nonoccluded,0,1044.0,0.02391826920211315,1005.0,1125.0,1050.0,1080.0,training_occluded_only,42
un_un,un -> un,0,expert2,Expert2,2,novel,Novel Image,2,full,Nonoccluded,0,1045.0,0.02789444848895073,1005.0,1125.0,1050.0,1080.0,training_occluded_only,42
un_un,un -> un,0,expert2,Expert2,2,novel,Novel Image,2,full,Nonoccluded,0,1046.0,0.026499725878238678,1005.0,1125.0,1050.0,1080.0,training_occluded_only,42
un_un,un -> un,0,expert2,Expert2,2,novel,Novel Image,2,full,Nonoccluded,0,1047.0,0.025174738839268684,1005.0,1125.0,1050.0,1080.0,training_occluded_only,42
un_un,un -> un,0,expert2,Expert2,2,novel,Novel Image,2,full,Nonoccluded,0,1048.0,0.023916002362966537,1005.0,1125.0,1050.0,1080.0,training_occluded_only,42
un_un,un -> un,0,expert2,Expert2,2,novel,Novel Image,2,full,Nonoccluded,0,1049.0,0.02367427386343479,1005.0,1125.0,1050.0,1080.0,training_occluded_only,42
un_un,un -> un,0,expert2,Expert2,2,novel,Novel Image,2,full,Nonoccluded,0,1050.0,0.02249055914580822,1005.0,1125.0,1050.0,1080.0,training_occluded_only,42
un_un,un -> un,0,expert2,Expert2,2,novel,Novel Image,2,full,Nonoccluded,0,1051.0,0.023120272904634476,1005.0,1125.0,1050.0,1080.0,training_occluded_only,42
un_un,un -> un,0,expert2,Expert2,2,novel,Novel Image,2,full,Nonoccluded,0,1052.0,0.021964259445667267,1005.0,1125.0,1050.0,1080.0,training_occluded_only,42
un_un,un -> un,0,expert2,Expert2,2,novel,Novel Image,2,full,Nonoccluded,0,1053.0,0.020866045728325844,1005.0,1125.0,1050.0,1080.0,training_occluded_only,42
un_un,un -> un,0,expert2,Expert2,2,novel,Novel Image,2,full,Nonoccluded,0,1054.0,0.01982274278998375,1005.0,1125.0,1050.0,1080.0,training_occluded_only,42
un_un,un -> un,0,expert2,Expert2,2,novel,Novel Image,2,full,Nonoccluded,0,1055.0,0.018831605091691017,1005.0,1125.0,1050.0,1080.0,training_occluded_only,42
un_un,un -> un,0,expert2,Expert2,2,novel,Novel Image,2,full,Nonoccluded,0,1056.0,0.017890024930238724,1005.0,1125.0,1050.0,1080.0,training_occluded_only,42
un_un,un -> un,0,expert2,Expert2,2,novel,Novel Image,2,full,Nonoccluded,0,1057.0,0.016995523124933243,1005.0,1125.0,1050.0,1080.0,training_occluded_only,42
un_un,un -> un,0,expert2,Expert2,2,novel,Novel Image,2,full,Nonoccluded,0,1058.0,0.016145747154951096,1005.0,1125.0,1050.0,1080.0,training_occluded_only,42
un_un,un -> un,0,expert2,Expert2,2,novel,Novel Image,2,full,Nonoccluded,0,1059.0,0.015338459983468056,1005.0,1125.0,1050.0,1080.0,training_occluded_only,42
un_un,un -> un,0,expert2,Expert2,2,novel,Novel Image,2,full,Nonoccluded,0,1060.0,0.014571537263691425,1005.0,1125.0,1050.0,1080.0,training_occluded_only,42
un_un,un -> un,0,expert2,Expert2,2,novel,Novel Image,2,full,Nonoccluded,0,1061.0,0.013842959888279438,1005.0,1125.0,1050.0,1080.0,training_occluded_only,42
un_un,un -> un,0,expert2,Expert2,2,novel,Novel Image,2,full,Nonoccluded,0,1062.0,0.01315081212669611,1005.0,1125.0,1050.0,1080.0,training_occluded_only,42
un_un,un -> un,0,expert2,Expert2,2,novel,Novel Image,2,full,Nonoccluded,0,1063.0,0.012493271380662918,1005.0,1125.0,1050.0,1080.0,training_occluded_only,42
un_un,un -> un,0,expert2,Expert2,2,novel,Novel Image,2,full,Nonoccluded,0,1064.0,0.011868607252836227,1005.0,1125.0,1050.0,1080.0,training_occluded_only,42
un_un,un -> un,0,expert2,Expert2,2,novel,Novel Image,2,full,Nonoccluded,0,1065.0,0.011275176890194416,1005.0,1125.0,1050.0,1080.0,training_occluded_only,42
un_un,un -> un,0,expert2,Expert2,2,novel,Novel Image,2,full,Nonoccluded,0,1066.0,0.01071141753345728,1005.0,1125.0,1050.0,1080.0,training_occluded_only,42
un_un,un -> un,0,expert2,Expert2,2,novel,Novel Image,2,full,Nonoccluded,0,1067.0,0.01275718491524458,1005.0,1125.0,1050.0,1080.0,training_occluded_only,42
un_un,un -> un,0,expert2,Expert2,2,novel,Novel Image,2,full,Nonoccluded,0,1068.0,0.012119325809180737,1005.0,1125.0,1050.0,1080.0,training_occluded_only,42
un_un,un -> un,0,expert2,Expert2,2,novel,Novel Image,2,full,Nonoccluded,0,1069.0,0.011513358913362026,1005.0,1125.0,1050.0,1080.0,training_occluded_only,42
un_un,un -> un,0,expert2,Expert2,2,novel,Novel Image,2,full,Nonoccluded,0,1070.0,0.010937690734863281,1005.0,1125.0,1050.0,1080.0,training_occluded_only,42
un_un,un -> un,0,expert2,Expert2,2,novel,Novel Image,2,full,Nonoccluded,0,1071.0,0.010390806011855602,1005.0,1125.0,1050.0,1080.0,training_occluded_only,42
un_un,un -> un,0,expert2,Expert2,2,novel,Novel Image,2,full,Nonoccluded,0,1072.0,0.009871265850961208,1005.0,1125.0,1050.0,1080.0,training_occluded_only,42
un_un,un -> un,0,expert2,Expert2,2,novel,Novel Image,2,full,Nonoccluded,0,1073.0,0.00937770213931799,1005.0,1125.0,1050.0,1080.0,training_occluded_only,42
un_un,un -> un,0,expert2,Expert2,2,novel,Novel Image,2,full,Nonoccluded,0,1074.0,0.008908816613256931,1005.0,1125.0,1050.0,1080.0,training_occluded_only,42
un_un,un -> un,0,expert2,Expert2,2,novel,Novel Image,2,full,Nonoccluded,0,1075.0,0.008463375270366669,1005.0,1125.0,1050.0,1080.0,training_occluded_only,42
un_un,un -> un,0,expert2,Expert2,2,novel,Novel Image,2,full,Nonoccluded,0,1076.0,0.008040206506848335,1005.0,1125.0,1050.0,1080.0,training_occluded_only,42
un_un,un -> un,0,expert2,Expert2,2,novel,Novel Image,2,full,Nonoccluded,0,1077.0,0.007638195995241404,1005.0,1125.0,1050.0,1080.0,training_occluded_only,42
un_un,un -> un,0,expert2,Expert2,2,novel,Novel Image,2,full,Nonoccluded,0,1078.0,0.007256286218762398,1005.0,1125.0,1050.0,1080.0,training_occluded_only,42
un_un,un -> un,0,expert2,Expert2,2,novel,Novel Image,2,full,Nonoccluded,0,1079.0,0.00689347181469202,1005.0,1125.0,1050.0,1080.0,training_occluded_only,42
un_un,un -> un,0,expert2,Expert2,2,novel,Novel Image,2,full,Nonoccluded,0,1080.0,0.006548798177391291,1005.0,1125.0,1050.0,1080.0,training_occluded_only,42
un_un,un -> un,0,expert2,Expert2,2,novel,Novel Image,2,full,Nonoccluded,0,1081.0,0.01459469087421894,1005.0,1125.0,1050.0,1080.0,training_occluded_only,42
un_un,un -> un,0,expert2,Expert2,2,novel,Novel Image,2,full,Nonoccluded,0,1082.0,0.01712123677134514,1005.0,1125.0,1050.0,1080.0,training_occluded_only,42
un_un,un -> un,0,expert2,Expert2,2,novel,Novel Image,2,full,Nonoccluded,0,1083.0,0.023260056972503662,1005.0,1125.0,1050.0,1080.0,training_occluded_only,42
un_un,un -> un,0,expert2,Expert2,2,novel,Novel Image,2,full,Nonoccluded,0,1084.0,0.030608665198087692,1005.0,1125.0,1050.0,1080.0,training_occluded_only,42
un_un,un -> un,0,expert2,Expert2,2,novel,Novel Image,2,full,Nonoccluded,0,1085.0,0.040505051612854004,1005.0,1125.0,1050.0,1080.0,training_occluded_only,42
un_un,un -> un,0,expert2,Expert2,2,novel,Novel Image,2,full,Nonoccluded,0,1086.0,0.0431540422141552,1005.0,1125.0,1050.0,1080.0,training_occluded_only,42
un_un,un -> un,0,expert2,Expert2,2,novel,Novel Image,2,full,Nonoccluded,0,1087.0,0.04099633917212486,1005.0,1125.0,1050.0,1080.0,training_occluded_only,42
un_un,un -> un,0,expert2,Expert2,2,novel,Novel Image,2,full,Nonoccluded,0,1088.0,0.03904348984360695,1005.0,1125.0,1050.0,1080.0,training_occluded_only,42
un_un,un -> un,0,expert2,Expert2,2,novel,Novel Image,2,full,Nonoccluded,0,1089.0,0.038116831332445145,1005.0,1125.0,1050.0,1080.0,training_occluded_only,42
un_un,un -> un,0,expert2,Expert2,2,novel,Novel Image,2,full,Nonoccluded,0,1090.0,0.03621098771691322,1005.0,1125.0,1050.0,1080.0,training_occluded_only,42
un_un,un -> un,0,expert2,Expert2,2,novel,Novel Image,2,full,Nonoccluded,0,1091.0,0.03440043702721596,1005.0,1125.0,1050.0,1080.0,training_occluded_only,42
un_un,un -> un,0,expert2,Expert2,2,novel,Novel Image,2,full,Nonoccluded,0,1092.0,0.032680414617061615,1005.0,1125.0,1050.0,1080.0,training_occluded_only,42
un_un,un -> un,0,expert2,Expert2,2,novel,Novel Image,2,full,Nonoccluded,0,1093.0,0.03629523888230324,1005.0,1125.0,1050.0,1080.0,training_occluded_only,42
un_un,un -> un,0,expert2,Expert2,2,novel,Novel Image,2,full,Nonoccluded,0,1094.0,0.03507824242115021,1005.0,1125.0,1050.0,1080.0,training_occluded_only,42
un_un,un -> un,0,expert2,Expert2,2,novel,Novel Image,2,full,Nonoccluded,0,1095.0,0.03411261364817619,1005.0,1125.0,1050.0,1080.0,training_occluded_only,42
un_un,un -> un,0,expert2,Expert2,2,novel,Novel Image,2,full,Nonoccluded,0,1096.0,0.03360379487276077,1005.0,1125.0,1050.0,1080.0,training_occluded_only,42
un_un,un -> un,0,expert2,Expert2,2,novel,Novel Image,2,full,Nonoccluded,0,1097.0,0.040441930294036865,1005.0,1125.0,1050.0,1080.0,training_occluded_only,42
un_un,un -> un,0,expert2,Expert2,2,novel,Novel Image,2,full,Nonoccluded,0,1098.0,0.04301320016384125,1005.0,1125.0,1050.0,1080.0,training_occluded_only,42
un_un,un -> un,0,expert2,Expert2,2,novel,Novel Image,2,full,Nonoccluded,0,1099.0,0.040862537920475006,1005.0,1125.0,1050.0,1080.0,training_occluded_only,42
un_un,un -> un,0,expert2,Expert2,2,novel,Novel Image,2,full,Nonoccluded,0,1100.0,0.04180203750729561,1005.0,1125.0,1050.0,1080.0,training_occluded_only,42
un_un,un -> un,0,expert2,Expert2,2,novel,Novel Image,2,full,Nonoccluded,0,1101.0,0.046912677586078644,1005.0,1125.0,1050.0,1080.0,training_occluded_only,42
un_un,un -> un,0,expert2,Expert2,2,novel,Novel Image,2,full,Nonoccluded,0,1102.0,0.0445670448243618,1005.0,1125.0,1050.0,1080.0,training_occluded_only,42
un_un,un -> un,0,expert2,Expert2,2,novel,Novel Image,2,full,Nonoccluded,0,1103.0,0.054000210016965866,1005.0,1125.0,1050.0,1080.0,training_occluded_only,42
un_un,un -> un,0,expert2,Expert2,2,novel,Novel Image,2,full,Nonoccluded,0,1104.0,0.05130019783973694,1005.0,1125.0,1050.0,1080.0,training_occluded_only,42
un_un,un -> un,0,expert2,Expert2,2,novel,Novel Image,2,full,Nonoccluded,0,1105.0,0.04873518645763397,1005.0,1125.0,1050.0,1080.0,training_occluded_only,42
un_un,un -> un,0,expert2,Expert2,2,novel,Novel Image,2,full,Nonoccluded,0,1106.0,0.046298425644636154,1005.0,1125.0,1050.0,1080.0,training_occluded_only,42
un_un,un -> un,0,expert2,Expert2,2,novel,Novel Image,2,full,Nonoccluded,0,1107.0,0.05277092009782791,1005.0,1125.0,1050.0,1080.0,training_occluded_only,42
un_un,un -> un,0,expert2,Expert2,2,novel,Novel Image,2,full,Nonoccluded,0,1108.0,0.05356341227889061,1005.0,1125.0,1050.0,1080.0,training_occluded_only,42
un_un,un -> un,0,expert2,Expert2,2,novel,Novel Image,2,full,Nonoccluded,0,1109.0,0.050885241478681564,1005.0,1125.0,1050.0,1080.0,training_occluded_only,42
un_un,un -> un,0,expert2,Expert2,2,novel,Novel Image,2,full,Nonoccluded,0,1110.0,0.058791376650333405,1005.0,1125.0,1050.0,1080.0,training_occluded_only,42
un_un,un -> un,0,expert2,Expert2,2,novel,Novel Image,2,full,Nonoccluded,0,1111.0,0.055851805955171585,1005.0,1125.0,1050.0,1080.0,training_occluded_only,42
un_un,un -> un,0,expert2,Expert2,2,novel,Novel Image,2,full,Nonoccluded,0,1112.0,0.054022420197725296,1005.0,1125.0,1050.0,1080.0,training_occluded_only,42
un_un,un -> un,0,expert2,Expert2,2,novel,Novel Image,2,full,Nonoccluded,0,1113.0,0.05132129788398743,1005.0,1125.0,1050.0,1080.0,training_occluded_only,42
un_un,un -> un,0,expert2,Expert2,2,novel,Novel Image,2,full,Nonoccluded,0,1114.0,0.0614142045378685,1005.0,1125.0,1050.0,1080.0,training_occluded_only,42
un_un,un -> un,0,expert2,Expert2,2,novel,Novel Image,2,full,Nonoccluded,0,1115.0,0.07074553519487381,1005.0,1125.0,1050.0,1080.0,training_occluded_only,42
un_un,un -> un,0,expert2,Expert2,2,novel,Novel Image,2,full,Nonoccluded,0,1116.0,0.06720826029777527,1005.0,1125.0,1050.0,1080.0,training_occluded_only,42
un_un,un -> un,0,expert2,Expert2,2,novel,Novel Image,2,full,Nonoccluded,0,1117.0,0.0638478472828865,1005.0,1125.0,1050.0,1080.0,training_occluded_only,42
un_un,un -> un,0,expert2,Expert2,2,novel,Novel Image,2,full,Nonoccluded,0,1118.0,0.06704318523406982,1005.0,1125.0,1050.0,1080.0,training_occluded_only,42
un_un,un -> un,0,expert2,Expert2,2,novel,Novel Image,2,full,Nonoccluded,0,1119.0,0.06369102746248245,1005.0,1125.0,1050.0,1080.0,training_occluded_only,42
un_un,un -> un,0,expert2,Expert2,2,novel,Novel Image,2,full,Nonoccluded,0,1120.0,0.06501738727092743,1005.0,1125.0,1050.0,1080.0,training_occluded_only,42
un_un,un -> un,0,expert2,Expert2,2,novel,Novel Image,2,full,Nonoccluded,0,1121.0,0.07009787857532501,1005.0,1125.0,1050.0,1080.0,training_occluded_only,42
un_un,un -> un,0,expert2,Expert2,2,novel,Novel Image,2,full,Nonoccluded,0,1122.0,0.0665929839015007,1005.0,1125.0,1050.0,1080.0,training_occluded_only,42
un_un,un -> un,0,expert2,Expert2,2,novel,Novel Image,2,full,Nonoccluded,0,1123.0,0.06643605977296829,1005.0,1125.0,1050.0,1080.0,training_occluded_only,42
un_un,un -> un,0,expert2,Expert2,2,novel,Novel Image,2,full,Nonoccluded,0,1124.0,0.07930503040552139,1005.0,1125.0,1050.0,1080.0,training_occluded_only,42
un_un,un -> un,0,expert2,Expert2,2,novel,Novel Image,2,occlusion,Occluded,1,1006.0,0.03651193901896477,1005.0,1125.0,1050.0,1080.0,training_occluded_only,42
un_un,un -> un,0,expert2,Expert2,2,novel,Novel Image,2,occlusion,Occluded,1,1007.0,0.034686341881752014,1005.0,1125.0,1050.0,1080.0,training_occluded_only,42
un_un,un -> un,0,expert2,Expert2,2,novel,Novel Image,2,occlusion,Occluded,1,1008.0,0.03295202553272247,1005.0,1125.0,1050.0,1080.0,training_occluded_only,42
un_un,un -> un,0,expert2,Expert2,2,novel,Novel Image,2,occlusion,Occluded,1,1009.0,0.036742810159921646,1005.0,1125.0,1050.0,1080.0,training_occluded_only,42
un_un,un -> un,0,expert2,Expert2,2,novel,Novel Image,2,occlusion,Occluded,1,1010.0,0.03490566834807396,1005.0,1125.0,1050.0,1080.0,training_occluded_only,42
un_un,un -> un,0,expert2,Expert2,2,novel,Novel Image,2,occlusion,Occluded,1,1011.0,0.033160384744405746,1005.0,1125.0,1050.0,1080.0,training_occluded_only,42
un_un,un -> un,0,expert2,Expert2,2,novel,Novel Image,2,occlusion,Occluded,1,1012.0,0.036231879144907,1005.0,1125.0,1050.0,1080.0,training_occluded_only,42
un_un,un -> un,0,expert2,Expert2,2,novel,Novel Image,2,occlusion,Occluded,1,1013.0,0.03697354719042778,1005.0,1125.0,1050.0,1080.0,training_occluded_only,42
un_un,un -> un,0,expert2,Expert2,2,novel,Novel Image,2,occlusion,Occluded,1,1014.0,0.03512486815452576,1005.0,1125.0,1050.0,1080.0,training_occluded_only,42
un_un,un -> un,0,expert2,Expert2,2,novel,Novel Image,2,occlusion,Occluded,1,1015.0,0.03336862474679947,1005.0,1125.0,1050.0,1080.0,training_occluded_only,42
un_un,un -> un,0,expert2,Expert2,2,novel,Novel Image,2,occlusion,Occluded,1,1016.0,0.03916354477405548,1005.0,1125.0,1050.0,1080.0,training_occluded_only,42
un_un,un -> un,0,expert2,Expert2,2,novel,Novel Image,2,occlusion,Occluded,1,1017.0,0.039681944996118546,1005.0,1125.0,1050.0,1080.0,training_occluded_only,42
un_un,un -> un,0,expert2,Expert2,2,novel,Novel Image,2,occlusion,Occluded,1,1018.0,0.03769784793257713,1005.0,1125.0,1050.0,1080.0,training_occluded_only,42
un_un,un -> un,0,expert2,Expert2,2,novel,Novel Image,2,occlusion,Occluded,1,1019.0,0.03854508697986603,1005.0,1125.0,1050.0,1080.0,training_occluded_only,42
un_un,un -> un,0,expert2,Expert2,2,novel,Novel Image,2,occlusion,Occluded,1,1020.0,0.03661783039569855,1005.0,1125.0,1050.0,1080.0,training_occluded_only,42
un_un,un -> un,0,expert2,Expert2,2,novel,Novel Image,2,occlusion,Occluded,1,1021.0,0.03889830783009529,1005.0,1125.0,1050.0,1080.0,training_occluded_only,42
un_un,un -> un,0,expert2,Expert2,2,novel,Novel Image,2,occlusion,Occluded,1,1022.0,0.0369533933699131,1005.0,1125.0,1050.0,1080.0,training_occluded_only,42
un_un,un -> un,0,expert2,Expert2,2,novel,Novel Image,2,occlusion,Occluded,1,1023.0,0.03510572388768196,1005.0,1125.0,1050.0,1080.0,training_occluded_only,42
un_un,un -> un,0,expert2,Expert2,2,novel,Novel Image,2,occlusion,Occluded,1,1024.0,0.03411963954567909,1005.0,1125.0,1050.0,1080.0,training_occluded_only,42
un_un,un -> un,0,expert2,Expert2,2,novel,Novel Image,2,occlusion,Occluded,1,1025.0,0.03241365775465965,1005.0,1125.0,1050.0,1080.0,training_occluded_only,42
un_un,un -> un,0,expert2,Expert2,2,novel,Novel Image,2,occlusion,Occluded,1,1026.0,0.04036305099725723,1005.0,1125.0,1050.0,1080.0,training_occluded_only,42
un_un,un -> un,0,expert2,Expert2,2,novel,Novel Image,2,occlusion,Occluded,1,1027.0,0.03876718878746033,1005.0,1125.0,1050.0,1080.0,training_occluded_only,42
un_un,un -> un,0,expert2,Expert2,2,novel,Novel Image,2,occlusion,Occluded,1,1028.0,0.040483053773641586,1005.0,1125.0,1050.0,1080.0,training_occluded_only,42
un_un,un -> un,0,expert2,Expert2,2,novel,Novel Image,2,occlusion,Occluded,1,1029.0,0.04039764031767845,1005.0,1125.0,1050.0,1080.0,training_occluded_only,42
un_un,un -> un,0,expert2,Expert2,2,novel,Novel Image,2,occlusion,Occluded,1,1030.0,0.038377758115530014,1005.0,1125.0,1050.0,1080.0,training_occluded_only,42
un_un,un -> un,0,expert2,Expert2,2,novel,Novel Image,2,occlusion,Occluded,1,1031.0,0.03875049203634262,1005.0,1125.0,1050.0,1080.0,training_occluded_only,42
un_un,un -> un,0,expert2,Expert2,2,novel,Novel Image,2,occlusion,Occluded,1,1032.0,0.037771787494421005,1005.0,1125.0,1050.0,1080.0,training_occluded_only,42
un_un,un -> un,0,expert2,Expert2,2,novel,Novel Image,2,occlusion,Occluded,1,1033.0,0.03840101137757301,1005.0,1125.0,1050.0,1080.0,training_occluded_only,42
un_un,un -> un,0,expert2,Expert2,2,novel,Novel Image,2,occlusion,Occluded,1,1034.0,0.03868962079286575,1005.0,1125.0,1050.0,1080.0,training_occluded_only,42
un_un,un -> un,0,expert2,Expert2,2,novel,Novel Image,2,occlusion,Occluded,1,1035.0,0.036755140870809555,1005.0,1125.0,1050.0,1080.0,training_occluded_only,42
un_un,un -> un,0,expert2,Expert2,2,novel,Novel Image,2,occlusion,Occluded,1,1036.0,0.041609182953834534,1005.0,1125.0,1050.0,1080.0,training_occluded_only,42
un_un,un -> un,0,expert2,Expert2,2,novel,Novel Image,2,occlusion,Occluded,1,1037.0,0.03952872380614281,1005.0,1125.0,1050.0,1080.0,training_occluded_only,42
un_un,un -> un,0,expert2,Expert2,2,novel,Novel Image,2,occlusion,Occluded,1,1038.0,0.03755228593945503,1005.0,1125.0,1050.0,1080.0,training_occluded_only,42
un_un,un -> un,0,expert2,Expert2,2,novel,Novel Image,2,occlusion,Occluded,1,1039.0,0.0431734062731266,1005.0,1125.0,1050.0,1080.0,training_occluded_only,42
un_un,un -> un,0,expert2,Expert2,2,novel,Novel Image,2,occlusion,Occluded,1,1040.0,0.0435623861849308,1005.0,1125.0,1050.0,1080.0,training_occluded_only,42
un_un,un -> un,0,expert2,Expert2,2,novel,Novel Image,2,occlusion,Occluded,1,1041.0,0.042275864630937576,1005.0,1125.0,1050.0,1080.0,training_occluded_only,42
un_un,un -> un,0,expert2,Expert2,2,novel,Novel Image,2,occlusion,Occluded,1,1042.0,0.04016207158565521,1005.0,1125.0,1050.0,1080.0,training_occluded_only,42
un_un,un -> un,0,expert2,Expert2,2,novel,Novel Image,2,occlusion,Occluded,1,1043.0,0.03815396875143051,1005.0,1125.0,1050.0,1080.0,training_occluded_only,42
un_un,un -> un,0,expert2,Expert2,2,novel,Novel Image,2,occlusion,Occluded,1,1044.0,0.036246269941329956,1005.0,1125.0,1050.0,1080.0,training_occluded_only,42
un_un,un -> un,0,expert2,Expert2,2,novel,Novel Image,2,occlusion,Occluded,1,1045.0,0.03443395718932152,1005.0,1125.0,1050.0,1080.0,training_occluded_only,42
un_un,un -> un,0,expert2,Expert2,2,novel,Novel Image,2,occlusion,Occluded,1,1046.0,0.03271225839853287,1005.0,1125.0,1050.0,1080.0,training_occluded_only,42
un_un,un -> un,0,expert2,Expert2,2,novel,Novel Image,2,occlusion,Occluded,1,1047.0,0.031076645478606224,1005.0,1125.0,1050.0,1080.0,training_occluded_only,42
un_un,un -> un,0,expert2,Expert2,2,novel,Novel Image,2,occlusion,Occluded,1,1048.0,0.037554241716861725,1005.0,1125.0,1050.0,1080.0,training_occluded_only,42
un_un,un -> un,0,expert2,Expert2,2,novel,Novel Image,2,occlusion,Occluded,1,1049.0,0.0428992435336113,1005.0,1125.0,1050.0,1080.0,training_occluded_only,42
un_un,un -> un,0,expert2,Expert2,2,novel,Novel Image,2,occlusion,Occluded,1,1050.0,0.04671524465084076,1005.0,1125.0,1050.0,1080.0,training_occluded_only,42
un_un,un -> un,0,expert2,Expert2,2,novel,Novel Image,2,occlusion,Occluded,1,1051.0,0.04437948018312454,1005.0,1125.0,1050.0,1080.0,training_occluded_only,42
un_un,un -> un,0,expert2,Expert2,2,novel,Novel Image,2,occlusion,Occluded,1,1052.0,0.042160507291555405,1005.0,1125.0,1050.0,1080.0,training_occluded_only,42
un_un,un -> un,0,expert2,Expert2,2,novel,Novel Image,2,occlusion,Occluded,1,1053.0,0.0403684563934803,1005.0,1125.0,1050.0,1080.0,training_occluded_only,42
un_un,un -> un,0,expert2,Expert2,2,novel,Novel Image,2,occlusion,Occluded,1,1054.0,0.040649738162755966,1005.0,1125.0,1050.0,1080.0,training_occluded_only,42
un_un,un -> un,0,expert2,Expert2,2,novel,Novel Image,2,occlusion,Occluded,1,1055.0,0.04379560425877571,1005.0,1125.0,1050.0,1080.0,training_occluded_only,42
un_un,un -> un,0,expert2,Expert2,2,novel,Novel Image,2,occlusion,Occluded,1,1056.0,0.04160582274198532,1005.0,1125.0,1050.0,1080.0,training_occluded_only,42
un_un,un -> un,0,expert2,Expert2,2,novel,Novel Image,2,occlusion,Occluded,1,1057.0,0.04153602197766304,1005.0,1125.0,1050.0,1080.0,training_occluded_only,42
un_un,un -> un,0,expert2,Expert2,2,novel,Novel Image,2,occlusion,Occluded,1,1058.0,0.0394592210650444,1005.0,1125.0,1050.0,1080.0,training_occluded_only,42
un_un,un -> un,0,expert2,Expert2,2,novel,Novel Image,2,occlusion,Occluded,1,1059.0,0.039085760712623596,1005.0,1125.0,1050.0,1080.0,training_occluded_only,42
un_un,un -> un,0,expert2,Expert2,2,novel,Novel Image,2,occlusion,Occluded,1,1060.0,0.037131473422050476,1005.0,1125.0,1050.0,1080.0,training_occluded_only,42
un_un,un -> un,0,expert2,Expert2,2,novel,Novel Image,2,occlusion,Occluded,1,1061.0,0.03527490049600601,1005.0,1125.0,1050.0,1080.0,training_occluded_only,42
un_un,un -> un,0,expert2,Expert2,2,novel,Novel Image,2,occlusion,Occluded,1,1062.0,0.039740920066833496,1005.0,1125.0,1050.0,1080.0,training_occluded_only,42
un_un,un -> un,0,expert2,Expert2,2,novel,Novel Image,2,occlusion,Occluded,1,1063.0,0.0377538725733757,1005.0,1125.0,1050.0,1080.0,training_occluded_only,42
un_un,un -> un,0,expert2,Expert2,2,novel,Novel Image,2,occlusion,Occluded,1,1064.0,0.04092325270175934,1005.0,1125.0,1050.0,1080.0,training_occluded_only,42
un_un,un -> un,0,expert2,Expert2,2,novel,Novel Image,2,occlusion,Occluded,1,1065.0,0.03887708857655525,1005.0,1125.0,1050.0,1080.0,training_occluded_only,42
un_un,un -> un,0,expert2,Expert2,2,novel,Novel Image,2,occlusion,Occluded,1,1066.0,0.036933232098817825,1005.0,1125.0,1050.0,1080.0,training_occluded_only,42
un_un,un -> un,0,expert2,Expert2,2,novel,Novel Image,2,occlusion,Occluded,1,1067.0,0.03508656844496727,1005.0,1125.0,1050.0,1080.0,training_occluded_only,42
un_un,un -> un,0,expert2,Expert2,2,novel,Novel Image,2,occlusion,Occluded,1,1068.0,0.03341830521821976,1005.0,1125.0,1050.0,1080.0,training_occluded_only,42
un_un,un -> un,0,expert2,Expert2,2,novel,Novel Image,2,occlusion,Occluded,1,1069.0,0.03174738958477974,1005.0,1125.0,1050.0,1080.0,training_occluded_only,42
un_un,un -> un,0,expert2,Expert2,2,novel,Novel Image,2,occlusion,Occluded,1,1070.0,0.03291347250342369,1005.0,1125.0,1050.0,1080.0,training_occluded_only,42
un_un,un -> un,0,expert2,Expert2,2,novel,Novel Image,2,occlusion,Occluded,1,1071.0,0.03126779943704605,1005.0,1125.0,1050.0,1080.0,training_occluded_only,42
un_un,un -> un,0,expert2,Expert2,2,novel,Novel Image,2,occlusion,Occluded,1,1072.0,0.02970440872013569,1005.0,1125.0,1050.0,1080.0,training_occluded_only,42
un_un,un -> un,0,expert2,Expert2,2,novel,Novel Image,2,occlusion,Occluded,1,1073.0,0.028219187632203102,1005.0,1125.0,1050.0,1080.0,training_occluded_only,42
un_un,un -> un,0,expert2,Expert2,2,novel,Novel Image,2,occlusion,Occluded,1,1074.0,0.029755350202322006,1005.0,1125.0,1050.0,1080.0,training_occluded_only,42
un_un,un -> un,0,expert2,Expert2,2,novel,Novel Image,2,occlusion,Occluded,1,1075.0,0.03352583944797516,1005.0,1125.0,1050.0,1080.0,training_occluded_only,42
un_un,un -> un,0,expert2,Expert2,2,novel,Novel Image,2,occlusion,Occluded,1,1076.0,0.03189445659518242,1005.0,1125.0,1050.0,1080.0,training_occluded_only,42
un_un,un -> un,0,expert2,Expert2,2,novel,Novel Image,2,occlusion,Occluded,1,1077.0,0.0355755016207695,1005.0,1125.0,1050.0,1080.0,training_occluded_only,42
un_un,un -> un,0,expert2,Expert2,2,novel,Novel Image,2,occlusion,Occluded,1,1078.0,0.040510986000299454,1005.0,1125.0,1050.0,1080.0,training_occluded_only,42
un_un,un -> un,0,expert2,Expert2,2,novel,Novel Image,2,occlusion,Occluded,1,1079.0,0.04188685491681099,1005.0,1125.0,1050.0,1080.0,training_occluded_only,42
un_un,un -> un,0,expert2,Expert2,2,novel,Novel Image,2,occlusion,Occluded,1,1080.0,0.04239167645573616,1005.0,1125.0,1050.0,1080.0,training_occluded_only,42
un_un,un -> un,0,expert2,Expert2,2,novel,Novel Image,2,occlusion,Occluded,1,1081.0,0.04177628085017204,1005.0,1125.0,1050.0,1080.0,training_occluded_only,42
un_un,un -> un,0,expert2,Expert2,2,novel,Novel Image,2,occlusion,Occluded,1,1082.0,0.0422891266644001,1005.0,1125.0,1050.0,1080.0,training_occluded_only,42
un_un,un -> un,0,expert2,Expert2,2,novel,Novel Image,2,occlusion,Occluded,1,1083.0,0.04318395256996155,1005.0,1125.0,1050.0,1080.0,training_occluded_only,42
un_un,un -> un,0,expert2,Expert2,2,novel,Novel Image,2,occlusion,Occluded,1,1084.0,0.04244137555360794,1005.0,1125.0,1050.0,1080.0,training_occluded_only,42
un_un,un -> un,0,expert2,Expert2,2,novel,Novel Image,2,occlusion,Occluded,1,1085.0,0.04550044611096382,1005.0,1125.0,1050.0,1080.0,training_occluded_only,42
un_un,un -> un,0,expert2,Expert2,2,novel,Novel Image,2,occlusion,Occluded,1,1086.0,0.043225422501564026,1005.0,1125.0,1050.0,1080.0,training_occluded_only,42
un_un,un -> un,0,expert2,Expert2,2,novel,Novel Image,2,occlusion,Occluded,1,1087.0,0.04732692986726761,1005.0,1125.0,1050.0,1080.0,training_occluded_only,42
un_un,un -> un,0,expert2,Expert2,2,novel,Novel Image,2,occlusion,Occluded,1,1088.0,0.048006512224674225,1005.0,1125.0,1050.0,1080.0,training_occluded_only,42
un_un,un -> un,0,expert2,Expert2,2,novel,Novel Image,2,occlusion,Occluded,1,1089.0,0.045606184750795364,1005.0,1125.0,1050.0,1080.0,training_occluded_only,42
un_un,un -> un,0,expert2,Expert2,2,novel,Novel Image,2,occlusion,Occluded,1,1090.0,0.04855099320411682,1005.0,1125.0,1050.0,1080.0,training_occluded_only,42
un_un,un -> un,0,expert2,Expert2,2,novel,Novel Image,2,occlusion,Occluded,1,1091.0,0.053738631308078766,1005.0,1125.0,1050.0,1080.0,training_occluded_only,42
un_un,un -> un,0,expert2,Expert2,2,novel,Novel Image,2,occlusion,Occluded,1,1092.0,0.052875205874443054,1005.0,1125.0,1050.0,1080.0,training_occluded_only,42
un_un,un -> un,0,expert2,Expert2,2,novel,Novel Image,2,occlusion,Occluded,1,1093.0,0.05552876368165016,1005.0,1125.0,1050.0,1080.0,training_occluded_only,42
un_un,un -> un,0,expert2,Expert2,2,novel,Novel Image,2,occlusion,Occluded,1,1094.0,0.05275232344865799,1005.0,1125.0,1050.0,1080.0,training_occluded_only,42
un_un,un -> un,0,expert2,Expert2,2,novel,Novel Image,2,occlusion,Occluded,1,1095.0,0.05161631479859352,1005.0,1125.0,1050.0,1080.0,training_occluded_only,42
un_un,un -> un,0,expert2,Expert2,2,novel,Novel Image,2,occlusion,Occluded,1,1096.0,0.04903549700975418,1005.0,1125.0,1050.0,1080.0,training_occluded_only,42
un_un,un -> un,0,expert2,Expert2,2,novel,Novel Image,2,occlusion,Occluded,1,1097.0,0.05224360525608063,1005.0,1125.0,1050.0,1080.0,training_occluded_only,42
un_un,un -> un,0,expert2,Expert2,2,novel,Novel Image,2,occlusion,Occluded,1,1098.0,0.049631424248218536,1005.0,1125.0,1050.0,1080.0,training_occluded_only,42
un_un,un -> un,0,expert2,Expert2,2,novel,Novel Image,2,occlusion,Occluded,1,1099.0,0.04714985191822052,1005.0,1125.0,1050.0,1080.0,training_occluded_only,42
un_un,un -> un,0,expert2,Expert2,2,novel,Novel Image,2,occlusion,Occluded,1,1100.0,0.044792357832193375,1005.0,1125.0,1050.0,1080.0,training_occluded_only,42
un_un,un -> un,0,expert2,Expert2,2,novel,Novel Image,2,occlusion,Occluded,1,1101.0,0.04474487900733948,1005.0,1125.0,1050.0,1080.0,training_occluded_only,42
un_un,un -> un,0,expert2,Expert2,2,novel,Novel Image,2,occlusion,Occluded,1,1102.0,0.052444666624069214,1005.0,1125.0,1050.0,1080.0,training_occluded_only,42
un_un,un -> un,0,expert2,Expert2,2,novel,Novel Image,2,occlusion,Occluded,1,1103.0,0.05419216677546501,1005.0,1125.0,1050.0,1080.0,training_occluded_only,42
un_un,un -> un,0,expert2,Expert2,2,novel,Novel Image,2,occlusion,Occluded,1,1104.0,0.05531575530767441,1005.0,1125.0,1050.0,1080.0,training_occluded_only,42
un_un,un -> un,0,expert2,Expert2,2,novel,Novel Image,2,occlusion,Occluded,1,1105.0,0.05394316092133522,1005.0,1125.0,1050.0,1080.0,training_occluded_only,42
un_un,un -> un,0,expert2,Expert2,2,novel,Novel Image,2,occlusion,Occluded,1,1106.0,0.0519871711730957,1005.0,1125.0,1050.0,1080.0,training_occluded_only,42
un_un,un -> un,0,expert2,Expert2,2,novel,Novel Image,2,occlusion,Occluded,1,1107.0,0.04938781261444092,1005.0,1125.0,1050.0,1080.0,training_occluded_only,42
un_un,un -> un,0,expert2,Expert2,2,novel,Novel Image,2,occlusion,Occluded,1,1108.0,0.05912258103489876,1005.0,1125.0,1050.0,1080.0,training_occluded_only,42
un_un,un -> un,0,expert2,Expert2,2,novel,Novel Image,2,occlusion,Occluded,1,1109.0,0.056166451424360275,1005.0,1125.0,1050.0,1080.0,training_occluded_only,42
un_un,un -> un,0,expert2,Expert2,2,novel,Novel Image,2,occlusion,Occluded,1,1110.0,0.053612641990184784,1005.0,1125.0,1050.0,1080.0,training_occluded_only,42
un_un,un -> un,0,expert2,Expert2,2,novel,Novel Image,2,occlusion,Occluded,1,1111.0,0.050932008773088455,1005.0,1125.0,1050.0,1080.0,training_occluded_only,42
un_un,un -> un,0,expert2,Expert2,2,novel,Novel Image,2,occlusion,Occluded,1,1112.0,0.04838540777564049,1005.0,1125.0,1050.0,1080.0,training_occluded_only,42
un_un,un -> un,0,expert2,Expert2,2,novel,Novel Image,2,occlusion,Occluded,1,1113.0,0.04596613720059395,1005.0,1125.0,1050.0,1080.0,training_occluded_only,42
un_un,un -> un,0,expert2,Expert2,2,novel,Novel Image,2,occlusion,Occluded,1,1114.0,0.0494479164481163,1005.0,1125.0,1050.0,1080.0,training_occluded_only,42
un_un,un -> un,0,expert2,Expert2,2,novel,Novel Image,2,occlusion,Occluded,1,1115.0,0.0469755195081234,1005.0,1125.0,1050.0,1080.0,training_occluded_only,42
un_un,un -> un,0,expert2,Expert2,2,novel,Novel Image,2,occlusion,Occluded,1,1116.0,0.04462674260139465,1005.0,1125.0,1050.0,1080.0,training_occluded_only,42
un_un,un -> un,0,expert2,Expert2,2,novel,Novel Image,2,occlusion,Occluded,1,1117.0,0.05255201458930969,1005.0,1125.0,1050.0,1080.0,training_occluded_only,42
un_un,un -> un,0,expert2,Expert2,2,novel,Novel Image,2,occlusion,Occluded,1,1118.0,0.04992441460490227,1005.0,1125.0,1050.0,1080.0,training_occluded_only,42
un_un,un -> un,0,expert2,Expert2,2,novel,Novel Image,2,occlusion,Occluded,1,1119.0,0.0474281944334507,1005.0,1125.0,1050.0,1080.0,training_occluded_only,42
un_un,un -> un,0,expert2,Expert2,2,novel,Novel Image,2,occlusion,Occluded,1,1120.0,0.0450567826628685,1005.0,1125.0,1050.0,1080.0,training_occluded_only,42
un_un,un -> un,0,expert2,Expert2,2,novel,Novel Image,2,occlusion,Occluded,1,1121.0,0.048132628202438354,1005.0,1125.0,1050.0,1080.0,training_occluded_only,42
un_un,un -> un,0,expert2,Expert2,2,novel,Novel Image,2,occlusion,Occluded,1,1122.0,0.05368857458233833,1005.0,1125.0,1050.0,1080.0,training_occluded_only,42
un_un,un -> un,0,expert2,Expert2,2,novel,Novel Image,2,occlusion,Occluded,1,1123.0,0.05100414529442787,1005.0,1125.0,1050.0,1080.0,training_occluded_only,42
un_un,un -> un,0,expert2,Expert2,2,novel,Novel Image,2,occlusion,Occluded,1,1124.0,0.05676475167274475,1005.0,1125.0,1050.0,1080.0,training_occluded_only,42
